host,slug,status,rounds
aberdeen.calicotab.com,aberdeen23,success,5
aberdeen2024.calicotab.com,aberdeenopen25,success,8
aberdeenpreeudc26.calicotab.com,_,success,11
aberopen2023.calicotab.com,AberOpen2023,success,5
abp2020.calicotab.com,abp2020,success,13
abp2021.calicotab.com,abp2021,success,17
edudriftbackup.calicotab.com,abp2022,success,12
midp.calicotab.com,mabp2023,success,12
edudrift.calicotab.com,abp2024,success,12
iiumedc.calicotab.com,abp2025,success,12
abp2026.calicotab.com,abp2026,success,14
speechforces.calicotab.com,ao21,success,11
aoix.calicotab.com,ao2023,success,11
speechforces.calicotab.com,AOX,success,12
speechforces.calicotab.com,AO2025,failed: HTTPError: 401 Client Error: Unauthorized for url: https://speechforces.calicotab.com/api/v1/tournaments/AO2025/teams,
mace.calicotab.com,africaiv2022,success,10
mace.calicotab.com,africairongiant,success,6
mace.calicotab.com,africaiv2025,success,7
mace.calicotab.com,africaiv2026,success,7
inspired.calicotab.com,ALRR25,success,6
mace1996.calicotab.com,topuniversities2022,success,11
mace.calicotab.com,atudc2023,success,11
mace.calicotab.com,atudc2024,success,11
mace.calicotab.com,atudc2025,success,11
mace.calicotab.com,atudc2026,success,11
mace.calicotab.com,andl2021,success,11
mace.calicotab.com,andl2022,success,11
mace.calicotab.com,andl2023,success,11
mace.calicotab.com,andl2024,success,11
mace1996.calicotab.com,andl2025,success,12
akudc24.calicotab.com,akudc24,success,8
happybirthday.calicotab.com,agonia,failed: HTTPError: 401 Client Error: Unauthorized for url: https://happybirthday.calicotab.com/api/v1/tournaments/agonia/motions,
debatefoster.calicotab.com,agonia2024,"failed: ReadTimeout: HTTPSConnectionPool(host='debatefoster.calicotab.com', port=443): Read timed out. (read timeout=15)",
inspired.calicotab.com,Agonia2025,"failed: ConnectionError: HTTPSConnectionPool(host='inspired.calicotab.com', port=443): Max retries exceeded with url: /api/v1/tournaments/Agonia2025/teams (Caused by NameResolutionError(""HTTPSConnection(host='inspired.calicotab.com', port=443): Failed to resolve 'inspired.calicotab.com' ([Errno 8] nodename nor servname provided, or not known)""))",
albertaprewudc2026.calicotab.com,albertaprewudc2026,"failed: ConnectionError: HTTPSConnectionPool(host='albertaprewudc2026.calicotab.com', port=443): Max retries exceeded with url: /api/v1/tournaments/albertaprewudc2026/teams (Caused by NameResolutionError(""HTTPSConnection(host='albertaprewudc2026.calicotab.com', port=443): Failed to resolve 'albertaprewudc2026.calicotab.com' ([Errno 8] nodename nor servname provided, or not known)""))",
mascot10.calicotab.com,ANUDC2023,"failed: ConnectionError: HTTPSConnectionPool(host='mascot10.calicotab.com', port=443): Max retries exceeded with url: /api/v1/tournaments/ANUDC2023/teams (Caused by NameResolutionError(""HTTPSConnection(host='mascot10.calicotab.com', port=443): Failed to resolve 'mascot10.calicotab.com' ([Errno 8] nodename nor servname provided, or not known)""))",
anudc.calicotab.com,anudc2024,"failed: ConnectionError: HTTPSConnectionPool(host='anudc.calicotab.com', port=443): Max retries exceeded with url: /api/v1/tournaments/anudc2024/teams (Caused by NameResolutionError(""HTTPSConnection(host='anudc.calicotab.com', port=443): Failed to resolve 'anudc.calicotab.com' ([Errno 8] nodename nor servname provided, or not known)""))",
anudc.calicotab.com,anudc2025,"failed: ConnectionError: HTTPSConnectionPool(host='anudc.calicotab.com', port=443): Max retries exceeded with url: /api/v1/tournaments/anudc2025/teams (Caused by NameResolutionError(""HTTPSConnection(host='anudc.calicotab.com', port=443): Failed to resolve 'anudc.calicotab.com' ([Errno 8] nodename nor servname provided, or not known)""))",
anydc2023.calicotab.com,ANYDC2023,"failed: ConnectionError: HTTPSConnectionPool(host='anydc2023.calicotab.com', port=443): Max retries exceeded with url: /api/v1/tournaments/ANYDC2023/teams (Caused by NameResolutionError(""HTTPSConnection(host='anydc2023.calicotab.com', port=443): Failed to resolve 'anydc2023.calicotab.com' ([Errno 8] nodename nor servname provided, or not known)""))",
mascot10.calicotab.com,anydc2024,"failed: ConnectionError: HTTPSConnectionPool(host='mascot10.calicotab.com', port=443): Max retries exceeded with url: /api/v1/tournaments/anydc2024/teams (Caused by NameResolutionError(""HTTPSConnection(host='mascot10.calicotab.com', port=443): Failed to resolve 'mascot10.calicotab.com' ([Errno 8] nodename nor servname provided, or not known)""))",
amsterdamopen.calicotab.com,AmsterdamOpen2023,"failed: ConnectionError: HTTPSConnectionPool(host='amsterdamopen.calicotab.com', port=443): Max retries exceeded with url: /api/v1/tournaments/AmsterdamOpen2023/teams (Caused by NameResolutionError(""HTTPSConnection(host='amsterdamopen.calicotab.com', port=443): Failed to resolve 'amsterdamopen.calicotab.com' ([Errno 8] nodename nor servname provided, or not known)""))",
ao2024.calicotab.com,AO24,"failed: ConnectionError: HTTPSConnectionPool(host='ao2024.calicotab.com', port=443): Max retries exceeded with url: /api/v1/tournaments/AO24/teams (Caused by NameResolutionError(""HTTPSConnection(host='ao2024.calicotab.com', port=443): Failed to resolve 'ao2024.calicotab.com' ([Errno 8] nodename nor servname provided, or not known)""))",
amsterdamopen2025.calicotab.com,amsterdamopen2025,"failed: ConnectionError: HTTPSConnectionPool(host='amsterdamopen2025.calicotab.com', port=443): Max retries exceeded with url: /api/v1/tournaments/amsterdamopen2025/teams (Caused by NameResolutionError(""HTTPSConnection(host='amsterdamopen2025.calicotab.com', port=443): Failed to resolve 'amsterdamopen2025.calicotab.com' ([Errno 8] nodename nor servname provided, or not known)""))",
amsterdampre2026.calicotab.com,amsterdampre2026,"failed: ConnectionError: HTTPSConnectionPool(host='amsterdampre2026.calicotab.com', port=443): Max retries exceeded with url: /api/v1/tournaments/amsterdampre2026/teams (Caused by NameResolutionError(""HTTPSConnection(host='amsterdampre2026.calicotab.com', port=443): Failed to resolve 'amsterdampre2026.calicotab.com' ([Errno 8] nodename nor servname provided, or not known)""))",
anu.calicotab.com,spring21,"failed: ConnectionError: HTTPSConnectionPool(host='anu.calicotab.com', port=443): Max retries exceeded with url: /api/v1/tournaments/spring21/teams (Caused by NameResolutionError(""HTTPSConnection(host='anu.calicotab.com', port=443): Failed to resolve 'anu.calicotab.com' ([Errno 8] nodename nor servname provided, or not known)""))",
spring2022.calicotab.com,_,"failed: ConnectionError: HTTPSConnectionPool(host='spring2022.calicotab.com', port=443): Max retries exceeded with url: /api/v1/tournaments/_/teams (Caused by NameResolutionError(""HTTPSConnection(host='spring2022.calicotab.com', port=443): Failed to resolve 'spring2022.calicotab.com' ([Errno 8] nodename nor servname provided, or not known)""))",
anuspring2023.calicotab.com,anuspring2023,"failed: ConnectionError: HTTPSConnectionPool(host='anuspring2023.calicotab.com', port=443): Max retries exceeded with url: /api/v1/tournaments/anuspring2023/teams (Caused by NameResolutionError(""HTTPSConnection(host='anuspring2023.calicotab.com', port=443): Failed to resolve 'anuspring2023.calicotab.com' ([Errno 8] nodename nor servname provided, or not known)""))",
anuspring2024.calicotab.com,ANUSpring2024,"failed: ConnectionError: HTTPSConnectionPool(host='anuspring2024.calicotab.com', port=443): Max retries exceeded with url: /api/v1/tournaments/ANUSpring2024/teams (Caused by NameResolutionError(""HTTPSConnection(host='anuspring2024.calicotab.com', port=443): Failed to resolve 'anuspring2024.calicotab.com' ([Errno 8] nodename nor servname provided, or not known)""))",
anuspring2025.calicotab.com,anuspring2025,"failed: ConnectionError: HTTPSConnectionPool(host='anuspring2025.calicotab.com', port=443): Max retries exceeded with url: /api/v1/tournaments/anuspring2025/teams (Caused by NameResolutionError(""HTTPSConnection(host='anuspring2025.calicotab.com', port=443): Failed to resolve 'anuspring2025.calicotab.com' ([Errno 8] nodename nor servname provided, or not known)""))",
anuwinter22.calicotab.com,anuwinter22,"failed: ConnectionError: HTTPSConnectionPool(host='anuwinter22.calicotab.com', port=443): Max retries exceeded with url: /api/v1/tournaments/anuwinter22/teams (Caused by NameResolutionError(""HTTPSConnection(host='anuwinter22.calicotab.com', port=443): Failed to resolve 'anuwinter22.calicotab.com' ([Errno 8] nodename nor servname provided, or not known)""))",
midp.calicotab.com,aedc2021,"failed: ConnectionError: HTTPSConnectionPool(host='midp.calicotab.com', port=443): Max retries exceeded with url: /api/v1/tournaments/aedc2021/teams (Caused by NameResolutionError(""HTTPSConnection(host='midp.calicotab.com', port=443): Failed to resolve 'midp.calicotab.com' ([Errno 8] nodename nor servname provided, or not known)""))",
Midp.calicotab.com,apad2020,"failed: ConnectionError: HTTPSConnectionPool(host='midp.calicotab.com', port=443): Max retries exceeded with url: /api/v1/tournaments/apad2020/teams (Caused by NameResolutionError(""HTTPSConnection(host='midp.calicotab.com', port=443): Failed to resolve 'midp.calicotab.com' ([Errno 8] nodename nor servname provided, or not known)""))",
aodcbp22.calicotab.com,aodcbp22,"failed: ConnectionError: HTTPSConnectionPool(host='aodcbp22.calicotab.com', port=443): Max retries exceeded with url: /api/v1/tournaments/aodcbp22/teams (Caused by NameResolutionError(""HTTPSConnection(host='aodcbp22.calicotab.com', port=443): Failed to resolve 'aodcbp22.calicotab.com' ([Errno 8] nodename nor servname provided, or not known)""))",
aodcbp2023.calicotab.com,aodcbp23,"failed: ConnectionError: HTTPSConnectionPool(host='aodcbp2023.calicotab.com', port=443): Max retries exceeded with url: /api/v1/tournaments/aodcbp23/teams (Caused by NameResolutionError(""HTTPSConnection(host='aodcbp2023.calicotab.com', port=443): Failed to resolve 'aodcbp2023.calicotab.com' ([Errno 8] nodename nor servname provided, or not known)""))",
auw.calicotab.com,auwiv2026,"failed: ConnectionError: HTTPSConnectionPool(host='auw.calicotab.com', port=443): Max retries exceeded with url: /api/v1/tournaments/auwiv2026/teams (Caused by NameResolutionError(""HTTPSConnection(host='auw.calicotab.com', port=443): Failed to resolve 'auw.calicotab.com' ([Errno 8] nodename nor servname provided, or not known)""))",
astanaopen2021.calicotab.com,ao2021,"failed: ConnectionError: HTTPSConnectionPool(host='astanaopen2021.calicotab.com', port=443): Max retries exceeded with url: /api/v1/tournaments/ao2021/teams (Caused by NameResolutionError(""HTTPSConnection(host='astanaopen2021.calicotab.com', port=443): Failed to resolve 'astanaopen2021.calicotab.com' ([Errno 8] nodename nor servname provided, or not known)""))",
astanaopen.calicotab.com,_,"failed: ConnectionError: HTTPSConnectionPool(host='astanaopen.calicotab.com', port=443): Max retries exceeded with url: /api/v1/tournaments/_/teams (Caused by NameResolutionError(""HTTPSConnection(host='astanaopen.calicotab.com', port=443): Failed to resolve 'astanaopen.calicotab.com' ([Errno 8] nodename nor servname provided, or not known)""))",
ateneoiv2023.calicotab.com,aiv2023,"failed: ConnectionError: HTTPSConnectionPool(host='ateneoiv2023.calicotab.com', port=443): Max retries exceeded with url: /api/v1/tournaments/aiv2023/teams (Caused by NameResolutionError(""HTTPSConnection(host='ateneoiv2023.calicotab.com', port=443): Failed to resolve 'ateneoiv2023.calicotab.com' ([Errno 8] nodename nor servname provided, or not known)""))",
aivpreworlds2023.calicotab.com,aivpw2023,"failed: ConnectionError: HTTPSConnectionPool(host='aivpreworlds2023.calicotab.com', port=443): Max retries exceeded with url: /api/v1/tournaments/aivpw2023/teams (Caused by NameResolutionError(""HTTPSConnection(host='aivpreworlds2023.calicotab.com', port=443): Failed to resolve 'aivpreworlds2023.calicotab.com' ([Errno 8] nodename nor servname provided, or not known)""))",
athena2024.calicotab.com,athena24,"failed: ConnectionError: HTTPSConnectionPool(host='athena2024.calicotab.com', port=443): Max retries exceeded with url: /api/v1/tournaments/athena24/teams (Caused by NameResolutionError(""HTTPSConnection(host='athena2024.calicotab.com', port=443): Failed to resolve 'athena2024.calicotab.com' ([Errno 8] nodename nor servname provided, or not known)""))",
hdf.calicotab.com,academy2025,"failed: ConnectionError: HTTPSConnectionPool(host='hdf.calicotab.com', port=443): Max retries exceeded with url: /api/v1/tournaments/academy2025/teams (Caused by NameResolutionError(""HTTPSConnection(host='hdf.calicotab.com', port=443): Failed to resolve 'hdf.calicotab.com' ([Errno 8] nodename nor servname provided, or not known)""))",
athensiv2024.calicotab.com,athensiv2024,"failed: ConnectionError: HTTPSConnectionPool(host='athensiv2024.calicotab.com', port=443): Max retries exceeded with url: /api/v1/tournaments/athensiv2024/teams (Caused by NameResolutionError(""HTTPSConnection(host='athensiv2024.calicotab.com', port=443): Failed to resolve 'athensiv2024.calicotab.com' ([Errno 8] nodename nor servname provided, or not known)""))",
athensiv2025.calicotab.com,_,"failed: ConnectionError: HTTPSConnectionPool(host='athensiv2025.calicotab.com', port=443): Max retries exceeded with url: /api/v1/tournaments/_/teams (Caused by NameResolutionError(""HTTPSConnection(host='athensiv2025.calicotab.com', port=443): Failed to resolve 'athensiv2025.calicotab.com' ([Errno 8] nodename nor servname provided, or not known)""))",
aucklandiv24.calicotab.com,aucklandiv24,"failed: ConnectionError: HTTPSConnectionPool(host='aucklandiv24.calicotab.com', port=443): Max retries exceeded with url: /api/v1/tournaments/aucklandiv24/teams (Caused by NameResolutionError(""HTTPSConnection(host='aucklandiv24.calicotab.com', port=443): Failed to resolve 'aucklandiv24.calicotab.com' ([Errno 8] nodename nor servname provided, or not known)""))",
aud.calicotab.com,audpreabp2026,"failed: ConnectionError: HTTPSConnectionPool(host='aud.calicotab.com', port=443): Max retries exceeded with url: /api/v1/tournaments/audpreabp2026/teams (Caused by NameResolutionError(""HTTPSConnection(host='aud.calicotab.com', port=443): Failed to resolve 'aud.calicotab.com' ([Errno 8] nodename nor servname provided, or not known)""))",
aurgumentum.au-tab.app,open2024,"failed: ConnectionError: HTTPSConnectionPool(host='aurgumentum.au-tab.app', port=443): Max retries exceeded with url: /api/v1/tournaments/open2024/teams (Caused by NameResolutionError(""HTTPSConnection(host='aurgumentum.au-tab.app', port=443): Failed to resolve 'aurgumentum.au-tab.app' ([Errno 8] nodename nor servname provided, or not known)""))",
aurgumentum.au-tab.app,proams2024,"failed: ConnectionError: HTTPSConnectionPool(host='aurgumentum.au-tab.app', port=443): Max retries exceeded with url: /api/v1/tournaments/proams2024/teams (Caused by NameResolutionError(""HTTPSConnection(host='aurgumentum.au-tab.app', port=443): Failed to resolve 'aurgumentum.au-tab.app' ([Errno 8] nodename nor servname provided, or not known)""))",
dipo2025.au-tab.app,en,"failed: ConnectionError: HTTPSConnectionPool(host='dipo2025.au-tab.app', port=443): Max retries exceeded with url: /api/v1/tournaments/en/teams (Caused by NameResolutionError(""HTTPSConnection(host='dipo2025.au-tab.app', port=443): Failed to resolve 'dipo2025.au-tab.app' ([Errno 8] nodename nor servname provided, or not known)""))",
usutabs2022.calicotab.com,abpdc2022,"failed: ConnectionError: HTTPSConnectionPool(host='usutabs2022.calicotab.com', port=443): Max retries exceeded with url: /api/v1/tournaments/abpdc2022/teams (Caused by NameResolutionError(""HTTPSConnection(host='usutabs2022.calicotab.com', port=443): Failed to resolve 'usutabs2022.calicotab.com' ([Errno 8] nodename nor servname provided, or not known)""))",
abpdc2023.calicotab.com,abpdc2023,"failed: ConnectionError: HTTPSConnectionPool(host='abpdc2023.calicotab.com', port=443): Max retries exceeded with url: /api/v1/tournaments/abpdc2023/teams (Caused by NameResolutionError(""HTTPSConnection(host='abpdc2023.calicotab.com', port=443): Failed to resolve 'abpdc2023.calicotab.com' ([Errno 8] nodename nor servname provided, or not known)""))",
abpdc2024.calicotab.com,abpdc2024,"failed: ConnectionError: HTTPSConnectionPool(host='abpdc2024.calicotab.com', port=443): Max retries exceeded with url: /api/v1/tournaments/abpdc2024/teams (Caused by NameResolutionError(""HTTPSConnection(host='abpdc2024.calicotab.com', port=443): Failed to resolve 'abpdc2024.calicotab.com' ([Errno 8] nodename nor servname provided, or not known)""))",
abpdc25.calicotab.com,abpdc2025,"failed: ConnectionError: HTTPSConnectionPool(host='abpdc25.calicotab.com', port=443): Max retries exceeded with url: /api/v1/tournaments/abpdc2025/teams (Caused by NameResolutionError(""HTTPSConnection(host='abpdc25.calicotab.com', port=443): Failed to resolve 'abpdc25.calicotab.com' ([Errno 8] nodename nor servname provided, or not known)""))",
bacdebateclub2023.calicotab.com,bacdo23,"failed: ConnectionError: HTTPSConnectionPool(host='bacdebateclub2023.calicotab.com', port=443): Max retries exceeded with url: /api/v1/tournaments/bacdo23/teams (Caused by NameResolutionError(""HTTPSConnection(host='bacdebateclub2023.calicotab.com', port=443): Failed to resolve 'bacdebateclub2023.calicotab.com' ([Errno 8] nodename nor servname provided, or not known)""))",
sserigadebating.calicotab.com,balticopen2023,"failed: ConnectionError: HTTPSConnectionPool(host='sserigadebating.calicotab.com', port=443): Max retries exceeded with url: /api/v1/tournaments/balticopen2023/teams (Caused by NameResolutionError(""HTTPSConnection(host='sserigadebating.calicotab.com', port=443): Failed to resolve 'sserigadebating.calicotab.com' ([Errno 8] nodename nor servname provided, or not known)""))",
balticiv24.calicotab.com,balticiv24,"failed: ConnectionError: HTTPSConnectionPool(host='balticiv24.calicotab.com', port=443): Max retries exceeded with url: /api/v1/tournaments/balticiv24/teams (Caused by NameResolutionError(""HTTPSConnection(host='balticiv24.calicotab.com', port=443): Failed to resolve 'balticiv24.calicotab.com' ([Errno 8] nodename nor servname provided, or not known)""))",
balticiv25.calicotab.com,balticiv25,"failed: ConnectionError: HTTPSConnectionPool(host='balticiv25.calicotab.com', port=443): Max retries exceeded with url: /api/v1/tournaments/balticiv25/teams (Caused by NameResolutionError(""HTTPSConnection(host='balticiv25.calicotab.com', port=443): Failed to resolve 'balticiv25.calicotab.com' ([Errno 8] nodename nor servname provided, or not known)""))",
balticiv.calicotab.com,BIV,"failed: ConnectionError: HTTPSConnectionPool(host='balticiv.calicotab.com', port=443): Max retries exceeded with url: /api/v1/tournaments/BIV/teams (Caused by NameResolutionError(""HTTPSConnection(host='balticiv.calicotab.com', port=443): Failed to resolve 'balticiv.calicotab.com' ([Errno 8] nodename nor servname provided, or not known)""))",
bdc.calicotab.com,BDCFundraiser2025,"failed: ConnectionError: HTTPSConnectionPool(host='bdc.calicotab.com', port=443): Max retries exceeded with url: /api/v1/tournaments/BDCFundraiser2025/teams (Caused by NameResolutionError(""HTTPSConnection(host='bdc.calicotab.com', port=443): Failed to resolve 'bdc.calicotab.com' ([Errno 8] nodename nor servname provided, or not known)""))",
bates2021.calicotab.com,bates2021,"failed: ConnectionError: HTTPSConnectionPool(host='bates2021.calicotab.com', port=443): Max retries exceeded with url: /api/v1/tournaments/bates2021/teams (Caused by NameResolutionError(""HTTPSConnection(host='bates2021.calicotab.com', port=443): Failed to resolve 'bates2021.calicotab.com' ([Errno 8] nodename nor servname provided, or not known)""))",
bdidf-bangladesh.calicotab.com,bdidfbangladesh,"failed: ConnectionError: HTTPSConnectionPool(host='bdidf-bangladesh.calicotab.com', port=443): Max retries exceeded with url: /api/v1/tournaments/bdidfbangladesh/teams (Caused by NameResolutionError(""HTTPSConnection(host='bdidf-bangladesh.calicotab.com', port=443): Failed to resolve 'bdidf-bangladesh.calicotab.com' ([Errno 8] nodename nor servname provided, or not known)""))",
bdidf.calicotab.com,bdidf,"failed: ConnectionError: HTTPSConnectionPool(host='bdidf.calicotab.com', port=443): Max retries exceeded with url: /api/v1/tournaments/bdidf/teams (Caused by NameResolutionError(""HTTPSConnection(host='bdidf.calicotab.com', port=443): Failed to resolve 'bdidf.calicotab.com' ([Errno 8] nodename nor servname provided, or not known)""))",
bdidf-pacific.calicotab.com,regional,"failed: ConnectionError: HTTPSConnectionPool(host='bdidf-pacific.calicotab.com', port=443): Max retries exceeded with url: /api/v1/tournaments/regional/teams (Caused by NameResolutionError(""HTTPSConnection(host='bdidf-pacific.calicotab.com', port=443): Failed to resolve 'bdidf-pacific.calicotab.com' ([Errno 8] nodename nor servname provided, or not known)""))",
bdidf-west.calicotab.com,west,"failed: ConnectionError: HTTPSConnectionPool(host='bdidf-west.calicotab.com', port=443): Max retries exceeded with url: /api/v1/tournaments/west/teams (Caused by NameResolutionError(""HTTPSConnection(host='bdidf-west.calicotab.com', port=443): Failed to resolve 'bdidf-west.calicotab.com' ([Errno 8] nodename nor servname provided, or not known)""))",
bido2025.calicotab.com,bido2025,"failed: ConnectionError: HTTPSConnectionPool(host='bido2025.calicotab.com', port=443): Max retries exceeded with url: /api/v1/tournaments/bido2025/teams (Caused by NameResolutionError(""HTTPSConnection(host='bido2025.calicotab.com', port=443): Failed to resolve 'bido2025.calicotab.com' ([Errno 8] nodename nor servname provided, or not known)""))",
bido2026.calicotab.com,bido2026,"failed: ConnectionError: HTTPSConnectionPool(host='bido2026.calicotab.com', port=443): Max retries exceeded with url: /api/v1/tournaments/bido2026/teams (Caused by NameResolutionError(""HTTPSConnection(host='bido2026.calicotab.com', port=443): Failed to resolve 'bido2026.calicotab.com' ([Errno 8] nodename nor servname provided, or not known)""))",
open-communication.calicotab.com,belgrade2022,"failed: ConnectionError: HTTPSConnectionPool(host='open-communication.calicotab.com', port=443): Max retries exceeded with url: /api/v1/tournaments/belgrade2022/teams (Caused by NameResolutionError(""HTTPSConnection(host='open-communication.calicotab.com', port=443): Failed to resolve 'open-communication.calicotab.com' ([Errno 8] nodename nor servname provided, or not known)""))",
opencommunication.calicotab.com,belgradeopen2023,"failed: ConnectionError: HTTPSConnectionPool(host='opencommunication.calicotab.com', port=443): Max retries exceeded with url: /api/v1/tournaments/belgradeopen2023/teams (Caused by NameResolutionError(""HTTPSConnection(host='opencommunication.calicotab.com', port=443): Failed to resolve 'opencommunication.calicotab.com' ([Errno 8] nodename nor servname provided, or not known)""))",
open-communication-2024.calicotab.com,belgradeopen2024,"failed: ConnectionError: HTTPSConnectionPool(host='open-communication-2024.calicotab.com', port=443): Max retries exceeded with url: /api/v1/tournaments/belgradeopen2024/teams (Caused by NameResolutionError(""HTTPSConnection(host='open-communication-2024.calicotab.com', port=443): Failed to resolve 'open-communication-2024.calicotab.com' ([Errno 8] nodename nor servname provided, or not known)""))",
open-communication-2026.calicotab.com,bgopen2026,"failed: ConnectionError: HTTPSConnectionPool(host='open-communication-2026.calicotab.com', port=443): Max retries exceeded with url: /api/v1/tournaments/bgopen2026/teams (Caused by NameResolutionError(""HTTPSConnection(host='open-communication-2026.calicotab.com', port=443): Failed to resolve 'open-communication-2026.calicotab.com' ([Errno 8] nodename nor servname provided, or not known)""))",
berkeleyiv2024.calicotab.com,berkeleyiv24,"failed: ConnectionError: HTTPSConnectionPool(host='berkeleyiv2024.calicotab.com', port=443): Max retries exceeded with url: /api/v1/tournaments/berkeleyiv24/teams (Caused by NameResolutionError(""HTTPSConnection(host='berkeleyiv2024.calicotab.com', port=443): Failed to resolve 'berkeleyiv2024.calicotab.com' ([Errno 8] nodename nor servname provided, or not known)""))",
berkeleyiv25.calicotab.com,UCBIV25,"failed: ConnectionError: HTTPSConnectionPool(host='berkeleyiv25.calicotab.com', port=443): Max retries exceeded with url: /api/v1/tournaments/UCBIV25/teams (Caused by NameResolutionError(""HTTPSConnection(host='berkeleyiv25.calicotab.com', port=443): Failed to resolve 'berkeleyiv25.calicotab.com' ([Errno 8] nodename nor servname provided, or not known)""))",
berkeleyiv2026.calicotab.com,berkeleyiv26,"failed: ConnectionError: HTTPSConnectionPool(host='berkeleyiv2026.calicotab.com', port=443): Max retries exceeded with url: /api/v1/tournaments/berkeleyiv26/teams (Caused by NameResolutionError(""HTTPSConnection(host='berkeleyiv2026.calicotab.com', port=443): Failed to resolve 'berkeleyiv2026.calicotab.com' ([Errno 8] nodename nor servname provided, or not known)""))",
berlinonlineiv2020.calicotab.com,bivonline2020,"failed: ConnectionError: HTTPSConnectionPool(host='berlinonlineiv2020.calicotab.com', port=443): Max retries exceeded with url: /api/v1/tournaments/bivonline2020/teams (Caused by NameResolutionError(""HTTPSConnection(host='berlinonlineiv2020.calicotab.com', port=443): Failed to resolve 'berlinonlineiv2020.calicotab.com' ([Errno 8] nodename nor servname provided, or not known)""))",
berlinopen2025.calicotab.com,berlinopen2025,"failed: ConnectionError: HTTPSConnectionPool(host='berlinopen2025.calicotab.com', port=443): Max retries exceeded with url: /api/v1/tournaments/berlinopen2025/teams (Caused by NameResolutionError(""HTTPSConnection(host='berlinopen2025.calicotab.com', port=443): Failed to resolve 'berlinopen2025.calicotab.com' ([Errno 8] nodename nor servname provided, or not known)""))",
vaagyudh2024.calicotab.com,vaagyudh,"failed: ConnectionError: HTTPSConnectionPool(host='vaagyudh2024.calicotab.com', port=443): Max retries exceeded with url: /api/v1/tournaments/vaagyudh/teams (Caused by NameResolutionError(""HTTPSConnection(host='vaagyudh2024.calicotab.com', port=443): Failed to resolve 'vaagyudh2024.calicotab.com' ([Errno 8] nodename nor servname provided, or not known)""))",
bigboi.calicotab.com,bigboi1,"failed: ConnectionError: HTTPSConnectionPool(host='bigboi.calicotab.com', port=443): Max retries exceeded with url: /api/v1/tournaments/bigboi1/teams (Caused by NameResolutionError(""HTTPSConnection(host='bigboi.calicotab.com', port=443): Failed to resolve 'bigboi.calicotab.com' ([Errno 8] nodename nor servname provided, or not known)""))",
bhamproam.calicotab.com,bhamproam25,"failed: ConnectionError: HTTPSConnectionPool(host='bhamproam.calicotab.com', port=443): Max retries exceeded with url: /api/v1/tournaments/bhamproam25/teams (Caused by NameResolutionError(""HTTPSConnection(host='bhamproam.calicotab.com', port=443): Failed to resolve 'bhamproam.calicotab.com' ([Errno 8] nodename nor servname provided, or not known)""))",
birminghamproam26.calicotab.com,BirminghamProAm26,"failed: ConnectionError: HTTPSConnectionPool(host='birminghamproam26.calicotab.com', port=443): Max retries exceeded with url: /api/v1/tournaments/BirminghamProAm26/teams (Caused by NameResolutionError(""HTTPSConnection(host='birminghamproam26.calicotab.com', port=443): Failed to resolve 'birminghamproam26.calicotab.com' ([Errno 8] nodename nor servname provided, or not known)""))",
bitspilani.calicotab.com,bppd2021,"failed: ConnectionError: HTTPSConnectionPool(host='bitspilani.calicotab.com', port=443): Max retries exceeded with url: /api/v1/tournaments/bppd2021/teams (Caused by NameResolutionError(""HTTPSConnection(host='bitspilani.calicotab.com', port=443): Failed to resolve 'bitspilani.calicotab.com' ([Errno 8] nodename nor servname provided, or not known)""))",
bitspilanipd.calicotab.com,bppd2022,"failed: ConnectionError: HTTPSConnectionPool(host='bitspilanipd.calicotab.com', port=443): Max retries exceeded with url: /api/v1/tournaments/bppd2022/teams (Caused by NameResolutionError(""HTTPSConnection(host='bitspilanipd.calicotab.com', port=443): Failed to resolve 'bitspilanipd.calicotab.com' ([Errno 8] nodename nor servname provided, or not known)""))",
bitspilanipd.calicotab.com,bppd2023,"failed: ConnectionError: HTTPSConnectionPool(host='bitspilanipd.calicotab.com', port=443): Max retries exceeded with url: /api/v1/tournaments/bppd2023/teams (Caused by NameResolutionError(""HTTPSConnection(host='bitspilanipd.calicotab.com', port=443): Failed to resolve 'bitspilanipd.calicotab.com' ([Errno 8] nodename nor servname provided, or not known)""))",
bppd2024.calicotab.com,bppd2024,"failed: ConnectionError: HTTPSConnectionPool(host='bppd2024.calicotab.com', port=443): Max retries exceeded with url: /api/v1/tournaments/bppd2024/teams (Caused by NameResolutionError(""HTTPSConnection(host='bppd2024.calicotab.com', port=443): Failed to resolve 'bppd2024.calicotab.com' ([Errno 8] nodename nor servname provided, or not known)""))",
bppd2025.calicotab.com,bppd2025,"failed: ConnectionError: HTTPSConnectionPool(host='bppd2025.calicotab.com', port=443): Max retries exceeded with url: /api/v1/tournaments/bppd2025/teams (Caused by NameResolutionError(""HTTPSConnection(host='bppd2025.calicotab.com', port=443): Failed to resolve 'bppd2025.calicotab.com' ([Errno 8] nodename nor servname provided, or not known)""))",
bitsp.calicotab.com,bppd2026,"failed: ConnectionError: HTTPSConnectionPool(host='bitsp.calicotab.com', port=443): Max retries exceeded with url: /api/v1/tournaments/bppd2026/teams (Caused by NameResolutionError(""HTTPSConnection(host='bitsp.calicotab.com', port=443): Failed to resolve 'bitsp.calicotab.com' ([Errno 8] nodename nor servname provided, or not known)""))",
aberdebates23.calicotab.com,bogwall23,"failed: ConnectionError: HTTPSConnectionPool(host='aberdebates23.calicotab.com', port=443): Max retries exceeded with url: /api/v1/tournaments/bogwall23/teams (Caused by NameResolutionError(""HTTPSConnection(host='aberdebates23.calicotab.com', port=443): Failed to resolve 'aberdebates23.calicotab.com' ([Errno 8] nodename nor servname provided, or not known)""))",
bogwall24.calicotab.com,bogwall24,"failed: ConnectionError: HTTPSConnectionPool(host='bogwall24.calicotab.com', port=443): Max retries exceeded with url: /api/v1/tournaments/bogwall24/teams (Caused by NameResolutionError(""HTTPSConnection(host='bogwall24.calicotab.com', port=443): Failed to resolve 'bogwall24.calicotab.com' ([Errno 8] nodename nor servname provided, or not known)""))",
bogwall2025.calicotab.com,Bogwall2025,"failed: ConnectionError: HTTPSConnectionPool(host='bogwall2025.calicotab.com', port=443): Max retries exceeded with url: /api/v1/tournaments/Bogwall2025/teams (Caused by NameResolutionError(""HTTPSConnection(host='bogwall2025.calicotab.com', port=443): Failed to resolve 'bogwall2025.calicotab.com' ([Errno 8] nodename nor servname provided, or not known)""))",
borneodebate.calicotab.com,bbpdc2026,"failed: ConnectionError: HTTPSConnectionPool(host='borneodebate.calicotab.com', port=443): Max retries exceeded with url: /api/v1/tournaments/bbpdc2026/teams (Caused by NameResolutionError(""HTTPSConnection(host='borneodebate.calicotab.com', port=443): Failed to resolve 'borneodebate.calicotab.com' ([Errno 8] nodename nor servname provided, or not known)""))",
bracu.calicotab.com,open2024,"failed: ConnectionError: HTTPSConnectionPool(host='bracu.calicotab.com', port=443): Max retries exceeded with url: /api/v1/tournaments/open2024/teams (Caused by NameResolutionError(""HTTPSConnection(host='bracu.calicotab.com', port=443): Failed to resolve 'bracu.calicotab.com' ([Errno 8] nodename nor servname provided, or not known)""))",
brazilopen2025.calicotab.com,brazilopen2025,"failed: ConnectionError: HTTPSConnectionPool(host='brazilopen2025.calicotab.com', port=443): Max retries exceeded with url: /api/v1/tournaments/brazilopen2025/teams (Caused by NameResolutionError(""HTTPSConnection(host='brazilopen2025.calicotab.com', port=443): Failed to resolve 'brazilopen2025.calicotab.com' ([Errno 8] nodename nor servname provided, or not known)""))",
bristolopen2023.calicotab.com,_,"failed: ConnectionError: HTTPSConnectionPool(host='bristolopen2023.calicotab.com', port=443): Max retries exceeded with url: /api/v1/tournaments/_/teams (Caused by NameResolutionError(""HTTPSConnection(host='bristolopen2023.calicotab.com', port=443): Failed to resolve 'bristolopen2023.calicotab.com' ([Errno 8] nodename nor servname provided, or not known)""))",
bristolopen24.calicotab.com,bristolopen24,"failed: ConnectionError: HTTPSConnectionPool(host='bristolopen24.calicotab.com', port=443): Max retries exceeded with url: /api/v1/tournaments/bristolopen24/teams (Caused by NameResolutionError(""HTTPSConnection(host='bristolopen24.calicotab.com', port=443): Failed to resolve 'bristolopen24.calicotab.com' ([Errno 8] nodename nor servname provided, or not known)""))",
bristol2025.calicotab.com,_,"failed: ConnectionError: HTTPSConnectionPool(host='bristol2025.calicotab.com', port=443): Max retries exceeded with url: /api/v1/tournaments/_/teams (Caused by NameResolutionError(""HTTPSConnection(host='bristol2025.calicotab.com', port=443): Failed to resolve 'bristol2025.calicotab.com' ([Errno 8] nodename nor servname provided, or not known)""))",
bristolproam23.calicotab.com,_,"failed: ConnectionError: HTTPSConnectionPool(host='bristolproam23.calicotab.com', port=443): Max retries exceeded with url: /api/v1/tournaments/_/teams (Caused by NameResolutionError(""HTTPSConnection(host='bristolproam23.calicotab.com', port=443): Failed to resolve 'bristolproam23.calicotab.com' ([Errno 8] nodename nor servname provided, or not known)""))",
bpam24.calicotab.com,bristolproam24,"failed: ConnectionError: HTTPSConnectionPool(host='bpam24.calicotab.com', port=443): Max retries exceeded with url: /api/v1/tournaments/bristolproam24/teams (Caused by NameResolutionError(""HTTPSConnection(host='bpam24.calicotab.com', port=443): Failed to resolve 'bpam24.calicotab.com' ([Errno 8] nodename nor servname provided, or not known)""))",
bristolproam2025.calicotab.com,_,"failed: ConnectionError: HTTPSConnectionPool(host='bristolproam2025.calicotab.com', port=443): Max retries exceeded with url: /api/v1/tournaments/_/teams (Caused by NameResolutionError(""HTTPSConnection(host='bristolproam2025.calicotab.com', port=443): Failed to resolve 'bristolproam2025.calicotab.com' ([Errno 8] nodename nor servname provided, or not known)""))",
budapestnovice25.calicotab.com,budapestnovice25,"failed: ConnectionError: HTTPSConnectionPool(host='budapestnovice25.calicotab.com', port=443): Max retries exceeded with url: /api/v1/tournaments/budapestnovice25/teams (Caused by NameResolutionError(""HTTPSConnection(host='budapestnovice25.calicotab.com', port=443): Failed to resolve 'budapestnovice25.calicotab.com' ([Errno 8] nodename nor servname provided, or not known)""))",
budapestdebate.calicotab.com,dynamic,"failed: ConnectionError: HTTPSConnectionPool(host='budapestdebate.calicotab.com', port=443): Max retries exceeded with url: /api/v1/tournaments/dynamic/teams (Caused by NameResolutionError(""HTTPSConnection(host='budapestdebate.calicotab.com', port=443): Failed to resolve 'budapestdebate.calicotab.com' ([Errno 8] nodename nor servname provided, or not known)""))",
bo2023.calicotab.com,bo2023,"failed: ConnectionError: HTTPSConnectionPool(host='bo2023.calicotab.com', port=443): Max retries exceeded with url: /api/v1/tournaments/bo2023/teams (Caused by NameResolutionError(""HTTPSConnection(host='bo2023.calicotab.com', port=443): Failed to resolve 'bo2023.calicotab.com' ([Errno 8] nodename nor servname provided, or not known)""))",
budapestopen2024.calicotab.com,budapest2024,"failed: ConnectionError: HTTPSConnectionPool(host='budapestopen2024.calicotab.com', port=443): Max retries exceeded with url: /api/v1/tournaments/budapest2024/teams (Caused by NameResolutionError(""HTTPSConnection(host='budapestopen2024.calicotab.com', port=443): Failed to resolve 'budapestopen2024.calicotab.com' ([Errno 8] nodename nor servname provided, or not known)""))",
budapestopen2025.calicotab.com,bpo25,"failed: ConnectionError: HTTPSConnectionPool(host='budapestopen2025.calicotab.com', port=443): Max retries exceeded with url: /api/v1/tournaments/bpo25/teams (Caused by NameResolutionError(""HTTPSConnection(host='budapestopen2025.calicotab.com', port=443): Failed to resolve 'budapestopen2025.calicotab.com' ([Errno 8] nodename nor servname provided, or not known)""))",
bdpstdebate.calicotab.com,pre-eudc-2025,"failed: ConnectionError: HTTPSConnectionPool(host='bdpstdebate.calicotab.com', port=443): Max retries exceeded with url: /api/v1/tournaments/pre-eudc-2025/teams (Caused by NameResolutionError(""HTTPSConnection(host='bdpstdebate.calicotab.com', port=443): Failed to resolve 'bdpstdebate.calicotab.com' ([Errno 8] nodename nor servname provided, or not known)""))",
budapestpreeudc26.calicotab.com,budapest-preeudc-2026,"failed: ConnectionError: HTTPSConnectionPool(host='budapestpreeudc26.calicotab.com', port=443): Max retries exceeded with url: /api/v1/tournaments/budapest-preeudc-2026/teams (Caused by NameResolutionError(""HTTPSConnection(host='budapestpreeudc26.calicotab.com', port=443): Failed to resolve 'budapestpreeudc26.calicotab.com' ([Errno 8] nodename nor servname provided, or not known)""))",
bulacaniv2023.calicotab.com,bliv2023,"failed: ConnectionError: HTTPSConnectionPool(host='bulacaniv2023.calicotab.com', port=443): Max retries exceeded with url: /api/v1/tournaments/bliv2023/teams (Caused by NameResolutionError(""HTTPSConnection(host='bulacaniv2023.calicotab.com', port=443): Failed to resolve 'bulacaniv2023.calicotab.com' ([Errno 8] nodename nor servname provided, or not known)""))",
bup.calicotab.com,bupiv25en,"failed: ConnectionError: HTTPSConnectionPool(host='bup.calicotab.com', port=443): Max retries exceeded with url: /api/v1/tournaments/bupiv25en/teams (Caused by NameResolutionError(""HTTPSConnection(host='bup.calicotab.com', port=443): Failed to resolve 'bup.calicotab.com' ([Errno 8] nodename nor servname provided, or not known)""))",
cambridgeivfinal.calicotab.com,2022,"failed: ConnectionError: HTTPSConnectionPool(host='cambridgeivfinal.calicotab.com', port=443): Max retries exceeded with url: /api/v1/tournaments/2022/teams (Caused by NameResolutionError(""HTTPSConnection(host='cambridgeivfinal.calicotab.com', port=443): Failed to resolve 'cambridgeivfinal.calicotab.com' ([Errno 8] nodename nor servname provided, or not known)""))",
cambridgeiv2023.calicotab.com,_,"failed: ConnectionError: HTTPSConnectionPool(host='cambridgeiv2023.calicotab.com', port=443): Max retries exceeded with url: /api/v1/tournaments/_/teams (Caused by NameResolutionError(""HTTPSConnection(host='cambridgeiv2023.calicotab.com', port=443): Failed to resolve 'cambridgeiv2023.calicotab.com' ([Errno 8] nodename nor servname provided, or not known)""))",
cambridge2024.calicotab.com,cambridgeiv2024,"failed: ConnectionError: HTTPSConnectionPool(host='cambridge2024.calicotab.com', port=443): Max retries exceeded with url: /api/v1/tournaments/cambridgeiv2024/teams (Caused by NameResolutionError(""HTTPSConnection(host='cambridge2024.calicotab.com', port=443): Failed to resolve 'cambridge2024.calicotab.com' ([Errno 8] nodename nor servname provided, or not known)""))",
cambridgeiv2025.calicotab.com,_,"failed: ConnectionError: HTTPSConnectionPool(host='cambridgeiv2025.calicotab.com', port=443): Max retries exceeded with url: /api/v1/tournaments/_/teams (Caused by NameResolutionError(""HTTPSConnection(host='cambridgeiv2025.calicotab.com', port=443): Failed to resolve 'cambridgeiv2025.calicotab.com' ([Errno 8] nodename nor servname provided, or not known)""))",
cambridgemini2024.calicotab.com,camini2024,"failed: ConnectionError: HTTPSConnectionPool(host='cambridgemini2024.calicotab.com', port=443): Max retries exceeded with url: /api/v1/tournaments/camini2024/teams (Caused by NameResolutionError(""HTTPSConnection(host='cambridgemini2024.calicotab.com', port=443): Failed to resolve 'cambridgemini2024.calicotab.com' ([Errno 8] nodename nor servname provided, or not known)""))",
cuds.calicotab.com,bpchamps2020,"failed: ConnectionError: HTTPSConnectionPool(host='cuds.calicotab.com', port=443): Max retries exceeded with url: /api/v1/tournaments/bpchamps2020/teams (Caused by NameResolutionError(""HTTPSConnection(host='cuds.calicotab.com', port=443): Failed to resolve 'cuds.calicotab.com' ([Errno 8] nodename nor servname provided, or not known)""))",
bpchamps2022.calicotab.com,bpchamps22,"failed: ConnectionError: HTTPSConnectionPool(host='bpchamps2022.calicotab.com', port=443): Max retries exceeded with url: /api/v1/tournaments/bpchamps22/teams (Caused by NameResolutionError(""HTTPSConnection(host='bpchamps2022.calicotab.com', port=443): Failed to resolve 'bpchamps2022.calicotab.com' ([Errno 8] nodename nor servname provided, or not known)""))",
bpchamps2023.calicotab.com,bpchamps2023,"failed: ConnectionError: HTTPSConnectionPool(host='bpchamps2023.calicotab.com', port=443): Max retries exceeded with url: /api/v1/tournaments/bpchamps2023/teams (Caused by NameResolutionError(""HTTPSConnection(host='bpchamps2023.calicotab.com', port=443): Failed to resolve 'bpchamps2023.calicotab.com' ([Errno 8] nodename nor servname provided, or not known)""))",
cudcwaterloo.calicotab.com,cudc2024,"failed: ConnectionError: HTTPSConnectionPool(host='cudcwaterloo.calicotab.com', port=443): Max retries exceeded with url: /api/v1/tournaments/cudc2024/teams (Caused by NameResolutionError(""HTTPSConnection(host='cudcwaterloo.calicotab.com', port=443): Failed to resolve 'cudcwaterloo.calicotab.com' ([Errno 8] nodename nor servname provided, or not known)""))",
cudchalifax.calicotab.com,CUDC2025,"failed: ConnectionError: HTTPSConnectionPool(host='cudchalifax.calicotab.com', port=443): Max retries exceeded with url: /api/v1/tournaments/CUDC2025/teams (Caused by NameResolutionError(""HTTPSConnection(host='cudchalifax.calicotab.com', port=443): Failed to resolve 'cudchalifax.calicotab.com' ([Errno 8] nodename nor servname provided, or not known)""))",
capitalismiv2024.calicotab.com,capitalismiv2024,"failed: ConnectionError: HTTPSConnectionPool(host='capitalismiv2024.calicotab.com', port=443): Max retries exceeded with url: /api/v1/tournaments/capitalismiv2024/teams (Caused by NameResolutionError(""HTTPSConnection(host='capitalismiv2024.calicotab.com', port=443): Failed to resolve 'capitalismiv2024.calicotab.com' ([Errno 8] nodename nor servname provided, or not known)""))",
cardiff2024.calicotab.com,c24,"failed: ConnectionError: HTTPSConnectionPool(host='cardiff2024.calicotab.com', port=443): Max retries exceeded with url: /api/v1/tournaments/c24/teams (Caused by NameResolutionError(""HTTPSConnection(host='cardiff2024.calicotab.com', port=443): Failed to resolve 'cardiff2024.calicotab.com' ([Errno 8] nodename nor servname provided, or not known)""))",
cardiff2025.calicotab.com,cardiffopen2025,"failed: ConnectionError: HTTPSConnectionPool(host='cardiff2025.calicotab.com', port=443): Max retries exceeded with url: /api/v1/tournaments/cardiffopen2025/teams (Caused by NameResolutionError(""HTTPSConnection(host='cardiff2025.calicotab.com', port=443): Failed to resolve 'cardiff2025.calicotab.com' ([Errno 8] nodename nor servname provided, or not known)""))",
cidc2026.calicotab.com,cidc2026,"failed: ConnectionError: HTTPSConnectionPool(host='cidc2026.calicotab.com', port=443): Max retries exceeded with url: /api/v1/tournaments/cidc2026/teams (Caused by NameResolutionError(""HTTPSConnection(host='cidc2026.calicotab.com', port=443): Failed to resolve 'cidc2026.calicotab.com' ([Errno 8] nodename nor servname provided, or not known)""))",
caritasdebate.calicotab.com,caritasdebateopen2025,"failed: ConnectionError: HTTPSConnectionPool(host='caritasdebate.calicotab.com', port=443): Max retries exceeded with url: /api/v1/tournaments/caritasdebateopen2025/teams (Caused by NameResolutionError(""HTTPSConnection(host='caritasdebate.calicotab.com', port=443): Failed to resolve 'caritasdebate.calicotab.com' ([Errno 8] nodename nor servname provided, or not known)""))",
carletonbpchamps.calicotab.com,bpchamps2022,"failed: ConnectionError: HTTPSConnectionPool(host='carletonbpchamps.calicotab.com', port=443): Max retries exceeded with url: /api/v1/tournaments/bpchamps2022/teams (Caused by NameResolutionError(""HTTPSConnection(host='carletonbpchamps.calicotab.com', port=443): Failed to resolve 'carletonbpchamps.calicotab.com' ([Errno 8] nodename nor servname provided, or not known)""))",
cdo2025.calicotab.com,cdo2025,"failed: ConnectionError: HTTPSConnectionPool(host='cdo2025.calicotab.com', port=443): Max retries exceeded with url: /api/v1/tournaments/cdo2025/teams (Caused by NameResolutionError(""HTTPSConnection(host='cdo2025.calicotab.com', port=443): Failed to resolve 'cdo2025.calicotab.com' ([Errno 8] nodename nor servname provided, or not known)""))",
cebuproam.calicotab.com,britishparliamentary,"failed: ConnectionError: HTTPSConnectionPool(host='cebuproam.calicotab.com', port=443): Max retries exceeded with url: /api/v1/tournaments/britishparliamentary/teams (Caused by NameResolutionError(""HTTPSConnection(host='cebuproam.calicotab.com', port=443): Failed to resolve 'cebuproam.calicotab.com' ([Errno 8] nodename nor servname provided, or not known)""))",
leger2024.calicotab.com,Leger2024,"failed: ConnectionError: HTTPSConnectionPool(host='leger2024.calicotab.com', port=443): Max retries exceeded with url: /api/v1/tournaments/Leger2024/teams (Caused by NameResolutionError(""HTTPSConnection(host='leger2024.calicotab.com', port=443): Failed to resolve 'leger2024.calicotab.com' ([Errno 8] nodename nor servname provided, or not known)""))",
leger2025.calicotab.com,leger2025,"failed: ConnectionError: HTTPSConnectionPool(host='leger2025.calicotab.com', port=443): Max retries exceeded with url: /api/v1/tournaments/leger2025/teams (Caused by NameResolutionError(""HTTPSConnection(host='leger2025.calicotab.com', port=443): Failed to resolve 'leger2025.calicotab.com' ([Errno 8] nodename nor servname provided, or not known)""))",
leger26.calicotab.com,leger,"failed: ConnectionError: HTTPSConnectionPool(host='leger26.calicotab.com', port=443): Max retries exceeded with url: /api/v1/tournaments/leger/teams (Caused by NameResolutionError(""HTTPSConnection(host='leger26.calicotab.com', port=443): Failed to resolve 'leger26.calicotab.com' ([Errno 8] nodename nor servname provided, or not known)""))",
champagneiv2023.calicotab.com,_,"failed: ConnectionError: HTTPSConnectionPool(host='champagneiv2023.calicotab.com', port=443): Max retries exceeded with url: /api/v1/tournaments/_/teams (Caused by NameResolutionError(""HTTPSConnection(host='champagneiv2023.calicotab.com', port=443): Failed to resolve 'champagneiv2023.calicotab.com' ([Errno 8] nodename nor servname provided, or not known)""))",
champagneiv2024.calicotab.com,champagneiv2024,"failed: ConnectionError: HTTPSConnectionPool(host='champagneiv2024.calicotab.com', port=443): Max retries exceeded with url: /api/v1/tournaments/champagneiv2024/teams (Caused by NameResolutionError(""HTTPSConnection(host='champagneiv2024.calicotab.com', port=443): Failed to resolve 'champagneiv2024.calicotab.com' ([Errno 8] nodename nor servname provided, or not known)""))",
spu.calicotab.com,champagneiv2025,"failed: ConnectionError: HTTPSConnectionPool(host='spu.calicotab.com', port=443): Max retries exceeded with url: /api/v1/tournaments/champagneiv2025/teams (Caused by NameResolutionError(""HTTPSConnection(host='spu.calicotab.com', port=443): Failed to resolve 'spu.calicotab.com' ([Errno 8] nodename nor servname provided, or not known)""))",
champagneiv26.calicotab.com,_,"failed: ConnectionError: HTTPSConnectionPool(host='champagneiv26.calicotab.com', port=443): Max retries exceeded with url: /api/v1/tournaments/_/teams (Caused by NameResolutionError(""HTTPSConnection(host='champagneiv26.calicotab.com', port=443): Failed to resolve 'champagneiv26.calicotab.com' ([Errno 8] nodename nor servname provided, or not known)""))",
chancellors2021.calicotab.com,chancellors2021,"failed: ConnectionError: HTTPSConnectionPool(host='chancellors2021.calicotab.com', port=443): Max retries exceeded with url: /api/v1/tournaments/chancellors2021/teams (Caused by NameResolutionError(""HTTPSConnection(host='chancellors2021.calicotab.com', port=443): Failed to resolve 'chancellors2021.calicotab.com' ([Errno 8] nodename nor servname provided, or not known)""))",
chancellors2021.calicotab.com,chancellors2022,"failed: ConnectionError: HTTPSConnectionPool(host='chancellors2021.calicotab.com', port=443): Max retries exceeded with url: /api/v1/tournaments/chancellors2022/teams (Caused by NameResolutionError(""HTTPSConnection(host='chancellors2021.calicotab.com', port=443): Failed to resolve 'chancellors2021.calicotab.com' ([Errno 8] nodename nor servname provided, or not known)""))",
qivcc2023.calicotab.com,QIVCC2023,"failed: ConnectionError: HTTPSConnectionPool(host='qivcc2023.calicotab.com', port=443): Max retries exceeded with url: /api/v1/tournaments/QIVCC2023/teams (Caused by NameResolutionError(""HTTPSConnection(host='qivcc2023.calicotab.com', port=443): Failed to resolve 'qivcc2023.calicotab.com' ([Errno 8] nodename nor servname provided, or not known)""))",
chancellorscup2024.calicotab.com,Chancellorscup2024,"failed: ConnectionError: HTTPSConnectionPool(host='chancellorscup2024.calicotab.com', port=443): Max retries exceeded with url: /api/v1/tournaments/Chancellorscup2024/teams (Caused by NameResolutionError(""HTTPSConnection(host='chancellorscup2024.calicotab.com', port=443): Failed to resolve 'chancellorscup2024.calicotab.com' ([Errno 8] nodename nor servname provided, or not known)""))",
chancellorscup2025.calicotab.com,chancellors2025,"failed: ConnectionError: HTTPSConnectionPool(host='chancellorscup2025.calicotab.com', port=443): Max retries exceeded with url: /api/v1/tournaments/chancellors2025/teams (Caused by NameResolutionError(""HTTPSConnection(host='chancellorscup2025.calicotab.com', port=443): Failed to resolve 'chancellorscup2025.calicotab.com' ([Errno 8] nodename nor servname provided, or not known)""))",
charchapd.calicotab.com,charchapd25,"failed: ConnectionError: HTTPSConnectionPool(host='charchapd.calicotab.com', port=443): Max retries exceeded with url: /api/v1/tournaments/charchapd25/teams (Caused by NameResolutionError(""HTTPSConnection(host='charchapd.calicotab.com', port=443): Failed to resolve 'charchapd.calicotab.com' ([Errno 8] nodename nor servname provided, or not known)""))",
cfo3.calicotab.com,CFO3,"failed: ConnectionError: HTTPSConnectionPool(host='cfo3.calicotab.com', port=443): Max retries exceeded with url: /api/v1/tournaments/CFO3/teams (Caused by NameResolutionError(""HTTPSConnection(host='cfo3.calicotab.com', port=443): Failed to resolve 'cfo3.calicotab.com' ([Errno 8] nodename nor servname provided, or not known)""))",
ccpc.calicotab.com,ctgbp2024,"failed: ConnectionError: HTTPSConnectionPool(host='ccpc.calicotab.com', port=443): Max retries exceeded with url: /api/v1/tournaments/ctgbp2024/teams (Caused by NameResolutionError(""HTTPSConnection(host='ccpc.calicotab.com', port=443): Failed to resolve 'ccpc.calicotab.com' ([Errno 8] nodename nor servname provided, or not known)""))",
chicagoopen.calicotab.com,chicagoopen,"failed: ConnectionError: HTTPSConnectionPool(host='chicagoopen.calicotab.com', port=443): Max retries exceeded with url: /api/v1/tournaments/chicagoopen/teams (Caused by NameResolutionError(""HTTPSConnection(host='chicagoopen.calicotab.com', port=443): Failed to resolve 'chicagoopen.calicotab.com' ([Errno 8] nodename nor servname provided, or not known)""))",
cbp2021.calicotab.com,chinabp2021,"failed: ConnectionError: HTTPSConnectionPool(host='cbp2021.calicotab.com', port=443): Max retries exceeded with url: /api/v1/tournaments/chinabp2021/teams (Caused by NameResolutionError(""HTTPSConnection(host='cbp2021.calicotab.com', port=443): Failed to resolve 'cbp2021.calicotab.com' ([Errno 8] nodename nor servname provided, or not known)""))",
cudc2025.calicotab.com,cudc,"failed: ConnectionError: HTTPSConnectionPool(host='cudc2025.calicotab.com', port=443): Max retries exceeded with url: /api/v1/tournaments/cudc/teams (Caused by NameResolutionError(""HTTPSConnection(host='cudc2025.calicotab.com', port=443): Failed to resolve 'cudc2025.calicotab.com' ([Errno 8] nodename nor servname provided, or not known)""))",
cudc.calicotab.com,cudcnationals22,"failed: ConnectionError: HTTPSConnectionPool(host='cudc.calicotab.com', port=443): Max retries exceeded with url: /api/v1/tournaments/cudcnationals22/teams (Caused by NameResolutionError(""HTTPSConnection(host='cudc.calicotab.com', port=443): Failed to resolve 'cudc.calicotab.com' ([Errno 8] nodename nor servname provided, or not known)""))",
cudc2023.calicotab.com,cudc2023,"failed: ConnectionError: HTTPSConnectionPool(host='cudc2023.calicotab.com', port=443): Max retries exceeded with url: /api/v1/tournaments/cudc2023/teams (Caused by NameResolutionError(""HTTPSConnection(host='cudc2023.calicotab.com', port=443): Failed to resolve 'cudc2023.calicotab.com' ([Errno 8] nodename nor servname provided, or not known)""))",
cudc2024.calicotab.com,_,"failed: ConnectionError: HTTPSConnectionPool(host='cudc2024.calicotab.com', port=443): Max retries exceeded with url: /api/v1/tournaments/_/teams (Caused by NameResolutionError(""HTTPSConnection(host='cudc2024.calicotab.com', port=443): Failed to resolve 'cudc2024.calicotab.com' ([Errno 8] nodename nor servname provided, or not known)""))",
supernana.calicotab.com,christmasholidaysiv2025,"failed: ConnectionError: HTTPSConnectionPool(host='supernana.calicotab.com', port=443): Max retries exceeded with url: /api/v1/tournaments/christmasholidaysiv2025/teams (Caused by NameResolutionError(""HTTPSConnection(host='supernana.calicotab.com', port=443): Failed to resolve 'supernana.calicotab.com' ([Errno 8] nodename nor servname provided, or not known)""))",
cidanovicecup2026.calicotab.com,cidanovicecup2026,"failed: ConnectionError: HTTPSConnectionPool(host='cidanovicecup2026.calicotab.com', port=443): Max retries exceeded with url: /api/v1/tournaments/cidanovicecup2026/teams (Caused by NameResolutionError(""HTTPSConnection(host='cidanovicecup2026.calicotab.com', port=443): Failed to resolve 'cidanovicecup2026.calicotab.com' ([Errno 8] nodename nor servname provided, or not known)""))",
cida.calicotab.com,viv23,"failed: ConnectionError: HTTPSConnectionPool(host='cida.calicotab.com', port=443): Max retries exceeded with url: /api/v1/tournaments/viv23/teams (Caused by NameResolutionError(""HTTPSConnection(host='cida.calicotab.com', port=443): Failed to resolve 'cida.calicotab.com' ([Errno 8] nodename nor servname provided, or not known)""))",
cidanovicecup2026.calicotab.com,visayasintervarsity26,"failed: ConnectionError: HTTPSConnectionPool(host='cidanovicecup2026.calicotab.com', port=443): Max retries exceeded with url: /api/v1/tournaments/visayasintervarsity26/teams (Caused by NameResolutionError(""HTTPSConnection(host='cidanovicecup2026.calicotab.com', port=443): Failed to resolve 'cidanovicecup2026.calicotab.com' ([Errno 8] nodename nor servname provided, or not known)""))",
debatefoster.calicotab.com,preanydc24,"failed: ConnectionError: HTTPSConnectionPool(host='debatefoster.calicotab.com', port=443): Max retries exceeded with url: /api/v1/tournaments/preanydc24/teams (Caused by NameResolutionError(""HTTPSConnection(host='debatefoster.calicotab.com', port=443): Failed to resolve 'debatefoster.calicotab.com' ([Errno 8] nodename nor servname provided, or not known)""))",
cmdlp2021.calicotab.com,cmdlp2021,"failed: ConnectionError: HTTPSConnectionPool(host='cmdlp2021.calicotab.com', port=443): Max retries exceeded with url: /api/v1/tournaments/cmdlp2021/teams (Caused by NameResolutionError(""HTTPSConnection(host='cmdlp2021.calicotab.com', port=443): Failed to resolve 'cmdlp2021.calicotab.com' ([Errno 8] nodename nor servname provided, or not known)""))",
cmdlp2025.calicotab.com,CMDLP2025,"failed: ConnectionError: HTTPSConnectionPool(host='cmdlp2025.calicotab.com', port=443): Max retries exceeded with url: /api/v1/tournaments/CMDLP2025/teams (Caused by NameResolutionError(""HTTPSConnection(host='cmdlp2025.calicotab.com', port=443): Failed to resolve 'cmdlp2025.calicotab.com' ([Errno 8] nodename nor servname provided, or not known)""))",
cmude2018.calicotab.com,_,"failed: ConnectionError: HTTPSConnectionPool(host='cmude2018.calicotab.com', port=443): Max retries exceeded with url: /api/v1/tournaments/_/teams (Caused by NameResolutionError(""HTTPSConnection(host='cmude2018.calicotab.com', port=443): Failed to resolve 'cmude2018.calicotab.com' ([Errno 8] nodename nor servname provided, or not known)""))",
cmude2019.calicotab.com,cmude2019,"failed: ConnectionError: HTTPSConnectionPool(host='cmude2019.calicotab.com', port=443): Max retries exceeded with url: /api/v1/tournaments/cmude2019/teams (Caused by NameResolutionError(""HTTPSConnection(host='cmude2019.calicotab.com', port=443): Failed to resolve 'cmude2019.calicotab.com' ([Errno 8] nodename nor servname provided, or not known)""))",
cmudemadrid2020.calicotab.com,cmude2020,"failed: ConnectionError: HTTPSConnectionPool(host='cmudemadrid2020.calicotab.com', port=443): Max retries exceeded with url: /api/v1/tournaments/cmude2020/teams (Caused by NameResolutionError(""HTTPSConnection(host='cmudemadrid2020.calicotab.com', port=443): Failed to resolve 'cmudemadrid2020.calicotab.com' ([Errno 8] nodename nor servname provided, or not known)""))",
cmudeecuador2021.calicotab.com,cmudeecuador2021,"failed: ConnectionError: HTTPSConnectionPool(host='cmudeecuador2021.calicotab.com', port=443): Max retries exceeded with url: /api/v1/tournaments/cmudeecuador2021/teams (Caused by NameResolutionError(""HTTPSConnection(host='cmudeecuador2021.calicotab.com', port=443): Failed to resolve 'cmudeecuador2021.calicotab.com' ([Errno 8] nodename nor servname provided, or not known)""))",
cmude2022.calicotab.com,cmude2022,"failed: ConnectionError: HTTPSConnectionPool(host='cmude2022.calicotab.com', port=443): Max retries exceeded with url: /api/v1/tournaments/cmude2022/teams (Caused by NameResolutionError(""HTTPSConnection(host='cmude2022.calicotab.com', port=443): Failed to resolve 'cmude2022.calicotab.com' ([Errno 8] nodename nor servname provided, or not known)""))",
cmude2023.calicotab.com,cmude2023,"failed: ConnectionError: HTTPSConnectionPool(host='cmude2023.calicotab.com', port=443): Max retries exceeded with url: /api/v1/tournaments/cmude2023/teams (Caused by NameResolutionError(""HTTPSConnection(host='cmude2023.calicotab.com', port=443): Failed to resolve 'cmude2023.calicotab.com' ([Errno 8] nodename nor servname provided, or not known)""))",
cmude2024.calicotab.com,open,"failed: ConnectionError: HTTPSConnectionPool(host='cmude2024.calicotab.com', port=443): Max retries exceeded with url: /api/v1/tournaments/open/teams (Caused by NameResolutionError(""HTTPSConnection(host='cmude2024.calicotab.com', port=443): Failed to resolve 'cmude2024.calicotab.com' ([Errno 8] nodename nor servname provided, or not known)""))",
cmude2025.calicotab.com,open,"failed: ConnectionError: HTTPSConnectionPool(host='cmude2025.calicotab.com', port=443): Max retries exceeded with url: /api/v1/tournaments/open/teams (Caused by NameResolutionError(""HTTPSConnection(host='cmude2025.calicotab.com', port=443): Failed to resolve 'cmude2025.calicotab.com' ([Errno 8] nodename nor servname provided, or not known)""))",
cmude2026.calicotab.com,open,"failed: ConnectionError: HTTPSConnectionPool(host='cmude2026.calicotab.com', port=443): Max retries exceeded with url: /api/v1/tournaments/open/teams (Caused by NameResolutionError(""HTTPSConnection(host='cmude2026.calicotab.com', port=443): Failed to resolve 'cmude2026.calicotab.com' ([Errno 8] nodename nor servname provided, or not known)""))",
vishcoeptech.calicotab.com,vishbp2025,"failed: ConnectionError: HTTPSConnectionPool(host='vishcoeptech.calicotab.com', port=443): Max retries exceeded with url: /api/v1/tournaments/vishbp2025/teams (Caused by NameResolutionError(""HTTPSConnection(host='vishcoeptech.calicotab.com', port=443): Failed to resolve 'vishcoeptech.calicotab.com' ([Errno 8] nodename nor servname provided, or not known)""))",
colgateopen2021.calicotab.com,colgateopen2021,"failed: ConnectionError: HTTPSConnectionPool(host='colgateopen2021.calicotab.com', port=443): Max retries exceeded with url: /api/v1/tournaments/colgateopen2021/teams (Caused by NameResolutionError(""HTTPSConnection(host='colgateopen2021.calicotab.com', port=443): Failed to resolve 'colgateopen2021.calicotab.com' ([Errno 8] nodename nor servname provided, or not known)""))",
colgate2023.calicotab.com,colgate2023,"failed: ConnectionError: HTTPSConnectionPool(host='colgate2023.calicotab.com', port=443): Max retries exceeded with url: /api/v1/tournaments/colgate2023/teams (Caused by NameResolutionError(""HTTPSConnection(host='colgate2023.calicotab.com', port=443): Failed to resolve 'colgate2023.calicotab.com' ([Errno 8] nodename nor servname provided, or not known)""))",
colgateopen2024.calicotab.com,colgate2024,"failed: ConnectionError: HTTPSConnectionPool(host='colgateopen2024.calicotab.com', port=443): Max retries exceeded with url: /api/v1/tournaments/colgate2024/teams (Caused by NameResolutionError(""HTTPSConnection(host='colgateopen2024.calicotab.com', port=443): Failed to resolve 'colgateopen2024.calicotab.com' ([Errno 8] nodename nor servname provided, or not known)""))",
colgate2025.calicotab.com,_,"failed: ConnectionError: HTTPSConnectionPool(host='colgate2025.calicotab.com', port=443): Max retries exceeded with url: /api/v1/tournaments/_/teams (Caused by NameResolutionError(""HTTPSConnection(host='colgate2025.calicotab.com', port=443): Failed to resolve 'colgate2025.calicotab.com' ([Errno 8] nodename nor servname provided, or not known)""))",
colgateiv.calicotab.com,colgateopen2026,"failed: ConnectionError: HTTPSConnectionPool(host='colgateiv.calicotab.com', port=443): Max retries exceeded with url: /api/v1/tournaments/colgateopen2026/teams (Caused by NameResolutionError(""HTTPSConnection(host='colgateiv.calicotab.com', port=443): Failed to resolve 'colgateiv.calicotab.com' ([Errno 8] nodename nor servname provided, or not known)""))",
columbiaiv2025.calicotab.com,columbiaiv2025,"failed: ConnectionError: HTTPSConnectionPool(host='columbiaiv2025.calicotab.com', port=443): Max retries exceeded with url: /api/v1/tournaments/columbiaiv2025/teams (Caused by NameResolutionError(""HTTPSConnection(host='columbiaiv2025.calicotab.com', port=443): Failed to resolve 'columbiaiv2025.calicotab.com' ([Errno 8] nodename nor servname provided, or not known)""))",
thecudc2024.calicotab.com,_,"failed: ConnectionError: HTTPSConnectionPool(host='thecudc2024.calicotab.com', port=443): Max retries exceeded with url: /api/v1/tournaments/_/teams (Caused by NameResolutionError(""HTTPSConnection(host='thecudc2024.calicotab.com', port=443): Failed to resolve 'thecudc2024.calicotab.com' ([Errno 8] nodename nor servname provided, or not known)""))",
connectionsiv.calicotab.com,connectionsiv25,"failed: ConnectionError: HTTPSConnectionPool(host='connectionsiv.calicotab.com', port=443): Max retries exceeded with url: /api/v1/tournaments/connectionsiv25/teams (Caused by NameResolutionError(""HTTPSConnection(host='connectionsiv.calicotab.com', port=443): Failed to resolve 'connectionsiv.calicotab.com' ([Errno 8] nodename nor servname provided, or not known)""))",
mace.calicotab.com,cuiv2021,"failed: ConnectionError: HTTPSConnectionPool(host='mace.calicotab.com', port=443): Max retries exceeded with url: /api/v1/tournaments/cuiv2021/teams (Caused by NameResolutionError(""HTTPSConnection(host='mace.calicotab.com', port=443): Failed to resolve 'mace.calicotab.com' ([Errno 8] nodename nor servname provided, or not known)""))",
copenhagenonline26.calicotab.com,_,"failed: ConnectionError: HTTPSConnectionPool(host='copenhagenonline26.calicotab.com', port=443): Max retries exceeded with url: /api/v1/tournaments/_/teams (Caused by NameResolutionError(""HTTPSConnection(host='copenhagenonline26.calicotab.com', port=443): Failed to resolve 'copenhagenonline26.calicotab.com' ([Errno 8] nodename nor servname provided, or not known)""))",
copenhagen2024.calicotab.com,copenhagen2024,"failed: ConnectionError: HTTPSConnectionPool(host='copenhagen2024.calicotab.com', port=443): Max retries exceeded with url: /api/v1/tournaments/copenhagen2024/teams (Caused by NameResolutionError(""HTTPSConnection(host='copenhagen2024.calicotab.com', port=443): Failed to resolve 'copenhagen2024.calicotab.com' ([Errno 8] nodename nor servname provided, or not known)""))",
copenhagenopen25.calicotab.com,_,"failed: ConnectionError: HTTPSConnectionPool(host='copenhagenopen25.calicotab.com', port=443): Max retries exceeded with url: /api/v1/tournaments/_/teams (Caused by NameResolutionError(""HTTPSConnection(host='copenhagenopen25.calicotab.com', port=443): Failed to resolve 'copenhagenopen25.calicotab.com' ([Errno 8] nodename nor servname provided, or not known)""))",
cornelliv.calicotab.com,cornell2022,"failed: ConnectionError: HTTPSConnectionPool(host='cornelliv.calicotab.com', port=443): Max retries exceeded with url: /api/v1/tournaments/cornell2022/teams (Caused by NameResolutionError(""HTTPSConnection(host='cornelliv.calicotab.com', port=443): Failed to resolve 'cornelliv.calicotab.com' ([Errno 8] nodename nor servname provided, or not known)""))",
novicenats2021.calicotab.com,novicenats2021,"failed: ConnectionError: HTTPSConnectionPool(host='novicenats2021.calicotab.com', port=443): Max retries exceeded with url: /api/v1/tournaments/novicenats2021/teams (Caused by NameResolutionError(""HTTPSConnection(host='novicenats2021.calicotab.com', port=443): Failed to resolve 'novicenats2021.calicotab.com' ([Errno 8] nodename nor servname provided, or not known)""))",
novicenats2022.calicotab.com,novicenats2022,"failed: ConnectionError: HTTPSConnectionPool(host='novicenats2022.calicotab.com', port=443): Max retries exceeded with url: /api/v1/tournaments/novicenats2022/teams (Caused by NameResolutionError(""HTTPSConnection(host='novicenats2022.calicotab.com', port=443): Failed to resolve 'novicenats2022.calicotab.com' ([Errno 8] nodename nor servname provided, or not known)""))",
novicenats2024.calicotab.com,novicenats2024,"failed: ConnectionError: HTTPSConnectionPool(host='novicenats2024.calicotab.com', port=443): Max retries exceeded with url: /api/v1/tournaments/novicenats2024/teams (Caused by NameResolutionError(""HTTPSConnection(host='novicenats2024.calicotab.com', port=443): Failed to resolve 'novicenats2024.calicotab.com' ([Errno 8] nodename nor servname provided, or not known)""))",
novicenats2025.calicotab.com,novicenats2025,"failed: ConnectionError: HTTPSConnectionPool(host='novicenats2025.calicotab.com', port=443): Max retries exceeded with url: /api/v1/tournaments/novicenats2025/teams (Caused by NameResolutionError(""HTTPSConnection(host='novicenats2025.calicotab.com', port=443): Failed to resolve 'novicenats2025.calicotab.com' ([Errno 8] nodename nor servname provided, or not known)""))",
novicenats2026.calicotab.com,novicenationals2026,"failed: ConnectionError: HTTPSConnectionPool(host='novicenats2026.calicotab.com', port=443): Max retries exceeded with url: /api/v1/tournaments/novicenationals2026/teams (Caused by NameResolutionError(""HTTPSConnection(host='novicenats2026.calicotab.com', port=443): Failed to resolve 'novicenats2026.calicotab.com' ([Errno 8] nodename nor servname provided, or not known)""))",
crawford.calicotab.com,Crudi2025,"failed: ConnectionError: HTTPSConnectionPool(host='crawford.calicotab.com', port=443): Max retries exceeded with url: /api/v1/tournaments/Crudi2025/teams (Caused by NameResolutionError(""HTTPSConnection(host='crawford.calicotab.com', port=443): Failed to resolve 'crawford.calicotab.com' ([Errno 8] nodename nor servname provided, or not known)""))",
curtindebateopen2025.calicotab.com,CDO2025,"failed: ConnectionError: HTTPSConnectionPool(host='curtindebateopen2025.calicotab.com', port=443): Max retries exceeded with url: /api/v1/tournaments/CDO2025/teams (Caused by NameResolutionError(""HTTPSConnection(host='curtindebateopen2025.calicotab.com', port=443): Failed to resolve 'curtindebateopen2025.calicotab.com' ([Errno 8] nodename nor servname provided, or not known)""))",
eds.calicotab.com,cusidsrpa2024,"failed: ConnectionError: HTTPSConnectionPool(host='eds.calicotab.com', port=443): Max retries exceeded with url: /api/v1/tournaments/cusidsrpa2024/teams (Caused by NameResolutionError(""HTTPSConnection(host='eds.calicotab.com', port=443): Failed to resolve 'eds.calicotab.com' ([Errno 8] nodename nor servname provided, or not known)""))",
daicopen.calicotab.com,daicopen,"failed: ConnectionError: HTTPSConnectionPool(host='daicopen.calicotab.com', port=443): Max retries exceeded with url: /api/v1/tournaments/daicopen/teams (Caused by NameResolutionError(""HTTPSConnection(host='daicopen.calicotab.com', port=443): Failed to resolve 'daicopen.calicotab.com' ([Errno 8] nodename nor servname provided, or not known)""))",
dsnpd2022.calicotab.com,dsnpd2022,"failed: ConnectionError: HTTPSConnectionPool(host='dsnpd2022.calicotab.com', port=443): Max retries exceeded with url: /api/v1/tournaments/dsnpd2022/teams (Caused by NameResolutionError(""HTTPSConnection(host='dsnpd2022.calicotab.com', port=443): Failed to resolve 'dsnpd2022.calicotab.com' ([Errno 8] nodename nor servname provided, or not known)""))",
debatesymposium.calicotab.com,summerdebatesymposium2025,"failed: ConnectionError: HTTPSConnectionPool(host='debatesymposium.calicotab.com', port=443): Max retries exceeded with url: /api/v1/tournaments/summerdebatesymposium2025/teams (Caused by NameResolutionError(""HTTPSConnection(host='debatesymposium.calicotab.com', port=443): Failed to resolve 'debatesymposium.calicotab.com' ([Errno 8] nodename nor servname provided, or not known)""))",
debatesymposium.calicotab.com,winterdebatesymposium2025,"failed: ConnectionError: HTTPSConnectionPool(host='debatesymposium.calicotab.com', port=443): Max retries exceeded with url: /api/v1/tournaments/winterdebatesymposium2025/teams (Caused by NameResolutionError(""HTTPSConnection(host='debatesymposium.calicotab.com', port=443): Failed to resolve 'debatesymposium.calicotab.com' ([Errno 8] nodename nor servname provided, or not known)""))",
debatesymposium.calicotab.com,wds2026,"failed: ConnectionError: HTTPSConnectionPool(host='debatesymposium.calicotab.com', port=443): Max retries exceeded with url: /api/v1/tournaments/wds2026/teams (Caused by NameResolutionError(""HTTPSConnection(host='debatesymposium.calicotab.com', port=443): Failed to resolve 'debatesymposium.calicotab.com' ([Errno 8] nodename nor servname provided, or not known)""))",
dmd2020.calicotab.com,derozio2020,"failed: ConnectionError: HTTPSConnectionPool(host='dmd2020.calicotab.com', port=443): Max retries exceeded with url: /api/v1/tournaments/derozio2020/teams (Caused by NameResolutionError(""HTTPSConnection(host='dmd2020.calicotab.com', port=443): Failed to resolve 'dmd2020.calicotab.com' ([Errno 8] nodename nor servname provided, or not known)""))",
dialectica.calicotab.com,dialecticabpd2025,"failed: ConnectionError: HTTPSConnectionPool(host='dialectica.calicotab.com', port=443): Max retries exceeded with url: /api/v1/tournaments/dialecticabpd2025/teams (Caused by NameResolutionError(""HTTPSConnection(host='dialectica.calicotab.com', port=443): Failed to resolve 'dialectica.calicotab.com' ([Errno 8] nodename nor servname provided, or not known)""))",
vaagyudh2024.calicotab.com,dialectica2024,"failed: ConnectionError: HTTPSConnectionPool(host='vaagyudh2024.calicotab.com', port=443): Max retries exceeded with url: /api/v1/tournaments/dialectica2024/teams (Caused by NameResolutionError(""HTTPSConnection(host='vaagyudh2024.calicotab.com', port=443): Failed to resolve 'vaagyudh2024.calicotab.com' ([Errno 8] nodename nor servname provided, or not known)""))",
dialectixproam2023.calicotab.com,proam22,"failed: ConnectionError: HTTPSConnectionPool(host='dialectixproam2023.calicotab.com', port=443): Max retries exceeded with url: /api/v1/tournaments/proam22/teams (Caused by NameResolutionError(""HTTPSConnection(host='dialectixproam2023.calicotab.com', port=443): Failed to resolve 'dialectixproam2023.calicotab.com' ([Errno 8] nodename nor servname provided, or not known)""))",
dilimandebateopen.calicotab.com,ddo2022,"failed: ConnectionError: HTTPSConnectionPool(host='dilimandebateopen.calicotab.com', port=443): Max retries exceeded with url: /api/v1/tournaments/ddo2022/teams (Caused by NameResolutionError(""HTTPSConnection(host='dilimandebateopen.calicotab.com', port=443): Failed to resolve 'dilimandebateopen.calicotab.com' ([Errno 8] nodename nor servname provided, or not known)""))",
dilimandebateopen.calicotab.com,ddo23,"failed: ConnectionError: HTTPSConnectionPool(host='dilimandebateopen.calicotab.com', port=443): Max retries exceeded with url: /api/v1/tournaments/ddo23/teams (Caused by NameResolutionError(""HTTPSConnection(host='dilimandebateopen.calicotab.com', port=443): Failed to resolve 'dilimandebateopen.calicotab.com' ([Errno 8] nodename nor servname provided, or not known)""))",
ddo2025.calicotab.com,ddo2025,"failed: ConnectionError: HTTPSConnectionPool(host='ddo2025.calicotab.com', port=443): Max retries exceeded with url: /api/v1/tournaments/ddo2025/teams (Caused by NameResolutionError(""HTTPSConnection(host='ddo2025.calicotab.com', port=443): Failed to resolve 'ddo2025.calicotab.com' ([Errno 8] nodename nor servname provided, or not known)""))",
ddopw.calicotab.com,ddopw2025,"failed: ConnectionError: HTTPSConnectionPool(host='ddopw.calicotab.com', port=443): Max retries exceeded with url: /api/v1/tournaments/ddopw2025/teams (Caused by NameResolutionError(""HTTPSConnection(host='ddopw.calicotab.com', port=443): Failed to resolve 'ddopw.calicotab.com' ([Errno 8] nodename nor servname provided, or not known)""))",
dilimanintervarsity.calicotab.com,2024,"failed: ConnectionError: HTTPSConnectionPool(host='dilimanintervarsity.calicotab.com', port=443): Max retries exceeded with url: /api/v1/tournaments/2024/teams (Caused by NameResolutionError(""HTTPSConnection(host='dilimanintervarsity.calicotab.com', port=443): Failed to resolve 'dilimanintervarsity.calicotab.com' ([Errno 8] nodename nor servname provided, or not known)""))",
dilimandebating.calicotab.com,dilimanpreabp23,"failed: ConnectionError: HTTPSConnectionPool(host='dilimandebating.calicotab.com', port=443): Max retries exceeded with url: /api/v1/tournaments/dilimanpreabp23/teams (Caused by NameResolutionError(""HTTPSConnection(host='dilimandebating.calicotab.com', port=443): Failed to resolve 'dilimandebating.calicotab.com' ([Errno 8] nodename nor servname provided, or not known)""))",
dilimanpreabp25.calicotab.com,dilimanpreabp25,"failed: ConnectionError: HTTPSConnectionPool(host='dilimanpreabp25.calicotab.com', port=443): Max retries exceeded with url: /api/v1/tournaments/dilimanpreabp25/teams (Caused by NameResolutionError(""HTTPSConnection(host='dilimanpreabp25.calicotab.com', port=443): Failed to resolve 'dilimanpreabp25.calicotab.com' ([Errno 8] nodename nor servname provided, or not known)""))",
dpwudc2025.calicotab.com,dpwudc2025,"failed: ConnectionError: HTTPSConnectionPool(host='dpwudc2025.calicotab.com', port=443): Max retries exceeded with url: /api/v1/tournaments/dpwudc2025/teams (Caused by NameResolutionError(""HTTPSConnection(host='dpwudc2025.calicotab.com', port=443): Failed to resolve 'dpwudc2025.calicotab.com' ([Errno 8] nodename nor servname provided, or not known)""))",
dkwieninvitational.calicotab.com,dkwienmini23,"failed: ConnectionError: HTTPSConnectionPool(host='dkwieninvitational.calicotab.com', port=443): Max retries exceeded with url: /api/v1/tournaments/dkwienmini23/teams (Caused by NameResolutionError(""HTTPSConnection(host='dkwieninvitational.calicotab.com', port=443): Failed to resolve 'dkwieninvitational.calicotab.com' ([Errno 8] nodename nor servname provided, or not known)""))",
jrktpd2024.calicotab.com,jrktpd2024,"failed: ConnectionError: HTTPSConnectionPool(host='jrktpd2024.calicotab.com', port=443): Max retries exceeded with url: /api/v1/tournaments/jrktpd2024/teams (Caused by NameResolutionError(""HTTPSConnection(host='jrktpd2024.calicotab.com', port=443): Failed to resolve 'jrktpd2024.calicotab.com' ([Errno 8] nodename nor servname provided, or not known)""))",
jrktpd2024.calicotab.com,jrktpd2025,"failed: ConnectionError: HTTPSConnectionPool(host='jrktpd2024.calicotab.com', port=443): Max retries exceeded with url: /api/v1/tournaments/jrktpd2025/teams (Caused by NameResolutionError(""HTTPSConnection(host='jrktpd2024.calicotab.com', port=443): Failed to resolve 'jrktpd2024.calicotab.com' ([Errno 8] nodename nor servname provided, or not known)""))",
doxbridge-1.calicotab.com,doxbridge,"failed: ConnectionError: HTTPSConnectionPool(host='doxbridge-1.calicotab.com', port=443): Max retries exceeded with url: /api/v1/tournaments/doxbridge/teams (Caused by NameResolutionError(""HTTPSConnection(host='doxbridge-1.calicotab.com', port=443): Failed to resolve 'doxbridge-1.calicotab.com' ([Errno 8] nodename nor servname provided, or not known)""))",
doxbridge-2.calicotab.com,doxbridge2,"failed: ConnectionError: HTTPSConnectionPool(host='doxbridge-2.calicotab.com', port=443): Max retries exceeded with url: /api/v1/tournaments/doxbridge2/teams (Caused by NameResolutionError(""HTTPSConnection(host='doxbridge-2.calicotab.com', port=443): Failed to resolve 'doxbridge-2.calicotab.com' ([Errno 8] nodename nor servname provided, or not known)""))",
doxbridge-3.calicotab.com,doxbridge3,"failed: ConnectionError: HTTPSConnectionPool(host='doxbridge-3.calicotab.com', port=443): Max retries exceeded with url: /api/v1/tournaments/doxbridge3/teams (Caused by NameResolutionError(""HTTPSConnection(host='doxbridge-3.calicotab.com', port=443): Failed to resolve 'doxbridge-3.calicotab.com' ([Errno 8] nodename nor servname provided, or not known)""))",
doxbridge-four.calicotab.com,doxbridge4,"failed: ConnectionError: HTTPSConnectionPool(host='doxbridge-four.calicotab.com', port=443): Max retries exceeded with url: /api/v1/tournaments/doxbridge4/teams (Caused by NameResolutionError(""HTTPSConnection(host='doxbridge-four.calicotab.com', port=443): Failed to resolve 'doxbridge-four.calicotab.com' ([Errno 8] nodename nor servname provided, or not known)""))",
doxbridge-prewudc.calicotab.com,prewudc,"failed: ConnectionError: HTTPSConnectionPool(host='doxbridge-prewudc.calicotab.com', port=443): Max retries exceeded with url: /api/v1/tournaments/prewudc/teams (Caused by NameResolutionError(""HTTPSConnection(host='doxbridge-prewudc.calicotab.com', port=443): Failed to resolve 'doxbridge-prewudc.calicotab.com' ([Errno 8] nodename nor servname provided, or not known)""))",
doxbridge-worlds.calicotab.com,east,"failed: ConnectionError: HTTPSConnectionPool(host='doxbridge-worlds.calicotab.com', port=443): Max retries exceeded with url: /api/v1/tournaments/east/teams (Caused by NameResolutionError(""HTTPSConnection(host='doxbridge-worlds.calicotab.com', port=443): Failed to resolve 'doxbridge-worlds.calicotab.com' ([Errno 8] nodename nor servname provided, or not known)""))",
doxbridge-worlds.calicotab.com,unified,"failed: ConnectionError: HTTPSConnectionPool(host='doxbridge-worlds.calicotab.com', port=443): Max retries exceeded with url: /api/v1/tournaments/unified/teams (Caused by NameResolutionError(""HTTPSConnection(host='doxbridge-worlds.calicotab.com', port=443): Failed to resolve 'doxbridge-worlds.calicotab.com' ([Errno 8] nodename nor servname provided, or not known)""))",
doxbridge-worlds.calicotab.com,west,"failed: ConnectionError: HTTPSConnectionPool(host='doxbridge-worlds.calicotab.com', port=443): Max retries exceeded with url: /api/v1/tournaments/west/teams (Caused by NameResolutionError(""HTTPSConnection(host='doxbridge-worlds.calicotab.com', port=443): Failed to resolve 'doxbridge-worlds.calicotab.com' ([Errno 8] nodename nor servname provided, or not known)""))",
drexelopen2023.calicotab.com,_,"failed: ConnectionError: HTTPSConnectionPool(host='drexelopen2023.calicotab.com', port=443): Max retries exceeded with url: /api/v1/tournaments/_/teams (Caused by NameResolutionError(""HTTPSConnection(host='drexelopen2023.calicotab.com', port=443): Failed to resolve 'drexelopen2023.calicotab.com' ([Errno 8] nodename nor servname provided, or not known)""))",
drexel2024.calicotab.com,drexel2024,"failed: ConnectionError: HTTPSConnectionPool(host='drexel2024.calicotab.com', port=443): Max retries exceeded with url: /api/v1/tournaments/drexel2024/teams (Caused by NameResolutionError(""HTTPSConnection(host='drexel2024.calicotab.com', port=443): Failed to resolve 'drexel2024.calicotab.com' ([Errno 8] nodename nor servname provided, or not known)""))",
drexelopen2025.calicotab.com,drexel25,"failed: ConnectionError: HTTPSConnectionPool(host='drexelopen2025.calicotab.com', port=443): Max retries exceeded with url: /api/v1/tournaments/drexel25/teams (Caused by NameResolutionError(""HTTPSConnection(host='drexelopen2025.calicotab.com', port=443): Failed to resolve 'drexelopen2025.calicotab.com' ([Errno 8] nodename nor servname provided, or not known)""))",
drexelopen2026.calicotab.com,_,"failed: ConnectionError: HTTPSConnectionPool(host='drexelopen2026.calicotab.com', port=443): Max retries exceeded with url: /api/v1/tournaments/_/teams (Caused by NameResolutionError(""HTTPSConnection(host='drexelopen2026.calicotab.com', port=443): Failed to resolve 'drexelopen2026.calicotab.com' ([Errno 8] nodename nor servname provided, or not known)""))",
drexelprewudc2025.calicotab.com,_,"failed: ConnectionError: HTTPSConnectionPool(host='drexelprewudc2025.calicotab.com', port=443): Max retries exceeded with url: /api/v1/tournaments/_/teams (Caused by NameResolutionError(""HTTPSConnection(host='drexelprewudc2025.calicotab.com', port=443): Failed to resolve 'drexelprewudc2025.calicotab.com' ([Errno 8] nodename nor servname provided, or not known)""))",
dsdc2021.calicotab.com,dsdc,"failed: ConnectionError: HTTPSConnectionPool(host='dsdc2021.calicotab.com', port=443): Max retries exceeded with url: /api/v1/tournaments/dsdc/teams (Caused by NameResolutionError(""HTTPSConnection(host='dsdc2021.calicotab.com', port=443): Failed to resolve 'dsdc2021.calicotab.com' ([Errno 8] nodename nor servname provided, or not known)""))",
dtumonsoons2024.calicotab.com,dtumonsoons2024,"failed: ConnectionError: HTTPSConnectionPool(host='dtumonsoons2024.calicotab.com', port=443): Max retries exceeded with url: /api/v1/tournaments/dtumonsoons2024/teams (Caused by NameResolutionError(""HTTPSConnection(host='dtumonsoons2024.calicotab.com', port=443): Failed to resolve 'dtumonsoons2024.calicotab.com' ([Errno 8] nodename nor servname provided, or not known)""))",
dtumonsoons2025.calicotab.com,dtumonsoons2025,"failed: ConnectionError: HTTPSConnectionPool(host='dtumonsoons2025.calicotab.com', port=443): Max retries exceeded with url: /api/v1/tournaments/dtumonsoons2025/teams (Caused by NameResolutionError(""HTTPSConnection(host='dtumonsoons2025.calicotab.com', port=443): Failed to resolve 'dtumonsoons2025.calicotab.com' ([Errno 8] nodename nor servname provided, or not known)""))",
dtumonsoons2026.calicotab.com,_,"failed: ConnectionError: HTTPSConnectionPool(host='dtumonsoons2026.calicotab.com', port=443): Max retries exceeded with url: /api/v1/tournaments/_/teams (Caused by NameResolutionError(""HTTPSConnection(host='dtumonsoons2026.calicotab.com', port=443): Failed to resolve 'dtumonsoons2026.calicotab.com' ([Errno 8] nodename nor servname provided, or not known)""))",
dtupd2021.calicotab.com,dtupd2021,"failed: ConnectionError: HTTPSConnectionPool(host='dtupd2021.calicotab.com', port=443): Max retries exceeded with url: /api/v1/tournaments/dtupd2021/teams (Caused by NameResolutionError(""HTTPSConnection(host='dtupd2021.calicotab.com', port=443): Failed to resolve 'dtupd2021.calicotab.com' ([Errno 8] nodename nor servname provided, or not known)""))",
dtupd2023.calicotab.com,dtupd2023,"failed: ConnectionError: HTTPSConnectionPool(host='dtupd2023.calicotab.com', port=443): Max retries exceeded with url: /api/v1/tournaments/dtupd2023/teams (Caused by NameResolutionError(""HTTPSConnection(host='dtupd2023.calicotab.com', port=443): Failed to resolve 'dtupd2023.calicotab.com' ([Errno 8] nodename nor servname provided, or not known)""))",
dtupd2024.calicotab.com,dtupd2024,"failed: ConnectionError: HTTPSConnectionPool(host='dtupd2024.calicotab.com', port=443): Max retries exceeded with url: /api/v1/tournaments/dtupd2024/teams (Caused by NameResolutionError(""HTTPSConnection(host='dtupd2024.calicotab.com', port=443): Failed to resolve 'dtupd2024.calicotab.com' ([Errno 8] nodename nor servname provided, or not known)""))",
dtupd25.calicotab.com,dtupd2025,"failed: ConnectionError: HTTPSConnectionPool(host='dtupd25.calicotab.com', port=443): Max retries exceeded with url: /api/v1/tournaments/dtupd2025/teams (Caused by NameResolutionError(""HTTPSConnection(host='dtupd25.calicotab.com', port=443): Failed to resolve 'dtupd25.calicotab.com' ([Errno 8] nodename nor servname provided, or not known)""))",
dtupreworlds2025.calicotab.com,dtupreworlds2025,"failed: ConnectionError: HTTPSConnectionPool(host='dtupreworlds2025.calicotab.com', port=443): Max retries exceeded with url: /api/v1/tournaments/dtupreworlds2025/teams (Caused by NameResolutionError(""HTTPSConnection(host='dtupreworlds2025.calicotab.com', port=443): Failed to resolve 'dtupreworlds2025.calicotab.com' ([Errno 8] nodename nor servname provided, or not known)""))",
duds.calicotab.com,du_nationals_iv25,"failed: ConnectionError: HTTPSConnectionPool(host='duds.calicotab.com', port=443): Max retries exceeded with url: /api/v1/tournaments/du_nationals_iv25/teams (Caused by NameResolutionError(""HTTPSConnection(host='duds.calicotab.com', port=443): Failed to resolve 'duds.calicotab.com' ([Errno 8] nodename nor servname provided, or not known)""))",
mukhtalif2025.calicotab.com,mukhtalif2026,"failed: ConnectionError: HTTPSConnectionPool(host='mukhtalif2025.calicotab.com', port=443): Max retries exceeded with url: /api/v1/tournaments/mukhtalif2026/teams (Caused by NameResolutionError(""HTTPSConnection(host='mukhtalif2025.calicotab.com', port=443): Failed to resolve 'mukhtalif2025.calicotab.com' ([Errno 8] nodename nor servname provided, or not known)""))",
7th-vitark.calicotab.com,vitark2022,"failed: ConnectionError: HTTPSConnectionPool(host='7th-vitark.calicotab.com', port=443): Max retries exceeded with url: /api/v1/tournaments/vitark2022/teams (Caused by NameResolutionError(""HTTPSConnection(host='7th-vitark.calicotab.com', port=443): Failed to resolve '7th-vitark.calicotab.com' ([Errno 8] nodename nor servname provided, or not known)""))",
vitark2024.calicotab.com,vitark2025,"failed: ConnectionError: HTTPSConnectionPool(host='vitark2024.calicotab.com', port=443): Max retries exceeded with url: /api/v1/tournaments/vitark2025/teams (Caused by NameResolutionError(""HTTPSConnection(host='vitark2024.calicotab.com', port=443): Failed to resolve 'vitark2024.calicotab.com' ([Errno 8] nodename nor servname provided, or not known)""))",
bhaavarth2024.calicotab.com,bhaavarthpd24,"failed: ConnectionError: HTTPSConnectionPool(host='bhaavarth2024.calicotab.com', port=443): Max retries exceeded with url: /api/v1/tournaments/bhaavarthpd24/teams (Caused by NameResolutionError(""HTTPSConnection(host='bhaavarth2024.calicotab.com', port=443): Failed to resolve 'bhaavarth2024.calicotab.com' ([Errno 8] nodename nor servname provided, or not known)""))",
bhaavarth2024.calicotab.com,bhaavarthpreWUDC,"failed: ConnectionError: HTTPSConnectionPool(host='bhaavarth2024.calicotab.com', port=443): Max retries exceeded with url: /api/v1/tournaments/bhaavarthpreWUDC/teams (Caused by NameResolutionError(""HTTPSConnection(host='bhaavarth2024.calicotab.com', port=443): Failed to resolve 'bhaavarth2024.calicotab.com' ([Errno 8] nodename nor servname provided, or not known)""))",
filibusterpd25.calicotab.com,filibusterpd25,"failed: ConnectionError: HTTPSConnectionPool(host='filibusterpd25.calicotab.com', port=443): Max retries exceeded with url: /api/v1/tournaments/filibusterpd25/teams (Caused by NameResolutionError(""HTTPSConnection(host='filibusterpd25.calicotab.com', port=443): Failed to resolve 'filibusterpd25.calicotab.com' ([Errno 8] nodename nor servname provided, or not known)""))",
manzar2022.calicotab.com,manzar2022,"failed: ConnectionError: HTTPSConnectionPool(host='manzar2022.calicotab.com', port=443): Max retries exceeded with url: /api/v1/tournaments/manzar2022/teams (Caused by NameResolutionError(""HTTPSConnection(host='manzar2022.calicotab.com', port=443): Failed to resolve 'manzar2022.calicotab.com' ([Errno 8] nodename nor servname provided, or not known)""))",
manzar2023.calicotab.com,manzar2023,"failed: ConnectionError: HTTPSConnectionPool(host='manzar2023.calicotab.com', port=443): Max retries exceeded with url: /api/v1/tournaments/manzar2023/teams (Caused by NameResolutionError(""HTTPSConnection(host='manzar2023.calicotab.com', port=443): Failed to resolve 'manzar2023.calicotab.com' ([Errno 8] nodename nor servname provided, or not known)""))",
manzar2024.calicotab.com,manzar2024,"failed: ConnectionError: HTTPSConnectionPool(host='manzar2024.calicotab.com', port=443): Max retries exceeded with url: /api/v1/tournaments/manzar2024/teams (Caused by NameResolutionError(""HTTPSConnection(host='manzar2024.calicotab.com', port=443): Failed to resolve 'manzar2024.calicotab.com' ([Errno 8] nodename nor servname provided, or not known)""))",
manzar.calicotab.com,Manzar,"failed: ConnectionError: HTTPSConnectionPool(host='manzar.calicotab.com', port=443): Max retries exceeded with url: /api/v1/tournaments/Manzar/teams (Caused by NameResolutionError(""HTTPSConnection(host='manzar.calicotab.com', port=443): Failed to resolve 'manzar.calicotab.com' ([Errno 8] nodename nor servname provided, or not known)""))",
manzar26.calicotab.com,Manzar_2026,"failed: ConnectionError: HTTPSConnectionPool(host='manzar26.calicotab.com', port=443): Max retries exceeded with url: /api/v1/tournaments/Manzar_2026/teams (Caused by NameResolutionError(""HTTPSConnection(host='manzar26.calicotab.com', port=443): Failed to resolve 'manzar26.calicotab.com' ([Errno 8] nodename nor servname provided, or not known)""))",
sbs.calicotab.com,sbsbpd22,"failed: ConnectionError: HTTPSConnectionPool(host='sbs.calicotab.com', port=443): Max retries exceeded with url: /api/v1/tournaments/sbsbpd22/teams (Caused by NameResolutionError(""HTTPSConnection(host='sbs.calicotab.com', port=443): Failed to resolve 'sbs.calicotab.com' ([Errno 8] nodename nor servname provided, or not known)""))",
sbs.calicotab.com,sbsbpd23,"failed: ConnectionError: HTTPSConnectionPool(host='sbs.calicotab.com', port=443): Max retries exceeded with url: /api/v1/tournaments/sbsbpd23/teams (Caused by NameResolutionError(""HTTPSConnection(host='sbs.calicotab.com', port=443): Failed to resolve 'sbs.calicotab.com' ([Errno 8] nodename nor servname provided, or not known)""))",
sbs.calicotab.com,sbsbpd24,"failed: ConnectionError: HTTPSConnectionPool(host='sbs.calicotab.com', port=443): Max retries exceeded with url: /api/v1/tournaments/sbsbpd24/teams (Caused by NameResolutionError(""HTTPSConnection(host='sbs.calicotab.com', port=443): Failed to resolve 'sbs.calicotab.com' ([Errno 8] nodename nor servname provided, or not known)""))",
sbs.calicotab.com,sbsbpd25,"failed: ConnectionError: HTTPSConnectionPool(host='sbs.calicotab.com', port=443): Max retries exceeded with url: /api/v1/tournaments/sbsbpd25/teams (Caused by NameResolutionError(""HTTPSConnection(host='sbs.calicotab.com', port=443): Failed to resolve 'sbs.calicotab.com' ([Errno 8] nodename nor servname provided, or not known)""))",
sbs.calicotab.com,sbsbpd26,"failed: ConnectionError: HTTPSConnectionPool(host='sbs.calicotab.com', port=443): Max retries exceeded with url: /api/v1/tournaments/sbsbpd26/teams (Caused by NameResolutionError(""HTTPSConnection(host='sbs.calicotab.com', port=443): Failed to resolve 'sbs.calicotab.com' ([Errno 8] nodename nor servname provided, or not known)""))",
logicia2026.calicotab.com,logicia2026,"failed: ConnectionError: HTTPSConnectionPool(host='logicia2026.calicotab.com', port=443): Max retries exceeded with url: /api/v1/tournaments/logicia2026/teams (Caused by NameResolutionError(""HTTPSConnection(host='logicia2026.calicotab.com', port=443): Failed to resolve 'logicia2026.calicotab.com' ([Errno 8] nodename nor servname provided, or not known)""))",
peoplespeak2024.calicotab.com,peoplespeak2024,"failed: ConnectionError: HTTPSConnectionPool(host='peoplespeak2024.calicotab.com', port=443): Max retries exceeded with url: /api/v1/tournaments/peoplespeak2024/teams (Caused by NameResolutionError(""HTTPSConnection(host='peoplespeak2024.calicotab.com', port=443): Failed to resolve 'peoplespeak2024.calicotab.com' ([Errno 8] nodename nor servname provided, or not known)""))",
peoplespeak2025.calicotab.com,peoplespeak2025,"failed: ConnectionError: HTTPSConnectionPool(host='peoplespeak2025.calicotab.com', port=443): Max retries exceeded with url: /api/v1/tournaments/peoplespeak2025/teams (Caused by NameResolutionError(""HTTPSConnection(host='peoplespeak2025.calicotab.com', port=443): Failed to resolve 'peoplespeak2025.calicotab.com' ([Errno 8] nodename nor servname provided, or not known)""))",
rifaaqat.calicotab.com,_,"failed: ConnectionError: HTTPSConnectionPool(host='rifaaqat.calicotab.com', port=443): Max retries exceeded with url: /api/v1/tournaments/_/teams (Caused by NameResolutionError(""HTTPSConnection(host='rifaaqat.calicotab.com', port=443): Failed to resolve 'rifaaqat.calicotab.com' ([Errno 8] nodename nor servname provided, or not known)""))",
dukeopen2022.calicotab.com,duke2022,"failed: ConnectionError: HTTPSConnectionPool(host='dukeopen2022.calicotab.com', port=443): Max retries exceeded with url: /api/v1/tournaments/duke2022/teams (Caused by NameResolutionError(""HTTPSConnection(host='dukeopen2022.calicotab.com', port=443): Failed to resolve 'dukeopen2022.calicotab.com' ([Errno 8] nodename nor servname provided, or not known)""))",
durhamiv2021.calicotab.com,iv,"failed: ConnectionError: HTTPSConnectionPool(host='durhamiv2021.calicotab.com', port=443): Max retries exceeded with url: /api/v1/tournaments/iv/teams (Caused by NameResolutionError(""HTTPSConnection(host='durhamiv2021.calicotab.com', port=443): Failed to resolve 'durhamiv2021.calicotab.com' ([Errno 8] nodename nor servname provided, or not known)""))",
durhamiv2022.calicotab.com,_,"failed: ConnectionError: HTTPSConnectionPool(host='durhamiv2022.calicotab.com', port=443): Max retries exceeded with url: /api/v1/tournaments/_/teams (Caused by NameResolutionError(""HTTPSConnection(host='durhamiv2022.calicotab.com', port=443): Failed to resolve 'durhamiv2022.calicotab.com' ([Errno 8] nodename nor servname provided, or not known)""))",
durhamiv2023.calicotab.com,durhamiv2023,"failed: ConnectionError: HTTPSConnectionPool(host='durhamiv2023.calicotab.com', port=443): Max retries exceeded with url: /api/v1/tournaments/durhamiv2023/teams (Caused by NameResolutionError(""HTTPSConnection(host='durhamiv2023.calicotab.com', port=443): Failed to resolve 'durhamiv2023.calicotab.com' ([Errno 8] nodename nor servname provided, or not known)""))",
durhamiv2024.calicotab.com,durhamiv2024,"failed: ConnectionError: HTTPSConnectionPool(host='durhamiv2024.calicotab.com', port=443): Max retries exceeded with url: /api/v1/tournaments/durhamiv2024/teams (Caused by NameResolutionError(""HTTPSConnection(host='durhamiv2024.calicotab.com', port=443): Failed to resolve 'durhamiv2024.calicotab.com' ([Errno 8] nodename nor servname provided, or not known)""))",
durhamiv2025.calicotab.com,durhamiv2025,"failed: ConnectionError: HTTPSConnectionPool(host='durhamiv2025.calicotab.com', port=443): Max retries exceeded with url: /api/v1/tournaments/durhamiv2025/teams (Caused by NameResolutionError(""HTTPSConnection(host='durhamiv2025.calicotab.com', port=443): Failed to resolve 'durhamiv2025.calicotab.com' ([Errno 8] nodename nor servname provided, or not known)""))",
ddl2024.calicotab.com,DDL,"failed: ConnectionError: HTTPSConnectionPool(host='ddl2024.calicotab.com', port=443): Max retries exceeded with url: /api/v1/tournaments/DDL/teams (Caused by NameResolutionError(""HTTPSConnection(host='ddl2024.calicotab.com', port=443): Failed to resolve 'ddl2024.calicotab.com' ([Errno 8] nodename nor servname provided, or not known)""))",
ddl2025.calicotab.com,DDL25,"failed: ConnectionError: HTTPSConnectionPool(host='ddl2025.calicotab.com', port=443): Max retries exceeded with url: /api/v1/tournaments/DDL25/teams (Caused by NameResolutionError(""HTTPSConnection(host='ddl2025.calicotab.com', port=443): Failed to resolve 'ddl2025.calicotab.com' ([Errno 8] nodename nor servname provided, or not known)""))",
earlsfortopen2021.calicotab.com,earlsfortopen2021,"failed: ConnectionError: HTTPSConnectionPool(host='earlsfortopen2021.calicotab.com', port=443): Max retries exceeded with url: /api/v1/tournaments/earlsfortopen2021/teams (Caused by NameResolutionError(""HTTPSConnection(host='earlsfortopen2021.calicotab.com', port=443): Failed to resolve 'earlsfortopen2021.calicotab.com' ([Errno 8] nodename nor servname provided, or not known)""))",
earlsfort2023.calicotab.com,_,"failed: ConnectionError: HTTPSConnectionPool(host='earlsfort2023.calicotab.com', port=443): Max retries exceeded with url: /api/v1/tournaments/_/teams (Caused by NameResolutionError(""HTTPSConnection(host='earlsfort2023.calicotab.com', port=443): Failed to resolve 'earlsfort2023.calicotab.com' ([Errno 8] nodename nor servname provided, or not known)""))",
earlsfort2024.calicotab.com,earslfort2024,"failed: ConnectionError: HTTPSConnectionPool(host='earlsfort2024.calicotab.com', port=443): Max retries exceeded with url: /api/v1/tournaments/earslfort2024/teams (Caused by NameResolutionError(""HTTPSConnection(host='earlsfort2024.calicotab.com', port=443): Failed to resolve 'earlsfort2024.calicotab.com' ([Errno 8] nodename nor servname provided, or not known)""))",
earlsfortopen2025.calicotab.com,earlsfortopen2025,"failed: ConnectionError: HTTPSConnectionPool(host='earlsfortopen2025.calicotab.com', port=443): Max retries exceeded with url: /api/v1/tournaments/earlsfortopen2025/teams (Caused by NameResolutionError(""HTTPSConnection(host='earlsfortopen2025.calicotab.com', port=443): Failed to resolve 'earlsfortopen2025.calicotab.com' ([Errno 8] nodename nor servname provided, or not known)""))",
eaudc24.calicotab.com,eaudc24,"failed: ConnectionError: HTTPSConnectionPool(host='eaudc24.calicotab.com', port=443): Max retries exceeded with url: /api/v1/tournaments/eaudc24/teams (Caused by NameResolutionError(""HTTPSConnection(host='eaudc24.calicotab.com', port=443): Failed to resolve 'eaudc24.calicotab.com' ([Errno 8] nodename nor servname provided, or not known)""))",
pratijjav19.calicotab.com,EastIndiaPre-Worlds,"failed: ConnectionError: HTTPSConnectionPool(host='pratijjav19.calicotab.com', port=443): Max retries exceeded with url: /api/v1/tournaments/EastIndiaPre-Worlds/teams (Caused by NameResolutionError(""HTTPSConnection(host='pratijjav19.calicotab.com', port=443): Failed to resolve 'pratijjav19.calicotab.com' ([Errno 8] nodename nor servname provided, or not known)""))",
muhib.calicotab.com,EMO,"failed: ConnectionError: HTTPSConnectionPool(host='muhib.calicotab.com', port=443): Max retries exceeded with url: /api/v1/tournaments/EMO/teams (Caused by NameResolutionError(""HTTPSConnection(host='muhib.calicotab.com', port=443): Failed to resolve 'muhib.calicotab.com' ([Errno 8] nodename nor servname provided, or not known)""))",
debatefoster.calicotab.com,ecoiv2024,"failed: ConnectionError: HTTPSConnectionPool(host='debatefoster.calicotab.com', port=443): Max retries exceeded with url: /api/v1/tournaments/ecoiv2024/teams (Caused by NameResolutionError(""HTTPSConnection(host='debatefoster.calicotab.com', port=443): Failed to resolve 'debatefoster.calicotab.com' ([Errno 8] nodename nor servname provided, or not known)""))",
tabtastic.calicotab.com,econopen,"failed: ConnectionError: HTTPSConnectionPool(host='tabtastic.calicotab.com', port=443): Max retries exceeded with url: /api/v1/tournaments/econopen/teams (Caused by NameResolutionError(""HTTPSConnection(host='tabtastic.calicotab.com', port=443): Failed to resolve 'tabtastic.calicotab.com' ([Errno 8] nodename nor servname provided, or not known)""))",
edinburgh.calicotab.com,edcup22,"failed: ConnectionError: HTTPSConnectionPool(host='edinburgh.calicotab.com', port=443): Max retries exceeded with url: /api/v1/tournaments/edcup22/teams (Caused by NameResolutionError(""HTTPSConnection(host='edinburgh.calicotab.com', port=443): Failed to resolve 'edinburgh.calicotab.com' ([Errno 8] nodename nor servname provided, or not known)""))",
edcup23.calicotab.com,edcup23,"failed: ConnectionError: HTTPSConnectionPool(host='edcup23.calicotab.com', port=443): Max retries exceeded with url: /api/v1/tournaments/edcup23/teams (Caused by NameResolutionError(""HTTPSConnection(host='edcup23.calicotab.com', port=443): Failed to resolve 'edcup23.calicotab.com' ([Errno 8] nodename nor servname provided, or not known)""))",
edicup2024.calicotab.com,EdCup2024,"failed: ConnectionError: HTTPSConnectionPool(host='edicup2024.calicotab.com', port=443): Max retries exceeded with url: /api/v1/tournaments/EdCup2024/teams (Caused by NameResolutionError(""HTTPSConnection(host='edicup2024.calicotab.com', port=443): Failed to resolve 'edicup2024.calicotab.com' ([Errno 8] nodename nor servname provided, or not known)""))",
edcup25.calicotab.com,_,"failed: ConnectionError: HTTPSConnectionPool(host='edcup25.calicotab.com', port=443): Max retries exceeded with url: /api/v1/tournaments/_/teams (Caused by NameResolutionError(""HTTPSConnection(host='edcup25.calicotab.com', port=443): Failed to resolve 'edcup25.calicotab.com' ([Errno 8] nodename nor servname provided, or not known)""))",
ednn.calicotab.com,EdNN,"failed: ConnectionError: HTTPSConnectionPool(host='ednn.calicotab.com', port=443): Max retries exceeded with url: /api/v1/tournaments/EdNN/teams (Caused by NameResolutionError(""HTTPSConnection(host='ednn.calicotab.com', port=443): Failed to resolve 'ednn.calicotab.com' ([Errno 8] nodename nor servname provided, or not known)""))",
edidebates.calicotab.com,edopen23,"failed: ConnectionError: HTTPSConnectionPool(host='edidebates.calicotab.com', port=443): Max retries exceeded with url: /api/v1/tournaments/edopen23/teams (Caused by NameResolutionError(""HTTPSConnection(host='edidebates.calicotab.com', port=443): Failed to resolve 'edidebates.calicotab.com' ([Errno 8] nodename nor servname provided, or not known)""))",
muhib.calicotab.com,EduceDisdcDebte,"failed: ConnectionError: HTTPSConnectionPool(host='muhib.calicotab.com', port=443): Max retries exceeded with url: /api/v1/tournaments/EduceDisdcDebte/teams (Caused by NameResolutionError(""HTTPSConnection(host='muhib.calicotab.com', port=443): Failed to resolve 'muhib.calicotab.com' ([Errno 8] nodename nor servname provided, or not known)""))",
eindhovenopen2025.calicotab.com,EindhovenOpen2025,"failed: ConnectionError: HTTPSConnectionPool(host='eindhovenopen2025.calicotab.com', port=443): Max retries exceeded with url: /api/v1/tournaments/EindhovenOpen2025/teams (Caused by NameResolutionError(""HTTPSConnection(host='eindhovenopen2025.calicotab.com', port=443): Failed to resolve 'eindhovenopen2025.calicotab.com' ([Errno 8] nodename nor servname provided, or not known)""))",
summerwars2022.calicotab.com,EVC2024,"failed: ConnectionError: HTTPSConnectionPool(host='summerwars2022.calicotab.com', port=443): Max retries exceeded with url: /api/v1/tournaments/EVC2024/teams (Caused by NameResolutionError(""HTTPSConnection(host='summerwars2022.calicotab.com', port=443): Failed to resolve 'summerwars2022.calicotab.com' ([Errno 8] nodename nor servname provided, or not known)""))",
inspired.calicotab.com,empire2026,"failed: ConnectionError: HTTPSConnectionPool(host='inspired.calicotab.com', port=443): Max retries exceeded with url: /api/v1/tournaments/empire2026/teams (Caused by NameResolutionError(""HTTPSConnection(host='inspired.calicotab.com', port=443): Failed to resolve 'inspired.calicotab.com' ([Errno 8] nodename nor servname provided, or not known)""))",
enbp2024.calicotab.com,enbp2024,"failed: ConnectionError: HTTPSConnectionPool(host='enbp2024.calicotab.com', port=443): Max retries exceeded with url: /api/v1/tournaments/enbp2024/teams (Caused by NameResolutionError(""HTTPSConnection(host='enbp2024.calicotab.com', port=443): Failed to resolve 'enbp2024.calicotab.com' ([Errno 8] nodename nor servname provided, or not known)""))",
erasmusnovice2023.calicotab.com,ErasmusNovice2023,"failed: ConnectionError: HTTPSConnectionPool(host='erasmusnovice2023.calicotab.com', port=443): Max retries exceeded with url: /api/v1/tournaments/ErasmusNovice2023/teams (Caused by NameResolutionError(""HTTPSConnection(host='erasmusnovice2023.calicotab.com', port=443): Failed to resolve 'erasmusnovice2023.calicotab.com' ([Errno 8] nodename nor servname provided, or not known)""))",
ero2023.calicotab.com,_,"failed: ConnectionError: HTTPSConnectionPool(host='ero2023.calicotab.com', port=443): Max retries exceeded with url: /api/v1/tournaments/_/teams (Caused by NameResolutionError(""HTTPSConnection(host='ero2023.calicotab.com', port=443): Failed to resolve 'ero2023.calicotab.com' ([Errno 8] nodename nor servname provided, or not known)""))",
ero2024.calicotab.com,ERO2024,"failed: ConnectionError: HTTPSConnectionPool(host='ero2024.calicotab.com', port=443): Max retries exceeded with url: /api/v1/tournaments/ERO2024/teams (Caused by NameResolutionError(""HTTPSConnection(host='ero2024.calicotab.com', port=443): Failed to resolve 'ero2024.calicotab.com' ([Errno 8] nodename nor servname provided, or not known)""))",
dialectica.calicotab.com,Eristic2024,"failed: ConnectionError: HTTPSConnectionPool(host='dialectica.calicotab.com', port=443): Max retries exceeded with url: /api/v1/tournaments/Eristic2024/teams (Caused by NameResolutionError(""HTTPSConnection(host='dialectica.calicotab.com', port=443): Failed to resolve 'dialectica.calicotab.com' ([Errno 8] nodename nor servname provided, or not known)""))",
argument.calicotab.com,BPpro-am2023,"failed: ConnectionError: HTTPSConnectionPool(host='argument.calicotab.com', port=443): Max retries exceeded with url: /api/v1/tournaments/BPpro-am2023/teams (Caused by NameResolutionError(""HTTPSConnection(host='argument.calicotab.com', port=443): Failed to resolve 'argument.calicotab.com' ([Errno 8] nodename nor servname provided, or not known)""))",
argument.calicotab.com,bpproam2025,"failed: ConnectionError: HTTPSConnectionPool(host='argument.calicotab.com', port=443): Max retries exceeded with url: /api/v1/tournaments/bpproam2025/teams (Caused by NameResolutionError(""HTTPSConnection(host='argument.calicotab.com', port=443): Failed to resolve 'argument.calicotab.com' ([Errno 8] nodename nor servname provided, or not known)""))",
argument.calicotab.com,suveaka2025eng,"failed: ConnectionError: HTTPSConnectionPool(host='argument.calicotab.com', port=443): Max retries exceeded with url: /api/v1/tournaments/suveaka2025eng/teams (Caused by NameResolutionError(""HTTPSConnection(host='argument.calicotab.com', port=443): Failed to resolve 'argument.calicotab.com' ([Errno 8] nodename nor servname provided, or not known)""))",
eudc2020.calicotab.com,eudc2020,"failed: ConnectionError: HTTPSConnectionPool(host='eudc2020.calicotab.com', port=443): Max retries exceeded with url: /api/v1/tournaments/eudc2020/teams (Caused by NameResolutionError(""HTTPSConnection(host='eudc2020.calicotab.com', port=443): Failed to resolve 'eudc2020.calicotab.com' ([Errno 8] nodename nor servname provided, or not known)""))",
eudc2021.calicotab.com,eudc2021,"failed: ConnectionError: HTTPSConnectionPool(host='eudc2021.calicotab.com', port=443): Max retries exceeded with url: /api/v1/tournaments/eudc2021/teams (Caused by NameResolutionError(""HTTPSConnection(host='eudc2021.calicotab.com', port=443): Failed to resolve 'eudc2021.calicotab.com' ([Errno 8] nodename nor servname provided, or not known)""))",
eudc2022.calicotab.com,eudc2022,"failed: ConnectionError: HTTPSConnectionPool(host='eudc2022.calicotab.com', port=443): Max retries exceeded with url: /api/v1/tournaments/eudc2022/teams (Caused by NameResolutionError(""HTTPSConnection(host='eudc2022.calicotab.com', port=443): Failed to resolve 'eudc2022.calicotab.com' ([Errno 8] nodename nor servname provided, or not known)""))",
eudc2023.calicotab.com,_,"failed: ConnectionError: HTTPSConnectionPool(host='eudc2023.calicotab.com', port=443): Max retries exceeded with url: /api/v1/tournaments/_/teams (Caused by NameResolutionError(""HTTPSConnection(host='eudc2023.calicotab.com', port=443): Failed to resolve 'eudc2023.calicotab.com' ([Errno 8] nodename nor servname provided, or not known)""))",
eudc2024.calicotab.com,_,"failed: ConnectionError: HTTPSConnectionPool(host='eudc2024.calicotab.com', port=443): Max retries exceeded with url: /api/v1/tournaments/_/teams (Caused by NameResolutionError(""HTTPSConnection(host='eudc2024.calicotab.com', port=443): Failed to resolve 'eudc2024.calicotab.com' ([Errno 8] nodename nor servname provided, or not known)""))",
eudc2025.calicotab.com,_,"failed: ConnectionError: HTTPSConnectionPool(host='eudc2025.calicotab.com', port=443): Max retries exceeded with url: /api/v1/tournaments/_/teams (Caused by NameResolutionError(""HTTPSConnection(host='eudc2025.calicotab.com', port=443): Failed to resolve 'eudc2025.calicotab.com' ([Errno 8] nodename nor servname provided, or not known)""))",
eudc2026.calicotab.com,_,"failed: ConnectionError: HTTPSConnectionPool(host='eudc2026.calicotab.com', port=443): Max retries exceeded with url: /api/v1/tournaments/_/teams (Caused by NameResolutionError(""HTTPSConnection(host='eudc2026.calicotab.com', port=443): Failed to resolve 'eudc2026.calicotab.com' ([Errno 8] nodename nor servname provided, or not known)""))",
tabtastic.calicotab.com,eudcchallenge2021,"failed: ConnectionError: HTTPSConnectionPool(host='tabtastic.calicotab.com', port=443): Max retries exceeded with url: /api/v1/tournaments/eudcchallenge2021/teams (Caused by NameResolutionError(""HTTPSConnection(host='tabtastic.calicotab.com', port=443): Failed to resolve 'tabtastic.calicotab.com' ([Errno 8] nodename nor servname provided, or not known)""))",
zhmasud.calicotab.com,euphorianoviceopen,"failed: ConnectionError: HTTPSConnectionPool(host='zhmasud.calicotab.com', port=443): Max retries exceeded with url: /api/v1/tournaments/euphorianoviceopen/teams (Caused by NameResolutionError(""HTTPSConnection(host='zhmasud.calicotab.com', port=443): Failed to resolve 'zhmasud.calicotab.com' ([Errno 8] nodename nor servname provided, or not known)""))",
europeanroundrobin26.calicotab.com,err26,"failed: ConnectionError: HTTPSConnectionPool(host='europeanroundrobin26.calicotab.com', port=443): Max retries exceeded with url: /api/v1/tournaments/err26/teams (Caused by NameResolutionError(""HTTPSConnection(host='europeanroundrobin26.calicotab.com', port=443): Failed to resolve 'europeanroundrobin26.calicotab.com' ([Errno 8] nodename nor servname provided, or not known)""))",
exeinv2025.calicotab.com,ExeInv2025,"failed: ConnectionError: HTTPSConnectionPool(host='exeinv2025.calicotab.com', port=443): Max retries exceeded with url: /api/v1/tournaments/ExeInv2025/teams (Caused by NameResolutionError(""HTTPSConnection(host='exeinv2025.calicotab.com', port=443): Failed to resolve 'exeinv2025.calicotab.com' ([Errno 8] nodename nor servname provided, or not known)""))",
exeteropen2024.calicotab.com,exeteropen2024,"failed: ConnectionError: HTTPSConnectionPool(host='exeteropen2024.calicotab.com', port=443): Max retries exceeded with url: /api/v1/tournaments/exeteropen2024/teams (Caused by NameResolutionError(""HTTPSConnection(host='exeteropen2024.calicotab.com', port=443): Failed to resolve 'exeteropen2024.calicotab.com' ([Errno 8] nodename nor servname provided, or not known)""))",
exeteropen2025.calicotab.com,exeteropen2025,"failed: ConnectionError: HTTPSConnectionPool(host='exeteropen2025.calicotab.com', port=443): Max retries exceeded with url: /api/v1/tournaments/exeteropen2025/teams (Caused by NameResolutionError(""HTTPSConnection(host='exeteropen2025.calicotab.com', port=443): Failed to resolve 'exeteropen2025.calicotab.com' ([Errno 8] nodename nor servname provided, or not known)""))",
exeteropen2026.calicotab.com,exeter2026,"failed: ConnectionError: HTTPSConnectionPool(host='exeteropen2026.calicotab.com', port=443): Max retries exceeded with url: /api/v1/tournaments/exeter2026/teams (Caused by NameResolutionError(""HTTPSConnection(host='exeteropen2026.calicotab.com', port=443): Failed to resolve 'exeteropen2026.calicotab.com' ([Errno 8] nodename nor servname provided, or not known)""))",
fastiv25.calicotab.com,fastivkhi25,"failed: ConnectionError: HTTPSConnectionPool(host='fastiv25.calicotab.com', port=443): Max retries exceeded with url: /api/v1/tournaments/fastivkhi25/teams (Caused by NameResolutionError(""HTTPSConnection(host='fastiv25.calicotab.com', port=443): Failed to resolve 'fastiv25.calicotab.com' ([Errno 8] nodename nor servname provided, or not known)""))",
guindon2024.calicotab.com,guindon2024,"failed: ConnectionError: HTTPSConnectionPool(host='guindon2024.calicotab.com', port=443): Max retries exceeded with url: /api/v1/tournaments/guindon2024/teams (Caused by NameResolutionError(""HTTPSConnection(host='guindon2024.calicotab.com', port=443): Failed to resolve 'guindon2024.calicotab.com' ([Errno 8] nodename nor servname provided, or not known)""))",
bigboi.calicotab.com,fhdoxbbo-bp,"failed: ConnectionError: HTTPSConnectionPool(host='bigboi.calicotab.com', port=443): Max retries exceeded with url: /api/v1/tournaments/fhdoxbbo-bp/teams (Caused by NameResolutionError(""HTTPSConnection(host='bigboi.calicotab.com', port=443): Failed to resolve 'bigboi.calicotab.com' ([Errno 8] nodename nor servname provided, or not known)""))",
fsopen2023.calicotab.com,FSO2023,"failed: ConnectionError: HTTPSConnectionPool(host='fsopen2023.calicotab.com', port=443): Max retries exceeded with url: /api/v1/tournaments/FSO2023/teams (Caused by NameResolutionError(""HTTPSConnection(host='fsopen2023.calicotab.com', port=443): Failed to resolve 'fsopen2023.calicotab.com' ([Errno 8] nodename nor servname provided, or not known)""))",
tshi.calicotab.com,fsopen2024,"failed: ConnectionError: HTTPSConnectionPool(host='tshi.calicotab.com', port=443): Max retries exceeded with url: /api/v1/tournaments/fsopen2024/teams (Caused by NameResolutionError(""HTTPSConnection(host='tshi.calicotab.com', port=443): Failed to resolve 'tshi.calicotab.com' ([Errno 8] nodename nor servname provided, or not known)""))",
tshi.calicotab.com,fsiv2025,"failed: ConnectionError: HTTPSConnectionPool(host='tshi.calicotab.com', port=443): Max retries exceeded with url: /api/v1/tournaments/fsiv2025/teams (Caused by NameResolutionError(""HTTPSConnection(host='tshi.calicotab.com', port=443): Failed to resolve 'tshi.calicotab.com' ([Errno 8] nodename nor servname provided, or not known)""))",
inspired.calicotab.com,ADSL25,"failed: ConnectionError: HTTPSConnectionPool(host='inspired.calicotab.com', port=443): Max retries exceeded with url: /api/v1/tournaments/ADSL25/teams (Caused by NameResolutionError(""HTTPSConnection(host='inspired.calicotab.com', port=443): Failed to resolve 'inspired.calicotab.com' ([Errno 8] nodename nor servname provided, or not known)""))",
gareebpreabp.calicotab.com,gareebpreabp2026,"failed: ConnectionError: HTTPSConnectionPool(host='gareebpreabp.calicotab.com', port=443): Max retries exceeded with url: /api/v1/tournaments/gareebpreabp2026/teams (Caused by NameResolutionError(""HTTPSConnection(host='gareebpreabp.calicotab.com', port=443): Failed to resolve 'gareebpreabp.calicotab.com' ([Errno 8] nodename nor servname provided, or not known)""))",
lucien.calicotab.com,GO2025,"failed: ConnectionError: HTTPSConnectionPool(host='lucien.calicotab.com', port=443): Max retries exceeded with url: /api/v1/tournaments/GO2025/teams (Caused by NameResolutionError(""HTTPSConnection(host='lucien.calicotab.com', port=443): Failed to resolve 'lucien.calicotab.com' ([Errno 8] nodename nor servname provided, or not known)""))",
gndc2025.calicotab.com,gndc25,"failed: ConnectionError: HTTPSConnectionPool(host='gndc2025.calicotab.com', port=443): Max retries exceeded with url: /api/v1/tournaments/gndc25/teams (Caused by NameResolutionError(""HTTPSConnection(host='gndc2025.calicotab.com', port=443): Failed to resolve 'gndc2025.calicotab.com' ([Errno 8] nodename nor servname provided, or not known)""))",
gudc2022.calicotab.com,GUDC2022,"failed: ConnectionError: HTTPSConnectionPool(host='gudc2022.calicotab.com', port=443): Max retries exceeded with url: /api/v1/tournaments/GUDC2022/teams (Caused by NameResolutionError(""HTTPSConnection(host='gudc2022.calicotab.com', port=443): Failed to resolve 'gudc2022.calicotab.com' ([Errno 8] nodename nor servname provided, or not known)""))",
knustgudc23.calicotab.com,gudc23,"failed: ConnectionError: HTTPSConnectionPool(host='knustgudc23.calicotab.com', port=443): Max retries exceeded with url: /api/v1/tournaments/gudc23/teams (Caused by NameResolutionError(""HTTPSConnection(host='knustgudc23.calicotab.com', port=443): Failed to resolve 'knustgudc23.calicotab.com' ([Errno 8] nodename nor servname provided, or not known)""))",
gudc24.calicotab.com,gudc2024,"failed: ConnectionError: HTTPSConnectionPool(host='gudc24.calicotab.com', port=443): Max retries exceeded with url: /api/v1/tournaments/gudc2024/teams (Caused by NameResolutionError(""HTTPSConnection(host='gudc24.calicotab.com', port=443): Failed to resolve 'gudc24.calicotab.com' ([Errno 8] nodename nor servname provided, or not known)""))",
ghnationals.calicotab.com,gudc2025,"failed: ConnectionError: HTTPSConnectionPool(host='ghnationals.calicotab.com', port=443): Max retries exceeded with url: /api/v1/tournaments/gudc2025/teams (Caused by NameResolutionError(""HTTPSConnection(host='ghnationals.calicotab.com', port=443): Failed to resolve 'ghnationals.calicotab.com' ([Errno 8] nodename nor servname provided, or not known)""))",
gikiiv2026.calicotab.com,gikiiv26,"failed: ConnectionError: HTTPSConnectionPool(host='gikiiv2026.calicotab.com', port=443): Max retries exceeded with url: /api/v1/tournaments/gikiiv26/teams (Caused by NameResolutionError(""HTTPSConnection(host='gikiiv2026.calicotab.com', port=443): Failed to resolve 'gikiiv2026.calicotab.com' ([Errno 8] nodename nor servname provided, or not known)""))",
gik.calicotab.com,pre-wudc-2025,"failed: ConnectionError: HTTPSConnectionPool(host='gik.calicotab.com', port=443): Max retries exceeded with url: /api/v1/tournaments/pre-wudc-2025/teams (Caused by NameResolutionError(""HTTPSConnection(host='gik.calicotab.com', port=443): Failed to resolve 'gik.calicotab.com' ([Errno 8] nodename nor servname provided, or not known)""))",
glasgowancients2022.calicotab.com,2022,"failed: ConnectionError: HTTPSConnectionPool(host='glasgowancients2022.calicotab.com', port=443): Max retries exceeded with url: /api/v1/tournaments/2022/teams (Caused by NameResolutionError(""HTTPSConnection(host='glasgowancients2022.calicotab.com', port=443): Failed to resolve 'glasgowancients2022.calicotab.com' ([Errno 8] nodename nor servname provided, or not known)""))",
guu2023.calicotab.com,ancients2023,"failed: ConnectionError: HTTPSConnectionPool(host='guu2023.calicotab.com', port=443): Max retries exceeded with url: /api/v1/tournaments/ancients2023/teams (Caused by NameResolutionError(""HTTPSConnection(host='guu2023.calicotab.com', port=443): Failed to resolve 'guu2023.calicotab.com' ([Errno 8] nodename nor servname provided, or not known)""))",
glasgowancients24.calicotab.com,_,"failed: ConnectionError: HTTPSConnectionPool(host='glasgowancients24.calicotab.com', port=443): Max retries exceeded with url: /api/v1/tournaments/_/teams (Caused by NameResolutionError(""HTTPSConnection(host='glasgowancients24.calicotab.com', port=443): Failed to resolve 'glasgowancients24.calicotab.com' ([Errno 8] nodename nor servname provided, or not known)""))",
glasgowancients2025.calicotab.com,glasgowancients2025,"failed: ConnectionError: HTTPSConnectionPool(host='glasgowancients2025.calicotab.com', port=443): Max retries exceeded with url: /api/v1/tournaments/glasgowancients2025/teams (Caused by NameResolutionError(""HTTPSConnection(host='glasgowancients2025.calicotab.com', port=443): Failed to resolve 'glasgowancients2025.calicotab.com' ([Errno 8] nodename nor servname provided, or not known)""))",
glasgowancients2026.calicotab.com,glasgowancients2026,"failed: ConnectionError: HTTPSConnectionPool(host='glasgowancients2026.calicotab.com', port=443): Max retries exceeded with url: /api/v1/tournaments/glasgowancients2026/teams (Caused by NameResolutionError(""HTTPSConnection(host='glasgowancients2026.calicotab.com', port=443): Failed to resolve 'glasgowancients2026.calicotab.com' ([Errno 8] nodename nor servname provided, or not known)""))",
summercup2022.calicotab.com,_,"failed: ConnectionError: HTTPSConnectionPool(host='summercup2022.calicotab.com', port=443): Max retries exceeded with url: /api/v1/tournaments/_/teams (Caused by NameResolutionError(""HTTPSConnection(host='summercup2022.calicotab.com', port=443): Failed to resolve 'summercup2022.calicotab.com' ([Errno 8] nodename nor servname provided, or not known)""))",
glasgowsummer2023.calicotab.com,_,"failed: ConnectionError: HTTPSConnectionPool(host='glasgowsummer2023.calicotab.com', port=443): Max retries exceeded with url: /api/v1/tournaments/_/teams (Caused by NameResolutionError(""HTTPSConnection(host='glasgowsummer2023.calicotab.com', port=443): Failed to resolve 'glasgowsummer2023.calicotab.com' ([Errno 8] nodename nor servname provided, or not known)""))",
glasgowsummer2024.calicotab.com,_,"failed: ConnectionError: HTTPSConnectionPool(host='glasgowsummer2024.calicotab.com', port=443): Max retries exceeded with url: /api/v1/tournaments/_/teams (Caused by NameResolutionError(""HTTPSConnection(host='glasgowsummer2024.calicotab.com', port=443): Failed to resolve 'glasgowsummer2024.calicotab.com' ([Errno 8] nodename nor servname provided, or not known)""))",
glasgowsummercup2025.calicotab.com,glasgowsummercup2025,"failed: ConnectionError: HTTPSConnectionPool(host='glasgowsummercup2025.calicotab.com', port=443): Max retries exceeded with url: /api/v1/tournaments/glasgowsummercup2025/teams (Caused by NameResolutionError(""HTTPSConnection(host='glasgowsummercup2025.calicotab.com', port=443): Failed to resolve 'glasgowsummercup2025.calicotab.com' ([Errno 8] nodename nor servname provided, or not known)""))",
glasgowsummercup2026.calicotab.com,glasgowsummercup2026,"failed: ConnectionError: HTTPSConnectionPool(host='glasgowsummercup2026.calicotab.com', port=443): Max retries exceeded with url: /api/v1/tournaments/glasgowsummercup2026/teams (Caused by NameResolutionError(""HTTPSConnection(host='glasgowsummercup2026.calicotab.com', port=443): Failed to resolve 'glasgowsummercup2026.calicotab.com' ([Errno 8] nodename nor servname provided, or not known)""))",
glc2021.calicotab.com,glc2021,"failed: ConnectionError: HTTPSConnectionPool(host='glc2021.calicotab.com', port=443): Max retries exceeded with url: /api/v1/tournaments/glc2021/teams (Caused by NameResolutionError(""HTTPSConnection(host='glc2021.calicotab.com', port=443): Failed to resolve 'glc2021.calicotab.com' ([Errno 8] nodename nor servname provided, or not known)""))",
theglcdebate.calicotab.com,theglcdebate2023,"failed: ConnectionError: HTTPSConnectionPool(host='theglcdebate.calicotab.com', port=443): Max retries exceeded with url: /api/v1/tournaments/theglcdebate2023/teams (Caused by NameResolutionError(""HTTPSConnection(host='theglcdebate.calicotab.com', port=443): Failed to resolve 'theglcdebate.calicotab.com' ([Errno 8] nodename nor servname provided, or not known)""))",
theglcdebate.calicotab.com,theglcdebate2024,"failed: ConnectionError: HTTPSConnectionPool(host='theglcdebate.calicotab.com', port=443): Max retries exceeded with url: /api/v1/tournaments/theglcdebate2024/teams (Caused by NameResolutionError(""HTTPSConnection(host='theglcdebate.calicotab.com', port=443): Failed to resolve 'theglcdebate.calicotab.com' ([Errno 8] nodename nor servname provided, or not known)""))",
theglcdebate.calicotab.com,theglcdebate2025,"failed: ConnectionError: HTTPSConnectionPool(host='theglcdebate.calicotab.com', port=443): Max retries exceeded with url: /api/v1/tournaments/theglcdebate2025/teams (Caused by NameResolutionError(""HTTPSConnection(host='theglcdebate.calicotab.com', port=443): Failed to resolve 'theglcdebate.calicotab.com' ([Errno 8] nodename nor servname provided, or not known)""))",
theglcdebate.calicotab.com,theglcdebate2026,"failed: ConnectionError: HTTPSConnectionPool(host='theglcdebate.calicotab.com', port=443): Max retries exceeded with url: /api/v1/tournaments/theglcdebate2026/teams (Caused by NameResolutionError(""HTTPSConnection(host='theglcdebate.calicotab.com', port=443): Failed to resolve 'theglcdebate.calicotab.com' ([Errno 8] nodename nor servname provided, or not known)""))",
mace.calicotab.com,globaleslrr2021,"failed: ConnectionError: HTTPSConnectionPool(host='mace.calicotab.com', port=443): Max retries exceeded with url: /api/v1/tournaments/globaleslrr2021/teams (Caused by NameResolutionError(""HTTPSConnection(host='mace.calicotab.com', port=443): Failed to resolve 'mace.calicotab.com' ([Errno 8] nodename nor servname provided, or not known)""))",
tabtastic.calicotab.com,groningen2021,"failed: ConnectionError: HTTPSConnectionPool(host='tabtastic.calicotab.com', port=443): Max retries exceeded with url: /api/v1/tournaments/groningen2021/teams (Caused by NameResolutionError(""HTTPSConnection(host='tabtastic.calicotab.com', port=443): Failed to resolve 'tabtastic.calicotab.com' ([Errno 8] nodename nor servname provided, or not known)""))",
cuhkszedt00.calicotab.com,gdc2022,"failed: ConnectionError: HTTPSConnectionPool(host='cuhkszedt00.calicotab.com', port=443): Max retries exceeded with url: /api/v1/tournaments/gdc2022/teams (Caused by NameResolutionError(""HTTPSConnection(host='cuhkszedt00.calicotab.com', port=443): Failed to resolve 'cuhkszedt00.calicotab.com' ([Errno 8] nodename nor servname provided, or not known)""))",
gdc2023.calicotab.com,gdc2023,"failed: ConnectionError: HTTPSConnectionPool(host='gdc2023.calicotab.com', port=443): Max retries exceeded with url: /api/v1/tournaments/gdc2023/teams (Caused by NameResolutionError(""HTTPSConnection(host='gdc2023.calicotab.com', port=443): Failed to resolve 'gdc2023.calicotab.com' ([Errno 8] nodename nor servname provided, or not known)""))",
gdc2024.calicotab.com,GDC2024,"failed: ConnectionError: HTTPSConnectionPool(host='gdc2024.calicotab.com', port=443): Max retries exceeded with url: /api/v1/tournaments/GDC2024/teams (Caused by NameResolutionError(""HTTPSConnection(host='gdc2024.calicotab.com', port=443): Failed to resolve 'gdc2024.calicotab.com' ([Errno 8] nodename nor servname provided, or not known)""))",
gdc2025.calicotab.com,GDC2025,"failed: ConnectionError: HTTPSConnectionPool(host='gdc2025.calicotab.com', port=443): Max retries exceeded with url: /api/v1/tournaments/GDC2025/teams (Caused by NameResolutionError(""HTTPSConnection(host='gdc2025.calicotab.com', port=443): Failed to resolve 'gdc2025.calicotab.com' ([Errno 8] nodename nor servname provided, or not known)""))",
gurgaon2026.calicotab.com,gurgaon26,"failed: ConnectionError: HTTPSConnectionPool(host='gurgaon2026.calicotab.com', port=443): Max retries exceeded with url: /api/v1/tournaments/gurgaon26/teams (Caused by NameResolutionError(""HTTPSConnection(host='gurgaon2026.calicotab.com', port=443): Failed to resolve 'gurgaon2026.calicotab.com' ([Errno 8] nodename nor servname provided, or not known)""))",
habibpreworlds2022.calicotab.com,habibpreworlds2022,"failed: ConnectionError: HTTPSConnectionPool(host='habibpreworlds2022.calicotab.com', port=443): Max retries exceeded with url: /api/v1/tournaments/habibpreworlds2022/teams (Caused by NameResolutionError(""HTTPSConnection(host='habibpreworlds2022.calicotab.com', port=443): Failed to resolve 'habibpreworlds2022.calicotab.com' ([Errno 8] nodename nor servname provided, or not known)""))",
hudc2021.calicotab.com,hudc2021,"failed: ConnectionError: HTTPSConnectionPool(host='hudc2021.calicotab.com', port=443): Max retries exceeded with url: /api/v1/tournaments/hudc2021/teams (Caused by NameResolutionError(""HTTPSConnection(host='hudc2021.calicotab.com', port=443): Failed to resolve 'hudc2021.calicotab.com' ([Errno 8] nodename nor servname provided, or not known)""))",
habib2024.calicotab.com,HUDC2024,"failed: ConnectionError: HTTPSConnectionPool(host='habib2024.calicotab.com', port=443): Max retries exceeded with url: /api/v1/tournaments/HUDC2024/teams (Caused by NameResolutionError(""HTTPSConnection(host='habib2024.calicotab.com', port=443): Failed to resolve 'habib2024.calicotab.com' ([Errno 8] nodename nor servname provided, or not known)""))",
hudc2025.calicotab.com,HUDC2025,"failed: ConnectionError: HTTPSConnectionPool(host='hudc2025.calicotab.com', port=443): Max retries exceeded with url: /api/v1/tournaments/HUDC2025/teams (Caused by NameResolutionError(""HTTPSConnection(host='hudc2025.calicotab.com', port=443): Failed to resolve 'hudc2025.calicotab.com' ([Errno 8] nodename nor servname provided, or not known)""))",
hdo2025.calicotab.com,HDO2025,"failed: ConnectionError: HTTPSConnectionPool(host='hdo2025.calicotab.com', port=443): Max retries exceeded with url: /api/v1/tournaments/HDO2025/teams (Caused by NameResolutionError(""HTTPSConnection(host='hdo2025.calicotab.com', port=443): Failed to resolve 'hdo2025.calicotab.com' ([Errno 8] nodename nor servname provided, or not known)""))",
hadzabe-prewudc.calicotab.com,prewudc22,"failed: ConnectionError: HTTPSConnectionPool(host='hadzabe-prewudc.calicotab.com', port=443): Max retries exceeded with url: /api/v1/tournaments/prewudc22/teams (Caused by NameResolutionError(""HTTPSConnection(host='hadzabe-prewudc.calicotab.com', port=443): Failed to resolve 'hadzabe-prewudc.calicotab.com' ([Errno 8] nodename nor servname provided, or not known)""))",
hrcdeb2021.calicotab.com,hansrajdebate21,"failed: ConnectionError: HTTPSConnectionPool(host='hrcdeb2021.calicotab.com', port=443): Max retries exceeded with url: /api/v1/tournaments/hansrajdebate21/teams (Caused by NameResolutionError(""HTTPSConnection(host='hrcdeb2021.calicotab.com', port=443): Failed to resolve 'hrcdeb2021.calicotab.com' ([Errno 8] nodename nor servname provided, or not known)""))",
hansrajpd2026.calicotab.com,HansrajPD2026,"failed: ConnectionError: HTTPSConnectionPool(host='hansrajpd2026.calicotab.com', port=443): Max retries exceeded with url: /api/v1/tournaments/HansrajPD2026/teams (Caused by NameResolutionError(""HTTPSConnection(host='hansrajpd2026.calicotab.com', port=443): Failed to resolve 'hansrajpd2026.calicotab.com' ([Errno 8] nodename nor servname provided, or not known)""))",
hansrajpd2024.calicotab.com,hansrajpd2024,"failed: ConnectionError: HTTPSConnectionPool(host='hansrajpd2024.calicotab.com', port=443): Max retries exceeded with url: /api/v1/tournaments/hansrajpd2024/teams (Caused by NameResolutionError(""HTTPSConnection(host='hansrajpd2024.calicotab.com', port=443): Failed to resolve 'hansrajpd2024.calicotab.com' ([Errno 8] nodename nor servname provided, or not known)""))",
hhas25.calicotab.com,hhas25,"failed: ConnectionError: HTTPSConnectionPool(host='hhas25.calicotab.com', port=443): Max retries exceeded with url: /api/v1/tournaments/hhas25/teams (Caused by NameResolutionError(""HTTPSConnection(host='hhas25.calicotab.com', port=443): Failed to resolve 'hhas25.calicotab.com' ([Errno 8] nodename nor servname provided, or not known)""))",
hhiv2020.calicotab.com,hhiv2020,"failed: ConnectionError: HTTPSConnectionPool(host='hhiv2020.calicotab.com', port=443): Max retries exceeded with url: /api/v1/tournaments/hhiv2020/teams (Caused by NameResolutionError(""HTTPSConnection(host='hhiv2020.calicotab.com', port=443): Failed to resolve 'hhiv2020.calicotab.com' ([Errno 8] nodename nor servname provided, or not known)""))",
hhiv2021.calicotab.com,HHIV2021,"failed: ConnectionError: HTTPSConnectionPool(host='hhiv2021.calicotab.com', port=443): Max retries exceeded with url: /api/v1/tournaments/HHIV2021/teams (Caused by NameResolutionError(""HTTPSConnection(host='hhiv2021.calicotab.com', port=443): Failed to resolve 'hhiv2021.calicotab.com' ([Errno 8] nodename nor servname provided, or not known)""))",
hhiv2022.calicotab.com,hhiv2022,"failed: ConnectionError: HTTPSConnectionPool(host='hhiv2022.calicotab.com', port=443): Max retries exceeded with url: /api/v1/tournaments/hhiv2022/teams (Caused by NameResolutionError(""HTTPSConnection(host='hhiv2022.calicotab.com', port=443): Failed to resolve 'hhiv2022.calicotab.com' ([Errno 8] nodename nor servname provided, or not known)""))",
hhiv2023.calicotab.com,hhiv2023,"failed: ConnectionError: HTTPSConnectionPool(host='hhiv2023.calicotab.com', port=443): Max retries exceeded with url: /api/v1/tournaments/hhiv2023/teams (Caused by NameResolutionError(""HTTPSConnection(host='hhiv2023.calicotab.com', port=443): Failed to resolve 'hhiv2023.calicotab.com' ([Errno 8] nodename nor servname provided, or not known)""))",
hhiv2024.calicotab.com,_,"failed: ConnectionError: HTTPSConnectionPool(host='hhiv2024.calicotab.com', port=443): Max retries exceeded with url: /api/v1/tournaments/_/teams (Caused by NameResolutionError(""HTTPSConnection(host='hhiv2024.calicotab.com', port=443): Failed to resolve 'hhiv2024.calicotab.com' ([Errno 8] nodename nor servname provided, or not known)""))",
hhiv25.calicotab.com,hhiv25,"failed: ConnectionError: HTTPSConnectionPool(host='hhiv25.calicotab.com', port=443): Max retries exceeded with url: /api/v1/tournaments/hhiv25/teams (Caused by NameResolutionError(""HTTPSConnection(host='hhiv25.calicotab.com', port=443): Failed to resolve 'hhiv25.calicotab.com' ([Errno 8] nodename nor servname provided, or not known)""))",
hbp22.calicotab.com,hbp2022,"failed: ConnectionError: HTTPSConnectionPool(host='hbp22.calicotab.com', port=443): Max retries exceeded with url: /api/v1/tournaments/hbp2022/teams (Caused by NameResolutionError(""HTTPSConnection(host='hbp22.calicotab.com', port=443): Failed to resolve 'hbp22.calicotab.com' ([Errno 8] nodename nor servname provided, or not known)""))",
mace1996.calicotab.com,heartsafire,"failed: ConnectionError: HTTPSConnectionPool(host='mace1996.calicotab.com', port=443): Max retries exceeded with url: /api/v1/tournaments/heartsafire/teams (Caused by NameResolutionError(""HTTPSConnection(host='mace1996.calicotab.com', port=443): Failed to resolve 'mace1996.calicotab.com' ([Errno 8] nodename nor servname provided, or not known)""))",
mace.calicotab.com,heartsaffire2026,"failed: ConnectionError: HTTPSConnectionPool(host='mace.calicotab.com', port=443): Max retries exceeded with url: /api/v1/tournaments/heartsaffire2026/teams (Caused by NameResolutionError(""HTTPSConnection(host='mace.calicotab.com', port=443): Failed to resolve 'mace.calicotab.com' ([Errno 8] nodename nor servname provided, or not known)""))",
helsinkiopen2021.calicotab.com,helsinki2021,"failed: ConnectionError: HTTPSConnectionPool(host='helsinkiopen2021.calicotab.com', port=443): Max retries exceeded with url: /api/v1/tournaments/helsinki2021/teams (Caused by NameResolutionError(""HTTPSConnection(host='helsinkiopen2021.calicotab.com', port=443): Failed to resolve 'helsinkiopen2021.calicotab.com' ([Errno 8] nodename nor servname provided, or not known)""))",
hituiv2025.calicotab.com,hituiv2025,"failed: ConnectionError: HTTPSConnectionPool(host='hituiv2025.calicotab.com', port=443): Max retries exceeded with url: /api/v1/tournaments/hituiv2025/teams (Caused by NameResolutionError(""HTTPSConnection(host='hituiv2025.calicotab.com', port=443): Failed to resolve 'hituiv2025.calicotab.com' ([Errno 8] nodename nor servname provided, or not known)""))",
hochiminhdebateopen2024.calicotab.com,hcmdo24,"failed: ConnectionError: HTTPSConnectionPool(host='hochiminhdebateopen2024.calicotab.com', port=443): Max retries exceeded with url: /api/v1/tournaments/hcmdo24/teams (Caused by NameResolutionError(""HTTPSConnection(host='hochiminhdebateopen2024.calicotab.com', port=443): Failed to resolve 'hochiminhdebateopen2024.calicotab.com' ([Errno 8] nodename nor servname provided, or not known)""))",
knusthogwarts.calicotab.com,hrr22,"failed: ConnectionError: HTTPSConnectionPool(host='knusthogwarts.calicotab.com', port=443): Max retries exceeded with url: /api/v1/tournaments/hrr22/teams (Caused by NameResolutionError(""HTTPSConnection(host='knusthogwarts.calicotab.com', port=443): Failed to resolve 'knusthogwarts.calicotab.com' ([Errno 8] nodename nor servname provided, or not known)""))",
knusthogwarts.calicotab.com,hogwarts2023,"failed: ConnectionError: HTTPSConnectionPool(host='knusthogwarts.calicotab.com', port=443): Max retries exceeded with url: /api/v1/tournaments/hogwarts2023/teams (Caused by NameResolutionError(""HTTPSConnection(host='knusthogwarts.calicotab.com', port=443): Failed to resolve 'knusthogwarts.calicotab.com' ([Errno 8] nodename nor servname provided, or not known)""))",
knusthogwarts.calicotab.com,hogwarts2024,"failed: ConnectionError: HTTPSConnectionPool(host='knusthogwarts.calicotab.com', port=443): Max retries exceeded with url: /api/v1/tournaments/hogwarts2024/teams (Caused by NameResolutionError(""HTTPSConnection(host='knusthogwarts.calicotab.com', port=443): Failed to resolve 'knusthogwarts.calicotab.com' ([Errno 8] nodename nor servname provided, or not known)""))",
kds.calicotab.com,Hogwarts2k25,"failed: ConnectionError: HTTPSConnectionPool(host='kds.calicotab.com', port=443): Max retries exceeded with url: /api/v1/tournaments/Hogwarts2k25/teams (Caused by NameResolutionError(""HTTPSConnection(host='kds.calicotab.com', port=443): Failed to resolve 'kds.calicotab.com' ([Errno 8] nodename nor servname provided, or not known)""))",
kds.calicotab.com,HRR2026,"failed: ConnectionError: HTTPSConnectionPool(host='kds.calicotab.com', port=443): Max retries exceeded with url: /api/v1/tournaments/HRR2026/teams (Caused by NameResolutionError(""HTTPSConnection(host='kds.calicotab.com', port=443): Failed to resolve 'kds.calicotab.com' ([Errno 8] nodename nor servname provided, or not known)""))",
hollatzdebates2021.calicotab.com,hollatz2021,"failed: ConnectionError: HTTPSConnectionPool(host='hollatzdebates2021.calicotab.com', port=443): Max retries exceeded with url: /api/v1/tournaments/hollatz2021/teams (Caused by NameResolutionError(""HTTPSConnection(host='hollatzdebates2021.calicotab.com', port=443): Failed to resolve 'hollatzdebates2021.calicotab.com' ([Errno 8] nodename nor servname provided, or not known)""))",
hkdc2023.calicotab.com,hkdc2023,"failed: ConnectionError: HTTPSConnectionPool(host='hkdc2023.calicotab.com', port=443): Max retries exceeded with url: /api/v1/tournaments/hkdc2023/teams (Caused by NameResolutionError(""HTTPSConnection(host='hkdc2023.calicotab.com', port=443): Failed to resolve 'hkdc2023.calicotab.com' ([Errno 8] nodename nor servname provided, or not known)""))",
hkdc2024.calicotab.com,HKDC-2024,"failed: ConnectionError: HTTPSConnectionPool(host='hkdc2024.calicotab.com', port=443): Max retries exceeded with url: /api/v1/tournaments/HKDC-2024/teams (Caused by NameResolutionError(""HTTPSConnection(host='hkdc2024.calicotab.com', port=443): Failed to resolve 'hkdc2024.calicotab.com' ([Errno 8] nodename nor servname provided, or not known)""))",
hkdo2024.calicotab.com,hkdo2024,"failed: ConnectionError: HTTPSConnectionPool(host='hkdo2024.calicotab.com', port=443): Max retries exceeded with url: /api/v1/tournaments/hkdo2024/teams (Caused by NameResolutionError(""HTTPSConnection(host='hkdo2024.calicotab.com', port=443): Failed to resolve 'hkdo2024.calicotab.com' ([Errno 8] nodename nor servname provided, or not known)""))",
hugill2020.calicotab.com,hugill2020,"failed: ConnectionError: HTTPSConnectionPool(host='hugill2020.calicotab.com', port=443): Max retries exceeded with url: /api/v1/tournaments/hugill2020/teams (Caused by NameResolutionError(""HTTPSConnection(host='hugill2020.calicotab.com', port=443): Failed to resolve 'hugill2020.calicotab.com' ([Errno 8] nodename nor servname provided, or not known)""))",
dnn.calicotab.com,hrd2021,"failed: ConnectionError: HTTPSConnectionPool(host='dnn.calicotab.com', port=443): Max retries exceeded with url: /api/v1/tournaments/hrd2021/teams (Caused by NameResolutionError(""HTTPSConnection(host='dnn.calicotab.com', port=443): Failed to resolve 'dnn.calicotab.com' ([Errno 8] nodename nor servname provided, or not known)""))",
humanities2025.calicotab.com,ho2025,"failed: ConnectionError: HTTPSConnectionPool(host='humanities2025.calicotab.com', port=443): Max retries exceeded with url: /api/v1/tournaments/ho2025/teams (Caused by NameResolutionError(""HTTPSConnection(host='humanities2025.calicotab.com', port=443): Failed to resolve 'humanities2025.calicotab.com' ([Errno 8] nodename nor servname provided, or not known)""))",
hsda2024.calicotab.com,hsda2024,"failed: ConnectionError: HTTPSConnectionPool(host='hsda2024.calicotab.com', port=443): Max retries exceeded with url: /api/v1/tournaments/hsda2024/teams (Caused by NameResolutionError(""HTTPSConnection(host='hsda2024.calicotab.com', port=443): Failed to resolve 'hsda2024.calicotab.com' ([Errno 8] nodename nor servname provided, or not known)""))",
hwsiv2021.calicotab.com,iv,"failed: ConnectionError: HTTPSConnectionPool(host='hwsiv2021.calicotab.com', port=443): Max retries exceeded with url: /api/v1/tournaments/iv/teams (Caused by NameResolutionError(""HTTPSConnection(host='hwsiv2021.calicotab.com', port=443): Failed to resolve 'hwsiv2021.calicotab.com' ([Errno 8] nodename nor servname provided, or not known)""))",
hwsrr2023.calicotab.com,hwsrr2023,"failed: ConnectionError: HTTPSConnectionPool(host='hwsrr2023.calicotab.com', port=443): Max retries exceeded with url: /api/v1/tournaments/hwsrr2023/teams (Caused by NameResolutionError(""HTTPSConnection(host='hwsrr2023.calicotab.com', port=443): Failed to resolve 'hwsrr2023.calicotab.com' ([Errno 8] nodename nor servname provided, or not known)""))",
hwsrr2024.calicotab.com,hwsrr2024,"failed: ConnectionError: HTTPSConnectionPool(host='hwsrr2024.calicotab.com', port=443): Max retries exceeded with url: /api/v1/tournaments/hwsrr2024/teams (Caused by NameResolutionError(""HTTPSConnection(host='hwsrr2024.calicotab.com', port=443): Failed to resolve 'hwsrr2024.calicotab.com' ([Errno 8] nodename nor servname provided, or not known)""))",
hwsrr2025.calicotab.com,_,"failed: ConnectionError: HTTPSConnectionPool(host='hwsrr2025.calicotab.com', port=443): Max retries exceeded with url: /api/v1/tournaments/_/teams (Caused by NameResolutionError(""HTTPSConnection(host='hwsrr2025.calicotab.com', port=443): Failed to resolve 'hwsrr2025.calicotab.com' ([Errno 8] nodename nor servname provided, or not known)""))",
hwsrr2026.calicotab.com,_,"failed: ConnectionError: HTTPSConnectionPool(host='hwsrr2026.calicotab.com', port=443): Max retries exceeded with url: /api/v1/tournaments/_/teams (Caused by NameResolutionError(""HTTPSConnection(host='hwsrr2026.calicotab.com', port=443): Failed to resolve 'hwsrr2026.calicotab.com' ([Errno 8] nodename nor servname provided, or not known)""))",
hypotheticalopen.calicotab.com,_,"failed: ConnectionError: HTTPSConnectionPool(host='hypotheticalopen.calicotab.com', port=443): Max retries exceeded with url: /api/v1/tournaments/_/teams (Caused by NameResolutionError(""HTTPSConnection(host='hypotheticalopen.calicotab.com', port=443): Failed to resolve 'hypotheticalopen.calicotab.com' ([Errno 8] nodename nor servname provided, or not known)""))",
hypotheticalopen.calicotab.com,2,"failed: ConnectionError: HTTPSConnectionPool(host='hypotheticalopen.calicotab.com', port=443): Max retries exceeded with url: /api/v1/tournaments/2/teams (Caused by NameResolutionError(""HTTPSConnection(host='hypotheticalopen.calicotab.com', port=443): Failed to resolve 'hypotheticalopen.calicotab.com' ([Errno 8] nodename nor servname provided, or not known)""))",
hypotheticalopen2026.calicotab.com,_,"failed: ConnectionError: HTTPSConnectionPool(host='hypotheticalopen2026.calicotab.com', port=443): Max retries exceeded with url: /api/v1/tournaments/_/teams (Caused by NameResolutionError(""HTTPSConnection(host='hypotheticalopen2026.calicotab.com', port=443): Failed to resolve 'hypotheticalopen2026.calicotab.com' ([Errno 8] nodename nor servname provided, or not known)""))",
ignite1.calicotab.com,ignite2023,"failed: ConnectionError: HTTPSConnectionPool(host='ignite1.calicotab.com', port=443): Max retries exceeded with url: /api/v1/tournaments/ignite2023/teams (Caused by NameResolutionError(""HTTPSConnection(host='ignite1.calicotab.com', port=443): Failed to resolve 'ignite1.calicotab.com' ([Errno 8] nodename nor servname provided, or not known)""))",
debatefoster.calicotab.com,ignite2024,"failed: ConnectionError: HTTPSConnectionPool(host='debatefoster.calicotab.com', port=443): Max retries exceeded with url: /api/v1/tournaments/ignite2024/teams (Caused by NameResolutionError(""HTTPSConnection(host='debatefoster.calicotab.com', port=443): Failed to resolve 'debatefoster.calicotab.com' ([Errno 8] nodename nor servname provided, or not known)""))",
iimapd24.calicotab.com,iimapd2024,"failed: ConnectionError: HTTPSConnectionPool(host='iimapd24.calicotab.com', port=443): Max retries exceeded with url: /api/v1/tournaments/iimapd2024/teams (Caused by NameResolutionError(""HTTPSConnection(host='iimapd24.calicotab.com', port=443): Failed to resolve 'iimapd24.calicotab.com' ([Errno 8] nodename nor servname provided, or not known)""))",
iimapd25.calicotab.com,iimapd25,"failed: ConnectionError: HTTPSConnectionPool(host='iimapd25.calicotab.com', port=443): Max retries exceeded with url: /api/v1/tournaments/iimapd25/teams (Caused by NameResolutionError(""HTTPSConnection(host='iimapd25.calicotab.com', port=443): Failed to resolve 'iimapd25.calicotab.com' ([Errno 8] nodename nor servname provided, or not known)""))",
iima2026.calicotab.com,iimapd,"failed: ConnectionError: HTTPSConnectionPool(host='iima2026.calicotab.com', port=443): Max retries exceeded with url: /api/v1/tournaments/iimapd/teams (Caused by NameResolutionError(""HTTPSConnection(host='iima2026.calicotab.com', port=443): Failed to resolve 'iima2026.calicotab.com' ([Errno 8] nodename nor servname provided, or not known)""))",
aberdeen.calicotab.com,aberdeen23,already_complete,
aberdeen2024.calicotab.com,aberdeenopen25,already_complete,
aberdeenpreeudc26.calicotab.com,_,already_complete,
aberopen2023.calicotab.com,AberOpen2023,already_complete,
abp2020.calicotab.com,abp2020,already_complete,
abp2021.calicotab.com,abp2021,already_complete,
edudriftbackup.calicotab.com,abp2022,already_complete,
midp.calicotab.com,mabp2023,already_complete,
edudrift.calicotab.com,abp2024,already_complete,
iiumedc.calicotab.com,abp2025,already_complete,
abp2026.calicotab.com,abp2026,already_complete,
speechforces.calicotab.com,ao21,already_complete,
aoix.calicotab.com,ao2023,already_complete,
speechforces.calicotab.com,AOX,already_complete,
speechforces.calicotab.com,AO2025,failed: HTTPError: 401 Client Error: Unauthorized for url: https://speechforces.calicotab.com/api/v1/tournaments/AO2025/teams,
mace.calicotab.com,africaiv2022,already_complete,
mace.calicotab.com,africairongiant,already_complete,
mace.calicotab.com,africaiv2025,already_complete,
mace.calicotab.com,africaiv2026,already_complete,
inspired.calicotab.com,ALRR25,already_complete,
mace1996.calicotab.com,topuniversities2022,already_complete,
mace.calicotab.com,atudc2023,already_complete,
mace.calicotab.com,atudc2024,already_complete,
mace.calicotab.com,atudc2025,already_complete,
mace.calicotab.com,atudc2026,already_complete,
mace.calicotab.com,andl2021,already_complete,
mace.calicotab.com,andl2022,already_complete,
mace.calicotab.com,andl2023,already_complete,
mace.calicotab.com,andl2024,already_complete,
mace1996.calicotab.com,andl2025,already_complete,
akudc24.calicotab.com,akudc24,already_complete,
happybirthday.calicotab.com,agonia,failed: HTTPError: 401 Client Error: Unauthorized for url: https://happybirthday.calicotab.com/api/v1/tournaments/agonia/motions,
aberdeen.calicotab.com,aberdeen23,already_complete,
aberdeen2024.calicotab.com,aberdeenopen25,already_complete,
aberdeenpreeudc26.calicotab.com,_,already_complete,
aberopen2023.calicotab.com,AberOpen2023,already_complete,
abp2020.calicotab.com,abp2020,already_complete,
abp2021.calicotab.com,abp2021,already_complete,
edudriftbackup.calicotab.com,abp2022,already_complete,
midp.calicotab.com,mabp2023,already_complete,
edudrift.calicotab.com,abp2024,already_complete,
iiumedc.calicotab.com,abp2025,already_complete,
abp2026.calicotab.com,abp2026,already_complete,
speechforces.calicotab.com,ao21,already_complete,
aoix.calicotab.com,ao2023,already_complete,
speechforces.calicotab.com,AOX,already_complete,
speechforces.calicotab.com,AO2025,failed: HTTPError: 401 Client Error: Unauthorized for url: https://speechforces.calicotab.com/api/v1/tournaments/AO2025/teams,
mace.calicotab.com,africaiv2022,already_complete,
mace.calicotab.com,africairongiant,already_complete,
mace.calicotab.com,africaiv2025,already_complete,
mace.calicotab.com,africaiv2026,already_complete,
inspired.calicotab.com,ALRR25,already_complete,
mace1996.calicotab.com,topuniversities2022,already_complete,
mace.calicotab.com,atudc2023,already_complete,
mace.calicotab.com,atudc2024,already_complete,
mace.calicotab.com,atudc2025,already_complete,
mace.calicotab.com,atudc2026,already_complete,
mace.calicotab.com,andl2021,already_complete,
mace.calicotab.com,andl2022,already_complete,
mace.calicotab.com,andl2023,already_complete,
mace.calicotab.com,andl2024,already_complete,
mace1996.calicotab.com,andl2025,already_complete,
akudc24.calicotab.com,akudc24,already_complete,
happybirthday.calicotab.com,agonia,failed: HTTPError: 401 Client Error: Unauthorized for url: https://happybirthday.calicotab.com/api/v1/tournaments/agonia/motions,
debatefoster.calicotab.com,agonia2024,success,9
inspired.calicotab.com,Agonia2025,success,8
albertaprewudc2026.calicotab.com,albertaprewudc2026,success,9
mascot10.calicotab.com,ANUDC2023,success,14
anudc.calicotab.com,anudc2024,success,12
anudc.calicotab.com,anudc2025,success,13
anydc2023.calicotab.com,ANYDC2023,success,7
mascot10.calicotab.com,anydc2024,success,11
amsterdamopen.calicotab.com,AmsterdamOpen2023,success,9
ao2024.calicotab.com,AO24,success,9
amsterdamopen2025.calicotab.com,amsterdamopen2025,success,10
amsterdampre2026.calicotab.com,amsterdampre2026,success,8
anu.calicotab.com,spring21,success,11
spring2022.calicotab.com,_,success,10
anuspring2023.calicotab.com,anuspring2023,success,9
anuspring2024.calicotab.com,ANUSpring2024,failed: HTTPError: 401 Client Error: Unauthorized for url: https://anuspring2024.calicotab.com/api/v1/tournaments/ANUSpring2024/teams,
anuspring2025.calicotab.com,anuspring2025,success,8
anuwinter22.calicotab.com,anuwinter22,success,11
midp.calicotab.com,aedc2021,success,9
Midp.calicotab.com,apad2020,success,6
aodcbp22.calicotab.com,aodcbp22,success,14
aodcbp2023.calicotab.com,aodcbp23,success,13
auw.calicotab.com,auwiv2026,success,7
astanaopen2021.calicotab.com,ao2021,success,7
astanaopen.calicotab.com,_,success,11
ateneoiv2023.calicotab.com,aiv2023,success,8
aivpreworlds2023.calicotab.com,aivpw2023,success,8
athena2024.calicotab.com,athena24,success,9
hdf.calicotab.com,academy2025,success,5
athensiv2024.calicotab.com,athensiv2024,success,8
athensiv2025.calicotab.com,_,success,8
aucklandiv24.calicotab.com,aucklandiv24,success,8
aud.calicotab.com,audpreabp2026,success,9
aurgumentum.au-tab.app,open2024,success,12
aurgumentum.au-tab.app,proams2024,success,11
dipo2025.au-tab.app,en,success,10
usutabs2022.calicotab.com,abpdc2022,success,7
abpdc2023.calicotab.com,abpdc2023,success,9
abpdc2024.calicotab.com,abpdc2024,success,9
abpdc25.calicotab.com,abpdc2025,success,9
bacdebateclub2023.calicotab.com,bacdo23,success,10
sserigadebating.calicotab.com,balticopen2023,success,7
balticiv24.calicotab.com,balticiv24,success,8
balticiv25.calicotab.com,balticiv25,success,7
balticiv.calicotab.com,BIV,success,7
bdc.calicotab.com,BDCFundraiser2025,success,7
bates2021.calicotab.com,bates2021,failed: HTTPError: 401 Client Error: Unauthorized for url: https://bates2021.calicotab.com/api/v1/tournaments/bates2021/teams,
bdidf-bangladesh.calicotab.com,bdidfbangladesh,success,5
bdidf.calicotab.com,bdidf,success,6
bdidf-pacific.calicotab.com,regional,success,4
bdidf-west.calicotab.com,west,success,3
bido2025.calicotab.com,bido2025,success,10
bido2026.calicotab.com,bido2026,success,10
open-communication.calicotab.com,belgrade2022,failed: HTTPError: 401 Client Error: Unauthorized for url: https://open-communication.calicotab.com/api/v1/tournaments/belgrade2022/teams,
opencommunication.calicotab.com,belgradeopen2023,success,7
open-communication-2024.calicotab.com,belgradeopen2024,success,8
open-communication-2026.calicotab.com,bgopen2026,success,8
berkeleyiv2024.calicotab.com,berkeleyiv24,success,9
berkeleyiv25.calicotab.com,UCBIV25,success,9
berkeleyiv2026.calicotab.com,berkeleyiv26,success,10
berlinonlineiv2020.calicotab.com,bivonline2020,success,9
berlinopen2025.calicotab.com,berlinopen2025,success,8
vaagyudh2024.calicotab.com,vaagyudh,success,6
bigboi.calicotab.com,bigboi1,success,8
bhamproam.calicotab.com,bhamproam25,success,8
birminghamproam26.calicotab.com,BirminghamProAm26,success,8
bitspilani.calicotab.com,bppd2021,success,9
bitspilanipd.calicotab.com,bppd2022,success,7
bitspilanipd.calicotab.com,bppd2023,success,10
bppd2024.calicotab.com,bppd2024,success,10
bppd2025.calicotab.com,bppd2025,success,8
bitsp.calicotab.com,bppd2026,success,9
aberdebates23.calicotab.com,bogwall23,success,6
bogwall24.calicotab.com,bogwall24,success,7
bogwall2025.calicotab.com,Bogwall2025,success,7
borneodebate.calicotab.com,bbpdc2026,success,9
bracu.calicotab.com,open2024,success,7
brazilopen2025.calicotab.com,brazilopen2025,success,9
bristolopen2023.calicotab.com,_,success,7
bristolopen24.calicotab.com,bristolopen24,success,7
bristol2025.calicotab.com,_,success,8
bristolproam23.calicotab.com,_,success,7
bpam24.calicotab.com,bristolproam24,success,8
bristolproam2025.calicotab.com,_,success,8
budapestnovice25.calicotab.com,budapestnovice25,success,4
budapestdebate.calicotab.com,dynamic,success,8
bo2023.calicotab.com,bo2023,success,8
budapestopen2024.calicotab.com,budapest2024,failed: HTTPError: 401 Client Error: Unauthorized for url: https://budapestopen2024.calicotab.com/api/v1/tournaments/budapest2024/rounds/6/pairings,
budapestopen2025.calicotab.com,bpo25,success,10
bdpstdebate.calicotab.com,pre-eudc-2025,success,8
budapestpreeudc26.calicotab.com,budapest-preeudc-2026,success,7
bulacaniv2023.calicotab.com,bliv2023,success,10
bup.calicotab.com,bupiv25en,success,7
cambridgeivfinal.calicotab.com,2022,success,10
cambridgeiv2023.calicotab.com,_,success,8
cambridge2024.calicotab.com,cambridgeiv2024,success,10
cambridgeiv2025.calicotab.com,_,success,10
cambridgemini2024.calicotab.com,camini2024,success,6
cuds.calicotab.com,bpchamps2020,success,10
bpchamps2022.calicotab.com,bpchamps22,success,8
bpchamps2023.calicotab.com,bpchamps2023,success,8
cudcwaterloo.calicotab.com,cudc2024,success,10
cudchalifax.calicotab.com,CUDC2025,success,9
capitalismiv2024.calicotab.com,capitalismiv2024,success,9
cardiff2024.calicotab.com,c24,success,7
cardiff2025.calicotab.com,cardiffopen2025,success,7
cidc2026.calicotab.com,cidc2026,failed: HTTPError: 401 Client Error: Unauthorized for url: https://cidc2026.calicotab.com/api/v1/tournaments/cidc2026/teams,
caritasdebate.calicotab.com,caritasdebateopen2025,success,10
carletonbpchamps.calicotab.com,bpchamps2022,success,9
cdo2025.calicotab.com,cdo2025,success,7
cebuproam.calicotab.com,britishparliamentary,success,9
leger2024.calicotab.com,Leger2024,success,9
leger2025.calicotab.com,leger2025,success,9
leger26.calicotab.com,leger,success,7
champagneiv2023.calicotab.com,_,success,8
champagneiv2024.calicotab.com,champagneiv2024,success,8
spu.calicotab.com,champagneiv2025,success,9
champagneiv26.calicotab.com,_,success,9
chancellors2021.calicotab.com,chancellors2021,success,7
chancellors2021.calicotab.com,chancellors2022,success,8
qivcc2023.calicotab.com,QIVCC2023,success,9
chancellorscup2024.calicotab.com,Chancellorscup2024,success,9
chancellorscup2025.calicotab.com,chancellors2025,success,8
charchapd.calicotab.com,charchapd25,success,8
cfo3.calicotab.com,CFO3,success,7
ccpc.calicotab.com,ctgbp2024,success,10
chicagoopen.calicotab.com,chicagoopen,success,10
cbp2021.calicotab.com,chinabp2021,success,13
cudc2025.calicotab.com,cudc,success,9
cudc.calicotab.com,cudcnationals22,success,9
cudc2023.calicotab.com,cudc2023,failed: HTTPError: 401 Client Error: Unauthorized for url: https://cudc2023.calicotab.com/api/v1/tournaments/cudc2023/rounds/9/pairings,
cudc2024.calicotab.com,_,failed: HTTPError: 401 Client Error: Unauthorized for url: https://cudc2024.calicotab.com/api/v1/tournaments/_/rounds/6/pairings,
supernana.calicotab.com,christmasholidaysiv2025,success,8
cidanovicecup2026.calicotab.com,cidanovicecup2026,success,11
cida.calicotab.com,viv23,success,11
cidanovicecup2026.calicotab.com,visayasintervarsity26,success,8
debatefoster.calicotab.com,preanydc24,"failed: ReadTimeout: HTTPSConnectionPool(host='debatefoster.calicotab.com', port=443): Read timed out. (read timeout=15)",
cmdlp2021.calicotab.com,cmdlp2021,"failed: ConnectionError: ('Connection aborted.', RemoteDisconnected('Remote end closed connection without response'))",
cmdlp2025.calicotab.com,CMDLP2025,"failed: ReadTimeout: HTTPSConnectionPool(host='cmdlp2025.calicotab.com', port=443): Read timed out. (read timeout=15)",
cmude2018.calicotab.com,_,"failed: ConnectionError: HTTPSConnectionPool(host='cmude2018.calicotab.com', port=443): Max retries exceeded with url: /api/v1/tournaments/_/teams (Caused by NameResolutionError(""HTTPSConnection(host='cmude2018.calicotab.com', port=443): Failed to resolve 'cmude2018.calicotab.com' ([Errno 8] nodename nor servname provided, or not known)""))",
cmude2019.calicotab.com,cmude2019,"failed: ConnectionError: HTTPSConnectionPool(host='cmude2019.calicotab.com', port=443): Max retries exceeded with url: /api/v1/tournaments/cmude2019/teams (Caused by NameResolutionError(""HTTPSConnection(host='cmude2019.calicotab.com', port=443): Failed to resolve 'cmude2019.calicotab.com' ([Errno 8] nodename nor servname provided, or not known)""))",
cmudemadrid2020.calicotab.com,cmude2020,"failed: ConnectionError: HTTPSConnectionPool(host='cmudemadrid2020.calicotab.com', port=443): Max retries exceeded with url: /api/v1/tournaments/cmude2020/teams (Caused by NameResolutionError(""HTTPSConnection(host='cmudemadrid2020.calicotab.com', port=443): Failed to resolve 'cmudemadrid2020.calicotab.com' ([Errno 8] nodename nor servname provided, or not known)""))",
cmudeecuador2021.calicotab.com,cmudeecuador2021,"failed: ConnectionError: HTTPSConnectionPool(host='cmudeecuador2021.calicotab.com', port=443): Max retries exceeded with url: /api/v1/tournaments/cmudeecuador2021/teams (Caused by NameResolutionError(""HTTPSConnection(host='cmudeecuador2021.calicotab.com', port=443): Failed to resolve 'cmudeecuador2021.calicotab.com' ([Errno 8] nodename nor servname provided, or not known)""))",
cmude2022.calicotab.com,cmude2022,"failed: ConnectionError: HTTPSConnectionPool(host='cmude2022.calicotab.com', port=443): Max retries exceeded with url: /api/v1/tournaments/cmude2022/teams (Caused by NameResolutionError(""HTTPSConnection(host='cmude2022.calicotab.com', port=443): Failed to resolve 'cmude2022.calicotab.com' ([Errno 8] nodename nor servname provided, or not known)""))",
cmude2023.calicotab.com,cmude2023,"failed: ConnectionError: HTTPSConnectionPool(host='cmude2023.calicotab.com', port=443): Max retries exceeded with url: /api/v1/tournaments/cmude2023/teams (Caused by NameResolutionError(""HTTPSConnection(host='cmude2023.calicotab.com', port=443): Failed to resolve 'cmude2023.calicotab.com' ([Errno 8] nodename nor servname provided, or not known)""))",
cmude2024.calicotab.com,open,"failed: ConnectionError: HTTPSConnectionPool(host='cmude2024.calicotab.com', port=443): Max retries exceeded with url: /api/v1/tournaments/open/teams (Caused by NameResolutionError(""HTTPSConnection(host='cmude2024.calicotab.com', port=443): Failed to resolve 'cmude2024.calicotab.com' ([Errno 8] nodename nor servname provided, or not known)""))",
cmude2025.calicotab.com,open,"failed: ConnectionError: HTTPSConnectionPool(host='cmude2025.calicotab.com', port=443): Max retries exceeded with url: /api/v1/tournaments/open/teams (Caused by NameResolutionError(""HTTPSConnection(host='cmude2025.calicotab.com', port=443): Failed to resolve 'cmude2025.calicotab.com' ([Errno 8] nodename nor servname provided, or not known)""))",
cmude2026.calicotab.com,open,"failed: ConnectionError: HTTPSConnectionPool(host='cmude2026.calicotab.com', port=443): Max retries exceeded with url: /api/v1/tournaments/open/teams (Caused by NameResolutionError(""HTTPSConnection(host='cmude2026.calicotab.com', port=443): Failed to resolve 'cmude2026.calicotab.com' ([Errno 8] nodename nor servname provided, or not known)""))",
vishcoeptech.calicotab.com,vishbp2025,"failed: ConnectionError: HTTPSConnectionPool(host='vishcoeptech.calicotab.com', port=443): Max retries exceeded with url: /api/v1/tournaments/vishbp2025/teams (Caused by NameResolutionError(""HTTPSConnection(host='vishcoeptech.calicotab.com', port=443): Failed to resolve 'vishcoeptech.calicotab.com' ([Errno 8] nodename nor servname provided, or not known)""))",
colgateopen2021.calicotab.com,colgateopen2021,"failed: ConnectionError: HTTPSConnectionPool(host='colgateopen2021.calicotab.com', port=443): Max retries exceeded with url: /api/v1/tournaments/colgateopen2021/teams (Caused by NameResolutionError(""HTTPSConnection(host='colgateopen2021.calicotab.com', port=443): Failed to resolve 'colgateopen2021.calicotab.com' ([Errno 8] nodename nor servname provided, or not known)""))",
colgate2023.calicotab.com,colgate2023,"failed: ConnectionError: HTTPSConnectionPool(host='colgate2023.calicotab.com', port=443): Max retries exceeded with url: /api/v1/tournaments/colgate2023/teams (Caused by NameResolutionError(""HTTPSConnection(host='colgate2023.calicotab.com', port=443): Failed to resolve 'colgate2023.calicotab.com' ([Errno 8] nodename nor servname provided, or not known)""))",
colgateopen2024.calicotab.com,colgate2024,"failed: ConnectionError: HTTPSConnectionPool(host='colgateopen2024.calicotab.com', port=443): Max retries exceeded with url: /api/v1/tournaments/colgate2024/teams (Caused by NameResolutionError(""HTTPSConnection(host='colgateopen2024.calicotab.com', port=443): Failed to resolve 'colgateopen2024.calicotab.com' ([Errno 8] nodename nor servname provided, or not known)""))",
colgate2025.calicotab.com,_,"failed: ConnectionError: HTTPSConnectionPool(host='colgate2025.calicotab.com', port=443): Max retries exceeded with url: /api/v1/tournaments/_/teams (Caused by NameResolutionError(""HTTPSConnection(host='colgate2025.calicotab.com', port=443): Failed to resolve 'colgate2025.calicotab.com' ([Errno 8] nodename nor servname provided, or not known)""))",
colgateiv.calicotab.com,colgateopen2026,"failed: ConnectionError: HTTPSConnectionPool(host='colgateiv.calicotab.com', port=443): Max retries exceeded with url: /api/v1/tournaments/colgateopen2026/teams (Caused by NameResolutionError(""HTTPSConnection(host='colgateiv.calicotab.com', port=443): Failed to resolve 'colgateiv.calicotab.com' ([Errno 8] nodename nor servname provided, or not known)""))",
columbiaiv2025.calicotab.com,columbiaiv2025,"failed: ConnectionError: HTTPSConnectionPool(host='columbiaiv2025.calicotab.com', port=443): Max retries exceeded with url: /api/v1/tournaments/columbiaiv2025/teams (Caused by NameResolutionError(""HTTPSConnection(host='columbiaiv2025.calicotab.com', port=443): Failed to resolve 'columbiaiv2025.calicotab.com' ([Errno 8] nodename nor servname provided, or not known)""))",
thecudc2024.calicotab.com,_,"failed: ConnectionError: HTTPSConnectionPool(host='thecudc2024.calicotab.com', port=443): Max retries exceeded with url: /api/v1/tournaments/_/teams (Caused by NameResolutionError(""HTTPSConnection(host='thecudc2024.calicotab.com', port=443): Failed to resolve 'thecudc2024.calicotab.com' ([Errno 8] nodename nor servname provided, or not known)""))",
connectionsiv.calicotab.com,connectionsiv25,"failed: ConnectionError: HTTPSConnectionPool(host='connectionsiv.calicotab.com', port=443): Max retries exceeded with url: /api/v1/tournaments/connectionsiv25/teams (Caused by NameResolutionError(""HTTPSConnection(host='connectionsiv.calicotab.com', port=443): Failed to resolve 'connectionsiv.calicotab.com' ([Errno 8] nodename nor servname provided, or not known)""))",
mace.calicotab.com,cuiv2021,"failed: ConnectionError: HTTPSConnectionPool(host='mace.calicotab.com', port=443): Max retries exceeded with url: /api/v1/tournaments/cuiv2021/teams (Caused by NameResolutionError(""HTTPSConnection(host='mace.calicotab.com', port=443): Failed to resolve 'mace.calicotab.com' ([Errno 8] nodename nor servname provided, or not known)""))",
copenhagenonline26.calicotab.com,_,"failed: ConnectionError: HTTPSConnectionPool(host='copenhagenonline26.calicotab.com', port=443): Max retries exceeded with url: /api/v1/tournaments/_/teams (Caused by NameResolutionError(""HTTPSConnection(host='copenhagenonline26.calicotab.com', port=443): Failed to resolve 'copenhagenonline26.calicotab.com' ([Errno 8] nodename nor servname provided, or not known)""))",
copenhagen2024.calicotab.com,copenhagen2024,"failed: ConnectionError: HTTPSConnectionPool(host='copenhagen2024.calicotab.com', port=443): Max retries exceeded with url: /api/v1/tournaments/copenhagen2024/teams (Caused by NameResolutionError(""HTTPSConnection(host='copenhagen2024.calicotab.com', port=443): Failed to resolve 'copenhagen2024.calicotab.com' ([Errno 8] nodename nor servname provided, or not known)""))",
copenhagenopen25.calicotab.com,_,"failed: ConnectionError: HTTPSConnectionPool(host='copenhagenopen25.calicotab.com', port=443): Max retries exceeded with url: /api/v1/tournaments/_/teams (Caused by NameResolutionError(""HTTPSConnection(host='copenhagenopen25.calicotab.com', port=443): Failed to resolve 'copenhagenopen25.calicotab.com' ([Errno 8] nodename nor servname provided, or not known)""))",
cornelliv.calicotab.com,cornell2022,"failed: ConnectionError: HTTPSConnectionPool(host='cornelliv.calicotab.com', port=443): Max retries exceeded with url: /api/v1/tournaments/cornell2022/teams (Caused by NameResolutionError(""HTTPSConnection(host='cornelliv.calicotab.com', port=443): Failed to resolve 'cornelliv.calicotab.com' ([Errno 8] nodename nor servname provided, or not known)""))",
novicenats2021.calicotab.com,novicenats2021,"failed: ConnectionError: HTTPSConnectionPool(host='novicenats2021.calicotab.com', port=443): Max retries exceeded with url: /api/v1/tournaments/novicenats2021/teams (Caused by NameResolutionError(""HTTPSConnection(host='novicenats2021.calicotab.com', port=443): Failed to resolve 'novicenats2021.calicotab.com' ([Errno 8] nodename nor servname provided, or not known)""))",
novicenats2022.calicotab.com,novicenats2022,"failed: ConnectionError: HTTPSConnectionPool(host='novicenats2022.calicotab.com', port=443): Max retries exceeded with url: /api/v1/tournaments/novicenats2022/teams (Caused by NameResolutionError(""HTTPSConnection(host='novicenats2022.calicotab.com', port=443): Failed to resolve 'novicenats2022.calicotab.com' ([Errno 8] nodename nor servname provided, or not known)""))",
novicenats2024.calicotab.com,novicenats2024,"failed: ConnectionError: HTTPSConnectionPool(host='novicenats2024.calicotab.com', port=443): Max retries exceeded with url: /api/v1/tournaments/novicenats2024/teams (Caused by NameResolutionError(""HTTPSConnection(host='novicenats2024.calicotab.com', port=443): Failed to resolve 'novicenats2024.calicotab.com' ([Errno 8] nodename nor servname provided, or not known)""))",
novicenats2025.calicotab.com,novicenats2025,"failed: ConnectionError: HTTPSConnectionPool(host='novicenats2025.calicotab.com', port=443): Max retries exceeded with url: /api/v1/tournaments/novicenats2025/teams (Caused by NameResolutionError(""HTTPSConnection(host='novicenats2025.calicotab.com', port=443): Failed to resolve 'novicenats2025.calicotab.com' ([Errno 8] nodename nor servname provided, or not known)""))",
novicenats2026.calicotab.com,novicenationals2026,"failed: ConnectionError: HTTPSConnectionPool(host='novicenats2026.calicotab.com', port=443): Max retries exceeded with url: /api/v1/tournaments/novicenationals2026/teams (Caused by NameResolutionError(""HTTPSConnection(host='novicenats2026.calicotab.com', port=443): Failed to resolve 'novicenats2026.calicotab.com' ([Errno 8] nodename nor servname provided, or not known)""))",
crawford.calicotab.com,Crudi2025,"failed: ConnectionError: HTTPSConnectionPool(host='crawford.calicotab.com', port=443): Max retries exceeded with url: /api/v1/tournaments/Crudi2025/teams (Caused by NameResolutionError(""HTTPSConnection(host='crawford.calicotab.com', port=443): Failed to resolve 'crawford.calicotab.com' ([Errno 8] nodename nor servname provided, or not known)""))",
curtindebateopen2025.calicotab.com,CDO2025,"failed: ConnectionError: HTTPSConnectionPool(host='curtindebateopen2025.calicotab.com', port=443): Max retries exceeded with url: /api/v1/tournaments/CDO2025/teams (Caused by NameResolutionError(""HTTPSConnection(host='curtindebateopen2025.calicotab.com', port=443): Failed to resolve 'curtindebateopen2025.calicotab.com' ([Errno 8] nodename nor servname provided, or not known)""))",
eds.calicotab.com,cusidsrpa2024,"failed: ConnectionError: HTTPSConnectionPool(host='eds.calicotab.com', port=443): Max retries exceeded with url: /api/v1/tournaments/cusidsrpa2024/teams (Caused by NameResolutionError(""HTTPSConnection(host='eds.calicotab.com', port=443): Failed to resolve 'eds.calicotab.com' ([Errno 8] nodename nor servname provided, or not known)""))",
daicopen.calicotab.com,daicopen,"failed: ConnectionError: HTTPSConnectionPool(host='daicopen.calicotab.com', port=443): Max retries exceeded with url: /api/v1/tournaments/daicopen/teams (Caused by NameResolutionError(""HTTPSConnection(host='daicopen.calicotab.com', port=443): Failed to resolve 'daicopen.calicotab.com' ([Errno 8] nodename nor servname provided, or not known)""))",
dsnpd2022.calicotab.com,dsnpd2022,"failed: ConnectionError: HTTPSConnectionPool(host='dsnpd2022.calicotab.com', port=443): Max retries exceeded with url: /api/v1/tournaments/dsnpd2022/teams (Caused by NameResolutionError(""HTTPSConnection(host='dsnpd2022.calicotab.com', port=443): Failed to resolve 'dsnpd2022.calicotab.com' ([Errno 8] nodename nor servname provided, or not known)""))",
debatesymposium.calicotab.com,summerdebatesymposium2025,"failed: ConnectionError: HTTPSConnectionPool(host='debatesymposium.calicotab.com', port=443): Max retries exceeded with url: /api/v1/tournaments/summerdebatesymposium2025/teams (Caused by NameResolutionError(""HTTPSConnection(host='debatesymposium.calicotab.com', port=443): Failed to resolve 'debatesymposium.calicotab.com' ([Errno 8] nodename nor servname provided, or not known)""))",
debatesymposium.calicotab.com,winterdebatesymposium2025,"failed: ConnectionError: HTTPSConnectionPool(host='debatesymposium.calicotab.com', port=443): Max retries exceeded with url: /api/v1/tournaments/winterdebatesymposium2025/teams (Caused by NameResolutionError(""HTTPSConnection(host='debatesymposium.calicotab.com', port=443): Failed to resolve 'debatesymposium.calicotab.com' ([Errno 8] nodename nor servname provided, or not known)""))",
debatesymposium.calicotab.com,wds2026,"failed: ConnectionError: HTTPSConnectionPool(host='debatesymposium.calicotab.com', port=443): Max retries exceeded with url: /api/v1/tournaments/wds2026/teams (Caused by NameResolutionError(""HTTPSConnection(host='debatesymposium.calicotab.com', port=443): Failed to resolve 'debatesymposium.calicotab.com' ([Errno 8] nodename nor servname provided, or not known)""))",
dmd2020.calicotab.com,derozio2020,"failed: ConnectionError: HTTPSConnectionPool(host='dmd2020.calicotab.com', port=443): Max retries exceeded with url: /api/v1/tournaments/derozio2020/teams (Caused by NameResolutionError(""HTTPSConnection(host='dmd2020.calicotab.com', port=443): Failed to resolve 'dmd2020.calicotab.com' ([Errno 8] nodename nor servname provided, or not known)""))",
dialectica.calicotab.com,dialecticabpd2025,"failed: ConnectionError: HTTPSConnectionPool(host='dialectica.calicotab.com', port=443): Max retries exceeded with url: /api/v1/tournaments/dialecticabpd2025/teams (Caused by NameResolutionError(""HTTPSConnection(host='dialectica.calicotab.com', port=443): Failed to resolve 'dialectica.calicotab.com' ([Errno 8] nodename nor servname provided, or not known)""))",
vaagyudh2024.calicotab.com,dialectica2024,"failed: ConnectionError: HTTPSConnectionPool(host='vaagyudh2024.calicotab.com', port=443): Max retries exceeded with url: /api/v1/tournaments/dialectica2024/teams (Caused by NameResolutionError(""HTTPSConnection(host='vaagyudh2024.calicotab.com', port=443): Failed to resolve 'vaagyudh2024.calicotab.com' ([Errno 8] nodename nor servname provided, or not known)""))",
dialectixproam2023.calicotab.com,proam22,"failed: ConnectionError: HTTPSConnectionPool(host='dialectixproam2023.calicotab.com', port=443): Max retries exceeded with url: /api/v1/tournaments/proam22/teams (Caused by NameResolutionError(""HTTPSConnection(host='dialectixproam2023.calicotab.com', port=443): Failed to resolve 'dialectixproam2023.calicotab.com' ([Errno 8] nodename nor servname provided, or not known)""))",
dilimandebateopen.calicotab.com,ddo2022,"failed: ConnectionError: HTTPSConnectionPool(host='dilimandebateopen.calicotab.com', port=443): Max retries exceeded with url: /api/v1/tournaments/ddo2022/teams (Caused by NameResolutionError(""HTTPSConnection(host='dilimandebateopen.calicotab.com', port=443): Failed to resolve 'dilimandebateopen.calicotab.com' ([Errno 8] nodename nor servname provided, or not known)""))",
dilimandebateopen.calicotab.com,ddo23,"failed: ConnectionError: HTTPSConnectionPool(host='dilimandebateopen.calicotab.com', port=443): Max retries exceeded with url: /api/v1/tournaments/ddo23/teams (Caused by NameResolutionError(""HTTPSConnection(host='dilimandebateopen.calicotab.com', port=443): Failed to resolve 'dilimandebateopen.calicotab.com' ([Errno 8] nodename nor servname provided, or not known)""))",
ddo2025.calicotab.com,ddo2025,"failed: ConnectionError: HTTPSConnectionPool(host='ddo2025.calicotab.com', port=443): Max retries exceeded with url: /api/v1/tournaments/ddo2025/teams (Caused by NameResolutionError(""HTTPSConnection(host='ddo2025.calicotab.com', port=443): Failed to resolve 'ddo2025.calicotab.com' ([Errno 8] nodename nor servname provided, or not known)""))",
ddopw.calicotab.com,ddopw2025,"failed: ConnectionError: HTTPSConnectionPool(host='ddopw.calicotab.com', port=443): Max retries exceeded with url: /api/v1/tournaments/ddopw2025/teams (Caused by NameResolutionError(""HTTPSConnection(host='ddopw.calicotab.com', port=443): Failed to resolve 'ddopw.calicotab.com' ([Errno 8] nodename nor servname provided, or not known)""))",
dilimanintervarsity.calicotab.com,2024,"failed: ConnectionError: HTTPSConnectionPool(host='dilimanintervarsity.calicotab.com', port=443): Max retries exceeded with url: /api/v1/tournaments/2024/teams (Caused by NameResolutionError(""HTTPSConnection(host='dilimanintervarsity.calicotab.com', port=443): Failed to resolve 'dilimanintervarsity.calicotab.com' ([Errno 8] nodename nor servname provided, or not known)""))",
dilimandebating.calicotab.com,dilimanpreabp23,"failed: ConnectionError: HTTPSConnectionPool(host='dilimandebating.calicotab.com', port=443): Max retries exceeded with url: /api/v1/tournaments/dilimanpreabp23/teams (Caused by NameResolutionError(""HTTPSConnection(host='dilimandebating.calicotab.com', port=443): Failed to resolve 'dilimandebating.calicotab.com' ([Errno 8] nodename nor servname provided, or not known)""))",
dilimanpreabp25.calicotab.com,dilimanpreabp25,"failed: ConnectionError: HTTPSConnectionPool(host='dilimanpreabp25.calicotab.com', port=443): Max retries exceeded with url: /api/v1/tournaments/dilimanpreabp25/teams (Caused by NameResolutionError(""HTTPSConnection(host='dilimanpreabp25.calicotab.com', port=443): Failed to resolve 'dilimanpreabp25.calicotab.com' ([Errno 8] nodename nor servname provided, or not known)""))",
dpwudc2025.calicotab.com,dpwudc2025,"failed: ConnectionError: HTTPSConnectionPool(host='dpwudc2025.calicotab.com', port=443): Max retries exceeded with url: /api/v1/tournaments/dpwudc2025/teams (Caused by NameResolutionError(""HTTPSConnection(host='dpwudc2025.calicotab.com', port=443): Failed to resolve 'dpwudc2025.calicotab.com' ([Errno 8] nodename nor servname provided, or not known)""))",
dkwieninvitational.calicotab.com,dkwienmini23,"failed: ConnectionError: HTTPSConnectionPool(host='dkwieninvitational.calicotab.com', port=443): Max retries exceeded with url: /api/v1/tournaments/dkwienmini23/teams (Caused by NameResolutionError(""HTTPSConnection(host='dkwieninvitational.calicotab.com', port=443): Failed to resolve 'dkwieninvitational.calicotab.com' ([Errno 8] nodename nor servname provided, or not known)""))",
jrktpd2024.calicotab.com,jrktpd2024,"failed: ConnectionError: HTTPSConnectionPool(host='jrktpd2024.calicotab.com', port=443): Max retries exceeded with url: /api/v1/tournaments/jrktpd2024/teams (Caused by NameResolutionError(""HTTPSConnection(host='jrktpd2024.calicotab.com', port=443): Failed to resolve 'jrktpd2024.calicotab.com' ([Errno 8] nodename nor servname provided, or not known)""))",
jrktpd2024.calicotab.com,jrktpd2025,"failed: ConnectionError: HTTPSConnectionPool(host='jrktpd2024.calicotab.com', port=443): Max retries exceeded with url: /api/v1/tournaments/jrktpd2025/teams (Caused by NameResolutionError(""HTTPSConnection(host='jrktpd2024.calicotab.com', port=443): Failed to resolve 'jrktpd2024.calicotab.com' ([Errno 8] nodename nor servname provided, or not known)""))",
doxbridge-1.calicotab.com,doxbridge,"failed: ConnectionError: HTTPSConnectionPool(host='doxbridge-1.calicotab.com', port=443): Max retries exceeded with url: /api/v1/tournaments/doxbridge/teams (Caused by NameResolutionError(""HTTPSConnection(host='doxbridge-1.calicotab.com', port=443): Failed to resolve 'doxbridge-1.calicotab.com' ([Errno 8] nodename nor servname provided, or not known)""))",
doxbridge-2.calicotab.com,doxbridge2,"failed: ConnectionError: HTTPSConnectionPool(host='doxbridge-2.calicotab.com', port=443): Max retries exceeded with url: /api/v1/tournaments/doxbridge2/teams (Caused by NameResolutionError(""HTTPSConnection(host='doxbridge-2.calicotab.com', port=443): Failed to resolve 'doxbridge-2.calicotab.com' ([Errno 8] nodename nor servname provided, or not known)""))",
doxbridge-3.calicotab.com,doxbridge3,"failed: ConnectionError: HTTPSConnectionPool(host='doxbridge-3.calicotab.com', port=443): Max retries exceeded with url: /api/v1/tournaments/doxbridge3/teams (Caused by NameResolutionError(""HTTPSConnection(host='doxbridge-3.calicotab.com', port=443): Failed to resolve 'doxbridge-3.calicotab.com' ([Errno 8] nodename nor servname provided, or not known)""))",
doxbridge-four.calicotab.com,doxbridge4,"failed: ConnectionError: HTTPSConnectionPool(host='doxbridge-four.calicotab.com', port=443): Max retries exceeded with url: /api/v1/tournaments/doxbridge4/teams (Caused by NameResolutionError(""HTTPSConnection(host='doxbridge-four.calicotab.com', port=443): Failed to resolve 'doxbridge-four.calicotab.com' ([Errno 8] nodename nor servname provided, or not known)""))",
doxbridge-prewudc.calicotab.com,prewudc,"failed: ConnectionError: HTTPSConnectionPool(host='doxbridge-prewudc.calicotab.com', port=443): Max retries exceeded with url: /api/v1/tournaments/prewudc/teams (Caused by NameResolutionError(""HTTPSConnection(host='doxbridge-prewudc.calicotab.com', port=443): Failed to resolve 'doxbridge-prewudc.calicotab.com' ([Errno 8] nodename nor servname provided, or not known)""))",
doxbridge-worlds.calicotab.com,east,"failed: ConnectionError: HTTPSConnectionPool(host='doxbridge-worlds.calicotab.com', port=443): Max retries exceeded with url: /api/v1/tournaments/east/teams (Caused by NameResolutionError(""HTTPSConnection(host='doxbridge-worlds.calicotab.com', port=443): Failed to resolve 'doxbridge-worlds.calicotab.com' ([Errno 8] nodename nor servname provided, or not known)""))",
doxbridge-worlds.calicotab.com,unified,"failed: ConnectionError: HTTPSConnectionPool(host='doxbridge-worlds.calicotab.com', port=443): Max retries exceeded with url: /api/v1/tournaments/unified/teams (Caused by NameResolutionError(""HTTPSConnection(host='doxbridge-worlds.calicotab.com', port=443): Failed to resolve 'doxbridge-worlds.calicotab.com' ([Errno 8] nodename nor servname provided, or not known)""))",
doxbridge-worlds.calicotab.com,west,"failed: ConnectionError: HTTPSConnectionPool(host='doxbridge-worlds.calicotab.com', port=443): Max retries exceeded with url: /api/v1/tournaments/west/teams (Caused by NameResolutionError(""HTTPSConnection(host='doxbridge-worlds.calicotab.com', port=443): Failed to resolve 'doxbridge-worlds.calicotab.com' ([Errno 8] nodename nor servname provided, or not known)""))",
drexelopen2023.calicotab.com,_,"failed: ConnectionError: HTTPSConnectionPool(host='drexelopen2023.calicotab.com', port=443): Max retries exceeded with url: /api/v1/tournaments/_/teams (Caused by NameResolutionError(""HTTPSConnection(host='drexelopen2023.calicotab.com', port=443): Failed to resolve 'drexelopen2023.calicotab.com' ([Errno 8] nodename nor servname provided, or not known)""))",
drexel2024.calicotab.com,drexel2024,"failed: ConnectionError: HTTPSConnectionPool(host='drexel2024.calicotab.com', port=443): Max retries exceeded with url: /api/v1/tournaments/drexel2024/teams (Caused by NameResolutionError(""HTTPSConnection(host='drexel2024.calicotab.com', port=443): Failed to resolve 'drexel2024.calicotab.com' ([Errno 8] nodename nor servname provided, or not known)""))",
drexelopen2025.calicotab.com,drexel25,"failed: ConnectionError: HTTPSConnectionPool(host='drexelopen2025.calicotab.com', port=443): Max retries exceeded with url: /api/v1/tournaments/drexel25/teams (Caused by NameResolutionError(""HTTPSConnection(host='drexelopen2025.calicotab.com', port=443): Failed to resolve 'drexelopen2025.calicotab.com' ([Errno 8] nodename nor servname provided, or not known)""))",
drexelopen2026.calicotab.com,_,"failed: ConnectionError: HTTPSConnectionPool(host='drexelopen2026.calicotab.com', port=443): Max retries exceeded with url: /api/v1/tournaments/_/teams (Caused by NameResolutionError(""HTTPSConnection(host='drexelopen2026.calicotab.com', port=443): Failed to resolve 'drexelopen2026.calicotab.com' ([Errno 8] nodename nor servname provided, or not known)""))",
drexelprewudc2025.calicotab.com,_,"failed: ConnectionError: HTTPSConnectionPool(host='drexelprewudc2025.calicotab.com', port=443): Max retries exceeded with url: /api/v1/tournaments/_/teams (Caused by NameResolutionError(""HTTPSConnection(host='drexelprewudc2025.calicotab.com', port=443): Failed to resolve 'drexelprewudc2025.calicotab.com' ([Errno 8] nodename nor servname provided, or not known)""))",
dsdc2021.calicotab.com,dsdc,"failed: ConnectionError: HTTPSConnectionPool(host='dsdc2021.calicotab.com', port=443): Max retries exceeded with url: /api/v1/tournaments/dsdc/teams (Caused by NameResolutionError(""HTTPSConnection(host='dsdc2021.calicotab.com', port=443): Failed to resolve 'dsdc2021.calicotab.com' ([Errno 8] nodename nor servname provided, or not known)""))",
dtumonsoons2024.calicotab.com,dtumonsoons2024,"failed: ConnectionError: HTTPSConnectionPool(host='dtumonsoons2024.calicotab.com', port=443): Max retries exceeded with url: /api/v1/tournaments/dtumonsoons2024/teams (Caused by NameResolutionError(""HTTPSConnection(host='dtumonsoons2024.calicotab.com', port=443): Failed to resolve 'dtumonsoons2024.calicotab.com' ([Errno 8] nodename nor servname provided, or not known)""))",
dtumonsoons2025.calicotab.com,dtumonsoons2025,"failed: ConnectionError: HTTPSConnectionPool(host='dtumonsoons2025.calicotab.com', port=443): Max retries exceeded with url: /api/v1/tournaments/dtumonsoons2025/teams (Caused by NameResolutionError(""HTTPSConnection(host='dtumonsoons2025.calicotab.com', port=443): Failed to resolve 'dtumonsoons2025.calicotab.com' ([Errno 8] nodename nor servname provided, or not known)""))",
dtumonsoons2026.calicotab.com,_,"failed: ConnectionError: HTTPSConnectionPool(host='dtumonsoons2026.calicotab.com', port=443): Max retries exceeded with url: /api/v1/tournaments/_/teams (Caused by NameResolutionError(""HTTPSConnection(host='dtumonsoons2026.calicotab.com', port=443): Failed to resolve 'dtumonsoons2026.calicotab.com' ([Errno 8] nodename nor servname provided, or not known)""))",
dtupd2021.calicotab.com,dtupd2021,"failed: ConnectionError: HTTPSConnectionPool(host='dtupd2021.calicotab.com', port=443): Max retries exceeded with url: /api/v1/tournaments/dtupd2021/teams (Caused by NameResolutionError(""HTTPSConnection(host='dtupd2021.calicotab.com', port=443): Failed to resolve 'dtupd2021.calicotab.com' ([Errno 8] nodename nor servname provided, or not known)""))",
dtupd2023.calicotab.com,dtupd2023,"failed: ConnectionError: HTTPSConnectionPool(host='dtupd2023.calicotab.com', port=443): Max retries exceeded with url: /api/v1/tournaments/dtupd2023/teams (Caused by NameResolutionError(""HTTPSConnection(host='dtupd2023.calicotab.com', port=443): Failed to resolve 'dtupd2023.calicotab.com' ([Errno 8] nodename nor servname provided, or not known)""))",
dtupd2024.calicotab.com,dtupd2024,"failed: ConnectionError: HTTPSConnectionPool(host='dtupd2024.calicotab.com', port=443): Max retries exceeded with url: /api/v1/tournaments/dtupd2024/teams (Caused by NameResolutionError(""HTTPSConnection(host='dtupd2024.calicotab.com', port=443): Failed to resolve 'dtupd2024.calicotab.com' ([Errno 8] nodename nor servname provided, or not known)""))",
dtupd25.calicotab.com,dtupd2025,"failed: ConnectionError: HTTPSConnectionPool(host='dtupd25.calicotab.com', port=443): Max retries exceeded with url: /api/v1/tournaments/dtupd2025/teams (Caused by NameResolutionError(""HTTPSConnection(host='dtupd25.calicotab.com', port=443): Failed to resolve 'dtupd25.calicotab.com' ([Errno 8] nodename nor servname provided, or not known)""))",
dtupreworlds2025.calicotab.com,dtupreworlds2025,"failed: ConnectionError: HTTPSConnectionPool(host='dtupreworlds2025.calicotab.com', port=443): Max retries exceeded with url: /api/v1/tournaments/dtupreworlds2025/teams (Caused by NameResolutionError(""HTTPSConnection(host='dtupreworlds2025.calicotab.com', port=443): Failed to resolve 'dtupreworlds2025.calicotab.com' ([Errno 8] nodename nor servname provided, or not known)""))",
duds.calicotab.com,du_nationals_iv25,"failed: ConnectionError: HTTPSConnectionPool(host='duds.calicotab.com', port=443): Max retries exceeded with url: /api/v1/tournaments/du_nationals_iv25/teams (Caused by NameResolutionError(""HTTPSConnection(host='duds.calicotab.com', port=443): Failed to resolve 'duds.calicotab.com' ([Errno 8] nodename nor servname provided, or not known)""))",
mukhtalif2025.calicotab.com,mukhtalif2026,"failed: ConnectionError: HTTPSConnectionPool(host='mukhtalif2025.calicotab.com', port=443): Max retries exceeded with url: /api/v1/tournaments/mukhtalif2026/teams (Caused by NameResolutionError(""HTTPSConnection(host='mukhtalif2025.calicotab.com', port=443): Failed to resolve 'mukhtalif2025.calicotab.com' ([Errno 8] nodename nor servname provided, or not known)""))",
7th-vitark.calicotab.com,vitark2022,"failed: ConnectionError: HTTPSConnectionPool(host='7th-vitark.calicotab.com', port=443): Max retries exceeded with url: /api/v1/tournaments/vitark2022/teams (Caused by NameResolutionError(""HTTPSConnection(host='7th-vitark.calicotab.com', port=443): Failed to resolve '7th-vitark.calicotab.com' ([Errno 8] nodename nor servname provided, or not known)""))",
vitark2024.calicotab.com,vitark2025,"failed: ConnectionError: HTTPSConnectionPool(host='vitark2024.calicotab.com', port=443): Max retries exceeded with url: /api/v1/tournaments/vitark2025/teams (Caused by NameResolutionError(""HTTPSConnection(host='vitark2024.calicotab.com', port=443): Failed to resolve 'vitark2024.calicotab.com' ([Errno 8] nodename nor servname provided, or not known)""))",
bhaavarth2024.calicotab.com,bhaavarthpd24,"failed: ConnectionError: HTTPSConnectionPool(host='bhaavarth2024.calicotab.com', port=443): Max retries exceeded with url: /api/v1/tournaments/bhaavarthpd24/teams (Caused by NameResolutionError(""HTTPSConnection(host='bhaavarth2024.calicotab.com', port=443): Failed to resolve 'bhaavarth2024.calicotab.com' ([Errno 8] nodename nor servname provided, or not known)""))",
bhaavarth2024.calicotab.com,bhaavarthpreWUDC,"failed: ConnectionError: HTTPSConnectionPool(host='bhaavarth2024.calicotab.com', port=443): Max retries exceeded with url: /api/v1/tournaments/bhaavarthpreWUDC/teams (Caused by NameResolutionError(""HTTPSConnection(host='bhaavarth2024.calicotab.com', port=443): Failed to resolve 'bhaavarth2024.calicotab.com' ([Errno 8] nodename nor servname provided, or not known)""))",
filibusterpd25.calicotab.com,filibusterpd25,"failed: ConnectionError: HTTPSConnectionPool(host='filibusterpd25.calicotab.com', port=443): Max retries exceeded with url: /api/v1/tournaments/filibusterpd25/teams (Caused by NameResolutionError(""HTTPSConnection(host='filibusterpd25.calicotab.com', port=443): Failed to resolve 'filibusterpd25.calicotab.com' ([Errno 8] nodename nor servname provided, or not known)""))",
manzar2022.calicotab.com,manzar2022,"failed: ConnectionError: HTTPSConnectionPool(host='manzar2022.calicotab.com', port=443): Max retries exceeded with url: /api/v1/tournaments/manzar2022/teams (Caused by NameResolutionError(""HTTPSConnection(host='manzar2022.calicotab.com', port=443): Failed to resolve 'manzar2022.calicotab.com' ([Errno 8] nodename nor servname provided, or not known)""))",
manzar2023.calicotab.com,manzar2023,"failed: ConnectionError: HTTPSConnectionPool(host='manzar2023.calicotab.com', port=443): Max retries exceeded with url: /api/v1/tournaments/manzar2023/teams (Caused by NameResolutionError(""HTTPSConnection(host='manzar2023.calicotab.com', port=443): Failed to resolve 'manzar2023.calicotab.com' ([Errno 8] nodename nor servname provided, or not known)""))",
manzar2024.calicotab.com,manzar2024,"failed: ConnectionError: HTTPSConnectionPool(host='manzar2024.calicotab.com', port=443): Max retries exceeded with url: /api/v1/tournaments/manzar2024/teams (Caused by NameResolutionError(""HTTPSConnection(host='manzar2024.calicotab.com', port=443): Failed to resolve 'manzar2024.calicotab.com' ([Errno 8] nodename nor servname provided, or not known)""))",
manzar.calicotab.com,Manzar,"failed: ConnectionError: HTTPSConnectionPool(host='manzar.calicotab.com', port=443): Max retries exceeded with url: /api/v1/tournaments/Manzar/teams (Caused by NameResolutionError(""HTTPSConnection(host='manzar.calicotab.com', port=443): Failed to resolve 'manzar.calicotab.com' ([Errno 8] nodename nor servname provided, or not known)""))",
manzar26.calicotab.com,Manzar_2026,"failed: ConnectionError: HTTPSConnectionPool(host='manzar26.calicotab.com', port=443): Max retries exceeded with url: /api/v1/tournaments/Manzar_2026/teams (Caused by NameResolutionError(""HTTPSConnection(host='manzar26.calicotab.com', port=443): Failed to resolve 'manzar26.calicotab.com' ([Errno 8] nodename nor servname provided, or not known)""))",
sbs.calicotab.com,sbsbpd22,"failed: ConnectionError: HTTPSConnectionPool(host='sbs.calicotab.com', port=443): Max retries exceeded with url: /api/v1/tournaments/sbsbpd22/teams (Caused by NameResolutionError(""HTTPSConnection(host='sbs.calicotab.com', port=443): Failed to resolve 'sbs.calicotab.com' ([Errno 8] nodename nor servname provided, or not known)""))",
sbs.calicotab.com,sbsbpd23,"failed: ConnectionError: HTTPSConnectionPool(host='sbs.calicotab.com', port=443): Max retries exceeded with url: /api/v1/tournaments/sbsbpd23/teams (Caused by NameResolutionError(""HTTPSConnection(host='sbs.calicotab.com', port=443): Failed to resolve 'sbs.calicotab.com' ([Errno 8] nodename nor servname provided, or not known)""))",
sbs.calicotab.com,sbsbpd24,"failed: ConnectionError: HTTPSConnectionPool(host='sbs.calicotab.com', port=443): Max retries exceeded with url: /api/v1/tournaments/sbsbpd24/teams (Caused by NameResolutionError(""HTTPSConnection(host='sbs.calicotab.com', port=443): Failed to resolve 'sbs.calicotab.com' ([Errno 8] nodename nor servname provided, or not known)""))",
sbs.calicotab.com,sbsbpd25,"failed: ConnectionError: HTTPSConnectionPool(host='sbs.calicotab.com', port=443): Max retries exceeded with url: /api/v1/tournaments/sbsbpd25/teams (Caused by NameResolutionError(""HTTPSConnection(host='sbs.calicotab.com', port=443): Failed to resolve 'sbs.calicotab.com' ([Errno 8] nodename nor servname provided, or not known)""))",
sbs.calicotab.com,sbsbpd26,"failed: ConnectionError: HTTPSConnectionPool(host='sbs.calicotab.com', port=443): Max retries exceeded with url: /api/v1/tournaments/sbsbpd26/teams (Caused by NameResolutionError(""HTTPSConnection(host='sbs.calicotab.com', port=443): Failed to resolve 'sbs.calicotab.com' ([Errno 8] nodename nor servname provided, or not known)""))",
logicia2026.calicotab.com,logicia2026,"failed: ConnectionError: HTTPSConnectionPool(host='logicia2026.calicotab.com', port=443): Max retries exceeded with url: /api/v1/tournaments/logicia2026/teams (Caused by NameResolutionError(""HTTPSConnection(host='logicia2026.calicotab.com', port=443): Failed to resolve 'logicia2026.calicotab.com' ([Errno 8] nodename nor servname provided, or not known)""))",
peoplespeak2024.calicotab.com,peoplespeak2024,"failed: ConnectionError: HTTPSConnectionPool(host='peoplespeak2024.calicotab.com', port=443): Max retries exceeded with url: /api/v1/tournaments/peoplespeak2024/teams (Caused by NameResolutionError(""HTTPSConnection(host='peoplespeak2024.calicotab.com', port=443): Failed to resolve 'peoplespeak2024.calicotab.com' ([Errno 8] nodename nor servname provided, or not known)""))",
peoplespeak2025.calicotab.com,peoplespeak2025,"failed: ConnectionError: HTTPSConnectionPool(host='peoplespeak2025.calicotab.com', port=443): Max retries exceeded with url: /api/v1/tournaments/peoplespeak2025/teams (Caused by NameResolutionError(""HTTPSConnection(host='peoplespeak2025.calicotab.com', port=443): Failed to resolve 'peoplespeak2025.calicotab.com' ([Errno 8] nodename nor servname provided, or not known)""))",
rifaaqat.calicotab.com,_,"failed: ConnectionError: HTTPSConnectionPool(host='rifaaqat.calicotab.com', port=443): Max retries exceeded with url: /api/v1/tournaments/_/teams (Caused by NameResolutionError(""HTTPSConnection(host='rifaaqat.calicotab.com', port=443): Failed to resolve 'rifaaqat.calicotab.com' ([Errno 8] nodename nor servname provided, or not known)""))",
dukeopen2022.calicotab.com,duke2022,"failed: ConnectionError: HTTPSConnectionPool(host='dukeopen2022.calicotab.com', port=443): Max retries exceeded with url: /api/v1/tournaments/duke2022/teams (Caused by NameResolutionError(""HTTPSConnection(host='dukeopen2022.calicotab.com', port=443): Failed to resolve 'dukeopen2022.calicotab.com' ([Errno 8] nodename nor servname provided, or not known)""))",
durhamiv2021.calicotab.com,iv,"failed: ConnectionError: HTTPSConnectionPool(host='durhamiv2021.calicotab.com', port=443): Max retries exceeded with url: /api/v1/tournaments/iv/teams (Caused by NameResolutionError(""HTTPSConnection(host='durhamiv2021.calicotab.com', port=443): Failed to resolve 'durhamiv2021.calicotab.com' ([Errno 8] nodename nor servname provided, or not known)""))",
durhamiv2022.calicotab.com,_,"failed: ConnectionError: HTTPSConnectionPool(host='durhamiv2022.calicotab.com', port=443): Max retries exceeded with url: /api/v1/tournaments/_/teams (Caused by NameResolutionError(""HTTPSConnection(host='durhamiv2022.calicotab.com', port=443): Failed to resolve 'durhamiv2022.calicotab.com' ([Errno 8] nodename nor servname provided, or not known)""))",
durhamiv2023.calicotab.com,durhamiv2023,"failed: ConnectionError: HTTPSConnectionPool(host='durhamiv2023.calicotab.com', port=443): Max retries exceeded with url: /api/v1/tournaments/durhamiv2023/teams (Caused by NameResolutionError(""HTTPSConnection(host='durhamiv2023.calicotab.com', port=443): Failed to resolve 'durhamiv2023.calicotab.com' ([Errno 8] nodename nor servname provided, or not known)""))",
durhamiv2024.calicotab.com,durhamiv2024,"failed: ConnectionError: HTTPSConnectionPool(host='durhamiv2024.calicotab.com', port=443): Max retries exceeded with url: /api/v1/tournaments/durhamiv2024/teams (Caused by NameResolutionError(""HTTPSConnection(host='durhamiv2024.calicotab.com', port=443): Failed to resolve 'durhamiv2024.calicotab.com' ([Errno 8] nodename nor servname provided, or not known)""))",
durhamiv2025.calicotab.com,durhamiv2025,"failed: ConnectionError: HTTPSConnectionPool(host='durhamiv2025.calicotab.com', port=443): Max retries exceeded with url: /api/v1/tournaments/durhamiv2025/teams (Caused by NameResolutionError(""HTTPSConnection(host='durhamiv2025.calicotab.com', port=443): Failed to resolve 'durhamiv2025.calicotab.com' ([Errno 8] nodename nor servname provided, or not known)""))",
ddl2024.calicotab.com,DDL,"failed: ConnectionError: HTTPSConnectionPool(host='ddl2024.calicotab.com', port=443): Max retries exceeded with url: /api/v1/tournaments/DDL/teams (Caused by NameResolutionError(""HTTPSConnection(host='ddl2024.calicotab.com', port=443): Failed to resolve 'ddl2024.calicotab.com' ([Errno 8] nodename nor servname provided, or not known)""))",
ddl2025.calicotab.com,DDL25,"failed: ConnectionError: HTTPSConnectionPool(host='ddl2025.calicotab.com', port=443): Max retries exceeded with url: /api/v1/tournaments/DDL25/teams (Caused by NameResolutionError(""HTTPSConnection(host='ddl2025.calicotab.com', port=443): Failed to resolve 'ddl2025.calicotab.com' ([Errno 8] nodename nor servname provided, or not known)""))",
earlsfortopen2021.calicotab.com,earlsfortopen2021,"failed: ConnectionError: HTTPSConnectionPool(host='earlsfortopen2021.calicotab.com', port=443): Max retries exceeded with url: /api/v1/tournaments/earlsfortopen2021/teams (Caused by NameResolutionError(""HTTPSConnection(host='earlsfortopen2021.calicotab.com', port=443): Failed to resolve 'earlsfortopen2021.calicotab.com' ([Errno 8] nodename nor servname provided, or not known)""))",
earlsfort2023.calicotab.com,_,"failed: ConnectionError: HTTPSConnectionPool(host='earlsfort2023.calicotab.com', port=443): Max retries exceeded with url: /api/v1/tournaments/_/teams (Caused by NameResolutionError(""HTTPSConnection(host='earlsfort2023.calicotab.com', port=443): Failed to resolve 'earlsfort2023.calicotab.com' ([Errno 8] nodename nor servname provided, or not known)""))",
earlsfort2024.calicotab.com,earslfort2024,"failed: ConnectionError: HTTPSConnectionPool(host='earlsfort2024.calicotab.com', port=443): Max retries exceeded with url: /api/v1/tournaments/earslfort2024/teams (Caused by NameResolutionError(""HTTPSConnection(host='earlsfort2024.calicotab.com', port=443): Failed to resolve 'earlsfort2024.calicotab.com' ([Errno 8] nodename nor servname provided, or not known)""))",
earlsfortopen2025.calicotab.com,earlsfortopen2025,"failed: ConnectionError: HTTPSConnectionPool(host='earlsfortopen2025.calicotab.com', port=443): Max retries exceeded with url: /api/v1/tournaments/earlsfortopen2025/teams (Caused by NameResolutionError(""HTTPSConnection(host='earlsfortopen2025.calicotab.com', port=443): Failed to resolve 'earlsfortopen2025.calicotab.com' ([Errno 8] nodename nor servname provided, or not known)""))",
eaudc24.calicotab.com,eaudc24,"failed: ConnectionError: HTTPSConnectionPool(host='eaudc24.calicotab.com', port=443): Max retries exceeded with url: /api/v1/tournaments/eaudc24/teams (Caused by NameResolutionError(""HTTPSConnection(host='eaudc24.calicotab.com', port=443): Failed to resolve 'eaudc24.calicotab.com' ([Errno 8] nodename nor servname provided, or not known)""))",
pratijjav19.calicotab.com,EastIndiaPre-Worlds,"failed: ConnectionError: HTTPSConnectionPool(host='pratijjav19.calicotab.com', port=443): Max retries exceeded with url: /api/v1/tournaments/EastIndiaPre-Worlds/teams (Caused by NameResolutionError(""HTTPSConnection(host='pratijjav19.calicotab.com', port=443): Failed to resolve 'pratijjav19.calicotab.com' ([Errno 8] nodename nor servname provided, or not known)""))",
muhib.calicotab.com,EMO,"failed: ConnectionError: HTTPSConnectionPool(host='muhib.calicotab.com', port=443): Max retries exceeded with url: /api/v1/tournaments/EMO/teams (Caused by NameResolutionError(""HTTPSConnection(host='muhib.calicotab.com', port=443): Failed to resolve 'muhib.calicotab.com' ([Errno 8] nodename nor servname provided, or not known)""))",
debatefoster.calicotab.com,ecoiv2024,"failed: ConnectionError: HTTPSConnectionPool(host='debatefoster.calicotab.com', port=443): Max retries exceeded with url: /api/v1/tournaments/ecoiv2024/teams (Caused by NameResolutionError(""HTTPSConnection(host='debatefoster.calicotab.com', port=443): Failed to resolve 'debatefoster.calicotab.com' ([Errno 8] nodename nor servname provided, or not known)""))",
tabtastic.calicotab.com,econopen,"failed: ConnectionError: HTTPSConnectionPool(host='tabtastic.calicotab.com', port=443): Max retries exceeded with url: /api/v1/tournaments/econopen/teams (Caused by NameResolutionError(""HTTPSConnection(host='tabtastic.calicotab.com', port=443): Failed to resolve 'tabtastic.calicotab.com' ([Errno 8] nodename nor servname provided, or not known)""))",
edinburgh.calicotab.com,edcup22,"failed: ConnectionError: HTTPSConnectionPool(host='edinburgh.calicotab.com', port=443): Max retries exceeded with url: /api/v1/tournaments/edcup22/teams (Caused by NameResolutionError(""HTTPSConnection(host='edinburgh.calicotab.com', port=443): Failed to resolve 'edinburgh.calicotab.com' ([Errno 8] nodename nor servname provided, or not known)""))",
edcup23.calicotab.com,edcup23,"failed: ConnectionError: HTTPSConnectionPool(host='edcup23.calicotab.com', port=443): Max retries exceeded with url: /api/v1/tournaments/edcup23/teams (Caused by NameResolutionError(""HTTPSConnection(host='edcup23.calicotab.com', port=443): Failed to resolve 'edcup23.calicotab.com' ([Errno 8] nodename nor servname provided, or not known)""))",
edicup2024.calicotab.com,EdCup2024,"failed: ConnectionError: HTTPSConnectionPool(host='edicup2024.calicotab.com', port=443): Max retries exceeded with url: /api/v1/tournaments/EdCup2024/teams (Caused by NameResolutionError(""HTTPSConnection(host='edicup2024.calicotab.com', port=443): Failed to resolve 'edicup2024.calicotab.com' ([Errno 8] nodename nor servname provided, or not known)""))",
edcup25.calicotab.com,_,"failed: ConnectionError: HTTPSConnectionPool(host='edcup25.calicotab.com', port=443): Max retries exceeded with url: /api/v1/tournaments/_/teams (Caused by NameResolutionError(""HTTPSConnection(host='edcup25.calicotab.com', port=443): Failed to resolve 'edcup25.calicotab.com' ([Errno 8] nodename nor servname provided, or not known)""))",
ednn.calicotab.com,EdNN,"failed: ConnectionError: HTTPSConnectionPool(host='ednn.calicotab.com', port=443): Max retries exceeded with url: /api/v1/tournaments/EdNN/teams (Caused by NameResolutionError(""HTTPSConnection(host='ednn.calicotab.com', port=443): Failed to resolve 'ednn.calicotab.com' ([Errno 8] nodename nor servname provided, or not known)""))",
edidebates.calicotab.com,edopen23,"failed: ConnectionError: HTTPSConnectionPool(host='edidebates.calicotab.com', port=443): Max retries exceeded with url: /api/v1/tournaments/edopen23/teams (Caused by NameResolutionError(""HTTPSConnection(host='edidebates.calicotab.com', port=443): Failed to resolve 'edidebates.calicotab.com' ([Errno 8] nodename nor servname provided, or not known)""))",
muhib.calicotab.com,EduceDisdcDebte,"failed: ConnectionError: HTTPSConnectionPool(host='muhib.calicotab.com', port=443): Max retries exceeded with url: /api/v1/tournaments/EduceDisdcDebte/teams (Caused by NameResolutionError(""HTTPSConnection(host='muhib.calicotab.com', port=443): Failed to resolve 'muhib.calicotab.com' ([Errno 8] nodename nor servname provided, or not known)""))",
eindhovenopen2025.calicotab.com,EindhovenOpen2025,"failed: ConnectionError: HTTPSConnectionPool(host='eindhovenopen2025.calicotab.com', port=443): Max retries exceeded with url: /api/v1/tournaments/EindhovenOpen2025/teams (Caused by NameResolutionError(""HTTPSConnection(host='eindhovenopen2025.calicotab.com', port=443): Failed to resolve 'eindhovenopen2025.calicotab.com' ([Errno 8] nodename nor servname provided, or not known)""))",
summerwars2022.calicotab.com,EVC2024,"failed: ConnectionError: HTTPSConnectionPool(host='summerwars2022.calicotab.com', port=443): Max retries exceeded with url: /api/v1/tournaments/EVC2024/teams (Caused by NameResolutionError(""HTTPSConnection(host='summerwars2022.calicotab.com', port=443): Failed to resolve 'summerwars2022.calicotab.com' ([Errno 8] nodename nor servname provided, or not known)""))",
inspired.calicotab.com,empire2026,"failed: ConnectionError: HTTPSConnectionPool(host='inspired.calicotab.com', port=443): Max retries exceeded with url: /api/v1/tournaments/empire2026/teams (Caused by NameResolutionError(""HTTPSConnection(host='inspired.calicotab.com', port=443): Failed to resolve 'inspired.calicotab.com' ([Errno 8] nodename nor servname provided, or not known)""))",
enbp2024.calicotab.com,enbp2024,"failed: ConnectionError: HTTPSConnectionPool(host='enbp2024.calicotab.com', port=443): Max retries exceeded with url: /api/v1/tournaments/enbp2024/teams (Caused by NameResolutionError(""HTTPSConnection(host='enbp2024.calicotab.com', port=443): Failed to resolve 'enbp2024.calicotab.com' ([Errno 8] nodename nor servname provided, or not known)""))",
erasmusnovice2023.calicotab.com,ErasmusNovice2023,"failed: ConnectionError: HTTPSConnectionPool(host='erasmusnovice2023.calicotab.com', port=443): Max retries exceeded with url: /api/v1/tournaments/ErasmusNovice2023/teams (Caused by NameResolutionError(""HTTPSConnection(host='erasmusnovice2023.calicotab.com', port=443): Failed to resolve 'erasmusnovice2023.calicotab.com' ([Errno 8] nodename nor servname provided, or not known)""))",
ero2023.calicotab.com,_,"failed: ConnectionError: HTTPSConnectionPool(host='ero2023.calicotab.com', port=443): Max retries exceeded with url: /api/v1/tournaments/_/teams (Caused by NameResolutionError(""HTTPSConnection(host='ero2023.calicotab.com', port=443): Failed to resolve 'ero2023.calicotab.com' ([Errno 8] nodename nor servname provided, or not known)""))",
ero2024.calicotab.com,ERO2024,"failed: ConnectionError: HTTPSConnectionPool(host='ero2024.calicotab.com', port=443): Max retries exceeded with url: /api/v1/tournaments/ERO2024/teams (Caused by NameResolutionError(""HTTPSConnection(host='ero2024.calicotab.com', port=443): Failed to resolve 'ero2024.calicotab.com' ([Errno 8] nodename nor servname provided, or not known)""))",
dialectica.calicotab.com,Eristic2024,"failed: ConnectionError: HTTPSConnectionPool(host='dialectica.calicotab.com', port=443): Max retries exceeded with url: /api/v1/tournaments/Eristic2024/teams (Caused by NameResolutionError(""HTTPSConnection(host='dialectica.calicotab.com', port=443): Failed to resolve 'dialectica.calicotab.com' ([Errno 8] nodename nor servname provided, or not known)""))",
argument.calicotab.com,BPpro-am2023,"failed: ConnectionError: HTTPSConnectionPool(host='argument.calicotab.com', port=443): Max retries exceeded with url: /api/v1/tournaments/BPpro-am2023/teams (Caused by NameResolutionError(""HTTPSConnection(host='argument.calicotab.com', port=443): Failed to resolve 'argument.calicotab.com' ([Errno 8] nodename nor servname provided, or not known)""))",
argument.calicotab.com,bpproam2025,"failed: ConnectionError: HTTPSConnectionPool(host='argument.calicotab.com', port=443): Max retries exceeded with url: /api/v1/tournaments/bpproam2025/teams (Caused by NameResolutionError(""HTTPSConnection(host='argument.calicotab.com', port=443): Failed to resolve 'argument.calicotab.com' ([Errno 8] nodename nor servname provided, or not known)""))",
argument.calicotab.com,suveaka2025eng,"failed: ConnectionError: HTTPSConnectionPool(host='argument.calicotab.com', port=443): Max retries exceeded with url: /api/v1/tournaments/suveaka2025eng/teams (Caused by NameResolutionError(""HTTPSConnection(host='argument.calicotab.com', port=443): Failed to resolve 'argument.calicotab.com' ([Errno 8] nodename nor servname provided, or not known)""))",
eudc2020.calicotab.com,eudc2020,"failed: ConnectionError: HTTPSConnectionPool(host='eudc2020.calicotab.com', port=443): Max retries exceeded with url: /api/v1/tournaments/eudc2020/teams (Caused by NameResolutionError(""HTTPSConnection(host='eudc2020.calicotab.com', port=443): Failed to resolve 'eudc2020.calicotab.com' ([Errno 8] nodename nor servname provided, or not known)""))",
eudc2021.calicotab.com,eudc2021,"failed: ConnectionError: HTTPSConnectionPool(host='eudc2021.calicotab.com', port=443): Max retries exceeded with url: /api/v1/tournaments/eudc2021/teams (Caused by NameResolutionError(""HTTPSConnection(host='eudc2021.calicotab.com', port=443): Failed to resolve 'eudc2021.calicotab.com' ([Errno 8] nodename nor servname provided, or not known)""))",
eudc2022.calicotab.com,eudc2022,"failed: ConnectionError: HTTPSConnectionPool(host='eudc2022.calicotab.com', port=443): Max retries exceeded with url: /api/v1/tournaments/eudc2022/teams (Caused by NameResolutionError(""HTTPSConnection(host='eudc2022.calicotab.com', port=443): Failed to resolve 'eudc2022.calicotab.com' ([Errno 8] nodename nor servname provided, or not known)""))",
eudc2023.calicotab.com,_,"failed: ConnectionError: HTTPSConnectionPool(host='eudc2023.calicotab.com', port=443): Max retries exceeded with url: /api/v1/tournaments/_/teams (Caused by NameResolutionError(""HTTPSConnection(host='eudc2023.calicotab.com', port=443): Failed to resolve 'eudc2023.calicotab.com' ([Errno 8] nodename nor servname provided, or not known)""))",
eudc2024.calicotab.com,_,"failed: ConnectionError: HTTPSConnectionPool(host='eudc2024.calicotab.com', port=443): Max retries exceeded with url: /api/v1/tournaments/_/teams (Caused by NameResolutionError(""HTTPSConnection(host='eudc2024.calicotab.com', port=443): Failed to resolve 'eudc2024.calicotab.com' ([Errno 8] nodename nor servname provided, or not known)""))",
eudc2025.calicotab.com,_,"failed: ConnectionError: HTTPSConnectionPool(host='eudc2025.calicotab.com', port=443): Max retries exceeded with url: /api/v1/tournaments/_/teams (Caused by NameResolutionError(""HTTPSConnection(host='eudc2025.calicotab.com', port=443): Failed to resolve 'eudc2025.calicotab.com' ([Errno 8] nodename nor servname provided, or not known)""))",
eudc2026.calicotab.com,_,"failed: ConnectionError: HTTPSConnectionPool(host='eudc2026.calicotab.com', port=443): Max retries exceeded with url: /api/v1/tournaments/_/teams (Caused by NameResolutionError(""HTTPSConnection(host='eudc2026.calicotab.com', port=443): Failed to resolve 'eudc2026.calicotab.com' ([Errno 8] nodename nor servname provided, or not known)""))",
tabtastic.calicotab.com,eudcchallenge2021,"failed: ConnectionError: HTTPSConnectionPool(host='tabtastic.calicotab.com', port=443): Max retries exceeded with url: /api/v1/tournaments/eudcchallenge2021/teams (Caused by NameResolutionError(""HTTPSConnection(host='tabtastic.calicotab.com', port=443): Failed to resolve 'tabtastic.calicotab.com' ([Errno 8] nodename nor servname provided, or not known)""))",
zhmasud.calicotab.com,euphorianoviceopen,"failed: ConnectionError: HTTPSConnectionPool(host='zhmasud.calicotab.com', port=443): Max retries exceeded with url: /api/v1/tournaments/euphorianoviceopen/teams (Caused by NameResolutionError(""HTTPSConnection(host='zhmasud.calicotab.com', port=443): Failed to resolve 'zhmasud.calicotab.com' ([Errno 8] nodename nor servname provided, or not known)""))",
europeanroundrobin26.calicotab.com,err26,"failed: ConnectionError: HTTPSConnectionPool(host='europeanroundrobin26.calicotab.com', port=443): Max retries exceeded with url: /api/v1/tournaments/err26/teams (Caused by NameResolutionError(""HTTPSConnection(host='europeanroundrobin26.calicotab.com', port=443): Failed to resolve 'europeanroundrobin26.calicotab.com' ([Errno 8] nodename nor servname provided, or not known)""))",
exeinv2025.calicotab.com,ExeInv2025,"failed: ConnectionError: HTTPSConnectionPool(host='exeinv2025.calicotab.com', port=443): Max retries exceeded with url: /api/v1/tournaments/ExeInv2025/teams (Caused by NameResolutionError(""HTTPSConnection(host='exeinv2025.calicotab.com', port=443): Failed to resolve 'exeinv2025.calicotab.com' ([Errno 8] nodename nor servname provided, or not known)""))",
exeteropen2024.calicotab.com,exeteropen2024,"failed: ConnectionError: HTTPSConnectionPool(host='exeteropen2024.calicotab.com', port=443): Max retries exceeded with url: /api/v1/tournaments/exeteropen2024/teams (Caused by NameResolutionError(""HTTPSConnection(host='exeteropen2024.calicotab.com', port=443): Failed to resolve 'exeteropen2024.calicotab.com' ([Errno 8] nodename nor servname provided, or not known)""))",
exeteropen2025.calicotab.com,exeteropen2025,"failed: ConnectionError: HTTPSConnectionPool(host='exeteropen2025.calicotab.com', port=443): Max retries exceeded with url: /api/v1/tournaments/exeteropen2025/teams (Caused by NameResolutionError(""HTTPSConnection(host='exeteropen2025.calicotab.com', port=443): Failed to resolve 'exeteropen2025.calicotab.com' ([Errno 8] nodename nor servname provided, or not known)""))",
exeteropen2026.calicotab.com,exeter2026,"failed: ConnectionError: HTTPSConnectionPool(host='exeteropen2026.calicotab.com', port=443): Max retries exceeded with url: /api/v1/tournaments/exeter2026/teams (Caused by NameResolutionError(""HTTPSConnection(host='exeteropen2026.calicotab.com', port=443): Failed to resolve 'exeteropen2026.calicotab.com' ([Errno 8] nodename nor servname provided, or not known)""))",
fastiv25.calicotab.com,fastivkhi25,"failed: ConnectionError: HTTPSConnectionPool(host='fastiv25.calicotab.com', port=443): Max retries exceeded with url: /api/v1/tournaments/fastivkhi25/teams (Caused by NameResolutionError(""HTTPSConnection(host='fastiv25.calicotab.com', port=443): Failed to resolve 'fastiv25.calicotab.com' ([Errno 8] nodename nor servname provided, or not known)""))",
guindon2024.calicotab.com,guindon2024,"failed: ConnectionError: HTTPSConnectionPool(host='guindon2024.calicotab.com', port=443): Max retries exceeded with url: /api/v1/tournaments/guindon2024/teams (Caused by NameResolutionError(""HTTPSConnection(host='guindon2024.calicotab.com', port=443): Failed to resolve 'guindon2024.calicotab.com' ([Errno 8] nodename nor servname provided, or not known)""))",
bigboi.calicotab.com,fhdoxbbo-bp,"failed: ConnectionError: HTTPSConnectionPool(host='bigboi.calicotab.com', port=443): Max retries exceeded with url: /api/v1/tournaments/fhdoxbbo-bp/teams (Caused by NameResolutionError(""HTTPSConnection(host='bigboi.calicotab.com', port=443): Failed to resolve 'bigboi.calicotab.com' ([Errno 8] nodename nor servname provided, or not known)""))",
fsopen2023.calicotab.com,FSO2023,"failed: ConnectionError: HTTPSConnectionPool(host='fsopen2023.calicotab.com', port=443): Max retries exceeded with url: /api/v1/tournaments/FSO2023/teams (Caused by NameResolutionError(""HTTPSConnection(host='fsopen2023.calicotab.com', port=443): Failed to resolve 'fsopen2023.calicotab.com' ([Errno 8] nodename nor servname provided, or not known)""))",
tshi.calicotab.com,fsopen2024,"failed: ConnectionError: HTTPSConnectionPool(host='tshi.calicotab.com', port=443): Max retries exceeded with url: /api/v1/tournaments/fsopen2024/teams (Caused by NameResolutionError(""HTTPSConnection(host='tshi.calicotab.com', port=443): Failed to resolve 'tshi.calicotab.com' ([Errno 8] nodename nor servname provided, or not known)""))",
tshi.calicotab.com,fsiv2025,"failed: ConnectionError: HTTPSConnectionPool(host='tshi.calicotab.com', port=443): Max retries exceeded with url: /api/v1/tournaments/fsiv2025/teams (Caused by NameResolutionError(""HTTPSConnection(host='tshi.calicotab.com', port=443): Failed to resolve 'tshi.calicotab.com' ([Errno 8] nodename nor servname provided, or not known)""))",
inspired.calicotab.com,ADSL25,"failed: ConnectionError: HTTPSConnectionPool(host='inspired.calicotab.com', port=443): Max retries exceeded with url: /api/v1/tournaments/ADSL25/teams (Caused by NameResolutionError(""HTTPSConnection(host='inspired.calicotab.com', port=443): Failed to resolve 'inspired.calicotab.com' ([Errno 8] nodename nor servname provided, or not known)""))",
gareebpreabp.calicotab.com,gareebpreabp2026,"failed: ConnectionError: HTTPSConnectionPool(host='gareebpreabp.calicotab.com', port=443): Max retries exceeded with url: /api/v1/tournaments/gareebpreabp2026/teams (Caused by NameResolutionError(""HTTPSConnection(host='gareebpreabp.calicotab.com', port=443): Failed to resolve 'gareebpreabp.calicotab.com' ([Errno 8] nodename nor servname provided, or not known)""))",
lucien.calicotab.com,GO2025,"failed: ConnectionError: HTTPSConnectionPool(host='lucien.calicotab.com', port=443): Max retries exceeded with url: /api/v1/tournaments/GO2025/teams (Caused by NameResolutionError(""HTTPSConnection(host='lucien.calicotab.com', port=443): Failed to resolve 'lucien.calicotab.com' ([Errno 8] nodename nor servname provided, or not known)""))",
gndc2025.calicotab.com,gndc25,"failed: ConnectionError: HTTPSConnectionPool(host='gndc2025.calicotab.com', port=443): Max retries exceeded with url: /api/v1/tournaments/gndc25/teams (Caused by NameResolutionError(""HTTPSConnection(host='gndc2025.calicotab.com', port=443): Failed to resolve 'gndc2025.calicotab.com' ([Errno 8] nodename nor servname provided, or not known)""))",
gudc2022.calicotab.com,GUDC2022,"failed: ConnectionError: HTTPSConnectionPool(host='gudc2022.calicotab.com', port=443): Max retries exceeded with url: /api/v1/tournaments/GUDC2022/teams (Caused by NameResolutionError(""HTTPSConnection(host='gudc2022.calicotab.com', port=443): Failed to resolve 'gudc2022.calicotab.com' ([Errno 8] nodename nor servname provided, or not known)""))",
knustgudc23.calicotab.com,gudc23,"failed: ConnectionError: HTTPSConnectionPool(host='knustgudc23.calicotab.com', port=443): Max retries exceeded with url: /api/v1/tournaments/gudc23/teams (Caused by NameResolutionError(""HTTPSConnection(host='knustgudc23.calicotab.com', port=443): Failed to resolve 'knustgudc23.calicotab.com' ([Errno 8] nodename nor servname provided, or not known)""))",
gudc24.calicotab.com,gudc2024,"failed: ConnectionError: HTTPSConnectionPool(host='gudc24.calicotab.com', port=443): Max retries exceeded with url: /api/v1/tournaments/gudc2024/teams (Caused by NameResolutionError(""HTTPSConnection(host='gudc24.calicotab.com', port=443): Failed to resolve 'gudc24.calicotab.com' ([Errno 8] nodename nor servname provided, or not known)""))",
ghnationals.calicotab.com,gudc2025,"failed: ConnectionError: HTTPSConnectionPool(host='ghnationals.calicotab.com', port=443): Max retries exceeded with url: /api/v1/tournaments/gudc2025/teams (Caused by NameResolutionError(""HTTPSConnection(host='ghnationals.calicotab.com', port=443): Failed to resolve 'ghnationals.calicotab.com' ([Errno 8] nodename nor servname provided, or not known)""))",
gikiiv2026.calicotab.com,gikiiv26,"failed: ConnectionError: HTTPSConnectionPool(host='gikiiv2026.calicotab.com', port=443): Max retries exceeded with url: /api/v1/tournaments/gikiiv26/teams (Caused by NameResolutionError(""HTTPSConnection(host='gikiiv2026.calicotab.com', port=443): Failed to resolve 'gikiiv2026.calicotab.com' ([Errno 8] nodename nor servname provided, or not known)""))",
gik.calicotab.com,pre-wudc-2025,"failed: ConnectionError: HTTPSConnectionPool(host='gik.calicotab.com', port=443): Max retries exceeded with url: /api/v1/tournaments/pre-wudc-2025/teams (Caused by NameResolutionError(""HTTPSConnection(host='gik.calicotab.com', port=443): Failed to resolve 'gik.calicotab.com' ([Errno 8] nodename nor servname provided, or not known)""))",
glasgowancients2022.calicotab.com,2022,"failed: ConnectionError: HTTPSConnectionPool(host='glasgowancients2022.calicotab.com', port=443): Max retries exceeded with url: /api/v1/tournaments/2022/teams (Caused by NameResolutionError(""HTTPSConnection(host='glasgowancients2022.calicotab.com', port=443): Failed to resolve 'glasgowancients2022.calicotab.com' ([Errno 8] nodename nor servname provided, or not known)""))",
guu2023.calicotab.com,ancients2023,"failed: ConnectionError: HTTPSConnectionPool(host='guu2023.calicotab.com', port=443): Max retries exceeded with url: /api/v1/tournaments/ancients2023/teams (Caused by NameResolutionError(""HTTPSConnection(host='guu2023.calicotab.com', port=443): Failed to resolve 'guu2023.calicotab.com' ([Errno 8] nodename nor servname provided, or not known)""))",
glasgowancients24.calicotab.com,_,"failed: ConnectionError: HTTPSConnectionPool(host='glasgowancients24.calicotab.com', port=443): Max retries exceeded with url: /api/v1/tournaments/_/teams (Caused by NameResolutionError(""HTTPSConnection(host='glasgowancients24.calicotab.com', port=443): Failed to resolve 'glasgowancients24.calicotab.com' ([Errno 8] nodename nor servname provided, or not known)""))",
glasgowancients2025.calicotab.com,glasgowancients2025,"failed: ConnectionError: HTTPSConnectionPool(host='glasgowancients2025.calicotab.com', port=443): Max retries exceeded with url: /api/v1/tournaments/glasgowancients2025/teams (Caused by NameResolutionError(""HTTPSConnection(host='glasgowancients2025.calicotab.com', port=443): Failed to resolve 'glasgowancients2025.calicotab.com' ([Errno 8] nodename nor servname provided, or not known)""))",
glasgowancients2026.calicotab.com,glasgowancients2026,"failed: ConnectionError: HTTPSConnectionPool(host='glasgowancients2026.calicotab.com', port=443): Max retries exceeded with url: /api/v1/tournaments/glasgowancients2026/teams (Caused by NameResolutionError(""HTTPSConnection(host='glasgowancients2026.calicotab.com', port=443): Failed to resolve 'glasgowancients2026.calicotab.com' ([Errno 8] nodename nor servname provided, or not known)""))",
summercup2022.calicotab.com,_,"failed: ConnectionError: HTTPSConnectionPool(host='summercup2022.calicotab.com', port=443): Max retries exceeded with url: /api/v1/tournaments/_/teams (Caused by NameResolutionError(""HTTPSConnection(host='summercup2022.calicotab.com', port=443): Failed to resolve 'summercup2022.calicotab.com' ([Errno 8] nodename nor servname provided, or not known)""))",
glasgowsummer2023.calicotab.com,_,"failed: ConnectionError: HTTPSConnectionPool(host='glasgowsummer2023.calicotab.com', port=443): Max retries exceeded with url: /api/v1/tournaments/_/teams (Caused by NameResolutionError(""HTTPSConnection(host='glasgowsummer2023.calicotab.com', port=443): Failed to resolve 'glasgowsummer2023.calicotab.com' ([Errno 8] nodename nor servname provided, or not known)""))",
glasgowsummer2024.calicotab.com,_,"failed: ConnectionError: HTTPSConnectionPool(host='glasgowsummer2024.calicotab.com', port=443): Max retries exceeded with url: /api/v1/tournaments/_/teams (Caused by NameResolutionError(""HTTPSConnection(host='glasgowsummer2024.calicotab.com', port=443): Failed to resolve 'glasgowsummer2024.calicotab.com' ([Errno 8] nodename nor servname provided, or not known)""))",
glasgowsummercup2025.calicotab.com,glasgowsummercup2025,"failed: ConnectionError: HTTPSConnectionPool(host='glasgowsummercup2025.calicotab.com', port=443): Max retries exceeded with url: /api/v1/tournaments/glasgowsummercup2025/teams (Caused by NameResolutionError(""HTTPSConnection(host='glasgowsummercup2025.calicotab.com', port=443): Failed to resolve 'glasgowsummercup2025.calicotab.com' ([Errno 8] nodename nor servname provided, or not known)""))",
glasgowsummercup2026.calicotab.com,glasgowsummercup2026,"failed: ConnectionError: HTTPSConnectionPool(host='glasgowsummercup2026.calicotab.com', port=443): Max retries exceeded with url: /api/v1/tournaments/glasgowsummercup2026/teams (Caused by NameResolutionError(""HTTPSConnection(host='glasgowsummercup2026.calicotab.com', port=443): Failed to resolve 'glasgowsummercup2026.calicotab.com' ([Errno 8] nodename nor servname provided, or not known)""))",
glc2021.calicotab.com,glc2021,"failed: ConnectionError: HTTPSConnectionPool(host='glc2021.calicotab.com', port=443): Max retries exceeded with url: /api/v1/tournaments/glc2021/teams (Caused by NameResolutionError(""HTTPSConnection(host='glc2021.calicotab.com', port=443): Failed to resolve 'glc2021.calicotab.com' ([Errno 8] nodename nor servname provided, or not known)""))",
theglcdebate.calicotab.com,theglcdebate2023,"failed: ConnectionError: HTTPSConnectionPool(host='theglcdebate.calicotab.com', port=443): Max retries exceeded with url: /api/v1/tournaments/theglcdebate2023/teams (Caused by NameResolutionError(""HTTPSConnection(host='theglcdebate.calicotab.com', port=443): Failed to resolve 'theglcdebate.calicotab.com' ([Errno 8] nodename nor servname provided, or not known)""))",
theglcdebate.calicotab.com,theglcdebate2024,"failed: ConnectionError: HTTPSConnectionPool(host='theglcdebate.calicotab.com', port=443): Max retries exceeded with url: /api/v1/tournaments/theglcdebate2024/teams (Caused by NameResolutionError(""HTTPSConnection(host='theglcdebate.calicotab.com', port=443): Failed to resolve 'theglcdebate.calicotab.com' ([Errno 8] nodename nor servname provided, or not known)""))",
theglcdebate.calicotab.com,theglcdebate2025,"failed: ConnectionError: HTTPSConnectionPool(host='theglcdebate.calicotab.com', port=443): Max retries exceeded with url: /api/v1/tournaments/theglcdebate2025/teams (Caused by NameResolutionError(""HTTPSConnection(host='theglcdebate.calicotab.com', port=443): Failed to resolve 'theglcdebate.calicotab.com' ([Errno 8] nodename nor servname provided, or not known)""))",
theglcdebate.calicotab.com,theglcdebate2026,"failed: ConnectionError: HTTPSConnectionPool(host='theglcdebate.calicotab.com', port=443): Max retries exceeded with url: /api/v1/tournaments/theglcdebate2026/teams (Caused by NameResolutionError(""HTTPSConnection(host='theglcdebate.calicotab.com', port=443): Failed to resolve 'theglcdebate.calicotab.com' ([Errno 8] nodename nor servname provided, or not known)""))",
mace.calicotab.com,globaleslrr2021,"failed: ConnectionError: HTTPSConnectionPool(host='mace.calicotab.com', port=443): Max retries exceeded with url: /api/v1/tournaments/globaleslrr2021/teams (Caused by NameResolutionError(""HTTPSConnection(host='mace.calicotab.com', port=443): Failed to resolve 'mace.calicotab.com' ([Errno 8] nodename nor servname provided, or not known)""))",
tabtastic.calicotab.com,groningen2021,"failed: ConnectionError: HTTPSConnectionPool(host='tabtastic.calicotab.com', port=443): Max retries exceeded with url: /api/v1/tournaments/groningen2021/teams (Caused by NameResolutionError(""HTTPSConnection(host='tabtastic.calicotab.com', port=443): Failed to resolve 'tabtastic.calicotab.com' ([Errno 8] nodename nor servname provided, or not known)""))",
cuhkszedt00.calicotab.com,gdc2022,"failed: ConnectionError: HTTPSConnectionPool(host='cuhkszedt00.calicotab.com', port=443): Max retries exceeded with url: /api/v1/tournaments/gdc2022/teams (Caused by NameResolutionError(""HTTPSConnection(host='cuhkszedt00.calicotab.com', port=443): Failed to resolve 'cuhkszedt00.calicotab.com' ([Errno 8] nodename nor servname provided, or not known)""))",
gdc2023.calicotab.com,gdc2023,"failed: ConnectionError: HTTPSConnectionPool(host='gdc2023.calicotab.com', port=443): Max retries exceeded with url: /api/v1/tournaments/gdc2023/teams (Caused by NameResolutionError(""HTTPSConnection(host='gdc2023.calicotab.com', port=443): Failed to resolve 'gdc2023.calicotab.com' ([Errno 8] nodename nor servname provided, or not known)""))",
gdc2024.calicotab.com,GDC2024,"failed: ConnectionError: HTTPSConnectionPool(host='gdc2024.calicotab.com', port=443): Max retries exceeded with url: /api/v1/tournaments/GDC2024/teams (Caused by NameResolutionError(""HTTPSConnection(host='gdc2024.calicotab.com', port=443): Failed to resolve 'gdc2024.calicotab.com' ([Errno 8] nodename nor servname provided, or not known)""))",
gdc2025.calicotab.com,GDC2025,"failed: ConnectionError: HTTPSConnectionPool(host='gdc2025.calicotab.com', port=443): Max retries exceeded with url: /api/v1/tournaments/GDC2025/teams (Caused by NameResolutionError(""HTTPSConnection(host='gdc2025.calicotab.com', port=443): Failed to resolve 'gdc2025.calicotab.com' ([Errno 8] nodename nor servname provided, or not known)""))",
gurgaon2026.calicotab.com,gurgaon26,"failed: ConnectionError: HTTPSConnectionPool(host='gurgaon2026.calicotab.com', port=443): Max retries exceeded with url: /api/v1/tournaments/gurgaon26/teams (Caused by NameResolutionError(""HTTPSConnection(host='gurgaon2026.calicotab.com', port=443): Failed to resolve 'gurgaon2026.calicotab.com' ([Errno 8] nodename nor servname provided, or not known)""))",
habibpreworlds2022.calicotab.com,habibpreworlds2022,"failed: ConnectionError: HTTPSConnectionPool(host='habibpreworlds2022.calicotab.com', port=443): Max retries exceeded with url: /api/v1/tournaments/habibpreworlds2022/teams (Caused by NameResolutionError(""HTTPSConnection(host='habibpreworlds2022.calicotab.com', port=443): Failed to resolve 'habibpreworlds2022.calicotab.com' ([Errno 8] nodename nor servname provided, or not known)""))",
hudc2021.calicotab.com,hudc2021,"failed: ConnectionError: HTTPSConnectionPool(host='hudc2021.calicotab.com', port=443): Max retries exceeded with url: /api/v1/tournaments/hudc2021/teams (Caused by NameResolutionError(""HTTPSConnection(host='hudc2021.calicotab.com', port=443): Failed to resolve 'hudc2021.calicotab.com' ([Errno 8] nodename nor servname provided, or not known)""))",
habib2024.calicotab.com,HUDC2024,"failed: ConnectionError: HTTPSConnectionPool(host='habib2024.calicotab.com', port=443): Max retries exceeded with url: /api/v1/tournaments/HUDC2024/teams (Caused by NameResolutionError(""HTTPSConnection(host='habib2024.calicotab.com', port=443): Failed to resolve 'habib2024.calicotab.com' ([Errno 8] nodename nor servname provided, or not known)""))",
hudc2025.calicotab.com,HUDC2025,"failed: ConnectionError: HTTPSConnectionPool(host='hudc2025.calicotab.com', port=443): Max retries exceeded with url: /api/v1/tournaments/HUDC2025/teams (Caused by NameResolutionError(""HTTPSConnection(host='hudc2025.calicotab.com', port=443): Failed to resolve 'hudc2025.calicotab.com' ([Errno 8] nodename nor servname provided, or not known)""))",
hdo2025.calicotab.com,HDO2025,"failed: ConnectionError: HTTPSConnectionPool(host='hdo2025.calicotab.com', port=443): Max retries exceeded with url: /api/v1/tournaments/HDO2025/teams (Caused by NameResolutionError(""HTTPSConnection(host='hdo2025.calicotab.com', port=443): Failed to resolve 'hdo2025.calicotab.com' ([Errno 8] nodename nor servname provided, or not known)""))",
hadzabe-prewudc.calicotab.com,prewudc22,"failed: ConnectionError: HTTPSConnectionPool(host='hadzabe-prewudc.calicotab.com', port=443): Max retries exceeded with url: /api/v1/tournaments/prewudc22/teams (Caused by NameResolutionError(""HTTPSConnection(host='hadzabe-prewudc.calicotab.com', port=443): Failed to resolve 'hadzabe-prewudc.calicotab.com' ([Errno 8] nodename nor servname provided, or not known)""))",
hrcdeb2021.calicotab.com,hansrajdebate21,"failed: ConnectionError: HTTPSConnectionPool(host='hrcdeb2021.calicotab.com', port=443): Max retries exceeded with url: /api/v1/tournaments/hansrajdebate21/teams (Caused by NameResolutionError(""HTTPSConnection(host='hrcdeb2021.calicotab.com', port=443): Failed to resolve 'hrcdeb2021.calicotab.com' ([Errno 8] nodename nor servname provided, or not known)""))",
hansrajpd2026.calicotab.com,HansrajPD2026,"failed: ConnectionError: HTTPSConnectionPool(host='hansrajpd2026.calicotab.com', port=443): Max retries exceeded with url: /api/v1/tournaments/HansrajPD2026/teams (Caused by NameResolutionError(""HTTPSConnection(host='hansrajpd2026.calicotab.com', port=443): Failed to resolve 'hansrajpd2026.calicotab.com' ([Errno 8] nodename nor servname provided, or not known)""))",
hansrajpd2024.calicotab.com,hansrajpd2024,"failed: ConnectionError: HTTPSConnectionPool(host='hansrajpd2024.calicotab.com', port=443): Max retries exceeded with url: /api/v1/tournaments/hansrajpd2024/teams (Caused by NameResolutionError(""HTTPSConnection(host='hansrajpd2024.calicotab.com', port=443): Failed to resolve 'hansrajpd2024.calicotab.com' ([Errno 8] nodename nor servname provided, or not known)""))",
hhas25.calicotab.com,hhas25,"failed: ConnectionError: HTTPSConnectionPool(host='hhas25.calicotab.com', port=443): Max retries exceeded with url: /api/v1/tournaments/hhas25/teams (Caused by NameResolutionError(""HTTPSConnection(host='hhas25.calicotab.com', port=443): Failed to resolve 'hhas25.calicotab.com' ([Errno 8] nodename nor servname provided, or not known)""))",
hhiv2020.calicotab.com,hhiv2020,"failed: ConnectionError: HTTPSConnectionPool(host='hhiv2020.calicotab.com', port=443): Max retries exceeded with url: /api/v1/tournaments/hhiv2020/teams (Caused by NameResolutionError(""HTTPSConnection(host='hhiv2020.calicotab.com', port=443): Failed to resolve 'hhiv2020.calicotab.com' ([Errno 8] nodename nor servname provided, or not known)""))",
hhiv2021.calicotab.com,HHIV2021,"failed: ConnectionError: HTTPSConnectionPool(host='hhiv2021.calicotab.com', port=443): Max retries exceeded with url: /api/v1/tournaments/HHIV2021/teams (Caused by NameResolutionError(""HTTPSConnection(host='hhiv2021.calicotab.com', port=443): Failed to resolve 'hhiv2021.calicotab.com' ([Errno 8] nodename nor servname provided, or not known)""))",
hhiv2022.calicotab.com,hhiv2022,"failed: ConnectionError: HTTPSConnectionPool(host='hhiv2022.calicotab.com', port=443): Max retries exceeded with url: /api/v1/tournaments/hhiv2022/teams (Caused by NameResolutionError(""HTTPSConnection(host='hhiv2022.calicotab.com', port=443): Failed to resolve 'hhiv2022.calicotab.com' ([Errno 8] nodename nor servname provided, or not known)""))",
hhiv2023.calicotab.com,hhiv2023,"failed: ConnectionError: HTTPSConnectionPool(host='hhiv2023.calicotab.com', port=443): Max retries exceeded with url: /api/v1/tournaments/hhiv2023/teams (Caused by NameResolutionError(""HTTPSConnection(host='hhiv2023.calicotab.com', port=443): Failed to resolve 'hhiv2023.calicotab.com' ([Errno 8] nodename nor servname provided, or not known)""))",
hhiv2024.calicotab.com,_,"failed: ConnectionError: HTTPSConnectionPool(host='hhiv2024.calicotab.com', port=443): Max retries exceeded with url: /api/v1/tournaments/_/teams (Caused by NameResolutionError(""HTTPSConnection(host='hhiv2024.calicotab.com', port=443): Failed to resolve 'hhiv2024.calicotab.com' ([Errno 8] nodename nor servname provided, or not known)""))",
hhiv25.calicotab.com,hhiv25,"failed: ConnectionError: HTTPSConnectionPool(host='hhiv25.calicotab.com', port=443): Max retries exceeded with url: /api/v1/tournaments/hhiv25/teams (Caused by NameResolutionError(""HTTPSConnection(host='hhiv25.calicotab.com', port=443): Failed to resolve 'hhiv25.calicotab.com' ([Errno 8] nodename nor servname provided, or not known)""))",
hbp22.calicotab.com,hbp2022,"failed: ConnectionError: HTTPSConnectionPool(host='hbp22.calicotab.com', port=443): Max retries exceeded with url: /api/v1/tournaments/hbp2022/teams (Caused by NameResolutionError(""HTTPSConnection(host='hbp22.calicotab.com', port=443): Failed to resolve 'hbp22.calicotab.com' ([Errno 8] nodename nor servname provided, or not known)""))",
mace1996.calicotab.com,heartsafire,"failed: ConnectionError: HTTPSConnectionPool(host='mace1996.calicotab.com', port=443): Max retries exceeded with url: /api/v1/tournaments/heartsafire/teams (Caused by NameResolutionError(""HTTPSConnection(host='mace1996.calicotab.com', port=443): Failed to resolve 'mace1996.calicotab.com' ([Errno 8] nodename nor servname provided, or not known)""))",
mace.calicotab.com,heartsaffire2026,"failed: ConnectionError: HTTPSConnectionPool(host='mace.calicotab.com', port=443): Max retries exceeded with url: /api/v1/tournaments/heartsaffire2026/teams (Caused by NameResolutionError(""HTTPSConnection(host='mace.calicotab.com', port=443): Failed to resolve 'mace.calicotab.com' ([Errno 8] nodename nor servname provided, or not known)""))",
helsinkiopen2021.calicotab.com,helsinki2021,"failed: ConnectionError: HTTPSConnectionPool(host='helsinkiopen2021.calicotab.com', port=443): Max retries exceeded with url: /api/v1/tournaments/helsinki2021/teams (Caused by NameResolutionError(""HTTPSConnection(host='helsinkiopen2021.calicotab.com', port=443): Failed to resolve 'helsinkiopen2021.calicotab.com' ([Errno 8] nodename nor servname provided, or not known)""))",
hituiv2025.calicotab.com,hituiv2025,"failed: ConnectionError: HTTPSConnectionPool(host='hituiv2025.calicotab.com', port=443): Max retries exceeded with url: /api/v1/tournaments/hituiv2025/teams (Caused by NameResolutionError(""HTTPSConnection(host='hituiv2025.calicotab.com', port=443): Failed to resolve 'hituiv2025.calicotab.com' ([Errno 8] nodename nor servname provided, or not known)""))",
hochiminhdebateopen2024.calicotab.com,hcmdo24,"failed: ConnectionError: HTTPSConnectionPool(host='hochiminhdebateopen2024.calicotab.com', port=443): Max retries exceeded with url: /api/v1/tournaments/hcmdo24/teams (Caused by NameResolutionError(""HTTPSConnection(host='hochiminhdebateopen2024.calicotab.com', port=443): Failed to resolve 'hochiminhdebateopen2024.calicotab.com' ([Errno 8] nodename nor servname provided, or not known)""))",
knusthogwarts.calicotab.com,hrr22,"failed: ConnectionError: HTTPSConnectionPool(host='knusthogwarts.calicotab.com', port=443): Max retries exceeded with url: /api/v1/tournaments/hrr22/teams (Caused by NameResolutionError(""HTTPSConnection(host='knusthogwarts.calicotab.com', port=443): Failed to resolve 'knusthogwarts.calicotab.com' ([Errno 8] nodename nor servname provided, or not known)""))",
knusthogwarts.calicotab.com,hogwarts2023,"failed: ConnectionError: HTTPSConnectionPool(host='knusthogwarts.calicotab.com', port=443): Max retries exceeded with url: /api/v1/tournaments/hogwarts2023/teams (Caused by NameResolutionError(""HTTPSConnection(host='knusthogwarts.calicotab.com', port=443): Failed to resolve 'knusthogwarts.calicotab.com' ([Errno 8] nodename nor servname provided, or not known)""))",
knusthogwarts.calicotab.com,hogwarts2024,"failed: ConnectionError: HTTPSConnectionPool(host='knusthogwarts.calicotab.com', port=443): Max retries exceeded with url: /api/v1/tournaments/hogwarts2024/teams (Caused by NameResolutionError(""HTTPSConnection(host='knusthogwarts.calicotab.com', port=443): Failed to resolve 'knusthogwarts.calicotab.com' ([Errno 8] nodename nor servname provided, or not known)""))",
kds.calicotab.com,Hogwarts2k25,"failed: ConnectionError: HTTPSConnectionPool(host='kds.calicotab.com', port=443): Max retries exceeded with url: /api/v1/tournaments/Hogwarts2k25/teams (Caused by NameResolutionError(""HTTPSConnection(host='kds.calicotab.com', port=443): Failed to resolve 'kds.calicotab.com' ([Errno 8] nodename nor servname provided, or not known)""))",
kds.calicotab.com,HRR2026,"failed: ConnectionError: HTTPSConnectionPool(host='kds.calicotab.com', port=443): Max retries exceeded with url: /api/v1/tournaments/HRR2026/teams (Caused by NameResolutionError(""HTTPSConnection(host='kds.calicotab.com', port=443): Failed to resolve 'kds.calicotab.com' ([Errno 8] nodename nor servname provided, or not known)""))",
hollatzdebates2021.calicotab.com,hollatz2021,"failed: ConnectionError: HTTPSConnectionPool(host='hollatzdebates2021.calicotab.com', port=443): Max retries exceeded with url: /api/v1/tournaments/hollatz2021/teams (Caused by NameResolutionError(""HTTPSConnection(host='hollatzdebates2021.calicotab.com', port=443): Failed to resolve 'hollatzdebates2021.calicotab.com' ([Errno 8] nodename nor servname provided, or not known)""))",
hkdc2023.calicotab.com,hkdc2023,"failed: ConnectionError: HTTPSConnectionPool(host='hkdc2023.calicotab.com', port=443): Max retries exceeded with url: /api/v1/tournaments/hkdc2023/teams (Caused by NameResolutionError(""HTTPSConnection(host='hkdc2023.calicotab.com', port=443): Failed to resolve 'hkdc2023.calicotab.com' ([Errno 8] nodename nor servname provided, or not known)""))",
hkdc2024.calicotab.com,HKDC-2024,"failed: ConnectionError: HTTPSConnectionPool(host='hkdc2024.calicotab.com', port=443): Max retries exceeded with url: /api/v1/tournaments/HKDC-2024/teams (Caused by NameResolutionError(""HTTPSConnection(host='hkdc2024.calicotab.com', port=443): Failed to resolve 'hkdc2024.calicotab.com' ([Errno 8] nodename nor servname provided, or not known)""))",
hkdo2024.calicotab.com,hkdo2024,"failed: ConnectionError: HTTPSConnectionPool(host='hkdo2024.calicotab.com', port=443): Max retries exceeded with url: /api/v1/tournaments/hkdo2024/teams (Caused by NameResolutionError(""HTTPSConnection(host='hkdo2024.calicotab.com', port=443): Failed to resolve 'hkdo2024.calicotab.com' ([Errno 8] nodename nor servname provided, or not known)""))",
hugill2020.calicotab.com,hugill2020,"failed: ConnectionError: HTTPSConnectionPool(host='hugill2020.calicotab.com', port=443): Max retries exceeded with url: /api/v1/tournaments/hugill2020/teams (Caused by NameResolutionError(""HTTPSConnection(host='hugill2020.calicotab.com', port=443): Failed to resolve 'hugill2020.calicotab.com' ([Errno 8] nodename nor servname provided, or not known)""))",
dnn.calicotab.com,hrd2021,"failed: ConnectionError: HTTPSConnectionPool(host='dnn.calicotab.com', port=443): Max retries exceeded with url: /api/v1/tournaments/hrd2021/teams (Caused by NameResolutionError(""HTTPSConnection(host='dnn.calicotab.com', port=443): Failed to resolve 'dnn.calicotab.com' ([Errno 8] nodename nor servname provided, or not known)""))",
humanities2025.calicotab.com,ho2025,"failed: ConnectionError: HTTPSConnectionPool(host='humanities2025.calicotab.com', port=443): Max retries exceeded with url: /api/v1/tournaments/ho2025/teams (Caused by NameResolutionError(""HTTPSConnection(host='humanities2025.calicotab.com', port=443): Failed to resolve 'humanities2025.calicotab.com' ([Errno 8] nodename nor servname provided, or not known)""))",
hsda2024.calicotab.com,hsda2024,"failed: ConnectionError: HTTPSConnectionPool(host='hsda2024.calicotab.com', port=443): Max retries exceeded with url: /api/v1/tournaments/hsda2024/teams (Caused by NameResolutionError(""HTTPSConnection(host='hsda2024.calicotab.com', port=443): Failed to resolve 'hsda2024.calicotab.com' ([Errno 8] nodename nor servname provided, or not known)""))",
hwsiv2021.calicotab.com,iv,"failed: ConnectionError: HTTPSConnectionPool(host='hwsiv2021.calicotab.com', port=443): Max retries exceeded with url: /api/v1/tournaments/iv/teams (Caused by NameResolutionError(""HTTPSConnection(host='hwsiv2021.calicotab.com', port=443): Failed to resolve 'hwsiv2021.calicotab.com' ([Errno 8] nodename nor servname provided, or not known)""))",
hwsrr2023.calicotab.com,hwsrr2023,"failed: ConnectionError: HTTPSConnectionPool(host='hwsrr2023.calicotab.com', port=443): Max retries exceeded with url: /api/v1/tournaments/hwsrr2023/teams (Caused by NameResolutionError(""HTTPSConnection(host='hwsrr2023.calicotab.com', port=443): Failed to resolve 'hwsrr2023.calicotab.com' ([Errno 8] nodename nor servname provided, or not known)""))",
hwsrr2024.calicotab.com,hwsrr2024,"failed: ConnectionError: HTTPSConnectionPool(host='hwsrr2024.calicotab.com', port=443): Max retries exceeded with url: /api/v1/tournaments/hwsrr2024/teams (Caused by NameResolutionError(""HTTPSConnection(host='hwsrr2024.calicotab.com', port=443): Failed to resolve 'hwsrr2024.calicotab.com' ([Errno 8] nodename nor servname provided, or not known)""))",
hwsrr2025.calicotab.com,_,"failed: ConnectionError: HTTPSConnectionPool(host='hwsrr2025.calicotab.com', port=443): Max retries exceeded with url: /api/v1/tournaments/_/teams (Caused by NameResolutionError(""HTTPSConnection(host='hwsrr2025.calicotab.com', port=443): Failed to resolve 'hwsrr2025.calicotab.com' ([Errno 8] nodename nor servname provided, or not known)""))",
hwsrr2026.calicotab.com,_,"failed: ConnectionError: HTTPSConnectionPool(host='hwsrr2026.calicotab.com', port=443): Max retries exceeded with url: /api/v1/tournaments/_/teams (Caused by NameResolutionError(""HTTPSConnection(host='hwsrr2026.calicotab.com', port=443): Failed to resolve 'hwsrr2026.calicotab.com' ([Errno 8] nodename nor servname provided, or not known)""))",
hypotheticalopen.calicotab.com,_,"failed: ConnectionError: HTTPSConnectionPool(host='hypotheticalopen.calicotab.com', port=443): Max retries exceeded with url: /api/v1/tournaments/_/teams (Caused by NameResolutionError(""HTTPSConnection(host='hypotheticalopen.calicotab.com', port=443): Failed to resolve 'hypotheticalopen.calicotab.com' ([Errno 8] nodename nor servname provided, or not known)""))",
hypotheticalopen.calicotab.com,2,"failed: ConnectionError: HTTPSConnectionPool(host='hypotheticalopen.calicotab.com', port=443): Max retries exceeded with url: /api/v1/tournaments/2/teams (Caused by NameResolutionError(""HTTPSConnection(host='hypotheticalopen.calicotab.com', port=443): Failed to resolve 'hypotheticalopen.calicotab.com' ([Errno 8] nodename nor servname provided, or not known)""))",
hypotheticalopen2026.calicotab.com,_,"failed: ConnectionError: HTTPSConnectionPool(host='hypotheticalopen2026.calicotab.com', port=443): Max retries exceeded with url: /api/v1/tournaments/_/teams (Caused by NameResolutionError(""HTTPSConnection(host='hypotheticalopen2026.calicotab.com', port=443): Failed to resolve 'hypotheticalopen2026.calicotab.com' ([Errno 8] nodename nor servname provided, or not known)""))",
ignite1.calicotab.com,ignite2023,"failed: ConnectionError: HTTPSConnectionPool(host='ignite1.calicotab.com', port=443): Max retries exceeded with url: /api/v1/tournaments/ignite2023/teams (Caused by NameResolutionError(""HTTPSConnection(host='ignite1.calicotab.com', port=443): Failed to resolve 'ignite1.calicotab.com' ([Errno 8] nodename nor servname provided, or not known)""))",
debatefoster.calicotab.com,ignite2024,"failed: ConnectionError: HTTPSConnectionPool(host='debatefoster.calicotab.com', port=443): Max retries exceeded with url: /api/v1/tournaments/ignite2024/teams (Caused by NameResolutionError(""HTTPSConnection(host='debatefoster.calicotab.com', port=443): Failed to resolve 'debatefoster.calicotab.com' ([Errno 8] nodename nor servname provided, or not known)""))",
iimapd24.calicotab.com,iimapd2024,"failed: ConnectionError: HTTPSConnectionPool(host='iimapd24.calicotab.com', port=443): Max retries exceeded with url: /api/v1/tournaments/iimapd2024/teams (Caused by NameResolutionError(""HTTPSConnection(host='iimapd24.calicotab.com', port=443): Failed to resolve 'iimapd24.calicotab.com' ([Errno 8] nodename nor servname provided, or not known)""))",
iimapd25.calicotab.com,iimapd25,"failed: ConnectionError: HTTPSConnectionPool(host='iimapd25.calicotab.com', port=443): Max retries exceeded with url: /api/v1/tournaments/iimapd25/teams (Caused by NameResolutionError(""HTTPSConnection(host='iimapd25.calicotab.com', port=443): Failed to resolve 'iimapd25.calicotab.com' ([Errno 8] nodename nor servname provided, or not known)""))",
iima2026.calicotab.com,iimapd,"failed: ConnectionError: HTTPSConnectionPool(host='iima2026.calicotab.com', port=443): Max retries exceeded with url: /api/v1/tournaments/iimapd/teams (Caused by NameResolutionError(""HTTPSConnection(host='iima2026.calicotab.com', port=443): Failed to resolve 'iima2026.calicotab.com' ([Errno 8] nodename nor servname provided, or not known)""))",
13iitdebate.calicotab.com,13-IITB-Debate,"failed: ConnectionError: HTTPSConnectionPool(host='13iitdebate.calicotab.com', port=443): Max retries exceeded with url: /api/v1/tournaments/13-IITB-Debate/teams (Caused by NameResolutionError(""HTTPSConnection(host='13iitdebate.calicotab.com', port=443): Failed to resolve '13iitdebate.calicotab.com' ([Errno 8] nodename nor servname provided, or not known)""))",
iitbombaydebate2022.calicotab.com,iitbombaydebate2022,"failed: ConnectionError: HTTPSConnectionPool(host='iitbombaydebate2022.calicotab.com', port=443): Max retries exceeded with url: /api/v1/tournaments/iitbombaydebate2022/teams (Caused by NameResolutionError(""HTTPSConnection(host='iitbombaydebate2022.calicotab.com', port=443): Failed to resolve 'iitbombaydebate2022.calicotab.com' ([Errno 8] nodename nor servname provided, or not known)""))",
15thiitbombaydebate.calicotab.com,15thiitbombaydebate2023,"failed: ConnectionError: HTTPSConnectionPool(host='15thiitbombaydebate.calicotab.com', port=443): Max retries exceeded with url: /api/v1/tournaments/15thiitbombaydebate2023/teams (Caused by NameResolutionError(""HTTPSConnection(host='15thiitbombaydebate.calicotab.com', port=443): Failed to resolve '15thiitbombaydebate.calicotab.com' ([Errno 8] nodename nor servname provided, or not known)""))",
16thiitbombaydebate.calicotab.com,16thiitb,"failed: ConnectionError: HTTPSConnectionPool(host='16thiitbombaydebate.calicotab.com', port=443): Max retries exceeded with url: /api/v1/tournaments/16thiitb/teams (Caused by NameResolutionError(""HTTPSConnection(host='16thiitbombaydebate.calicotab.com', port=443): Failed to resolve '16thiitbombaydebate.calicotab.com' ([Errno 8] nodename nor servname provided, or not known)""))",
17thiitbombaydebate.calicotab.com,17thiitb,"failed: ConnectionError: HTTPSConnectionPool(host='17thiitbombaydebate.calicotab.com', port=443): Max retries exceeded with url: /api/v1/tournaments/17thiitb/teams (Caused by NameResolutionError(""HTTPSConnection(host='17thiitbombaydebate.calicotab.com', port=443): Failed to resolve '17thiitbombaydebate.calicotab.com' ([Errno 8] nodename nor servname provided, or not known)""))",
18thiitbombaydebate.calicotab.com,18thiitb,"failed: ConnectionError: HTTPSConnectionPool(host='18thiitbombaydebate.calicotab.com', port=443): Max retries exceeded with url: /api/v1/tournaments/18thiitb/teams (Caused by NameResolutionError(""HTTPSConnection(host='18thiitbombaydebate.calicotab.com', port=443): Failed to resolve '18thiitbombaydebate.calicotab.com' ([Errno 8] nodename nor servname provided, or not known)""))",
19thiitbombaydebate.calicotab.com,19thiitb,"failed: ConnectionError: HTTPSConnectionPool(host='19thiitbombaydebate.calicotab.com', port=443): Max retries exceeded with url: /api/v1/tournaments/19thiitb/teams (Caused by NameResolutionError(""HTTPSConnection(host='19thiitbombaydebate.calicotab.com', port=443): Failed to resolve '19thiitbombaydebate.calicotab.com' ([Errno 8] nodename nor servname provided, or not known)""))",
iitkpd2026.calicotab.com,iitkpd2026,"failed: ConnectionError: HTTPSConnectionPool(host='iitkpd2026.calicotab.com', port=443): Max retries exceeded with url: /api/v1/tournaments/iitkpd2026/teams (Caused by NameResolutionError(""HTTPSConnection(host='iitkpd2026.calicotab.com', port=443): Failed to resolve 'iitkpd2026.calicotab.com' ([Errno 8] nodename nor servname provided, or not known)""))",
kgppd2026.calicotab.com,kgppd26,"failed: ConnectionError: HTTPSConnectionPool(host='kgppd2026.calicotab.com', port=443): Max retries exceeded with url: /api/v1/tournaments/kgppd26/teams (Caused by NameResolutionError(""HTTPSConnection(host='kgppd2026.calicotab.com', port=443): Failed to resolve 'kgppd2026.calicotab.com' ([Errno 8] nodename nor servname provided, or not known)""))",
iitmpd.calicotab.com,iitmpd26,"failed: ConnectionError: HTTPSConnectionPool(host='iitmpd.calicotab.com', port=443): Max retries exceeded with url: /api/v1/tournaments/iitmpd26/teams (Caused by NameResolutionError(""HTTPSConnection(host='iitmpd.calicotab.com', port=443): Failed to resolve 'iitmpd.calicotab.com' ([Errno 8] nodename nor servname provided, or not known)""))",
iitroorkee.calicotab.com,iitrpd2025,"failed: ConnectionError: HTTPSConnectionPool(host='iitroorkee.calicotab.com', port=443): Max retries exceeded with url: /api/v1/tournaments/iitrpd2025/teams (Caused by NameResolutionError(""HTTPSConnection(host='iitroorkee.calicotab.com', port=443): Failed to resolve 'iitroorkee.calicotab.com' ([Errno 8] nodename nor servname provided, or not known)""))",
iitbgrandprix.calicotab.com,iitb2024,"failed: ConnectionError: HTTPSConnectionPool(host='iitbgrandprix.calicotab.com', port=443): Max retries exceeded with url: /api/v1/tournaments/iitb2024/teams (Caused by NameResolutionError(""HTTPSConnection(host='iitbgrandprix.calicotab.com', port=443): Failed to resolve 'iitbgrandprix.calicotab.com' ([Errno 8] nodename nor servname provided, or not known)""))",
iitmpd.calicotab.com,iitmpd24,"failed: ConnectionError: HTTPSConnectionPool(host='iitmpd.calicotab.com', port=443): Max retries exceeded with url: /api/v1/tournaments/iitmpd24/teams (Caused by NameResolutionError(""HTTPSConnection(host='iitmpd.calicotab.com', port=443): Failed to resolve 'iitmpd.calicotab.com' ([Errno 8] nodename nor servname provided, or not known)""))",
iiuminterschooldebatingchampionship2023.calicotab.com,iiumopen2024,"failed: ConnectionError: HTTPSConnectionPool(host='iiuminterschooldebatingchampionship2023.calicotab.com', port=443): Max retries exceeded with url: /api/v1/tournaments/iiumopen2024/teams (Caused by NameResolutionError(""HTTPSConnection(host='iiuminterschooldebatingchampionship2023.calicotab.com', port=443): Failed to resolve 'iiuminterschooldebatingchampionship2023.calicotab.com' ([Errno 8] nodename nor servname provided, or not known)""))",
ilnubpd2023.calicotab.com,2023,"failed: ConnectionError: HTTPSConnectionPool(host='ilnubpd2023.calicotab.com', port=443): Max retries exceeded with url: /api/v1/tournaments/2023/teams (Caused by NameResolutionError(""HTTPSConnection(host='ilnubpd2023.calicotab.com', port=443): Failed to resolve 'ilnubpd2023.calicotab.com' ([Errno 8] nodename nor servname provided, or not known)""))",
ilnubpd2024.calicotab.com,ilnubpd,"failed: ConnectionError: HTTPSConnectionPool(host='ilnubpd2024.calicotab.com', port=443): Max retries exceeded with url: /api/v1/tournaments/ilnubpd/teams (Caused by NameResolutionError(""HTTPSConnection(host='ilnubpd2024.calicotab.com', port=443): Failed to resolve 'ilnubpd2024.calicotab.com' ([Errno 8] nodename nor servname provided, or not known)""))",
ilnuroundrobin.calicotab.com,ilnurr2025,"failed: ConnectionError: HTTPSConnectionPool(host='ilnuroundrobin.calicotab.com', port=443): Max retries exceeded with url: /api/v1/tournaments/ilnurr2025/teams (Caused by NameResolutionError(""HTTPSConnection(host='ilnuroundrobin.calicotab.com', port=443): Failed to resolve 'ilnuroundrobin.calicotab.com' ([Errno 8] nodename nor servname provided, or not known)""))",
iniv2022.calicotab.com,iniv2022,"failed: ConnectionError: HTTPSConnectionPool(host='iniv2022.calicotab.com', port=443): Max retries exceeded with url: /api/v1/tournaments/iniv2022/teams (Caused by NameResolutionError(""HTTPSConnection(host='iniv2022.calicotab.com', port=443): Failed to resolve 'iniv2022.calicotab.com' ([Errno 8] nodename nor servname provided, or not known)""))",
mace1996.calicotab.com,expose4,"failed: ConnectionError: HTTPSConnectionPool(host='mace1996.calicotab.com', port=443): Max retries exceeded with url: /api/v1/tournaments/expose4/teams (Caused by NameResolutionError(""HTTPSConnection(host='mace1996.calicotab.com', port=443): Failed to resolve 'mace1996.calicotab.com' ([Errno 8] nodename nor servname provided, or not known)""))",
unilorin.calicotab.com,EVC2023,"failed: ConnectionError: HTTPSConnectionPool(host='unilorin.calicotab.com', port=443): Max retries exceeded with url: /api/v1/tournaments/EVC2023/teams (Caused by NameResolutionError(""HTTPSConnection(host='unilorin.calicotab.com', port=443): Failed to resolve 'unilorin.calicotab.com' ([Errno 8] nodename nor servname provided, or not known)""))",
unilorin.calicotab.com,EVC25,"failed: ConnectionError: HTTPSConnectionPool(host='unilorin.calicotab.com', port=443): Max retries exceeded with url: /api/v1/tournaments/EVC25/teams (Caused by NameResolutionError(""HTTPSConnection(host='unilorin.calicotab.com', port=443): Failed to resolve 'unilorin.calicotab.com' ([Errno 8] nodename nor servname provided, or not known)""))",
unilorin.calicotab.com,WWVI,"failed: ConnectionError: HTTPSConnectionPool(host='unilorin.calicotab.com', port=443): Max retries exceeded with url: /api/v1/tournaments/WWVI/teams (Caused by NameResolutionError(""HTTPSConnection(host='unilorin.calicotab.com', port=443): Failed to resolve 'unilorin.calicotab.com' ([Errno 8] nodename nor servname provided, or not known)""))",
imperialchatgptopen2024.calicotab.com,chatgpt2024,"failed: ConnectionError: HTTPSConnectionPool(host='imperialchatgptopen2024.calicotab.com', port=443): Max retries exceeded with url: /api/v1/tournaments/chatgpt2024/teams (Caused by NameResolutionError(""HTTPSConnection(host='imperialchatgptopen2024.calicotab.com', port=443): Failed to resolve 'imperialchatgptopen2024.calicotab.com' ([Errno 8] nodename nor servname provided, or not known)""))",
imperialiv2022.calicotab.com,_,"failed: ConnectionError: HTTPSConnectionPool(host='imperialiv2022.calicotab.com', port=443): Max retries exceeded with url: /api/v1/tournaments/_/teams (Caused by NameResolutionError(""HTTPSConnection(host='imperialiv2022.calicotab.com', port=443): Failed to resolve 'imperialiv2022.calicotab.com' ([Errno 8] nodename nor servname provided, or not known)""))",
imperialiv24.calicotab.com,impiv24,"failed: ConnectionError: HTTPSConnectionPool(host='imperialiv24.calicotab.com', port=443): Max retries exceeded with url: /api/v1/tournaments/impiv24/teams (Caused by NameResolutionError(""HTTPSConnection(host='imperialiv24.calicotab.com', port=443): Failed to resolve 'imperialiv24.calicotab.com' ([Errno 8] nodename nor servname provided, or not known)""))",
imperialiv25.calicotab.com,_,"failed: ConnectionError: HTTPSConnectionPool(host='imperialiv25.calicotab.com', port=443): Max retries exceeded with url: /api/v1/tournaments/_/teams (Caused by NameResolutionError(""HTTPSConnection(host='imperialiv25.calicotab.com', port=443): Failed to resolve 'imperialiv25.calicotab.com' ([Errno 8] nodename nor servname provided, or not known)""))",
imperialiv2026.calicotab.com,imperialiv2026,"failed: ConnectionError: HTTPSConnectionPool(host='imperialiv2026.calicotab.com', port=443): Max retries exceeded with url: /api/v1/tournaments/imperialiv2026/teams (Caused by NameResolutionError(""HTTPSConnection(host='imperialiv2026.calicotab.com', port=443): Failed to resolve 'imperialiv2026.calicotab.com' ([Errno 8] nodename nor servname provided, or not known)""))",
imperialnovices2022.calicotab.com,_,"failed: ConnectionError: HTTPSConnectionPool(host='imperialnovices2022.calicotab.com', port=443): Max retries exceeded with url: /api/v1/tournaments/_/teams (Caused by NameResolutionError(""HTTPSConnection(host='imperialnovices2022.calicotab.com', port=443): Failed to resolve 'imperialnovices2022.calicotab.com' ([Errno 8] nodename nor servname provided, or not known)""))",
imperialnovices2025.calicotab.com,imperialnovices2025,"failed: ConnectionError: HTTPSConnectionPool(host='imperialnovices2025.calicotab.com', port=443): Max retries exceeded with url: /api/v1/tournaments/imperialnovices2025/teams (Caused by NameResolutionError(""HTTPSConnection(host='imperialnovices2025.calicotab.com', port=443): Failed to resolve 'imperialnovices2025.calicotab.com' ([Errno 8] nodename nor servname provided, or not known)""))",
imperialonlineopen2025.calicotab.com,imperialonlineopen2025,"failed: ConnectionError: HTTPSConnectionPool(host='imperialonlineopen2025.calicotab.com', port=443): Max retries exceeded with url: /api/v1/tournaments/imperialonlineopen2025/teams (Caused by NameResolutionError(""HTTPSConnection(host='imperialonlineopen2025.calicotab.com', port=443): Failed to resolve 'imperialonlineopen2025.calicotab.com' ([Errno 8] nodename nor servname provided, or not known)""))",
imperialprewudc.calicotab.com,imperialprewudc2025,"failed: ConnectionError: HTTPSConnectionPool(host='imperialprewudc.calicotab.com', port=443): Max retries exceeded with url: /api/v1/tournaments/imperialprewudc2025/teams (Caused by NameResolutionError(""HTTPSConnection(host='imperialprewudc.calicotab.com', port=443): Failed to resolve 'imperialprewudc.calicotab.com' ([Errno 8] nodename nor servname provided, or not known)""))",
dialectica.calicotab.com,indiaabpfundraiser,"failed: ConnectionError: HTTPSConnectionPool(host='dialectica.calicotab.com', port=443): Max retries exceeded with url: /api/v1/tournaments/indiaabpfundraiser/teams (Caused by NameResolutionError(""HTTPSConnection(host='dialectica.calicotab.com', port=443): Failed to resolve 'dialectica.calicotab.com' ([Errno 8] nodename nor servname provided, or not known)""))",
dialectica.calicotab.com,indiapreabp2026,"failed: ConnectionError: HTTPSConnectionPool(host='dialectica.calicotab.com', port=443): Max retries exceeded with url: /api/v1/tournaments/indiapreabp2026/teams (Caused by NameResolutionError(""HTTPSConnection(host='dialectica.calicotab.com', port=443): Failed to resolve 'dialectica.calicotab.com' ([Errno 8] nodename nor servname provided, or not known)""))",
indiawudcfundraiser.calicotab.com,_,"failed: ConnectionError: HTTPSConnectionPool(host='indiawudcfundraiser.calicotab.com', port=443): Max retries exceeded with url: /api/v1/tournaments/_/teams (Caused by NameResolutionError(""HTTPSConnection(host='indiawudcfundraiser.calicotab.com', port=443): Failed to resolve 'indiawudcfundraiser.calicotab.com' ([Errno 8] nodename nor servname provided, or not known)""))",
ufd.calicotab.com,ido24,"failed: ConnectionError: HTTPSConnectionPool(host='ufd.calicotab.com', port=443): Max retries exceeded with url: /api/v1/tournaments/ido24/teams (Caused by NameResolutionError(""HTTPSConnection(host='ufd.calicotab.com', port=443): Failed to resolve 'ufd.calicotab.com' ([Errno 8] nodename nor servname provided, or not known)""))",
ufd.calicotab.com,autumnbp24,"failed: ConnectionError: HTTPSConnectionPool(host='ufd.calicotab.com', port=443): Max retries exceeded with url: /api/v1/tournaments/autumnbp24/teams (Caused by NameResolutionError(""HTTPSConnection(host='ufd.calicotab.com', port=443): Failed to resolve 'ufd.calicotab.com' ([Errno 8] nodename nor servname provided, or not known)""))",
ufd.calicotab.com,indopacificbp24,"failed: ConnectionError: HTTPSConnectionPool(host='ufd.calicotab.com', port=443): Max retries exceeded with url: /api/v1/tournaments/indopacificbp24/teams (Caused by NameResolutionError(""HTTPSConnection(host='ufd.calicotab.com', port=443): Failed to resolve 'ufd.calicotab.com' ([Errno 8] nodename nor servname provided, or not known)""))",
ufd.calicotab.com,preabp24,"failed: ConnectionError: HTTPSConnectionPool(host='ufd.calicotab.com', port=443): Max retries exceeded with url: /api/v1/tournaments/preabp24/teams (Caused by NameResolutionError(""HTTPSConnection(host='ufd.calicotab.com', port=443): Failed to resolve 'ufd.calicotab.com' ([Errno 8] nodename nor servname provided, or not known)""))",
ufd.calicotab.com,preabp25,"failed: ConnectionError: HTTPSConnectionPool(host='ufd.calicotab.com', port=443): Max retries exceeded with url: /api/v1/tournaments/preabp25/teams (Caused by NameResolutionError(""HTTPSConnection(host='ufd.calicotab.com', port=443): Failed to resolve 'ufd.calicotab.com' ([Errno 8] nodename nor servname provided, or not known)""))",
ufd.calicotab.com,ProAm24,"failed: ConnectionError: HTTPSConnectionPool(host='ufd.calicotab.com', port=443): Max retries exceeded with url: /api/v1/tournaments/ProAm24/teams (Caused by NameResolutionError(""HTTPSConnection(host='ufd.calicotab.com', port=443): Failed to resolve 'ufd.calicotab.com' ([Errno 8] nodename nor servname provided, or not known)""))",
nudc2024.au-tab.app,national,"failed: ConnectionError: HTTPSConnectionPool(host='nudc2024.au-tab.app', port=443): Max retries exceeded with url: /api/v1/tournaments/national/teams (Caused by NameResolutionError(""HTTPSConnection(host='nudc2024.au-tab.app', port=443): Failed to resolve 'nudc2024.au-tab.app' ([Errno 8] nodename nor servname provided, or not known)""))",
saveafather.calicotab.com,innertempleiv2021,"failed: ConnectionError: HTTPSConnectionPool(host='saveafather.calicotab.com', port=443): Max retries exceeded with url: /api/v1/tournaments/innertempleiv2021/teams (Caused by NameResolutionError(""HTTPSConnection(host='saveafather.calicotab.com', port=443): Failed to resolve 'saveafather.calicotab.com' ([Errno 8] nodename nor servname provided, or not known)""))",
inneriv25.calicotab.com,InnerIV25,"failed: ConnectionError: HTTPSConnectionPool(host='inneriv25.calicotab.com', port=443): Max retries exceeded with url: /api/v1/tournaments/InnerIV25/teams (Caused by NameResolutionError(""HTTPSConnection(host='inneriv25.calicotab.com', port=443): Failed to resolve 'inneriv25.calicotab.com' ([Errno 8] nodename nor servname provided, or not known)""))",
innertemple26.calicotab.com,harrisonplate,"failed: ConnectionError: HTTPSConnectionPool(host='innertemple26.calicotab.com', port=443): Max retries exceeded with url: /api/v1/tournaments/harrisonplate/teams (Caused by NameResolutionError(""HTTPSConnection(host='innertemple26.calicotab.com', port=443): Failed to resolve 'innertemple26.calicotab.com' ([Errno 8] nodename nor servname provided, or not known)""))",
debatnusantara2024.au-tab.app,ind2024,"failed: ConnectionError: HTTPSConnectionPool(host='debatnusantara2024.au-tab.app', port=443): Max retries exceeded with url: /api/v1/tournaments/ind2024/teams (Caused by NameResolutionError(""HTTPSConnection(host='debatnusantara2024.au-tab.app', port=443): Failed to resolve 'debatnusantara2024.au-tab.app' ([Errno 8] nodename nor servname provided, or not known)""))",
intertext.calicotab.com,inbp2023,"failed: ConnectionError: HTTPSConnectionPool(host='intertext.calicotab.com', port=443): Max retries exceeded with url: /api/v1/tournaments/inbp2023/teams (Caused by NameResolutionError(""HTTPSConnection(host='intertext.calicotab.com', port=443): Failed to resolve 'intertext.calicotab.com' ([Errno 8] nodename nor servname provided, or not known)""))",
intertext.calicotab.com,ipabp2023,"failed: ConnectionError: HTTPSConnectionPool(host='intertext.calicotab.com', port=443): Max retries exceeded with url: /api/v1/tournaments/ipabp2023/teams (Caused by NameResolutionError(""HTTPSConnection(host='intertext.calicotab.com', port=443): Failed to resolve 'intertext.calicotab.com' ([Errno 8] nodename nor servname provided, or not known)""))",
intertext.calicotab.com,ipabp2024,"failed: ConnectionError: HTTPSConnectionPool(host='intertext.calicotab.com', port=443): Max retries exceeded with url: /api/v1/tournaments/ipabp2024/teams (Caused by NameResolutionError(""HTTPSConnection(host='intertext.calicotab.com', port=443): Failed to resolve 'intertext.calicotab.com' ([Errno 8] nodename nor servname provided, or not known)""))",
intertext.calicotab.com,ipado2023,"failed: ConnectionError: HTTPSConnectionPool(host='intertext.calicotab.com', port=443): Max retries exceeded with url: /api/v1/tournaments/ipado2023/teams (Caused by NameResolutionError(""HTTPSConnection(host='intertext.calicotab.com', port=443): Failed to resolve 'intertext.calicotab.com' ([Errno 8] nodename nor servname provided, or not known)""))",
intertext.calicotab.com,ipa2024,"failed: ConnectionError: HTTPSConnectionPool(host='intertext.calicotab.com', port=443): Max retries exceeded with url: /api/v1/tournaments/ipa2024/teams (Caused by NameResolutionError(""HTTPSConnection(host='intertext.calicotab.com', port=443): Failed to resolve 'intertext.calicotab.com' ([Errno 8] nodename nor servname provided, or not known)""))",
irishnovices25.calicotab.com,_,"failed: ConnectionError: HTTPSConnectionPool(host='irishnovices25.calicotab.com', port=443): Max retries exceeded with url: /api/v1/tournaments/_/teams (Caused by NameResolutionError(""HTTPSConnection(host='irishnovices25.calicotab.com', port=443): Failed to resolve 'irishnovices25.calicotab.com' ([Errno 8] nodename nor servname provided, or not known)""))",
idltournaments2024.calicotab.com,englishcup24,"failed: ConnectionError: HTTPSConnectionPool(host='idltournaments2024.calicotab.com', port=443): Max retries exceeded with url: /api/v1/tournaments/englishcup24/teams (Caused by NameResolutionError(""HTTPSConnection(host='idltournaments2024.calicotab.com', port=443): Failed to resolve 'idltournaments2024.calicotab.com' ([Errno 8] nodename nor servname provided, or not known)""))",
idltournaments2026.calicotab.com,englishcup25,"failed: ConnectionError: HTTPSConnectionPool(host='idltournaments2026.calicotab.com', port=443): Max retries exceeded with url: /api/v1/tournaments/englishcup25/teams (Caused by NameResolutionError(""HTTPSConnection(host='idltournaments2026.calicotab.com', port=443): Failed to resolve 'idltournaments2026.calicotab.com' ([Errno 8] nodename nor servname provided, or not known)""))",
idltournaments2024.calicotab.com,englishopen2024,"failed: ConnectionError: HTTPSConnectionPool(host='idltournaments2024.calicotab.com', port=443): Max retries exceeded with url: /api/v1/tournaments/englishopen2024/teams (Caused by NameResolutionError(""HTTPSConnection(host='idltournaments2024.calicotab.com', port=443): Failed to resolve 'idltournaments2024.calicotab.com' ([Errno 8] nodename nor servname provided, or not known)""))",
idltournaments2024.calicotab.com,engopen2025,"failed: ConnectionError: HTTPSConnectionPool(host='idltournaments2024.calicotab.com', port=443): Max retries exceeded with url: /api/v1/tournaments/engopen2025/teams (Caused by NameResolutionError(""HTTPSConnection(host='idltournaments2024.calicotab.com', port=443): Failed to resolve 'idltournaments2024.calicotab.com' ([Errno 8] nodename nor servname provided, or not known)""))",
idltournaments2026.calicotab.com,englishopen2026,"failed: ConnectionError: HTTPSConnectionPool(host='idltournaments2026.calicotab.com', port=443): Max retries exceeded with url: /api/v1/tournaments/englishopen2026/teams (Caused by NameResolutionError(""HTTPSConnection(host='idltournaments2026.calicotab.com', port=443): Failed to resolve 'idltournaments2026.calicotab.com' ([Errno 8] nodename nor servname provided, or not known)""))",
idltournaments2026.calicotab.com,minispringchallenge2026,"failed: ConnectionError: HTTPSConnectionPool(host='idltournaments2026.calicotab.com', port=443): Max retries exceeded with url: /api/v1/tournaments/minispringchallenge2026/teams (Caused by NameResolutionError(""HTTPSConnection(host='idltournaments2026.calicotab.com', port=443): Failed to resolve 'idltournaments2026.calicotab.com' ([Errno 8] nodename nor servname provided, or not known)""))",
idltournaments2024.calicotab.com,Newbies2024,"failed: ConnectionError: HTTPSConnectionPool(host='idltournaments2024.calicotab.com', port=443): Max retries exceeded with url: /api/v1/tournaments/Newbies2024/teams (Caused by NameResolutionError(""HTTPSConnection(host='idltournaments2024.calicotab.com', port=443): Failed to resolve 'idltournaments2024.calicotab.com' ([Errno 8] nodename nor servname provided, or not known)""))",
idltournaments2026.calicotab.com,newbies2026,"failed: ConnectionError: HTTPSConnectionPool(host='idltournaments2026.calicotab.com', port=443): Max retries exceeded with url: /api/v1/tournaments/newbies2026/teams (Caused by NameResolutionError(""HTTPSConnection(host='idltournaments2026.calicotab.com', port=443): Failed to resolve 'idltournaments2026.calicotab.com' ([Errno 8] nodename nor servname provided, or not known)""))",
idltournaments2026.calicotab.com,NIV2026,"failed: ConnectionError: HTTPSConnectionPool(host='idltournaments2026.calicotab.com', port=443): Max retries exceeded with url: /api/v1/tournaments/NIV2026/teams (Caused by NameResolutionError(""HTTPSConnection(host='idltournaments2026.calicotab.com', port=443): Failed to resolve 'idltournaments2026.calicotab.com' ([Errno 8] nodename nor servname provided, or not known)""))",
istanbulopen30international.calicotab.com,istanbulopen30,"failed: ConnectionError: HTTPSConnectionPool(host='istanbulopen30international.calicotab.com', port=443): Max retries exceeded with url: /api/v1/tournaments/istanbulopen30/teams (Caused by NameResolutionError(""HTTPSConnection(host='istanbulopen30international.calicotab.com', port=443): Failed to resolve 'istanbulopen30international.calicotab.com' ([Errno 8] nodename nor servname provided, or not known)""))",
tabserverofturkey.calicotab.com,istanbulopen26,"failed: ConnectionError: HTTPSConnectionPool(host='tabserverofturkey.calicotab.com', port=443): Max retries exceeded with url: /api/v1/tournaments/istanbulopen26/teams (Caused by NameResolutionError(""HTTPSConnection(host='tabserverofturkey.calicotab.com', port=443): Failed to resolve 'tabserverofturkey.calicotab.com' ([Errno 8] nodename nor servname provided, or not known)""))",
tabserverofturkey.calicotab.com,ihuinternationalopen2025,"failed: ConnectionError: HTTPSConnectionPool(host='tabserverofturkey.calicotab.com', port=443): Max retries exceeded with url: /api/v1/tournaments/ihuinternationalopen2025/teams (Caused by NameResolutionError(""HTTPSConnection(host='tabserverofturkey.calicotab.com', port=443): Failed to resolve 'tabserverofturkey.calicotab.com' ([Errno 8] nodename nor servname provided, or not known)""))",
braceytab.calicotab.com,IV2026,"failed: ConnectionError: HTTPSConnectionPool(host='braceytab.calicotab.com', port=443): Max retries exceeded with url: /api/v1/tournaments/IV2026/teams (Caused by NameResolutionError(""HTTPSConnection(host='braceytab.calicotab.com', port=443): Failed to resolve 'braceytab.calicotab.com' ([Errno 8] nodename nor servname provided, or not known)""))",
japanbp2024.calicotab.com,24jbp,"failed: ConnectionError: HTTPSConnectionPool(host='japanbp2024.calicotab.com', port=443): Max retries exceeded with url: /api/v1/tournaments/24jbp/teams (Caused by NameResolutionError(""HTTPSConnection(host='japanbp2024.calicotab.com', port=443): Failed to resolve 'japanbp2024.calicotab.com' ([Errno 8] nodename nor servname provided, or not known)""))",
japanbp2025.calicotab.com,_,"failed: ConnectionError: HTTPSConnectionPool(host='japanbp2025.calicotab.com', port=443): Max retries exceeded with url: /api/v1/tournaments/_/teams (Caused by NameResolutionError(""HTTPSConnection(host='japanbp2025.calicotab.com', port=443): Failed to resolve 'japanbp2025.calicotab.com' ([Errno 8] nodename nor servname provided, or not known)""))",
jindaldebsoc.calicotab.com,jindaldebate2026,"failed: ConnectionError: HTTPSConnectionPool(host='jindaldebsoc.calicotab.com', port=443): Max retries exceeded with url: /api/v1/tournaments/jindaldebate2026/teams (Caused by NameResolutionError(""HTTPSConnection(host='jindaldebsoc.calicotab.com', port=443): Failed to resolve 'jindaldebsoc.calicotab.com' ([Errno 8] nodename nor servname provided, or not known)""))",
johnshopkinsopen2022.calicotab.com,jhu2022,"failed: ConnectionError: HTTPSConnectionPool(host='johnshopkinsopen2022.calicotab.com', port=443): Max retries exceeded with url: /api/v1/tournaments/jhu2022/teams (Caused by NameResolutionError(""HTTPSConnection(host='johnshopkinsopen2022.calicotab.com', port=443): Failed to resolve 'johnshopkinsopen2022.calicotab.com' ([Errno 8] nodename nor servname provided, or not known)""))",
jhuprewudc2023.calicotab.com,jhuprewudc2023,"failed: ConnectionError: HTTPSConnectionPool(host='jhuprewudc2023.calicotab.com', port=443): Max retries exceeded with url: /api/v1/tournaments/jhuprewudc2023/teams (Caused by NameResolutionError(""HTTPSConnection(host='jhuprewudc2023.calicotab.com', port=443): Failed to resolve 'jhuprewudc2023.calicotab.com' ([Errno 8] nodename nor servname provided, or not known)""))",
mace.calicotab.com,jr22,"failed: ConnectionError: HTTPSConnectionPool(host='mace.calicotab.com', port=443): Max retries exceeded with url: /api/v1/tournaments/jr22/teams (Caused by NameResolutionError(""HTTPSConnection(host='mace.calicotab.com', port=443): Failed to resolve 'mace.calicotab.com' ([Errno 8] nodename nor servname provided, or not known)""))",
jozirumble.calicotab.com,jozirumble2023,"failed: ConnectionError: HTTPSConnectionPool(host='jozirumble.calicotab.com', port=443): Max retries exceeded with url: /api/v1/tournaments/jozirumble2023/teams (Caused by NameResolutionError(""HTTPSConnection(host='jozirumble.calicotab.com', port=443): Failed to resolve 'jozirumble.calicotab.com' ([Errno 8] nodename nor servname provided, or not known)""))",
jr2024.calicotab.com,jozirumble2024,"failed: ConnectionError: HTTPSConnectionPool(host='jr2024.calicotab.com', port=443): Max retries exceeded with url: /api/v1/tournaments/jozirumble2024/teams (Caused by NameResolutionError(""HTTPSConnection(host='jr2024.calicotab.com', port=443): Failed to resolve 'jr2024.calicotab.com' ([Errno 8] nodename nor servname provided, or not known)""))",
jr2025.calicotab.com,jr2025,"failed: ConnectionError: HTTPSConnectionPool(host='jr2025.calicotab.com', port=443): Max retries exceeded with url: /api/v1/tournaments/jr2025/teams (Caused by NameResolutionError(""HTTPSConnection(host='jr2025.calicotab.com', port=443): Failed to resolve 'jr2025.calicotab.com' ([Errno 8] nodename nor servname provided, or not known)""))",
nix.calicotab.com,JR26,"failed: ConnectionError: HTTPSConnectionPool(host='nix.calicotab.com', port=443): Max retries exceeded with url: /api/v1/tournaments/JR26/teams (Caused by NameResolutionError(""HTTPSConnection(host='nix.calicotab.com', port=443): Failed to resolve 'nix.calicotab.com' ([Errno 8] nodename nor servname provided, or not known)""))",
jpduautumn2024.calicotab.com,_,"failed: ConnectionError: HTTPSConnectionPool(host='jpduautumn2024.calicotab.com', port=443): Max retries exceeded with url: /api/v1/tournaments/_/teams (Caused by NameResolutionError(""HTTPSConnection(host='jpduautumn2024.calicotab.com', port=443): Failed to resolve 'jpduautumn2024.calicotab.com' ([Errno 8] nodename nor servname provided, or not known)""))",
autumntournament.calicotab.com,autumntournament2025,"failed: ConnectionError: HTTPSConnectionPool(host='autumntournament.calicotab.com', port=443): Max retries exceeded with url: /api/v1/tournaments/autumntournament2025/teams (Caused by NameResolutionError(""HTTPSConnection(host='autumntournament.calicotab.com', port=443): Failed to resolve 'autumntournament.calicotab.com' ([Errno 8] nodename nor servname provided, or not known)""))",
01-rean.calicotab.com,ko-23,"failed: ConnectionError: HTTPSConnectionPool(host='01-rean.calicotab.com', port=443): Max retries exceeded with url: /api/v1/tournaments/ko-23/teams (Caused by NameResolutionError(""HTTPSConnection(host='01-rean.calicotab.com', port=443): Failed to resolve '01-rean.calicotab.com' ([Errno 8] nodename nor servname provided, or not known)""))",
2001rean.calicotab.com,KO2024,"failed: ConnectionError: HTTPSConnectionPool(host='2001rean.calicotab.com', port=443): Max retries exceeded with url: /api/v1/tournaments/KO2024/teams (Caused by NameResolutionError(""HTTPSConnection(host='2001rean.calicotab.com', port=443): Failed to resolve '2001rean.calicotab.com' ([Errno 8] nodename nor servname provided, or not known)""))",
debatefoster.calicotab.com,KO2025,"failed: ConnectionError: HTTPSConnectionPool(host='debatefoster.calicotab.com', port=443): Max retries exceeded with url: /api/v1/tournaments/KO2025/teams (Caused by NameResolutionError(""HTTPSConnection(host='debatefoster.calicotab.com', port=443): Failed to resolve 'debatefoster.calicotab.com' ([Errno 8] nodename nor servname provided, or not known)""))",
inspired.calicotab.com,KO2026,"failed: ConnectionError: HTTPSConnectionPool(host='inspired.calicotab.com', port=443): Max retries exceeded with url: /api/v1/tournaments/KO2026/teams (Caused by NameResolutionError(""HTTPSConnection(host='inspired.calicotab.com', port=443): Failed to resolve 'inspired.calicotab.com' ([Errno 8] nodename nor servname provided, or not known)""))",
kasiyana.calicotab.com,kasiyana2025,"failed: ConnectionError: HTTPSConnectionPool(host='kasiyana.calicotab.com', port=443): Max retries exceeded with url: /api/v1/tournaments/kasiyana2025/teams (Caused by NameResolutionError(""HTTPSConnection(host='kasiyana.calicotab.com', port=443): Failed to resolve 'kasiyana.calicotab.com' ([Errno 8] nodename nor servname provided, or not known)""))",
kcliv25.calicotab.com,kcliv25,"failed: ConnectionError: HTTPSConnectionPool(host='kcliv25.calicotab.com', port=443): Max retries exceeded with url: /api/v1/tournaments/kcliv25/teams (Caused by NameResolutionError(""HTTPSConnection(host='kcliv25.calicotab.com', port=443): Failed to resolve 'kcliv25.calicotab.com' ([Errno 8] nodename nor servname provided, or not known)""))",
kingsnovices2024.calicotab.com,kingsnovices2024,"failed: ConnectionError: HTTPSConnectionPool(host='kingsnovices2024.calicotab.com', port=443): Max retries exceeded with url: /api/v1/tournaments/kingsnovices2024/teams (Caused by NameResolutionError(""HTTPSConnection(host='kingsnovices2024.calicotab.com', port=443): Failed to resolve 'kingsnovices2024.calicotab.com' ([Errno 8] nodename nor servname provided, or not known)""))",
kclopen2021.calicotab.com,kclopen2021,"failed: ConnectionError: HTTPSConnectionPool(host='kclopen2021.calicotab.com', port=443): Max retries exceeded with url: /api/v1/tournaments/kclopen2021/teams (Caused by NameResolutionError(""HTTPSConnection(host='kclopen2021.calicotab.com', port=443): Failed to resolve 'kclopen2021.calicotab.com' ([Errno 8] nodename nor servname provided, or not known)""))",
kclopen2022.calicotab.com,kclopen,"failed: ConnectionError: HTTPSConnectionPool(host='kclopen2022.calicotab.com', port=443): Max retries exceeded with url: /api/v1/tournaments/kclopen/teams (Caused by NameResolutionError(""HTTPSConnection(host='kclopen2022.calicotab.com', port=443): Failed to resolve 'kclopen2022.calicotab.com' ([Errno 8] nodename nor servname provided, or not known)""))",
kclopen2024.calicotab.com,kclopen2024,"failed: ConnectionError: HTTPSConnectionPool(host='kclopen2024.calicotab.com', port=443): Max retries exceeded with url: /api/v1/tournaments/kclopen2024/teams (Caused by NameResolutionError(""HTTPSConnection(host='kclopen2024.calicotab.com', port=443): Failed to resolve 'kclopen2024.calicotab.com' ([Errno 8] nodename nor servname provided, or not known)""))",
kclopen25.calicotab.com,kclopen25,"failed: ConnectionError: HTTPSConnectionPool(host='kclopen25.calicotab.com', port=443): Max retries exceeded with url: /api/v1/tournaments/kclopen25/teams (Caused by NameResolutionError(""HTTPSConnection(host='kclopen25.calicotab.com', port=443): Failed to resolve 'kclopen25.calicotab.com' ([Errno 8] nodename nor servname provided, or not known)""))",
kclopen2025.calicotab.com,kclpreeudc2025,"failed: ConnectionError: HTTPSConnectionPool(host='kclopen2025.calicotab.com', port=443): Max retries exceeded with url: /api/v1/tournaments/kclpreeudc2025/teams (Caused by NameResolutionError(""HTTPSConnection(host='kclopen2025.calicotab.com', port=443): Failed to resolve 'kclopen2025.calicotab.com' ([Errno 8] nodename nor servname provided, or not known)""))",
kclproam2020.calicotab.com,kclproam2020,"failed: ConnectionError: HTTPSConnectionPool(host='kclproam2020.calicotab.com', port=443): Max retries exceeded with url: /api/v1/tournaments/kclproam2020/teams (Caused by NameResolutionError(""HTTPSConnection(host='kclproam2020.calicotab.com', port=443): Failed to resolve 'kclproam2020.calicotab.com' ([Errno 8] nodename nor servname provided, or not known)""))",
kclproam.calicotab.com,kclpa21,"failed: ConnectionError: HTTPSConnectionPool(host='kclproam.calicotab.com', port=443): Max retries exceeded with url: /api/v1/tournaments/kclpa21/teams (Caused by NameResolutionError(""HTTPSConnection(host='kclproam.calicotab.com', port=443): Failed to resolve 'kclproam.calicotab.com' ([Errno 8] nodename nor servname provided, or not known)""))",
kclproam2022.calicotab.com,kclpa2022,"failed: ConnectionError: HTTPSConnectionPool(host='kclproam2022.calicotab.com', port=443): Max retries exceeded with url: /api/v1/tournaments/kclpa2022/teams (Caused by NameResolutionError(""HTTPSConnection(host='kclproam2022.calicotab.com', port=443): Failed to resolve 'kclproam2022.calicotab.com' ([Errno 8] nodename nor servname provided, or not known)""))",
kdo2026.calicotab.com,kdo2026,"failed: ConnectionError: HTTPSConnectionPool(host='kdo2026.calicotab.com', port=443): Max retries exceeded with url: /api/v1/tournaments/kdo2026/teams (Caused by NameResolutionError(""HTTPSConnection(host='kdo2026.calicotab.com', port=443): Failed to resolve 'kdo2026.calicotab.com' ([Errno 8] nodename nor servname provided, or not known)""))",
keioiv2026.calicotab.com,keioiv2026,"failed: ConnectionError: HTTPSConnectionPool(host='keioiv2026.calicotab.com', port=443): Max retries exceeded with url: /api/v1/tournaments/keioiv2026/teams (Caused by NameResolutionError(""HTTPSConnection(host='keioiv2026.calicotab.com', port=443): Failed to resolve 'keioiv2026.calicotab.com' ([Errno 8] nodename nor servname provided, or not known)""))",
khalsapreabp2025.calicotab.com,khalsapreabp25,"failed: ConnectionError: HTTPSConnectionPool(host='khalsapreabp2025.calicotab.com', port=443): Max retries exceeded with url: /api/v1/tournaments/khalsapreabp25/teams (Caused by NameResolutionError(""HTTPSConnection(host='khalsapreabp2025.calicotab.com', port=443): Failed to resolve 'khalsapreabp2025.calicotab.com' ([Errno 8] nodename nor servname provided, or not known)""))",
kudc.calicotab.com,KiambuNairobi25,"failed: ConnectionError: HTTPSConnectionPool(host='kudc.calicotab.com', port=443): Max retries exceeded with url: /api/v1/tournaments/KiambuNairobi25/teams (Caused by NameResolutionError(""HTTPSConnection(host='kudc.calicotab.com', port=443): Failed to resolve 'kudc.calicotab.com' ([Errno 8] nodename nor servname provided, or not known)""))",
kidaopen2023.calicotab.com,kidaopen2023,"failed: ConnectionError: HTTPSConnectionPool(host='kidaopen2023.calicotab.com', port=443): Max retries exceeded with url: /api/v1/tournaments/kidaopen2023/teams (Caused by NameResolutionError(""HTTPSConnection(host='kidaopen2023.calicotab.com', port=443): Failed to resolve 'kidaopen2023.calicotab.com' ([Errno 8] nodename nor servname provided, or not known)""))",
kidaopen2024.calicotab.com,kidaopen2024,"failed: ConnectionError: HTTPSConnectionPool(host='kidaopen2024.calicotab.com', port=443): Max retries exceeded with url: /api/v1/tournaments/kidaopen2024/teams (Caused by NameResolutionError(""HTTPSConnection(host='kidaopen2024.calicotab.com', port=443): Failed to resolve 'kidaopen2024.calicotab.com' ([Errno 8] nodename nor servname provided, or not known)""))",
kinnairdurduopen21.calicotab.com,kcdcenglish22,"failed: ConnectionError: HTTPSConnectionPool(host='kinnairdurduopen21.calicotab.com', port=443): Max retries exceeded with url: /api/v1/tournaments/kcdcenglish22/teams (Caused by NameResolutionError(""HTTPSConnection(host='kinnairdurduopen21.calicotab.com', port=443): Failed to resolve 'kinnairdurduopen21.calicotab.com' ([Errno 8] nodename nor servname provided, or not known)""))",
kinnairdurduopen21.calicotab.com,kcdc23english,"failed: ConnectionError: HTTPSConnectionPool(host='kinnairdurduopen21.calicotab.com', port=443): Max retries exceeded with url: /api/v1/tournaments/kcdc23english/teams (Caused by NameResolutionError(""HTTPSConnection(host='kinnairdurduopen21.calicotab.com', port=443): Failed to resolve 'kinnairdurduopen21.calicotab.com' ([Errno 8] nodename nor servname provided, or not known)""))",
kinnairdurduopen21.calicotab.com,Kcdceng2024,"failed: ConnectionError: HTTPSConnectionPool(host='kinnairdurduopen21.calicotab.com', port=443): Max retries exceeded with url: /api/v1/tournaments/Kcdceng2024/teams (Caused by NameResolutionError(""HTTPSConnection(host='kinnairdurduopen21.calicotab.com', port=443): Failed to resolve 'kinnairdurduopen21.calicotab.com' ([Errno 8] nodename nor servname provided, or not known)""))",
kinnairdurduopen21.calicotab.com,KCDC25,"failed: ConnectionError: HTTPSConnectionPool(host='kinnairdurduopen21.calicotab.com', port=443): Max retries exceeded with url: /api/v1/tournaments/KCDC25/teams (Caused by NameResolutionError(""HTTPSConnection(host='kinnairdurduopen21.calicotab.com', port=443): Failed to resolve 'kinnairdurduopen21.calicotab.com' ([Errno 8] nodename nor servname provided, or not known)""))",
kmcirongiant.calicotab.com,kmcirongiant,"failed: ConnectionError: HTTPSConnectionPool(host='kmcirongiant.calicotab.com', port=443): Max retries exceeded with url: /api/v1/tournaments/kmcirongiant/teams (Caused by NameResolutionError(""HTTPSConnection(host='kmcirongiant.calicotab.com', port=443): Failed to resolve 'kmcirongiant.calicotab.com' ([Errno 8] nodename nor servname provided, or not known)""))",
knustopen2024.calicotab.com,_,"failed: ConnectionError: HTTPSConnectionPool(host='knustopen2024.calicotab.com', port=443): Max retries exceeded with url: /api/v1/tournaments/_/teams (Caused by NameResolutionError(""HTTPSConnection(host='knustopen2024.calicotab.com', port=443): Failed to resolve 'knustopen2024.calicotab.com' ([Errno 8] nodename nor servname provided, or not known)""))",
kds.calicotab.com,vcc23,"failed: ConnectionError: HTTPSConnectionPool(host='kds.calicotab.com', port=443): Max retries exceeded with url: /api/v1/tournaments/vcc23/teams (Caused by NameResolutionError(""HTTPSConnection(host='kds.calicotab.com', port=443): Failed to resolve 'kds.calicotab.com' ([Errno 8] nodename nor servname provided, or not known)""))",
braceytab.calicotab.com,2025VCC,"failed: ConnectionError: HTTPSConnectionPool(host='braceytab.calicotab.com', port=443): Max retries exceeded with url: /api/v1/tournaments/2025VCC/teams (Caused by NameResolutionError(""HTTPSConnection(host='braceytab.calicotab.com', port=443): Failed to resolve 'braceytab.calicotab.com' ([Errno 8] nodename nor servname provided, or not known)""))",
kontrakorapcup.calicotab.com,kkc2025,"failed: ConnectionError: HTTPSConnectionPool(host='kontrakorapcup.calicotab.com', port=443): Max retries exceeded with url: /api/v1/tournaments/kkc2025/teams (Caused by NameResolutionError(""HTTPSConnection(host='kontrakorapcup.calicotab.com', port=443): Failed to resolve 'kontrakorapcup.calicotab.com' ([Errno 8] nodename nor servname provided, or not known)""))",
snudaxhufsknc.calicotab.com,hdsnudaknc2024,"failed: ConnectionError: HTTPSConnectionPool(host='snudaxhufsknc.calicotab.com', port=443): Max retries exceeded with url: /api/v1/tournaments/hdsnudaknc2024/teams (Caused by NameResolutionError(""HTTPSConnection(host='snudaxhufsknc.calicotab.com', port=443): Failed to resolve 'snudaxhufsknc.calicotab.com' ([Errno 8] nodename nor servname provided, or not known)""))",
kudchydsknc2025.calicotab.com,kudchydsknc2025,"failed: ConnectionError: HTTPSConnectionPool(host='kudchydsknc2025.calicotab.com', port=443): Max retries exceeded with url: /api/v1/tournaments/kudchydsknc2025/teams (Caused by NameResolutionError(""HTTPSConnection(host='kudchydsknc2025.calicotab.com', port=443): Failed to resolve 'kudchydsknc2025.calicotab.com' ([Errno 8] nodename nor servname provided, or not known)""))",
mkdsdaeknc2025.calicotab.com,mkdsdaeknc2025,"failed: ConnectionError: HTTPSConnectionPool(host='mkdsdaeknc2025.calicotab.com', port=443): Max retries exceeded with url: /api/v1/tournaments/mkdsdaeknc2025/teams (Caused by NameResolutionError(""HTTPSConnection(host='mkdsdaeknc2025.calicotab.com', port=443): Failed to resolve 'mkdsdaeknc2025.calicotab.com' ([Errno 8] nodename nor servname provided, or not known)""))",
snudaxhdskncap2026.calicotab.com,2026apknc,"failed: ConnectionError: HTTPSConnectionPool(host='snudaxhdskncap2026.calicotab.com', port=443): Max retries exceeded with url: /api/v1/tournaments/2026apknc/teams (Caused by NameResolutionError(""HTTPSConnection(host='snudaxhdskncap2026.calicotab.com', port=443): Failed to resolve 'snudaxhdskncap2026.calicotab.com' ([Errno 8] nodename nor servname provided, or not known)""))",
kdotab.calicotab.com,kdo22,"failed: ConnectionError: HTTPSConnectionPool(host='kdotab.calicotab.com', port=443): Max retries exceeded with url: /api/v1/tournaments/kdo22/teams (Caused by NameResolutionError(""HTTPSConnection(host='kdotab.calicotab.com', port=443): Failed to resolve 'kdotab.calicotab.com' ([Errno 8] nodename nor servname provided, or not known)""))",
kumasi.calicotab.com,kdo23,"failed: ConnectionError: HTTPSConnectionPool(host='kumasi.calicotab.com', port=443): Max retries exceeded with url: /api/v1/tournaments/kdo23/teams (Caused by NameResolutionError(""HTTPSConnection(host='kumasi.calicotab.com', port=443): Failed to resolve 'kumasi.calicotab.com' ([Errno 8] nodename nor servname provided, or not known)""))",
kumasi.calicotab.com,kdo24,"failed: ConnectionError: HTTPSConnectionPool(host='kumasi.calicotab.com', port=443): Max retries exceeded with url: /api/v1/tournaments/kdo24/teams (Caused by NameResolutionError(""HTTPSConnection(host='kumasi.calicotab.com', port=443): Failed to resolve 'kumasi.calicotab.com' ([Errno 8] nodename nor servname provided, or not known)""))",
kumasi.calicotab.com,kdo2025,"failed: ConnectionError: HTTPSConnectionPool(host='kumasi.calicotab.com', port=443): Max retries exceeded with url: /api/v1/tournaments/kdo2025/teams (Caused by NameResolutionError(""HTTPSConnection(host='kumasi.calicotab.com', port=443): Failed to resolve 'kumasi.calicotab.com' ([Errno 8] nodename nor servname provided, or not known)""))",
kumasi.calicotab.com,kdo2026,"failed: ConnectionError: HTTPSConnectionPool(host='kumasi.calicotab.com', port=443): Max retries exceeded with url: /api/v1/tournaments/kdo2026/teams (Caused by NameResolutionError(""HTTPSConnection(host='kumasi.calicotab.com', port=443): Failed to resolve 'kumasi.calicotab.com' ([Errno 8] nodename nor servname provided, or not known)""))",
kyivopen2021.calicotab.com,kyiv,"failed: ConnectionError: HTTPSConnectionPool(host='kyivopen2021.calicotab.com', port=443): Max retries exceeded with url: /api/v1/tournaments/kyiv/teams (Caused by NameResolutionError(""HTTPSConnection(host='kyivopen2021.calicotab.com', port=443): Failed to resolve 'kyivopen2021.calicotab.com' ([Errno 8] nodename nor servname provided, or not known)""))",
qdo.calicotab.com,qdo2024,"failed: ConnectionError: HTTPSConnectionPool(host='qdo.calicotab.com', port=443): Max retries exceeded with url: /api/v1/tournaments/qdo2024/teams (Caused by NameResolutionError(""HTTPSConnection(host='qdo.calicotab.com', port=443): Failed to resolve 'qdo.calicotab.com' ([Errno 8] nodename nor servname provided, or not known)""))",
stevehunt.calicotab.com,shc25,"failed: ConnectionError: HTTPSConnectionPool(host='stevehunt.calicotab.com', port=443): Max retries exceeded with url: /api/v1/tournaments/shc25/teams (Caused by NameResolutionError(""HTTPSConnection(host='stevehunt.calicotab.com', port=443): Failed to resolve 'stevehunt.calicotab.com' ([Errno 8] nodename nor servname provided, or not known)""))",
debatefoster.calicotab.com,LVO2024,"failed: ConnectionError: HTTPSConnectionPool(host='debatefoster.calicotab.com', port=443): Max retries exceeded with url: /api/v1/tournaments/LVO2024/teams (Caused by NameResolutionError(""HTTPSConnection(host='debatefoster.calicotab.com', port=443): Failed to resolve 'debatefoster.calicotab.com' ([Errno 8] nodename nor servname provided, or not known)""))",
unilagdebate.calicotab.com,ldo2023,"failed: ConnectionError: HTTPSConnectionPool(host='unilagdebate.calicotab.com', port=443): Max retries exceeded with url: /api/v1/tournaments/ldo2023/teams (Caused by NameResolutionError(""HTTPSConnection(host='unilagdebate.calicotab.com', port=443): Failed to resolve 'unilagdebate.calicotab.com' ([Errno 8] nodename nor servname provided, or not known)""))",
unilagdebate.calicotab.com,ldo2025,"failed: ConnectionError: HTTPSConnectionPool(host='unilagdebate.calicotab.com', port=443): Max retries exceeded with url: /api/v1/tournaments/ldo2025/teams (Caused by NameResolutionError(""HTTPSConnection(host='unilagdebate.calicotab.com', port=443): Failed to resolve 'unilagdebate.calicotab.com' ([Errno 8] nodename nor servname provided, or not known)""))",
lancasteriv.calicotab.com,lancaster25,"failed: ConnectionError: HTTPSConnectionPool(host='lancasteriv.calicotab.com', port=443): Max retries exceeded with url: /api/v1/tournaments/lancaster25/teams (Caused by NameResolutionError(""HTTPSConnection(host='lancasteriv.calicotab.com', port=443): Failed to resolve 'lancasteriv.calicotab.com' ([Errno 8] nodename nor servname provided, or not known)""))",
lantugi.calicotab.com,novicecup24,"failed: ConnectionError: HTTPSConnectionPool(host='lantugi.calicotab.com', port=443): Max retries exceeded with url: /api/v1/tournaments/novicecup24/teams (Caused by NameResolutionError(""HTTPSConnection(host='lantugi.calicotab.com', port=443): Failed to resolve 'lantugi.calicotab.com' ([Errno 8] nodename nor servname provided, or not known)""))",
lnc.calicotab.com,lnc2025,"failed: ConnectionError: HTTPSConnectionPool(host='lnc.calicotab.com', port=443): Max retries exceeded with url: /api/v1/tournaments/lnc2025/teams (Caused by NameResolutionError(""HTTPSConnection(host='lnc.calicotab.com', port=443): Failed to resolve 'lnc.calicotab.com' ([Errno 8] nodename nor servname provided, or not known)""))",
ldsgoldencup25.calicotab.com,ldsgoldencup25,"failed: ConnectionError: HTTPSConnectionPool(host='ldsgoldencup25.calicotab.com', port=443): Max retries exceeded with url: /api/v1/tournaments/ldsgoldencup25/teams (Caused by NameResolutionError(""HTTPSConnection(host='ldsgoldencup25.calicotab.com', port=443): Failed to resolve 'ldsgoldencup25.calicotab.com' ([Errno 8] nodename nor servname provided, or not known)""))",
leidenopen23.calicotab.com,leidenopen23,"failed: ConnectionError: HTTPSConnectionPool(host='leidenopen23.calicotab.com', port=443): Max retries exceeded with url: /api/v1/tournaments/leidenopen23/teams (Caused by NameResolutionError(""HTTPSConnection(host='leidenopen23.calicotab.com', port=443): Failed to resolve 'leidenopen23.calicotab.com' ([Errno 8] nodename nor servname provided, or not known)""))",
leidenopen2024.calicotab.com,_,"failed: ConnectionError: HTTPSConnectionPool(host='leidenopen2024.calicotab.com', port=443): Max retries exceeded with url: /api/v1/tournaments/_/teams (Caused by NameResolutionError(""HTTPSConnection(host='leidenopen2024.calicotab.com', port=443): Failed to resolve 'leidenopen2024.calicotab.com' ([Errno 8] nodename nor servname provided, or not known)""))",
lo2025.calicotab.com,lo2025,"failed: ConnectionError: HTTPSConnectionPool(host='lo2025.calicotab.com', port=443): Max retries exceeded with url: /api/v1/tournaments/lo2025/teams (Caused by NameResolutionError(""HTTPSConnection(host='lo2025.calicotab.com', port=443): Failed to resolve 'lo2025.calicotab.com' ([Errno 8] nodename nor servname provided, or not known)""))",
lo2026.calicotab.com,LO2026,"failed: ConnectionError: HTTPSConnectionPool(host='lo2026.calicotab.com', port=443): Max retries exceeded with url: /api/v1/tournaments/LO2026/teams (Caused by NameResolutionError(""HTTPSConnection(host='lo2026.calicotab.com', port=443): Failed to resolve 'lo2026.calicotab.com' ([Errno 8] nodename nor servname provided, or not known)""))",
linkbate-6-2022.calicotab.com,linkbate,"failed: ConnectionError: HTTPSConnectionPool(host='linkbate-6-2022.calicotab.com', port=443): Max retries exceeded with url: /api/v1/tournaments/linkbate/teams (Caused by NameResolutionError(""HTTPSConnection(host='linkbate-6-2022.calicotab.com', port=443): Failed to resolve 'linkbate-6-2022.calicotab.com' ([Errno 8] nodename nor servname provided, or not known)""))",
linkbate2024.calicotab.com,linkbate,"failed: ConnectionError: HTTPSConnectionPool(host='linkbate2024.calicotab.com', port=443): Max retries exceeded with url: /api/v1/tournaments/linkbate/teams (Caused by NameResolutionError(""HTTPSConnection(host='linkbate2024.calicotab.com', port=443): Failed to resolve 'linkbate2024.calicotab.com' ([Errno 8] nodename nor servname provided, or not known)""))",
mersey.calicotab.com,LDU,"failed: ConnectionError: HTTPSConnectionPool(host='mersey.calicotab.com', port=443): Max retries exceeded with url: /api/v1/tournaments/LDU/teams (Caused by NameResolutionError(""HTTPSConnection(host='mersey.calicotab.com', port=443): Failed to resolve 'mersey.calicotab.com' ([Errno 8] nodename nor servname provided, or not known)""))",
liverpool23.calicotab.com,Liverpool23,"failed: ConnectionError: HTTPSConnectionPool(host='liverpool23.calicotab.com', port=443): Max retries exceeded with url: /api/v1/tournaments/Liverpool23/teams (Caused by NameResolutionError(""HTTPSConnection(host='liverpool23.calicotab.com', port=443): Failed to resolve 'liverpool23.calicotab.com' ([Errno 8] nodename nor servname provided, or not known)""))",
liverpooliv2024.calicotab.com,liv24,"failed: ConnectionError: HTTPSConnectionPool(host='liverpooliv2024.calicotab.com', port=443): Max retries exceeded with url: /api/v1/tournaments/liv24/teams (Caused by NameResolutionError(""HTTPSConnection(host='liverpooliv2024.calicotab.com', port=443): Failed to resolve 'liverpooliv2024.calicotab.com' ([Errno 8] nodename nor servname provided, or not known)""))",
liverpool25.calicotab.com,liverpool25,"failed: ConnectionError: HTTPSConnectionPool(host='liverpool25.calicotab.com', port=443): Max retries exceeded with url: /api/v1/tournaments/liverpool25/teams (Caused by NameResolutionError(""HTTPSConnection(host='liverpool25.calicotab.com', port=443): Failed to resolve 'liverpool25.calicotab.com' ([Errno 8] nodename nor servname provided, or not known)""))",
liverpooliv2026.calicotab.com,liverpooliv2026,"failed: ConnectionError: HTTPSConnectionPool(host='liverpooliv2026.calicotab.com', port=443): Max retries exceeded with url: /api/v1/tournaments/liverpooliv2026/teams (Caused by NameResolutionError(""HTTPSConnection(host='liverpooliv2026.calicotab.com', port=443): Failed to resolve 'liverpooliv2026.calicotab.com' ([Errno 8] nodename nor servname provided, or not known)""))",
tab.debate.si,lj-iv-22,"failed: ConnectionError: HTTPSConnectionPool(host='tab.debate.si', port=443): Max retries exceeded with url: /api/v1/tournaments/lj-iv-22/teams (Caused by NameResolutionError(""HTTPSConnection(host='tab.debate.si', port=443): Failed to resolve 'tab.debate.si' ([Errno 8] nodename nor servname provided, or not known)""))",
tab.debate.si,lj-iv-23,"failed: ConnectionError: HTTPSConnectionPool(host='tab.debate.si', port=443): Max retries exceeded with url: /api/v1/tournaments/lj-iv-23/teams (Caused by NameResolutionError(""HTTPSConnection(host='tab.debate.si', port=443): Failed to resolve 'tab.debate.si' ([Errno 8] nodename nor servname provided, or not known)""))",
tab.debate.si,lj-iv-24,"failed: ConnectionError: HTTPSConnectionPool(host='tab.debate.si', port=443): Max retries exceeded with url: /api/v1/tournaments/lj-iv-24/teams (Caused by NameResolutionError(""HTTPSConnection(host='tab.debate.si', port=443): Failed to resolve 'tab.debate.si' ([Errno 8] nodename nor servname provided, or not known)""))",
tab.debate.si,lj-pre-wudc-25,"failed: ConnectionError: HTTPSConnectionPool(host='tab.debate.si', port=443): Max retries exceeded with url: /api/v1/tournaments/lj-pre-wudc-25/teams (Caused by NameResolutionError(""HTTPSConnection(host='tab.debate.si', port=443): Failed to resolve 'tab.debate.si' ([Errno 8] nodename nor servname provided, or not known)""))",
lorddorchester.calicotab.com,dorch2024,"failed: ConnectionError: HTTPSConnectionPool(host='lorddorchester.calicotab.com', port=443): Max retries exceeded with url: /api/v1/tournaments/dorch2024/teams (Caused by NameResolutionError(""HTTPSConnection(host='lorddorchester.calicotab.com', port=443): Failed to resolve 'lorddorchester.calicotab.com' ([Errno 8] nodename nor servname provided, or not known)""))",
lorddorchester.calicotab.com,dorch2025,"failed: ConnectionError: HTTPSConnectionPool(host='lorddorchester.calicotab.com', port=443): Max retries exceeded with url: /api/v1/tournaments/dorch2025/teams (Caused by NameResolutionError(""HTTPSConnection(host='lorddorchester.calicotab.com', port=443): Failed to resolve 'lorddorchester.calicotab.com' ([Errno 8] nodename nor servname provided, or not known)""))",
dorchestercup2026.calicotab.com,dorchestercup2026,"failed: ConnectionError: HTTPSConnectionPool(host='dorchestercup2026.calicotab.com', port=443): Max retries exceeded with url: /api/v1/tournaments/dorchestercup2026/teams (Caused by NameResolutionError(""HTTPSConnection(host='dorchestercup2026.calicotab.com', port=443): Failed to resolve 'dorchestercup2026.calicotab.com' ([Errno 8] nodename nor servname provided, or not known)""))",
loyoladebateopen2.calicotab.com,loyoladebateopen2,"failed: ConnectionError: HTTPSConnectionPool(host='loyoladebateopen2.calicotab.com', port=443): Max retries exceeded with url: /api/v1/tournaments/loyoladebateopen2/teams (Caused by NameResolutionError(""HTTPSConnection(host='loyoladebateopen2.calicotab.com', port=443): Failed to resolve 'loyoladebateopen2.calicotab.com' ([Errno 8] nodename nor servname provided, or not known)""))",
loyoladebateopen3.calicotab.com,loyoladebateopen3,"failed: ConnectionError: HTTPSConnectionPool(host='loyoladebateopen3.calicotab.com', port=443): Max retries exceeded with url: /api/v1/tournaments/loyoladebateopen3/teams (Caused by NameResolutionError(""HTTPSConnection(host='loyoladebateopen3.calicotab.com', port=443): Failed to resolve 'loyoladebateopen3.calicotab.com' ([Errno 8] nodename nor servname provided, or not known)""))",
lsetabs.calicotab.com,lseiv2022,"failed: ConnectionError: HTTPSConnectionPool(host='lsetabs.calicotab.com', port=443): Max retries exceeded with url: /api/v1/tournaments/lseiv2022/teams (Caused by NameResolutionError(""HTTPSConnection(host='lsetabs.calicotab.com', port=443): Failed to resolve 'lsetabs.calicotab.com' ([Errno 8] nodename nor servname provided, or not known)""))",
lsexiv.calicotab.com,lsexiv,"failed: ConnectionError: HTTPSConnectionPool(host='lsexiv.calicotab.com', port=443): Max retries exceeded with url: /api/v1/tournaments/lsexiv/teams (Caused by NameResolutionError(""HTTPSConnection(host='lsexiv.calicotab.com', port=443): Failed to resolve 'lsexiv.calicotab.com' ([Errno 8] nodename nor servname provided, or not known)""))",
lseiv2024.calicotab.com,_,"failed: ConnectionError: HTTPSConnectionPool(host='lseiv2024.calicotab.com', port=443): Max retries exceeded with url: /api/v1/tournaments/_/teams (Caused by NameResolutionError(""HTTPSConnection(host='lseiv2024.calicotab.com', port=443): Failed to resolve 'lseiv2024.calicotab.com' ([Errno 8] nodename nor servname provided, or not known)""))",
lseiv2025.calicotab.com,lseiv2025,"failed: ConnectionError: HTTPSConnectionPool(host='lseiv2025.calicotab.com', port=443): Max retries exceeded with url: /api/v1/tournaments/lseiv2025/teams (Caused by NameResolutionError(""HTTPSConnection(host='lseiv2025.calicotab.com', port=443): Failed to resolve 'lseiv2025.calicotab.com' ([Errno 8] nodename nor servname provided, or not known)""))",
lseopen2022.calicotab.com,_,"failed: ConnectionError: HTTPSConnectionPool(host='lseopen2022.calicotab.com', port=443): Max retries exceeded with url: /api/v1/tournaments/_/teams (Caused by NameResolutionError(""HTTPSConnection(host='lseopen2022.calicotab.com', port=443): Failed to resolve 'lseopen2022.calicotab.com' ([Errno 8] nodename nor servname provided, or not known)""))",
lseopen2023.calicotab.com,_,"failed: ConnectionError: HTTPSConnectionPool(host='lseopen2023.calicotab.com', port=443): Max retries exceeded with url: /api/v1/tournaments/_/teams (Caused by NameResolutionError(""HTTPSConnection(host='lseopen2023.calicotab.com', port=443): Failed to resolve 'lseopen2023.calicotab.com' ([Errno 8] nodename nor servname provided, or not known)""))",
lseopen2024.calicotab.com,lsexopen2024,"failed: ConnectionError: HTTPSConnectionPool(host='lseopen2024.calicotab.com', port=443): Max retries exceeded with url: /api/v1/tournaments/lsexopen2024/teams (Caused by NameResolutionError(""HTTPSConnection(host='lseopen2024.calicotab.com', port=443): Failed to resolve 'lseopen2024.calicotab.com' ([Errno 8] nodename nor servname provided, or not known)""))",
lseopen2025.calicotab.com,_,"failed: ConnectionError: HTTPSConnectionPool(host='lseopen2025.calicotab.com', port=443): Max retries exceeded with url: /api/v1/tournaments/_/teams (Caused by NameResolutionError(""HTTPSConnection(host='lseopen2025.calicotab.com', port=443): Failed to resolve 'lseopen2025.calicotab.com' ([Errno 8] nodename nor servname provided, or not known)""))",
lseopen2026.calicotab.com,_,"failed: ConnectionError: HTTPSConnectionPool(host='lseopen2026.calicotab.com', port=443): Max retries exceeded with url: /api/v1/tournaments/_/teams (Caused by NameResolutionError(""HTTPSConnection(host='lseopen2026.calicotab.com', port=443): Failed to resolve 'lseopen2026.calicotab.com' ([Errno 8] nodename nor servname provided, or not known)""))",
lsekclnovices.calicotab.com,lsekclnovices25,"failed: ConnectionError: HTTPSConnectionPool(host='lsekclnovices.calicotab.com', port=443): Max retries exceeded with url: /api/v1/tournaments/lsekclnovices25/teams (Caused by NameResolutionError(""HTTPSConnection(host='lsekclnovices.calicotab.com', port=443): Failed to resolve 'lsekclnovices.calicotab.com' ([Errno 8] nodename nor servname provided, or not known)""))",
lums.calicotab.com,lumsiv21,"failed: ConnectionError: HTTPSConnectionPool(host='lums.calicotab.com', port=443): Max retries exceeded with url: /api/v1/tournaments/lumsiv21/teams (Caused by NameResolutionError(""HTTPSConnection(host='lums.calicotab.com', port=443): Failed to resolve 'lums.calicotab.com' ([Errno 8] nodename nor servname provided, or not known)""))",
lums.calicotab.com,lumsiv2023,"failed: ConnectionError: HTTPSConnectionPool(host='lums.calicotab.com', port=443): Max retries exceeded with url: /api/v1/tournaments/lumsiv2023/teams (Caused by NameResolutionError(""HTTPSConnection(host='lums.calicotab.com', port=443): Failed to resolve 'lums.calicotab.com' ([Errno 8] nodename nor servname provided, or not known)""))",
lums.calicotab.com,lumsiv24,"failed: ConnectionError: HTTPSConnectionPool(host='lums.calicotab.com', port=443): Max retries exceeded with url: /api/v1/tournaments/lumsiv24/teams (Caused by NameResolutionError(""HTTPSConnection(host='lums.calicotab.com', port=443): Failed to resolve 'lums.calicotab.com' ([Errno 8] nodename nor servname provided, or not known)""))",
lums.calicotab.com,lumsiv25,"failed: ConnectionError: HTTPSConnectionPool(host='lums.calicotab.com', port=443): Max retries exceeded with url: /api/v1/tournaments/lumsiv25/teams (Caused by NameResolutionError(""HTTPSConnection(host='lums.calicotab.com', port=443): Failed to resolve 'lums.calicotab.com' ([Errno 8] nodename nor servname provided, or not known)""))",
lums.calicotab.com,lumsiv2026,"failed: ConnectionError: HTTPSConnectionPool(host='lums.calicotab.com', port=443): Max retries exceeded with url: /api/v1/tournaments/lumsiv2026/teams (Caused by NameResolutionError(""HTTPSConnection(host='lums.calicotab.com', port=443): Failed to resolve 'lums.calicotab.com' ([Errno 8] nodename nor servname provided, or not known)""))",
lums.calicotab.com,lumspreabp2024,"failed: ConnectionError: HTTPSConnectionPool(host='lums.calicotab.com', port=443): Max retries exceeded with url: /api/v1/tournaments/lumspreabp2024/teams (Caused by NameResolutionError(""HTTPSConnection(host='lums.calicotab.com', port=443): Failed to resolve 'lums.calicotab.com' ([Errno 8] nodename nor servname provided, or not known)""))",
luzonintervarsity.calicotab.com,liv2021,"failed: ConnectionError: HTTPSConnectionPool(host='luzonintervarsity.calicotab.com', port=443): Max retries exceeded with url: /api/v1/tournaments/liv2021/teams (Caused by NameResolutionError(""HTTPSConnection(host='luzonintervarsity.calicotab.com', port=443): Failed to resolve 'luzonintervarsity.calicotab.com' ([Errno 8] nodename nor servname provided, or not known)""))",
luzonintervarsity.calicotab.com,liv2022,"failed: ConnectionError: HTTPSConnectionPool(host='luzonintervarsity.calicotab.com', port=443): Max retries exceeded with url: /api/v1/tournaments/liv2022/teams (Caused by NameResolutionError(""HTTPSConnection(host='luzonintervarsity.calicotab.com', port=443): Failed to resolve 'luzonintervarsity.calicotab.com' ([Errno 8] nodename nor servname provided, or not known)""))",
luzonintervarsity.calicotab.com,liv2023,"failed: ConnectionError: HTTPSConnectionPool(host='luzonintervarsity.calicotab.com', port=443): Max retries exceeded with url: /api/v1/tournaments/liv2023/teams (Caused by NameResolutionError(""HTTPSConnection(host='luzonintervarsity.calicotab.com', port=443): Failed to resolve 'luzonintervarsity.calicotab.com' ([Errno 8] nodename nor servname provided, or not known)""))",
maastricht2025.calicotab.com,maastricht2025,"failed: ConnectionError: HTTPSConnectionPool(host='maastricht2025.calicotab.com', port=443): Max retries exceeded with url: /api/v1/tournaments/maastricht2025/teams (Caused by NameResolutionError(""HTTPSConnection(host='maastricht2025.calicotab.com', port=443): Failed to resolve 'maastricht2025.calicotab.com' ([Errno 8] nodename nor servname provided, or not known)""))",
mdo2024.calicotab.com,mdo2024,"failed: ConnectionError: HTTPSConnectionPool(host='mdo2024.calicotab.com', port=443): Max retries exceeded with url: /api/v1/tournaments/mdo2024/teams (Caused by NameResolutionError(""HTTPSConnection(host='mdo2024.calicotab.com', port=443): Failed to resolve 'mdo2024.calicotab.com' ([Errno 8] nodename nor servname provided, or not known)""))",
macaudebateopen2025.calicotab.com,macaudebateopen2025,"failed: ReadTimeout: HTTPSConnectionPool(host='macaudebateopen2025.calicotab.com', port=443): Read timed out. (read timeout=15)",
macaudebateopen26.calicotab.com,macau2026,"failed: ReadTimeout: HTTPSConnectionPool(host='macaudebateopen26.calicotab.com', port=443): Read timed out. (read timeout=15)",
mactabs2022.calicotab.com,macproam2022,"failed: ReadTimeout: HTTPSConnectionPool(host='mactabs2022.calicotab.com', port=443): Read timed out. (read timeout=15)",
mactabs2025.calicotab.com,macpa2025,success,7
mactabs2026.calicotab.com,macproam26,success,7
dnn.calicotab.com,ms2021,failed: HTTPError: 401 Client Error: Unauthorized for url: https://dnn.calicotab.com/api/v1/tournaments/ms2021/teams,
dnn.calicotab.com,ms2024,success,10
makdo.calicotab.com,makdo2023,success,8
midp.calicotab.com,MBP2021,success,8
midp.calicotab.com,malaysiabp2022,success,9
midp.calicotab.com,malaysiabp2023,success,7
midp.calicotab.com,malaysiabp2024,failed: HTTPError: 401 Client Error: Unauthorized for url: https://midp.calicotab.com/api/v1/tournaments/malaysiabp2024/teams,
malaydo2024.calicotab.com,mdo2024,success,8
wolce.calicotab.com,mnidc2020,success,9
wolce.calicotab.com,mnidc2021,success,8
wolce.calicotab.com,mnidc2022,success,9
maradebates.calicotab.com,mnidc2023,success,10
unimasdebates.calicotab.com,mnidc2024,success,7
udosuniten.calicotab.com,mnidc25,success,9
modo.calicotab.com,modo2025,"failed: ConnectionError: HTTPSConnectionPool(host='modo.calicotab.com', port=443): Max retries exceeded with url: /api/v1/tournaments/modo2025/rounds/3/pairings/364275/ballots (Caused by NameResolutionError(""HTTPSConnection(host='modo.calicotab.com', port=443): Failed to resolve 'modo.calicotab.com' ([Errno 8] nodename nor servname provided, or not known)""))",
mapdebate.calicotab.com,mapwudc2025,"failed: ConnectionError: HTTPSConnectionPool(host='mapdebate.calicotab.com', port=443): Max retries exceeded with url: /api/v1/tournaments/mapwudc2025/teams (Caused by NameResolutionError(""HTTPSConnection(host='mapdebate.calicotab.com', port=443): Failed to resolve 'mapdebate.calicotab.com' ([Errno 8] nodename nor servname provided, or not known)""))",
manchesteriv2023.calicotab.com,manchesteriv,"failed: ConnectionError: HTTPSConnectionPool(host='manchesteriv2023.calicotab.com', port=443): Max retries exceeded with url: /api/v1/tournaments/manchesteriv/teams (Caused by NameResolutionError(""HTTPSConnection(host='manchesteriv2023.calicotab.com', port=443): Failed to resolve 'manchesteriv2023.calicotab.com' ([Errno 8] nodename nor servname provided, or not known)""))",
manchesteriv2024.calicotab.com,Manchester2024,"failed: ConnectionError: HTTPSConnectionPool(host='manchesteriv2024.calicotab.com', port=443): Max retries exceeded with url: /api/v1/tournaments/Manchester2024/teams (Caused by NameResolutionError(""HTTPSConnection(host='manchesteriv2024.calicotab.com', port=443): Failed to resolve 'manchesteriv2024.calicotab.com' ([Errno 8] nodename nor servname provided, or not known)""))",
manchesteriv25.calicotab.com,_,"failed: ConnectionError: HTTPSConnectionPool(host='manchesteriv25.calicotab.com', port=443): Max retries exceeded with url: /api/v1/tournaments/_/teams (Caused by NameResolutionError(""HTTPSConnection(host='manchesteriv25.calicotab.com', port=443): Failed to resolve 'manchesteriv25.calicotab.com' ([Errno 8] nodename nor servname provided, or not known)""))",
manchesteriv2026.calicotab.com,manchesteriv2026,"failed: ConnectionError: HTTPSConnectionPool(host='manchesteriv2026.calicotab.com', port=443): Max retries exceeded with url: /api/v1/tournaments/manchesteriv2026/teams (Caused by NameResolutionError(""HTTPSConnection(host='manchesteriv2026.calicotab.com', port=443): Failed to resolve 'manchesteriv2026.calicotab.com' ([Errno 8] nodename nor servname provided, or not known)""))",
mannov23.calicotab.com,_,"failed: ConnectionError: HTTPSConnectionPool(host='mannov23.calicotab.com', port=443): Max retries exceeded with url: /api/v1/tournaments/_/teams (Caused by NameResolutionError(""HTTPSConnection(host='mannov23.calicotab.com', port=443): Failed to resolve 'mannov23.calicotab.com' ([Errno 8] nodename nor servname provided, or not known)""))",
manchesternovices.calicotab.com,novices2024,"failed: ConnectionError: HTTPSConnectionPool(host='manchesternovices.calicotab.com', port=443): Max retries exceeded with url: /api/v1/tournaments/novices2024/teams (Caused by NameResolutionError(""HTTPSConnection(host='manchesternovices.calicotab.com', port=443): Failed to resolve 'manchesternovices.calicotab.com' ([Errno 8] nodename nor servname provided, or not known)""))",
manchesternovices2025.calicotab.com,2025,"failed: ConnectionError: HTTPSConnectionPool(host='manchesternovices2025.calicotab.com', port=443): Max retries exceeded with url: /api/v1/tournaments/2025/teams (Caused by NameResolutionError(""HTTPSConnection(host='manchesternovices2025.calicotab.com', port=443): Failed to resolve 'manchesternovices2025.calicotab.com' ([Errno 8] nodename nor servname provided, or not known)""))",
manilaprewudc.calicotab.com,manilaprewudc2025,"failed: ConnectionError: HTTPSConnectionPool(host='manilaprewudc.calicotab.com', port=443): Max retries exceeded with url: /api/v1/tournaments/manilaprewudc2025/teams (Caused by NameResolutionError(""HTTPSConnection(host='manilaprewudc.calicotab.com', port=443): Failed to resolve 'manilaprewudc.calicotab.com' ([Errno 8] nodename nor servname provided, or not known)""))",
afterfreedom.calicotab.com,MM25,"failed: ConnectionError: HTTPSConnectionPool(host='afterfreedom.calicotab.com', port=443): Max retries exceeded with url: /api/v1/tournaments/MM25/teams (Caused by NameResolutionError(""HTTPSConnection(host='afterfreedom.calicotab.com', port=443): Failed to resolve 'afterfreedom.calicotab.com' ([Errno 8] nodename nor servname provided, or not known)""))",
debatefoster.calicotab.com,masharikdebate2024,"failed: ConnectionError: HTTPSConnectionPool(host='debatefoster.calicotab.com', port=443): Max retries exceeded with url: /api/v1/tournaments/masharikdebate2024/teams (Caused by NameResolutionError(""HTTPSConnection(host='debatefoster.calicotab.com', port=443): Failed to resolve 'debatefoster.calicotab.com' ([Errno 8] nodename nor servname provided, or not known)""))",
mashujaa.calicotab.com,mashujaa09,"failed: ConnectionError: HTTPSConnectionPool(host='mashujaa.calicotab.com', port=443): Max retries exceeded with url: /api/v1/tournaments/mashujaa09/teams (Caused by NameResolutionError(""HTTPSConnection(host='mashujaa.calicotab.com', port=443): Failed to resolve 'mashujaa.calicotab.com' ([Errno 8] nodename nor servname provided, or not known)""))",
mashujaa.calicotab.com,mashujaa10,"failed: ConnectionError: HTTPSConnectionPool(host='mashujaa.calicotab.com', port=443): Max retries exceeded with url: /api/v1/tournaments/mashujaa10/teams (Caused by NameResolutionError(""HTTPSConnection(host='mashujaa.calicotab.com', port=443): Failed to resolve 'mashujaa.calicotab.com' ([Errno 8] nodename nor servname provided, or not known)""))",
mashujaa.calicotab.com,mashujaa11,"failed: ConnectionError: HTTPSConnectionPool(host='mashujaa.calicotab.com', port=443): Max retries exceeded with url: /api/v1/tournaments/mashujaa11/teams (Caused by NameResolutionError(""HTTPSConnection(host='mashujaa.calicotab.com', port=443): Failed to resolve 'mashujaa.calicotab.com' ([Errno 8] nodename nor servname provided, or not known)""))",
mashujaa.calicotab.com,mashujaa122024,"failed: ConnectionError: HTTPSConnectionPool(host='mashujaa.calicotab.com', port=443): Max retries exceeded with url: /api/v1/tournaments/mashujaa122024/teams (Caused by NameResolutionError(""HTTPSConnection(host='mashujaa.calicotab.com', port=443): Failed to resolve 'mashujaa.calicotab.com' ([Errno 8] nodename nor servname provided, or not known)""))",
mashujaa.calicotab.com,mashujaa132024,"failed: ConnectionError: HTTPSConnectionPool(host='mashujaa.calicotab.com', port=443): Max retries exceeded with url: /api/v1/tournaments/mashujaa132024/teams (Caused by NameResolutionError(""HTTPSConnection(host='mashujaa.calicotab.com', port=443): Failed to resolve 'mashujaa.calicotab.com' ([Errno 8] nodename nor servname provided, or not known)""))",
mashujaa.calicotab.com,mashujaa142025,"failed: ConnectionError: HTTPSConnectionPool(host='mashujaa.calicotab.com', port=443): Max retries exceeded with url: /api/v1/tournaments/mashujaa142025/teams (Caused by NameResolutionError(""HTTPSConnection(host='mashujaa.calicotab.com', port=443): Failed to resolve 'mashujaa.calicotab.com' ([Errno 8] nodename nor servname provided, or not known)""))",
mashujaa.calicotab.com,mashujaa152025,"failed: ConnectionError: HTTPSConnectionPool(host='mashujaa.calicotab.com', port=443): Max retries exceeded with url: /api/v1/tournaments/mashujaa152025/teams (Caused by NameResolutionError(""HTTPSConnection(host='mashujaa.calicotab.com', port=443): Failed to resolve 'mashujaa.calicotab.com' ([Errno 8] nodename nor servname provided, or not known)""))",
mkdsopen.calicotab.com,mkdsopen2026,"failed: ConnectionError: HTTPSConnectionPool(host='mkdsopen.calicotab.com', port=443): Max retries exceeded with url: /api/v1/tournaments/mkdsopen2026/teams (Caused by NameResolutionError(""HTTPSConnection(host='mkdsopen.calicotab.com', port=443): Failed to resolve 'mkdsopen.calicotab.com' ([Errno 8] nodename nor servname provided, or not known)""))",
centralnovs2022.calicotab.com,centralnovs2022,"failed: ConnectionError: HTTPSConnectionPool(host='centralnovs2022.calicotab.com', port=443): Max retries exceeded with url: /api/v1/tournaments/centralnovs2022/teams (Caused by NameResolutionError(""HTTPSConnection(host='centralnovs2022.calicotab.com', port=443): Failed to resolve 'centralnovs2022.calicotab.com' ([Errno 8] nodename nor servname provided, or not known)""))",
centralnov2024.calicotab.com,centralnov2024,"failed: ConnectionError: HTTPSConnectionPool(host='centralnov2024.calicotab.com', port=443): Max retries exceeded with url: /api/v1/tournaments/centralnov2024/teams (Caused by NameResolutionError(""HTTPSConnection(host='centralnov2024.calicotab.com', port=443): Failed to resolve 'centralnov2024.calicotab.com' ([Errno 8] nodename nor servname provided, or not known)""))",
centralnov2025.calicotab.com,centralnov2025,"failed: ConnectionError: HTTPSConnectionPool(host='centralnov2025.calicotab.com', port=443): Max retries exceeded with url: /api/v1/tournaments/centralnov2025/teams (Caused by NameResolutionError(""HTTPSConnection(host='centralnov2025.calicotab.com', port=443): Failed to resolve 'centralnov2025.calicotab.com' ([Errno 8] nodename nor servname provided, or not known)""))",
mcgilliv2024.calicotab.com,iv,"failed: ConnectionError: HTTPSConnectionPool(host='mcgilliv2024.calicotab.com', port=443): Max retries exceeded with url: /api/v1/tournaments/iv/teams (Caused by NameResolutionError(""HTTPSConnection(host='mcgilliv2024.calicotab.com', port=443): Failed to resolve 'mcgilliv2024.calicotab.com' ([Errno 8] nodename nor servname provided, or not known)""))",
mdu.calicotab.com,mcgilliv25,"failed: ConnectionError: HTTPSConnectionPool(host='mdu.calicotab.com', port=443): Max retries exceeded with url: /api/v1/tournaments/mcgilliv25/teams (Caused by NameResolutionError(""HTTPSConnection(host='mdu.calicotab.com', port=443): Failed to resolve 'mdu.calicotab.com' ([Errno 8] nodename nor servname provided, or not known)""))",
mcgilliv26.calicotab.com,mcgilliv26,"failed: ConnectionError: HTTPSConnectionPool(host='mcgilliv26.calicotab.com', port=443): Max retries exceeded with url: /api/v1/tournaments/mcgilliv26/teams (Caused by NameResolutionError(""HTTPSConnection(host='mcgilliv26.calicotab.com', port=443): Failed to resolve 'mcgilliv26.calicotab.com' ([Errno 8] nodename nor servname provided, or not known)""))",
macproams2021.calicotab.com,proams2022,"failed: ConnectionError: HTTPSConnectionPool(host='macproams2021.calicotab.com', port=443): Max retries exceeded with url: /api/v1/tournaments/proams2022/teams (Caused by NameResolutionError(""HTTPSConnection(host='macproams2021.calicotab.com', port=443): Failed to resolve 'macproams2021.calicotab.com' ([Errno 8] nodename nor servname provided, or not known)""))",
melbmini2020.calicotab.com,melbmini2020,"failed: ConnectionError: HTTPSConnectionPool(host='melbmini2020.calicotab.com', port=443): Max retries exceeded with url: /api/v1/tournaments/melbmini2020/teams (Caused by NameResolutionError(""HTTPSConnection(host='melbmini2020.calicotab.com', port=443): Failed to resolve 'melbmini2020.calicotab.com' ([Errno 8] nodename nor servname provided, or not known)""))",
metaiv2021.calicotab.com,metaiv2021,"failed: ConnectionError: HTTPSConnectionPool(host='metaiv2021.calicotab.com', port=443): Max retries exceeded with url: /api/v1/tournaments/metaiv2021/teams (Caused by NameResolutionError(""HTTPSConnection(host='metaiv2021.calicotab.com', port=443): Failed to resolve 'metaiv2021.calicotab.com' ([Errno 8] nodename nor servname provided, or not known)""))",
middiv2024.calicotab.com,middiv24,"failed: ConnectionError: HTTPSConnectionPool(host='middiv2024.calicotab.com', port=443): Max retries exceeded with url: /api/v1/tournaments/middiv24/teams (Caused by NameResolutionError(""HTTPSConnection(host='middiv2024.calicotab.com', port=443): Failed to resolve 'middiv2024.calicotab.com' ([Errno 8] nodename nor servname provided, or not known)""))",
middiv2026.calicotab.com,middiv2026,"failed: ConnectionError: HTTPSConnectionPool(host='middiv2026.calicotab.com', port=443): Max retries exceeded with url: /api/v1/tournaments/middiv2026/teams (Caused by NameResolutionError(""HTTPSConnection(host='middiv2026.calicotab.com', port=443): Failed to resolve 'middiv2026.calicotab.com' ([Errno 8] nodename nor servname provided, or not known)""))",
mindanaointervarsity.calicotab.com,miv2022,"failed: ConnectionError: HTTPSConnectionPool(host='mindanaointervarsity.calicotab.com', port=443): Max retries exceeded with url: /api/v1/tournaments/miv2022/teams (Caused by NameResolutionError(""HTTPSConnection(host='mindanaointervarsity.calicotab.com', port=443): Failed to resolve 'mindanaointervarsity.calicotab.com' ([Errno 8] nodename nor servname provided, or not known)""))",
48thmpdc.calicotab.com,48thmpdc,"failed: ConnectionError: HTTPSConnectionPool(host='48thmpdc.calicotab.com', port=443): Max retries exceeded with url: /api/v1/tournaments/48thmpdc/teams (Caused by NameResolutionError(""HTTPSConnection(host='48thmpdc.calicotab.com', port=443): Failed to resolve '48thmpdc.calicotab.com' ([Errno 8] nodename nor servname provided, or not known)""))",
theorangecapitaldebate.calicotab.com,ocd2025,"failed: ConnectionError: HTTPSConnectionPool(host='theorangecapitaldebate.calicotab.com', port=443): Max retries exceeded with url: /api/v1/tournaments/ocd2025/teams (Caused by NameResolutionError(""HTTPSConnection(host='theorangecapitaldebate.calicotab.com', port=443): Failed to resolve 'theorangecapitaldebate.calicotab.com' ([Errno 8] nodename nor servname provided, or not known)""))",
mad2024.calicotab.com,madprewudc2023,"failed: ConnectionError: HTTPSConnectionPool(host='mad2024.calicotab.com', port=443): Max retries exceeded with url: /api/v1/tournaments/madprewudc2023/teams (Caused by NameResolutionError(""HTTPSConnection(host='mad2024.calicotab.com', port=443): Failed to resolve 'mad2024.calicotab.com' ([Errno 8] nodename nor servname provided, or not known)""))",
monashprewudc.calicotab.com,monashprewudc2025,"failed: ConnectionError: HTTPSConnectionPool(host='monashprewudc.calicotab.com', port=443): Max retries exceeded with url: /api/v1/tournaments/monashprewudc2025/teams (Caused by NameResolutionError(""HTTPSConnection(host='monashprewudc.calicotab.com', port=443): Failed to resolve 'monashprewudc.calicotab.com' ([Errno 8] nodename nor servname provided, or not known)""))",
lnuidccountymeet2024.calicotab.com,mdo2024,"failed: ConnectionError: HTTPSConnectionPool(host='lnuidccountymeet2024.calicotab.com', port=443): Max retries exceeded with url: /api/v1/tournaments/mdo2024/teams (Caused by NameResolutionError(""HTTPSConnection(host='lnuidccountymeet2024.calicotab.com', port=443): Failed to resolve 'lnuidccountymeet2024.calicotab.com' ([Errno 8] nodename nor servname provided, or not known)""))",
moraytaintervarsity2024.calicotab.com,moriv2024,"failed: ConnectionError: HTTPSConnectionPool(host='moraytaintervarsity2024.calicotab.com', port=443): Max retries exceeded with url: /api/v1/tournaments/moriv2024/teams (Caused by NameResolutionError(""HTTPSConnection(host='moraytaintervarsity2024.calicotab.com', port=443): Failed to resolve 'moraytaintervarsity2024.calicotab.com' ([Errno 8] nodename nor servname provided, or not known)""))",
mnbpd2025.calicotab.com,mnbpd2025,"failed: ConnectionError: HTTPSConnectionPool(host='mnbpd2025.calicotab.com', port=443): Max retries exceeded with url: /api/v1/tournaments/mnbpd2025/teams (Caused by NameResolutionError(""HTTPSConnection(host='mnbpd2025.calicotab.com', port=443): Failed to resolve 'mnbpd2025.calicotab.com' ([Errno 8] nodename nor servname provided, or not known)""))",
mnmpreabp25.calicotab.com,mnbpdpreabp2025,"failed: ConnectionError: HTTPSConnectionPool(host='mnmpreabp25.calicotab.com', port=443): Max retries exceeded with url: /api/v1/tournaments/mnbpdpreabp2025/teams (Caused by NameResolutionError(""HTTPSConnection(host='mnmpreabp25.calicotab.com', port=443): Failed to resolve 'mnmpreabp25.calicotab.com' ([Errno 8] nodename nor servname provided, or not known)""))",
mumbaifundraisers.calicotab.com,mumbaidebateopen26,"failed: ConnectionError: HTTPSConnectionPool(host='mumbaifundraisers.calicotab.com', port=443): Max retries exceeded with url: /api/v1/tournaments/mumbaidebateopen26/teams (Caused by NameResolutionError(""HTTPSConnection(host='mumbaifundraisers.calicotab.com', port=443): Failed to resolve 'mumbaifundraisers.calicotab.com' ([Errno 8] nodename nor servname provided, or not known)""))",
mumbaiprewudc2025.calicotab.com,mumbaiprewudc25,"failed: ConnectionError: HTTPSConnectionPool(host='mumbaiprewudc2025.calicotab.com', port=443): Max retries exceeded with url: /api/v1/tournaments/mumbaiprewudc25/teams (Caused by NameResolutionError(""HTTPSConnection(host='mumbaiprewudc2025.calicotab.com', port=443): Failed to resolve 'mumbaiprewudc2025.calicotab.com' ([Errno 8] nodename nor servname provided, or not known)""))",
munichopen2026.calicotab.com,munich2026,"failed: ConnectionError: HTTPSConnectionPool(host='munichopen2026.calicotab.com', port=443): Max retries exceeded with url: /api/v1/tournaments/munich2026/teams (Caused by NameResolutionError(""HTTPSConnection(host='munichopen2026.calicotab.com', port=443): Failed to resolve 'munichopen2026.calicotab.com' ([Errno 8] nodename nor servname provided, or not known)""))",
nasparopen.calicotab.com,nasparopen2021,"failed: ConnectionError: HTTPSConnectionPool(host='nasparopen.calicotab.com', port=443): Max retries exceeded with url: /api/v1/tournaments/nasparopen2021/teams (Caused by NameResolutionError(""HTTPSConnection(host='nasparopen.calicotab.com', port=443): Failed to resolve 'nasparopen.calicotab.com' ([Errno 8] nodename nor servname provided, or not known)""))",
naspar2023.calicotab.com,naspar2023,"failed: ConnectionError: HTTPSConnectionPool(host='naspar2023.calicotab.com', port=443): Max retries exceeded with url: /api/v1/tournaments/naspar2023/teams (Caused by NameResolutionError(""HTTPSConnection(host='naspar2023.calicotab.com', port=443): Failed to resolve 'naspar2023.calicotab.com' ([Errno 8] nodename nor servname provided, or not known)""))",
nasparprewudc2023.calicotab.com,nasparprewudc2023,"failed: ConnectionError: HTTPSConnectionPool(host='nasparprewudc2023.calicotab.com', port=443): Max retries exceeded with url: /api/v1/tournaments/nasparprewudc2023/teams (Caused by NameResolutionError(""HTTPSConnection(host='nasparprewudc2023.calicotab.com', port=443): Failed to resolve 'nasparprewudc2023.calicotab.com' ([Errno 8] nodename nor servname provided, or not known)""))",
ndo2023.calicotab.com,ndo2023,"failed: ConnectionError: HTTPSConnectionPool(host='ndo2023.calicotab.com', port=443): Max retries exceeded with url: /api/v1/tournaments/ndo2023/teams (Caused by NameResolutionError(""HTTPSConnection(host='ndo2023.calicotab.com', port=443): Failed to resolve 'ndo2023.calicotab.com' ([Errno 8] nodename nor servname provided, or not known)""))",
ayiraacademy.calicotab.com,indaba1024,"failed: ConnectionError: HTTPSConnectionPool(host='ayiraacademy.calicotab.com', port=443): Max retries exceeded with url: /api/v1/tournaments/indaba1024/teams (Caused by NameResolutionError(""HTTPSConnection(host='ayiraacademy.calicotab.com', port=443): Failed to resolve 'ayiraacademy.calicotab.com' ([Errno 8] nodename nor servname provided, or not known)""))",
ayiraacademy.calicotab.com,indaba42025,"failed: ConnectionError: HTTPSConnectionPool(host='ayiraacademy.calicotab.com', port=443): Max retries exceeded with url: /api/v1/tournaments/indaba42025/teams (Caused by NameResolutionError(""HTTPSConnection(host='ayiraacademy.calicotab.com', port=443): Failed to resolve 'ayiraacademy.calicotab.com' ([Errno 8] nodename nor servname provided, or not known)""))",
nalsariv2021.calicotab.com,Nalsariv2021,"failed: ConnectionError: HTTPSConnectionPool(host='nalsariv2021.calicotab.com', port=443): Max retries exceeded with url: /api/v1/tournaments/Nalsariv2021/teams (Caused by NameResolutionError(""HTTPSConnection(host='nalsariv2021.calicotab.com', port=443): Failed to resolve 'nalsariv2021.calicotab.com' ([Errno 8] nodename nor servname provided, or not known)""))",
nalsariv2022.calicotab.com,nalsariv22,"failed: ConnectionError: HTTPSConnectionPool(host='nalsariv2022.calicotab.com', port=443): Max retries exceeded with url: /api/v1/tournaments/nalsariv22/teams (Caused by NameResolutionError(""HTTPSConnection(host='nalsariv2022.calicotab.com', port=443): Failed to resolve 'nalsariv2022.calicotab.com' ([Errno 8] nodename nor servname provided, or not known)""))",
nalsariv2023.calicotab.com,nalsariv2023,"failed: ConnectionError: HTTPSConnectionPool(host='nalsariv2023.calicotab.com', port=443): Max retries exceeded with url: /api/v1/tournaments/nalsariv2023/teams (Caused by NameResolutionError(""HTTPSConnection(host='nalsariv2023.calicotab.com', port=443): Failed to resolve 'nalsariv2023.calicotab.com' ([Errno 8] nodename nor servname provided, or not known)""))",
sbinalsariv2024.calicotab.com,nalsariv2024,"failed: ConnectionError: HTTPSConnectionPool(host='sbinalsariv2024.calicotab.com', port=443): Max retries exceeded with url: /api/v1/tournaments/nalsariv2024/teams (Caused by NameResolutionError(""HTTPSConnection(host='sbinalsariv2024.calicotab.com', port=443): Failed to resolve 'sbinalsariv2024.calicotab.com' ([Errno 8] nodename nor servname provided, or not known)""))",
thenalsariv.calicotab.com,nalsariv2025,"failed: ConnectionError: HTTPSConnectionPool(host='thenalsariv.calicotab.com', port=443): Max retries exceeded with url: /api/v1/tournaments/nalsariv2025/teams (Caused by NameResolutionError(""HTTPSConnection(host='thenalsariv.calicotab.com', port=443): Failed to resolve 'thenalsariv.calicotab.com' ([Errno 8] nodename nor servname provided, or not known)""))",
naudc2021.calicotab.com,_,"failed: ConnectionError: HTTPSConnectionPool(host='naudc2021.calicotab.com', port=443): Max retries exceeded with url: /api/v1/tournaments/_/teams (Caused by NameResolutionError(""HTTPSConnection(host='naudc2021.calicotab.com', port=443): Failed to resolve 'naudc2021.calicotab.com' ([Errno 8] nodename nor servname provided, or not known)""))",
naudc2023.calicotab.com,naudc2023,"failed: ConnectionError: HTTPSConnectionPool(host='naudc2023.calicotab.com', port=443): Max retries exceeded with url: /api/v1/tournaments/naudc2023/teams (Caused by NameResolutionError(""HTTPSConnection(host='naudc2023.calicotab.com', port=443): Failed to resolve 'naudc2023.calicotab.com' ([Errno 8] nodename nor servname provided, or not known)""))",
naudc2024.calicotab.com,naudc2024,"failed: ConnectionError: HTTPSConnectionPool(host='naudc2024.calicotab.com', port=443): Max retries exceeded with url: /api/v1/tournaments/naudc2024/teams (Caused by NameResolutionError(""HTTPSConnection(host='naudc2024.calicotab.com', port=443): Failed to resolve 'naudc2024.calicotab.com' ([Errno 8] nodename nor servname provided, or not known)""))",
naudc2025.calicotab.com,naudc2025,"failed: ConnectionError: HTTPSConnectionPool(host='naudc2025.calicotab.com', port=443): Max retries exceeded with url: /api/v1/tournaments/naudc2025/teams (Caused by NameResolutionError(""HTTPSConnection(host='naudc2025.calicotab.com', port=443): Failed to resolve 'naudc2025.calicotab.com' ([Errno 8] nodename nor servname provided, or not known)""))",
naudc2026.calicotab.com,_,"failed: ConnectionError: HTTPSConnectionPool(host='naudc2026.calicotab.com', port=443): Max retries exceeded with url: /api/v1/tournaments/_/teams (Caused by NameResolutionError(""HTTPSConnection(host='naudc2026.calicotab.com', port=443): Failed to resolve 'naudc2026.calicotab.com' ([Errno 8] nodename nor servname provided, or not known)""))",
neadc.calicotab.com,neadc,"failed: ConnectionError: HTTPSConnectionPool(host='neadc.calicotab.com', port=443): Max retries exceeded with url: /api/v1/tournaments/neadc/teams (Caused by NameResolutionError(""HTTPSConnection(host='neadc.calicotab.com', port=443): Failed to resolve 'neadc.calicotab.com' ([Errno 8] nodename nor servname provided, or not known)""))",
neadc2022.calicotab.com,2022,"failed: ConnectionError: HTTPSConnectionPool(host='neadc2022.calicotab.com', port=443): Max retries exceeded with url: /api/v1/tournaments/2022/teams (Caused by NameResolutionError(""HTTPSConnection(host='neadc2022.calicotab.com', port=443): Failed to resolve 'neadc2022.calicotab.com' ([Errno 8] nodename nor servname provided, or not known)""))",
edudrift.calicotab.com,neadc2023,"failed: ConnectionError: HTTPSConnectionPool(host='edudrift.calicotab.com', port=443): Max retries exceeded with url: /api/v1/tournaments/neadc2023/teams (Caused by NameResolutionError(""HTTPSConnection(host='edudrift.calicotab.com', port=443): Failed to resolve 'edudrift.calicotab.com' ([Errno 8] nodename nor servname provided, or not known)""))",
neadc2024.calicotab.com,neadc2024,"failed: ConnectionError: HTTPSConnectionPool(host='neadc2024.calicotab.com', port=443): Max retries exceeded with url: /api/v1/tournaments/neadc2024/teams (Caused by NameResolutionError(""HTTPSConnection(host='neadc2024.calicotab.com', port=443): Failed to resolve 'neadc2024.calicotab.com' ([Errno 8] nodename nor servname provided, or not known)""))",
edudrift.calicotab.com,neadc2025,"failed: ConnectionError: HTTPSConnectionPool(host='edudrift.calicotab.com', port=443): Max retries exceeded with url: /api/v1/tournaments/neadc2025/teams (Caused by NameResolutionError(""HTTPSConnection(host='edudrift.calicotab.com', port=443): Failed to resolve 'edudrift.calicotab.com' ([Errno 8] nodename nor servname provided, or not known)""))",
ndsa.calicotab.com,ndo2021,"failed: ConnectionError: HTTPSConnectionPool(host='ndsa.calicotab.com', port=443): Max retries exceeded with url: /api/v1/tournaments/ndo2021/teams (Caused by NameResolutionError(""HTTPSConnection(host='ndsa.calicotab.com', port=443): Failed to resolve 'ndsa.calicotab.com' ([Errno 8] nodename nor servname provided, or not known)""))",
nsut.calicotab.com,nsmpd25,"failed: ConnectionError: HTTPSConnectionPool(host='nsut.calicotab.com', port=443): Max retries exceeded with url: /api/v1/tournaments/nsmpd25/teams (Caused by NameResolutionError(""HTTPSConnection(host='nsut.calicotab.com', port=443): Failed to resolve 'nsut.calicotab.com' ([Errno 8] nodename nor servname provided, or not known)""))",
nzsbp2025.calicotab.com,nzsbp2025,"failed: ConnectionError: HTTPSConnectionPool(host='nzsbp2025.calicotab.com', port=443): Max retries exceeded with url: /api/v1/tournaments/nzsbp2025/teams (Caused by NameResolutionError(""HTTPSConnection(host='nzsbp2025.calicotab.com', port=443): Failed to resolve 'nzsbp2025.calicotab.com' ([Errno 8] nodename nor servname provided, or not known)""))",
newmanproam.calicotab.com,_,"failed: ConnectionError: HTTPSConnectionPool(host='newmanproam.calicotab.com', port=443): Max retries exceeded with url: /api/v1/tournaments/_/teams (Caused by NameResolutionError(""HTTPSConnection(host='newmanproam.calicotab.com', port=443): Failed to resolve 'newmanproam.calicotab.com' ([Errno 8] nodename nor servname provided, or not known)""))",
ngome.calicotab.com,ngtoc2026,"failed: ConnectionError: HTTPSConnectionPool(host='ngome.calicotab.com', port=443): Max retries exceeded with url: /api/v1/tournaments/ngtoc2026/teams (Caused by NameResolutionError(""HTTPSConnection(host='ngome.calicotab.com', port=443): Failed to resolve 'ngome.calicotab.com' ([Errno 8] nodename nor servname provided, or not known)""))",
nhsdlc.calicotab.com,nhsdlc-bp-2023,"failed: ConnectionError: HTTPSConnectionPool(host='nhsdlc.calicotab.com', port=443): Max retries exceeded with url: /api/v1/tournaments/nhsdlc-bp-2023/teams (Caused by NameResolutionError(""HTTPSConnection(host='nhsdlc.calicotab.com', port=443): Failed to resolve 'nhsdlc.calicotab.com' ([Errno 8] nodename nor servname provided, or not known)""))",
thuiv2024.calicotab.com,nhsdlcbpo2024,"failed: ConnectionError: HTTPSConnectionPool(host='thuiv2024.calicotab.com', port=443): Max retries exceeded with url: /api/v1/tournaments/nhsdlcbpo2024/teams (Caused by NameResolutionError(""HTTPSConnection(host='thuiv2024.calicotab.com', port=443): Failed to resolve 'thuiv2024.calicotab.com' ([Errno 8] nodename nor servname provided, or not known)""))",
nhsdlcbpopen.calicotab.com,nhsdlcbp2025,"failed: ConnectionError: HTTPSConnectionPool(host='nhsdlcbpopen.calicotab.com', port=443): Max retries exceeded with url: /api/v1/tournaments/nhsdlcbp2025/teams (Caused by NameResolutionError(""HTTPSConnection(host='nhsdlcbpopen.calicotab.com', port=443): Failed to resolve 'nhsdlcbpopen.calicotab.com' ([Errno 8] nodename nor servname provided, or not known)""))",
nhsdlcbpopen2025.calicotab.com,dlcbp2025,"failed: ConnectionError: HTTPSConnectionPool(host='nhsdlcbpopen2025.calicotab.com', port=443): Max retries exceeded with url: /api/v1/tournaments/dlcbp2025/teams (Caused by NameResolutionError(""HTTPSConnection(host='nhsdlcbpopen2025.calicotab.com', port=443): Failed to resolve 'nhsdlcbpopen2025.calicotab.com' ([Errno 8] nodename nor servname provided, or not known)""))",
2026nhsdlcbpopen.calicotab.com,dlcbp2026,"failed: ConnectionError: HTTPSConnectionPool(host='2026nhsdlcbpopen.calicotab.com', port=443): Max retries exceeded with url: /api/v1/tournaments/dlcbp2026/teams (Caused by NameResolutionError(""HTTPSConnection(host='2026nhsdlcbpopen.calicotab.com', port=443): Failed to resolve '2026nhsdlcbpopen.calicotab.com' ([Errno 8] nodename nor servname provided, or not known)""))",
nhsdlc2026.calicotab.com,nhsdlcbp2026,"failed: ConnectionError: HTTPSConnectionPool(host='nhsdlc2026.calicotab.com', port=443): Max retries exceeded with url: /api/v1/tournaments/nhsdlcbp2026/teams (Caused by NameResolutionError(""HTTPSConnection(host='nhsdlc2026.calicotab.com', port=443): Failed to resolve 'nhsdlc2026.calicotab.com' ([Errno 8] nodename nor servname provided, or not known)""))",
ndcopenx.calicotab.com,NDCopenX,"failed: ConnectionError: HTTPSConnectionPool(host='ndcopenx.calicotab.com', port=443): Max retries exceeded with url: /api/v1/tournaments/NDCopenX/teams (Caused by NameResolutionError(""HTTPSConnection(host='ndcopenx.calicotab.com', port=443): Failed to resolve 'ndcopenx.calicotab.com' ([Errno 8] nodename nor servname provided, or not known)""))",
ndc-awari2025.calicotab.com,NDCXI,"failed: ConnectionError: HTTPSConnectionPool(host='ndc-awari2025.calicotab.com', port=443): Max retries exceeded with url: /api/v1/tournaments/NDCXI/teams (Caused by NameResolutionError(""HTTPSConnection(host='ndc-awari2025.calicotab.com', port=443): Failed to resolve 'ndc-awari2025.calicotab.com' ([Errno 8] nodename nor servname provided, or not known)""))",
rrngtoc.calicotab.com,rrtoc2024,"failed: ConnectionError: HTTPSConnectionPool(host='rrngtoc.calicotab.com', port=443): Max retries exceeded with url: /api/v1/tournaments/rrtoc2024/teams (Caused by NameResolutionError(""HTTPSConnection(host='rrngtoc.calicotab.com', port=443): Failed to resolve 'rrngtoc.calicotab.com' ([Errno 8] nodename nor servname provided, or not known)""))",
nijmegen2023.calicotab.com,nijmegen2023,"failed: ConnectionError: HTTPSConnectionPool(host='nijmegen2023.calicotab.com', port=443): Max retries exceeded with url: /api/v1/tournaments/nijmegen2023/teams (Caused by NameResolutionError(""HTTPSConnection(host='nijmegen2023.calicotab.com', port=443): Failed to resolve 'nijmegen2023.calicotab.com' ([Errno 8] nodename nor servname provided, or not known)""))",
nijmegen2024.calicotab.com,nijmegen2024,"failed: ConnectionError: HTTPSConnectionPool(host='nijmegen2024.calicotab.com', port=443): Max retries exceeded with url: /api/v1/tournaments/nijmegen2024/teams (Caused by NameResolutionError(""HTTPSConnection(host='nijmegen2024.calicotab.com', port=443): Failed to resolve 'nijmegen2024.calicotab.com' ([Errno 8] nodename nor servname provided, or not known)""))",
xbpdnluo.calicotab.com,XNLUOBPD25,"failed: ConnectionError: HTTPSConnectionPool(host='xbpdnluo.calicotab.com', port=443): Max retries exceeded with url: /api/v1/tournaments/XNLUOBPD25/teams (Caused by NameResolutionError(""HTTPSConnection(host='xbpdnluo.calicotab.com', port=443): Failed to resolve 'xbpdnluo.calicotab.com' ([Errno 8] nodename nor servname provided, or not known)""))",
xinluobpd.calicotab.com,NLUOPD26,"failed: ConnectionError: HTTPSConnectionPool(host='xinluobpd.calicotab.com', port=443): Max retries exceeded with url: /api/v1/tournaments/NLUOPD26/teams (Caused by NameResolutionError(""HTTPSConnection(host='xinluobpd.calicotab.com', port=443): Failed to resolve 'xinluobpd.calicotab.com' ([Errno 8] nodename nor servname provided, or not known)""))",
nordicopen2026.calicotab.com,nordicopen2026,"failed: ConnectionError: HTTPSConnectionPool(host='nordicopen2026.calicotab.com', port=443): Max retries exceeded with url: /api/v1/tournaments/nordicopen2026/teams (Caused by NameResolutionError(""HTTPSConnection(host='nordicopen2026.calicotab.com', port=443): Failed to resolve 'nordicopen2026.calicotab.com' ([Errno 8] nodename nor servname provided, or not known)""))",
nlbp2024.calicotab.com,nlbp2024,"failed: ConnectionError: HTTPSConnectionPool(host='nlbp2024.calicotab.com', port=443): Max retries exceeded with url: /api/v1/tournaments/nlbp2024/teams (Caused by NameResolutionError(""HTTPSConnection(host='nlbp2024.calicotab.com', port=443): Failed to resolve 'nlbp2024.calicotab.com' ([Errno 8] nodename nor servname provided, or not known)""))",
nlid2025.calicotab.com,nlid2025,"failed: ConnectionError: HTTPSConnectionPool(host='nlid2025.calicotab.com', port=443): Max retries exceeded with url: /api/v1/tournaments/nlid2025/teams (Caused by NameResolutionError(""HTTPSConnection(host='nlid2025.calicotab.com', port=443): Failed to resolve 'nlid2025.calicotab.com' ([Errno 8] nodename nor servname provided, or not known)""))",
nsu.calicotab.com,dialogue25,"failed: ConnectionError: HTTPSConnectionPool(host='nsu.calicotab.com', port=443): Max retries exceeded with url: /api/v1/tournaments/dialogue25/teams (Caused by NameResolutionError(""HTTPSConnection(host='nsu.calicotab.com', port=443): Failed to resolve 'nsu.calicotab.com' ([Errno 8] nodename nor servname provided, or not known)""))",
nova2024.calicotab.com,Nova2024,"failed: ConnectionError: HTTPSConnectionPool(host='nova2024.calicotab.com', port=443): Max retries exceeded with url: /api/v1/tournaments/Nova2024/teams (Caused by NameResolutionError(""HTTPSConnection(host='nova2024.calicotab.com', port=443): Failed to resolve 'nova2024.calicotab.com' ([Errno 8] nodename nor servname provided, or not known)""))",
norwichiv2026.calicotab.com,norwichiv2026,"failed: ConnectionError: HTTPSConnectionPool(host='norwichiv2026.calicotab.com', port=443): Max retries exceeded with url: /api/v1/tournaments/norwichiv2026/teams (Caused by NameResolutionError(""HTTPSConnection(host='norwichiv2026.calicotab.com', port=443): Failed to resolve 'norwichiv2026.calicotab.com' ([Errno 8] nodename nor servname provided, or not known)""))",
norwichmini2025.calicotab.com,norwichmini2025,"failed: ConnectionError: HTTPSConnectionPool(host='norwichmini2025.calicotab.com', port=443): Max retries exceeded with url: /api/v1/tournaments/norwichmini2025/teams (Caused by NameResolutionError(""HTTPSConnection(host='norwichmini2025.calicotab.com', port=443): Failed to resolve 'norwichmini2025.calicotab.com' ([Errno 8] nodename nor servname provided, or not known)""))",
norwichonline25.calicotab.com,norwichonline25,"failed: ConnectionError: HTTPSConnectionPool(host='norwichonline25.calicotab.com', port=443): Max retries exceeded with url: /api/v1/tournaments/norwichonline25/teams (Caused by NameResolutionError(""HTTPSConnection(host='norwichonline25.calicotab.com', port=443): Failed to resolve 'norwichonline25.calicotab.com' ([Errno 8] nodename nor servname provided, or not known)""))",
nottsnovs25.calicotab.com,NottsNovs2025,"failed: ConnectionError: HTTPSConnectionPool(host='nottsnovs25.calicotab.com', port=443): Max retries exceeded with url: /api/v1/tournaments/NottsNovs2025/teams (Caused by NameResolutionError(""HTTPSConnection(host='nottsnovs25.calicotab.com', port=443): Failed to resolve 'nottsnovs25.calicotab.com' ([Errno 8] nodename nor servname provided, or not known)""))",
nualspd2026.calicotab.com,nualspd2026,"failed: ConnectionError: HTTPSConnectionPool(host='nualspd2026.calicotab.com', port=443): Max retries exceeded with url: /api/v1/tournaments/nualspd2026/teams (Caused by NameResolutionError(""HTTPSConnection(host='nualspd2026.calicotab.com', port=443): Failed to resolve 'nualspd2026.calicotab.com' ([Errno 8] nodename nor servname provided, or not known)""))",
nuspreworlds.calicotab.com,_,"failed: ConnectionError: HTTPSConnectionPool(host='nuspreworlds.calicotab.com', port=443): Max retries exceeded with url: /api/v1/tournaments/_/teams (Caused by NameResolutionError(""HTTPSConnection(host='nuspreworlds.calicotab.com', port=443): Failed to resolve 'nuspreworlds.calicotab.com' ([Errno 8] nodename nor servname provided, or not known)""))",
odesa-esl.calicotab.com,odesa2021,"failed: ConnectionError: HTTPSConnectionPool(host='odesa-esl.calicotab.com', port=443): Max retries exceeded with url: /api/v1/tournaments/odesa2021/teams (Caused by NameResolutionError(""HTTPSConnection(host='odesa-esl.calicotab.com', port=443): Failed to resolve 'odesa-esl.calicotab.com' ([Errno 8] nodename nor servname provided, or not known)""))",
ukrainedebates.calicotab.com,odesa2023,"failed: ConnectionError: HTTPSConnectionPool(host='ukrainedebates.calicotab.com', port=443): Max retries exceeded with url: /api/v1/tournaments/odesa2023/teams (Caused by NameResolutionError(""HTTPSConnection(host='ukrainedebates.calicotab.com', port=443): Failed to resolve 'ukrainedebates.calicotab.com' ([Errno 8] nodename nor servname provided, or not known)""))",
olympia.calicotab.com,olympiainvitational2023,"failed: ConnectionError: HTTPSConnectionPool(host='olympia.calicotab.com', port=443): Max retries exceeded with url: /api/v1/tournaments/olympiainvitational2023/teams (Caused by NameResolutionError(""HTTPSConnection(host='olympia.calicotab.com', port=443): Failed to resolve 'olympia.calicotab.com' ([Errno 8] nodename nor servname provided, or not known)""))",
opencoast.calicotab.com,pre-gudc24,"failed: ConnectionError: HTTPSConnectionPool(host='opencoast.calicotab.com', port=443): Max retries exceeded with url: /api/v1/tournaments/pre-gudc24/teams (Caused by NameResolutionError(""HTTPSConnection(host='opencoast.calicotab.com', port=443): Failed to resolve 'opencoast.calicotab.com' ([Errno 8] nodename nor servname provided, or not known)""))",
opencoast.calicotab.com,pre-gudc2025,"failed: ConnectionError: HTTPSConnectionPool(host='opencoast.calicotab.com', port=443): Max retries exceeded with url: /api/v1/tournaments/pre-gudc2025/teams (Caused by NameResolutionError(""HTTPSConnection(host='opencoast.calicotab.com', port=443): Failed to resolve 'opencoast.calicotab.com' ([Errno 8] nodename nor servname provided, or not known)""))",
osakaiv2024.calicotab.com,_,"failed: ConnectionError: HTTPSConnectionPool(host='osakaiv2024.calicotab.com', port=443): Max retries exceeded with url: /api/v1/tournaments/_/teams (Caused by NameResolutionError(""HTTPSConnection(host='osakaiv2024.calicotab.com', port=443): Failed to resolve 'osakaiv2024.calicotab.com' ([Errno 8] nodename nor servname provided, or not known)""))",
eds.calicotab.com,ottawaiv2025,"failed: ConnectionError: HTTPSConnectionPool(host='eds.calicotab.com', port=443): Max retries exceeded with url: /api/v1/tournaments/ottawaiv2025/teams (Caused by NameResolutionError(""HTTPSConnection(host='eds.calicotab.com', port=443): Failed to resolve 'eds.calicotab.com' ([Errno 8] nodename nor servname provided, or not known)""))",
eds.calicotab.com,ottawaiv2026,"failed: ConnectionError: HTTPSConnectionPool(host='eds.calicotab.com', port=443): Max retries exceeded with url: /api/v1/tournaments/ottawaiv2026/teams (Caused by NameResolutionError(""HTTPSConnection(host='eds.calicotab.com', port=443): Failed to resolve 'eds.calicotab.com' ([Errno 8] nodename nor servname provided, or not known)""))",
ottawa27wudc.calicotab.com,ottawaopen2025,"failed: ConnectionError: HTTPSConnectionPool(host='ottawa27wudc.calicotab.com', port=443): Max retries exceeded with url: /api/v1/tournaments/ottawaopen2025/teams (Caused by NameResolutionError(""HTTPSConnection(host='ottawa27wudc.calicotab.com', port=443): Failed to resolve 'ottawa27wudc.calicotab.com' ([Errno 8] nodename nor servname provided, or not known)""))",
eds.calicotab.com,ottawaroundrobin2025,"failed: ConnectionError: HTTPSConnectionPool(host='eds.calicotab.com', port=443): Max retries exceeded with url: /api/v1/tournaments/ottawaroundrobin2025/teams (Caused by NameResolutionError(""HTTPSConnection(host='eds.calicotab.com', port=443): Failed to resolve 'eds.calicotab.com' ([Errno 8] nodename nor servname provided, or not known)""))",
eds.calicotab.com,ottawaroundrobin2026,"failed: ConnectionError: HTTPSConnectionPool(host='eds.calicotab.com', port=443): Max retries exceeded with url: /api/v1/tournaments/ottawaroundrobin2026/teams (Caused by NameResolutionError(""HTTPSConnection(host='eds.calicotab.com', port=443): Failed to resolve 'eds.calicotab.com' ([Errno 8] nodename nor servname provided, or not known)""))",
ottawasummer2026.calicotab.com,_,"failed: ConnectionError: HTTPSConnectionPool(host='ottawasummer2026.calicotab.com', port=443): Max retries exceeded with url: /api/v1/tournaments/_/teams (Caused by NameResolutionError(""HTTPSConnection(host='ottawasummer2026.calicotab.com', port=443): Failed to resolve 'ottawasummer2026.calicotab.com' ([Errno 8] nodename nor servname provided, or not known)""))",
oxfordcharity25.calicotab.com,_,"failed: ConnectionError: HTTPSConnectionPool(host='oxfordcharity25.calicotab.com', port=443): Max retries exceeded with url: /api/v1/tournaments/_/teams (Caused by NameResolutionError(""HTTPSConnection(host='oxfordcharity25.calicotab.com', port=443): Failed to resolve 'oxfordcharity25.calicotab.com' ([Errno 8] nodename nor servname provided, or not known)""))",
oxfordcharity26.calicotab.com,_,"failed: ConnectionError: HTTPSConnectionPool(host='oxfordcharity26.calicotab.com', port=443): Max retries exceeded with url: /api/v1/tournaments/_/teams (Caused by NameResolutionError(""HTTPSConnection(host='oxfordcharity26.calicotab.com', port=443): Failed to resolve 'oxfordcharity26.calicotab.com' ([Errno 8] nodename nor servname provided, or not known)""))",
oxfordcharity26.calicotab.com,iii,"failed: ConnectionError: HTTPSConnectionPool(host='oxfordcharity26.calicotab.com', port=443): Max retries exceeded with url: /api/v1/tournaments/iii/teams (Caused by NameResolutionError(""HTTPSConnection(host='oxfordcharity26.calicotab.com', port=443): Failed to resolve 'oxfordcharity26.calicotab.com' ([Errno 8] nodename nor servname provided, or not known)""))",
oxford2021.calicotab.com,oxfordiv2021,"failed: ConnectionError: HTTPSConnectionPool(host='oxford2021.calicotab.com', port=443): Max retries exceeded with url: /api/v1/tournaments/oxfordiv2021/teams (Caused by NameResolutionError(""HTTPSConnection(host='oxford2021.calicotab.com', port=443): Failed to resolve 'oxford2021.calicotab.com' ([Errno 8] nodename nor servname provided, or not known)""))",
oxfordiv2022.calicotab.com,_,"failed: ConnectionError: HTTPSConnectionPool(host='oxfordiv2022.calicotab.com', port=443): Max retries exceeded with url: /api/v1/tournaments/_/teams (Caused by NameResolutionError(""HTTPSConnection(host='oxfordiv2022.calicotab.com', port=443): Failed to resolve 'oxfordiv2022.calicotab.com' ([Errno 8] nodename nor servname provided, or not known)""))",
oxfordiv2023.calicotab.com,_,"failed: ConnectionError: HTTPSConnectionPool(host='oxfordiv2023.calicotab.com', port=443): Max retries exceeded with url: /api/v1/tournaments/_/teams (Caused by NameResolutionError(""HTTPSConnection(host='oxfordiv2023.calicotab.com', port=443): Failed to resolve 'oxfordiv2023.calicotab.com' ([Errno 8] nodename nor servname provided, or not known)""))",
oxiv2024.calicotab.com,_,"failed: ConnectionError: HTTPSConnectionPool(host='oxiv2024.calicotab.com', port=443): Max retries exceeded with url: /api/v1/tournaments/_/teams (Caused by NameResolutionError(""HTTPSConnection(host='oxiv2024.calicotab.com', port=443): Failed to resolve 'oxiv2024.calicotab.com' ([Errno 8] nodename nor servname provided, or not known)""))",
oxfordiv2025.calicotab.com,_,"failed: ConnectionError: HTTPSConnectionPool(host='oxfordiv2025.calicotab.com', port=443): Max retries exceeded with url: /api/v1/tournaments/_/teams (Caused by NameResolutionError(""HTTPSConnection(host='oxfordiv2025.calicotab.com', port=443): Failed to resolve 'oxfordiv2025.calicotab.com' ([Errno 8] nodename nor servname provided, or not known)""))",
pakdebateforum.calicotab.com,open2025,"failed: ConnectionError: HTTPSConnectionPool(host='pakdebateforum.calicotab.com', port=443): Max retries exceeded with url: /api/v1/tournaments/open2025/teams (Caused by NameResolutionError(""HTTPSConnection(host='pakdebateforum.calicotab.com', port=443): Failed to resolve 'pakdebateforum.calicotab.com' ([Errno 8] nodename nor servname provided, or not known)""))",
awdppakistanopen.calicotab.com,pakdo2021,"failed: ConnectionError: HTTPSConnectionPool(host='awdppakistanopen.calicotab.com', port=443): Max retries exceeded with url: /api/v1/tournaments/pakdo2021/teams (Caused by NameResolutionError(""HTTPSConnection(host='awdppakistanopen.calicotab.com', port=443): Failed to resolve 'awdppakistanopen.calicotab.com' ([Errno 8] nodename nor servname provided, or not known)""))",
pakdebateforum.calicotab.com,pakistanpreabp,"failed: ConnectionError: HTTPSConnectionPool(host='pakdebateforum.calicotab.com', port=443): Max retries exceeded with url: /api/v1/tournaments/pakistanpreabp/teams (Caused by NameResolutionError(""HTTPSConnection(host='pakdebateforum.calicotab.com', port=443): Failed to resolve 'pakdebateforum.calicotab.com' ([Errno 8] nodename nor servname provided, or not known)""))",
pdc2023.calicotab.com,_,"failed: ConnectionError: HTTPSConnectionPool(host='pdc2023.calicotab.com', port=443): Max retries exceeded with url: /api/v1/tournaments/_/teams (Caused by NameResolutionError(""HTTPSConnection(host='pdc2023.calicotab.com', port=443): Failed to resolve 'pdc2023.calicotab.com' ([Errno 8] nodename nor servname provided, or not known)""))",
parliamatebp2025.calicotab.com,parliamatebp2025,"failed: ConnectionError: HTTPSConnectionPool(host='parliamatebp2025.calicotab.com', port=443): Max retries exceeded with url: /api/v1/tournaments/parliamatebp2025/teams (Caused by NameResolutionError(""HTTPSConnection(host='parliamatebp2025.calicotab.com', port=443): Failed to resolve 'parliamatebp2025.calicotab.com' ([Errno 8] nodename nor servname provided, or not known)""))",
mace.calicotab.com,paudc2021,"failed: ConnectionError: HTTPSConnectionPool(host='mace.calicotab.com', port=443): Max retries exceeded with url: /api/v1/tournaments/paudc2021/teams (Caused by NameResolutionError(""HTTPSConnection(host='mace.calicotab.com', port=443): Failed to resolve 'mace.calicotab.com' ([Errno 8] nodename nor servname provided, or not known)""))",
paudc2022.calicotab.com,PAUDC2022,"failed: ConnectionError: HTTPSConnectionPool(host='paudc2022.calicotab.com', port=443): Max retries exceeded with url: /api/v1/tournaments/PAUDC2022/teams (Caused by NameResolutionError(""HTTPSConnection(host='paudc2022.calicotab.com', port=443): Failed to resolve 'paudc2022.calicotab.com' ([Errno 8] nodename nor servname provided, or not known)""))",
nutifafapaudc.calicotab.com,paudc2023,"failed: ConnectionError: HTTPSConnectionPool(host='nutifafapaudc.calicotab.com', port=443): Max retries exceeded with url: /api/v1/tournaments/paudc2023/teams (Caused by NameResolutionError(""HTTPSConnection(host='nutifafapaudc.calicotab.com', port=443): Failed to resolve 'nutifafapaudc.calicotab.com' ([Errno 8] nodename nor servname provided, or not known)""))",
paudc2024.calicotab.com,paudcK24,"failed: ConnectionError: HTTPSConnectionPool(host='paudc2024.calicotab.com', port=443): Max retries exceeded with url: /api/v1/tournaments/paudcK24/teams (Caused by NameResolutionError(""HTTPSConnection(host='paudc2024.calicotab.com', port=443): Failed to resolve 'paudc2024.calicotab.com' ([Errno 8] nodename nor servname provided, or not known)""))",
lucien.calicotab.com,paudc2025,"failed: ConnectionError: HTTPSConnectionPool(host='lucien.calicotab.com', port=443): Max retries exceeded with url: /api/v1/tournaments/paudc2025/teams (Caused by NameResolutionError(""HTTPSConnection(host='lucien.calicotab.com', port=443): Failed to resolve 'lucien.calicotab.com' ([Errno 8] nodename nor servname provided, or not known)""))",
pearlpd.calicotab.com,pearlbpd2021,"failed: ConnectionError: HTTPSConnectionPool(host='pearlpd.calicotab.com', port=443): Max retries exceeded with url: /api/v1/tournaments/pearlbpd2021/teams (Caused by NameResolutionError(""HTTPSConnection(host='pearlpd.calicotab.com', port=443): Failed to resolve 'pearlpd.calicotab.com' ([Errno 8] nodename nor servname provided, or not known)""))",
pkuproam24.calicotab.com,pkuproam24,"failed: ConnectionError: HTTPSConnectionPool(host='pkuproam24.calicotab.com', port=443): Max retries exceeded with url: /api/v1/tournaments/pkuproam24/teams (Caused by NameResolutionError(""HTTPSConnection(host='pkuproam24.calicotab.com', port=443): Failed to resolve 'pkuproam24.calicotab.com' ([Errno 8] nodename nor servname provided, or not known)""))",
pkuproam25.calicotab.com,_,"failed: ConnectionError: HTTPSConnectionPool(host='pkuproam25.calicotab.com', port=443): Max retries exceeded with url: /api/v1/tournaments/_/teams (Caused by NameResolutionError(""HTTPSConnection(host='pkuproam25.calicotab.com', port=443): Failed to resolve 'pkuproam25.calicotab.com' ([Errno 8] nodename nor servname provided, or not known)""))",
pkuproam26.calicotab.com,_,"failed: ConnectionError: HTTPSConnectionPool(host='pkuproam26.calicotab.com', port=443): Max retries exceeded with url: /api/v1/tournaments/_/teams (Caused by NameResolutionError(""HTTPSConnection(host='pkuproam26.calicotab.com', port=443): Failed to resolve 'pkuproam26.calicotab.com' ([Errno 8] nodename nor servname provided, or not known)""))",
pennwsdc2024.calicotab.com,ppw2024,"failed: ConnectionError: HTTPSConnectionPool(host='pennwsdc2024.calicotab.com', port=443): Max retries exceeded with url: /api/v1/tournaments/ppw2024/teams (Caused by NameResolutionError(""HTTPSConnection(host='pennwsdc2024.calicotab.com', port=443): Failed to resolve 'pennwsdc2024.calicotab.com' ([Errno 8] nodename nor servname provided, or not known)""))",
pmiv25.calicotab.com,petermaguire25,"failed: ConnectionError: HTTPSConnectionPool(host='pmiv25.calicotab.com', port=443): Max retries exceeded with url: /api/v1/tournaments/petermaguire25/teams (Caused by NameResolutionError(""HTTPSConnection(host='pmiv25.calicotab.com', port=443): Failed to resolve 'pmiv25.calicotab.com' ([Errno 8] nodename nor servname provided, or not known)""))",
pidc2021.calicotab.com,pidc2021,"failed: ConnectionError: HTTPSConnectionPool(host='pidc2021.calicotab.com', port=443): Max retries exceeded with url: /api/v1/tournaments/pidc2021/teams (Caused by NameResolutionError(""HTTPSConnection(host='pidc2021.calicotab.com', port=443): Failed to resolve 'pidc2021.calicotab.com' ([Errno 8] nodename nor servname provided, or not known)""))",
ndcdiliman2022.calicotab.com,NDCDiliman2022,"failed: ConnectionError: HTTPSConnectionPool(host='ndcdiliman2022.calicotab.com', port=443): Max retries exceeded with url: /api/v1/tournaments/NDCDiliman2022/teams (Caused by NameResolutionError(""HTTPSConnection(host='ndcdiliman2022.calicotab.com', port=443): Failed to resolve 'ndcdiliman2022.calicotab.com' ([Errno 8] nodename nor servname provided, or not known)""))",
ndc2024.calicotab.com,hermosa,"failed: ConnectionError: HTTPSConnectionPool(host='ndc2024.calicotab.com', port=443): Max retries exceeded with url: /api/v1/tournaments/hermosa/teams (Caused by NameResolutionError(""HTTPSConnection(host='ndc2024.calicotab.com', port=443): Failed to resolve 'ndc2024.calicotab.com' ([Errno 8] nodename nor servname provided, or not known)""))",
ndc2025.calicotab.com,ndc2025,"failed: ConnectionError: HTTPSConnectionPool(host='ndc2025.calicotab.com', port=443): Max retries exceeded with url: /api/v1/tournaments/ndc2025/teams (Caused by NameResolutionError(""HTTPSConnection(host='ndc2025.calicotab.com', port=443): Failed to resolve 'ndc2025.calicotab.com' ([Errno 8] nodename nor servname provided, or not known)""))",
pipers.calicotab.com,pipers,"failed: ConnectionError: HTTPSConnectionPool(host='pipers.calicotab.com', port=443): Max retries exceeded with url: /api/v1/tournaments/pipers/teams (Caused by NameResolutionError(""HTTPSConnection(host='pipers.calicotab.com', port=443): Failed to resolve 'pipers.calicotab.com' ([Errno 8] nodename nor servname provided, or not known)""))",
idc25.calicotab.com,idc2025,"failed: ConnectionError: HTTPSConnectionPool(host='idc25.calicotab.com', port=443): Max retries exceeded with url: /api/v1/tournaments/idc2025/teams (Caused by NameResolutionError(""HTTPSConnection(host='idc25.calicotab.com', port=443): Failed to resolve 'idc25.calicotab.com' ([Errno 8] nodename nor servname provided, or not known)""))",
poznanopen2026.calicotab.com,poznanopen2026,"failed: ConnectionError: HTTPSConnectionPool(host='poznanopen2026.calicotab.com', port=443): Max retries exceeded with url: /api/v1/tournaments/poznanopen2026/teams (Caused by NameResolutionError(""HTTPSConnection(host='poznanopen2026.calicotab.com', port=443): Failed to resolve 'poznanopen2026.calicotab.com' ([Errno 8] nodename nor servname provided, or not known)""))",
pragueopen2024.calicotab.com,_,"failed: ConnectionError: HTTPSConnectionPool(host='pragueopen2024.calicotab.com', port=443): Max retries exceeded with url: /api/v1/tournaments/_/teams (Caused by NameResolutionError(""HTTPSConnection(host='pragueopen2024.calicotab.com', port=443): Failed to resolve 'pragueopen2024.calicotab.com' ([Errno 8] nodename nor servname provided, or not known)""))",
pragueopen2025.calicotab.com,_,"failed: ConnectionError: HTTPSConnectionPool(host='pragueopen2025.calicotab.com', port=443): Max retries exceeded with url: /api/v1/tournaments/_/teams (Caused by NameResolutionError(""HTTPSConnection(host='pragueopen2025.calicotab.com', port=443): Failed to resolve 'pragueopen2025.calicotab.com' ([Errno 8] nodename nor servname provided, or not known)""))",
prativaad.calicotab.com,prativaad25,"failed: ConnectionError: HTTPSConnectionPool(host='prativaad.calicotab.com', port=443): Max retries exceeded with url: /api/v1/tournaments/prativaad25/teams (Caused by NameResolutionError(""HTTPSConnection(host='prativaad.calicotab.com', port=443): Failed to resolve 'prativaad.calicotab.com' ([Errno 8] nodename nor servname provided, or not known)""))",
preeudcchallenge2024mini.calicotab.com,_,"failed: ConnectionError: HTTPSConnectionPool(host='preeudcchallenge2024mini.calicotab.com', port=443): Max retries exceeded with url: /api/v1/tournaments/_/teams (Caused by NameResolutionError(""HTTPSConnection(host='preeudcchallenge2024mini.calicotab.com', port=443): Failed to resolve 'preeudcchallenge2024mini.calicotab.com' ([Errno 8] nodename nor servname provided, or not known)""))",
presido2026.calicotab.com,_,"failed: ConnectionError: HTTPSConnectionPool(host='presido2026.calicotab.com', port=443): Max retries exceeded with url: /api/v1/tournaments/_/teams (Caused by NameResolutionError(""HTTPSConnection(host='presido2026.calicotab.com', port=443): Failed to resolve 'presido2026.calicotab.com' ([Errno 8] nodename nor servname provided, or not known)""))",
ppiv2021.calicotab.com,ppiv2021,"failed: ConnectionError: HTTPSConnectionPool(host='ppiv2021.calicotab.com', port=443): Max retries exceeded with url: /api/v1/tournaments/ppiv2021/teams (Caused by NameResolutionError(""HTTPSConnection(host='ppiv2021.calicotab.com', port=443): Failed to resolve 'ppiv2021.calicotab.com' ([Errno 8] nodename nor servname provided, or not known)""))",
stukudebate2025.calicotab.com,stubate2025,"failed: ConnectionError: HTTPSConnectionPool(host='stukudebate2025.calicotab.com', port=443): Max retries exceeded with url: /api/v1/tournaments/stubate2025/teams (Caused by NameResolutionError(""HTTPSConnection(host='stukudebate2025.calicotab.com', port=443): Failed to resolve 'stukudebate2025.calicotab.com' ([Errno 8] nodename nor servname provided, or not known)""))",
stkdebate26.calicotab.com,stuku2026,"failed: ConnectionError: HTTPSConnectionPool(host='stkdebate26.calicotab.com', port=443): Max retries exceeded with url: /api/v1/tournaments/stuku2026/teams (Caused by NameResolutionError(""HTTPSConnection(host='stkdebate26.calicotab.com', port=443): Failed to resolve 'stkdebate26.calicotab.com' ([Errno 8] nodename nor servname provided, or not known)""))",
princetoniv2021.calicotab.com,princetoniv2021,"failed: ConnectionError: HTTPSConnectionPool(host='princetoniv2021.calicotab.com', port=443): Max retries exceeded with url: /api/v1/tournaments/princetoniv2021/teams (Caused by NameResolutionError(""HTTPSConnection(host='princetoniv2021.calicotab.com', port=443): Failed to resolve 'princetoniv2021.calicotab.com' ([Errno 8] nodename nor servname provided, or not known)""))",
princetoniv2023.calicotab.com,princeton23,"failed: ConnectionError: HTTPSConnectionPool(host='princetoniv2023.calicotab.com', port=443): Max retries exceeded with url: /api/v1/tournaments/princeton23/teams (Caused by NameResolutionError(""HTTPSConnection(host='princetoniv2023.calicotab.com', port=443): Failed to resolve 'princetoniv2023.calicotab.com' ([Errno 8] nodename nor servname provided, or not known)""))",
princetoniv2024.calicotab.com,princetoniv2024,"failed: ConnectionError: HTTPSConnectionPool(host='princetoniv2024.calicotab.com', port=443): Max retries exceeded with url: /api/v1/tournaments/princetoniv2024/teams (Caused by NameResolutionError(""HTTPSConnection(host='princetoniv2024.calicotab.com', port=443): Failed to resolve 'princetoniv2024.calicotab.com' ([Errno 8] nodename nor servname provided, or not known)""))",
princetoniv2025.calicotab.com,princetoniv25,"failed: ConnectionError: HTTPSConnectionPool(host='princetoniv2025.calicotab.com', port=443): Max retries exceeded with url: /api/v1/tournaments/princetoniv25/teams (Caused by NameResolutionError(""HTTPSConnection(host='princetoniv2025.calicotab.com', port=443): Failed to resolve 'princetoniv2025.calicotab.com' ([Errno 8] nodename nor servname provided, or not known)""))",
paqo2020.calicotab.com,proam,"failed: ConnectionError: HTTPSConnectionPool(host='paqo2020.calicotab.com', port=443): Max retries exceeded with url: /api/v1/tournaments/proam/teams (Caused by NameResolutionError(""HTTPSConnection(host='paqo2020.calicotab.com', port=443): Failed to resolve 'paqo2020.calicotab.com' ([Errno 8] nodename nor servname provided, or not known)""))",
qdep2526.calicotab.com,qdopenbp2526,"failed: ConnectionError: HTTPSConnectionPool(host='qdep2526.calicotab.com', port=443): Max retries exceeded with url: /api/v1/tournaments/qdopenbp2526/teams (Caused by NameResolutionError(""HTTPSConnection(host='qdep2526.calicotab.com', port=443): Failed to resolve 'qdep2526.calicotab.com' ([Errno 8] nodename nor servname provided, or not known)""))",
tabtastic.calicotab.com,qmiv2021,"failed: ConnectionError: HTTPSConnectionPool(host='tabtastic.calicotab.com', port=443): Max retries exceeded with url: /api/v1/tournaments/qmiv2021/teams (Caused by NameResolutionError(""HTTPSConnection(host='tabtastic.calicotab.com', port=443): Failed to resolve 'tabtastic.calicotab.com' ([Errno 8] nodename nor servname provided, or not known)""))",
queenmarytournaments.calicotab.com,qmiv25,"failed: ConnectionError: HTTPSConnectionPool(host='queenmarytournaments.calicotab.com', port=443): Max retries exceeded with url: /api/v1/tournaments/qmiv25/teams (Caused by NameResolutionError(""HTTPSConnection(host='queenmarytournaments.calicotab.com', port=443): Failed to resolve 'queenmarytournaments.calicotab.com' ([Errno 8] nodename nor servname provided, or not known)""))",
qmulopen26.calicotab.com,qmulopen26,"failed: ConnectionError: HTTPSConnectionPool(host='qmulopen26.calicotab.com', port=443): Max retries exceeded with url: /api/v1/tournaments/qmulopen26/teams (Caused by NameResolutionError(""HTTPSConnection(host='qmulopen26.calicotab.com', port=443): Failed to resolve 'qmulopen26.calicotab.com' ([Errno 8] nodename nor servname provided, or not known)""))",
qubopen.calicotab.com,qubopen2026,"failed: ConnectionError: HTTPSConnectionPool(host='qubopen.calicotab.com', port=443): Max retries exceeded with url: /api/v1/tournaments/qubopen2026/teams (Caused by NameResolutionError(""HTTPSConnection(host='qubopen.calicotab.com', port=443): Failed to resolve 'qubopen.calicotab.com' ([Errno 8] nodename nor servname provided, or not known)""))",
rmlpd2025.calicotab.com,rmlpd26,"failed: ConnectionError: HTTPSConnectionPool(host='rmlpd2025.calicotab.com', port=443): Max retries exceeded with url: /api/v1/tournaments/rmlpd26/teams (Caused by NameResolutionError(""HTTPSConnection(host='rmlpd2025.calicotab.com', port=443): Failed to resolve 'rmlpd2025.calicotab.com' ([Errno 8] nodename nor servname provided, or not known)""))",
pakdebateforum.calicotab.com,rdo2024,"failed: ConnectionError: HTTPSConnectionPool(host='pakdebateforum.calicotab.com', port=443): Max retries exceeded with url: /api/v1/tournaments/rdo2024/teams (Caused by NameResolutionError(""HTTPSConnection(host='pakdebateforum.calicotab.com', port=443): Failed to resolve 'pakdebateforum.calicotab.com' ([Errno 8] nodename nor servname provided, or not known)""))",
pakdebateforum.calicotab.com,rdo2025,"failed: ConnectionError: HTTPSConnectionPool(host='pakdebateforum.calicotab.com', port=443): Max retries exceeded with url: /api/v1/tournaments/rdo2025/teams (Caused by NameResolutionError(""HTTPSConnection(host='pakdebateforum.calicotab.com', port=443): Failed to resolve 'pakdebateforum.calicotab.com' ([Errno 8] nodename nor servname provided, or not known)""))",
pakdebateforum.calicotab.com,rdo2026,"failed: ConnectionError: HTTPSConnectionPool(host='pakdebateforum.calicotab.com', port=443): Max retries exceeded with url: /api/v1/tournaments/rdo2026/teams (Caused by NameResolutionError(""HTTPSConnection(host='pakdebateforum.calicotab.com', port=443): Failed to resolve 'pakdebateforum.calicotab.com' ([Errno 8] nodename nor servname provided, or not known)""))",
ramaiah.calicotab.com,RRR21,"failed: ConnectionError: HTTPSConnectionPool(host='ramaiah.calicotab.com', port=443): Max retries exceeded with url: /api/v1/tournaments/RRR21/teams (Caused by NameResolutionError(""HTTPSConnection(host='ramaiah.calicotab.com', port=443): Failed to resolve 'ramaiah.calicotab.com' ([Errno 8] nodename nor servname provided, or not known)""))",
randompa5.calicotab.com,rpav,"failed: ConnectionError: HTTPSConnectionPool(host='randompa5.calicotab.com', port=443): Max retries exceeded with url: /api/v1/tournaments/rpav/teams (Caused by NameResolutionError(""HTTPSConnection(host='randompa5.calicotab.com', port=443): Failed to resolve 'randompa5.calicotab.com' ([Errno 8] nodename nor servname provided, or not known)""))",
rclpd2024.calicotab.com,rclpd24,"failed: ConnectionError: HTTPSConnectionPool(host='rclpd2024.calicotab.com', port=443): Max retries exceeded with url: /api/v1/tournaments/rclpd24/teams (Caused by NameResolutionError(""HTTPSConnection(host='rclpd2024.calicotab.com', port=443): Failed to resolve 'rclpd2024.calicotab.com' ([Errno 8] nodename nor servname provided, or not known)""))",
rclpd2025.calicotab.com,rclpd25,"failed: ConnectionError: HTTPSConnectionPool(host='rclpd2025.calicotab.com', port=443): Max retries exceeded with url: /api/v1/tournaments/rclpd25/teams (Caused by NameResolutionError(""HTTPSConnection(host='rclpd2025.calicotab.com', port=443): Failed to resolve 'rclpd2025.calicotab.com' ([Errno 8] nodename nor servname provided, or not known)""))",
riversstateuniversityopen.calicotab.com,rsuopen2025,"failed: ConnectionError: HTTPSConnectionPool(host='riversstateuniversityopen.calicotab.com', port=443): Max retries exceeded with url: /api/v1/tournaments/rsuopen2025/teams (Caused by NameResolutionError(""HTTPSConnection(host='riversstateuniversityopen.calicotab.com', port=443): Failed to resolve 'riversstateuniversityopen.calicotab.com' ([Errno 8] nodename nor servname provided, or not known)""))",
rmlbpd23.calicotab.com,rmlbpd2023,"failed: ConnectionError: HTTPSConnectionPool(host='rmlbpd23.calicotab.com', port=443): Max retries exceeded with url: /api/v1/tournaments/rmlbpd2023/teams (Caused by NameResolutionError(""HTTPSConnection(host='rmlbpd23.calicotab.com', port=443): Failed to resolve 'rmlbpd23.calicotab.com' ([Errno 8] nodename nor servname provided, or not known)""))",
rotterdampreeudc.calicotab.com,rotterdampreeudc,"failed: ConnectionError: HTTPSConnectionPool(host='rotterdampreeudc.calicotab.com', port=443): Max retries exceeded with url: /api/v1/tournaments/rotterdampreeudc/teams (Caused by NameResolutionError(""HTTPSConnection(host='rotterdampreeudc.calicotab.com', port=443): Failed to resolve 'rotterdampreeudc.calicotab.com' ([Errno 8] nodename nor servname provided, or not known)""))",
rrac22.calicotab.com,rrac2022,"failed: ConnectionError: HTTPSConnectionPool(host='rrac22.calicotab.com', port=443): Max retries exceeded with url: /api/v1/tournaments/rrac2022/teams (Caused by NameResolutionError(""HTTPSConnection(host='rrac22.calicotab.com', port=443): Failed to resolve 'rrac22.calicotab.com' ([Errno 8] nodename nor servname provided, or not known)""))",
samuelayodele.calicotab.com,rrac2023,"failed: ConnectionError: HTTPSConnectionPool(host='samuelayodele.calicotab.com', port=443): Max retries exceeded with url: /api/v1/tournaments/rrac2023/teams (Caused by NameResolutionError(""HTTPSConnection(host='samuelayodele.calicotab.com', port=443): Failed to resolve 'samuelayodele.calicotab.com' ([Errno 8] nodename nor servname provided, or not known)""))",
rrac24.calicotab.com,anniversarycup2024,"failed: ConnectionError: HTTPSConnectionPool(host='rrac24.calicotab.com', port=443): Max retries exceeded with url: /api/v1/tournaments/anniversarycup2024/teams (Caused by NameResolutionError(""HTTPSConnection(host='rrac24.calicotab.com', port=443): Failed to resolve 'rrac24.calicotab.com' ([Errno 8] nodename nor servname provided, or not known)""))",
rrac.calicotab.com,rrac2025,"failed: ConnectionError: HTTPSConnectionPool(host='rrac.calicotab.com', port=443): Max retries exceeded with url: /api/v1/tournaments/rrac2025/teams (Caused by NameResolutionError(""HTTPSConnection(host='rrac.calicotab.com', port=443): Failed to resolve 'rrac.calicotab.com' ([Errno 8] nodename nor servname provided, or not known)""))",
mace.calicotab.com,RPDA2021,"failed: ConnectionError: HTTPSConnectionPool(host='mace.calicotab.com', port=443): Max retries exceeded with url: /api/v1/tournaments/RPDA2021/teams (Caused by NameResolutionError(""HTTPSConnection(host='mace.calicotab.com', port=443): Failed to resolve 'mace.calicotab.com' ([Errno 8] nodename nor servname provided, or not known)""))",
mace.calicotab.com,rpdainternals2022,"failed: ConnectionError: HTTPSConnectionPool(host='mace.calicotab.com', port=443): Max retries exceeded with url: /api/v1/tournaments/rpdainternals2022/teams (Caused by NameResolutionError(""HTTPSConnection(host='mace.calicotab.com', port=443): Failed to resolve 'mace.calicotab.com' ([Errno 8] nodename nor servname provided, or not known)""))",
mace.calicotab.com,prepaudc2022,"failed: ConnectionError: HTTPSConnectionPool(host='mace.calicotab.com', port=443): Max retries exceeded with url: /api/v1/tournaments/prepaudc2022/teams (Caused by NameResolutionError(""HTTPSConnection(host='mace.calicotab.com', port=443): Failed to resolve 'mace.calicotab.com' ([Errno 8] nodename nor servname provided, or not known)""))",
mace.calicotab.com,rpdapre-paudc2023,"failed: ConnectionError: HTTPSConnectionPool(host='mace.calicotab.com', port=443): Max retries exceeded with url: /api/v1/tournaments/rpdapre-paudc2023/teams (Caused by NameResolutionError(""HTTPSConnection(host='mace.calicotab.com', port=443): Failed to resolve 'mace.calicotab.com' ([Errno 8] nodename nor servname provided, or not known)""))",
mace.calicotab.com,pre-paudc24,"failed: ConnectionError: HTTPSConnectionPool(host='mace.calicotab.com', port=443): Max retries exceeded with url: /api/v1/tournaments/pre-paudc24/teams (Caused by NameResolutionError(""HTTPSConnection(host='mace.calicotab.com', port=443): Failed to resolve 'mace.calicotab.com' ([Errno 8] nodename nor servname provided, or not known)""))",
mace.calicotab.com,rpdapre_paudc2025,"failed: ConnectionError: HTTPSConnectionPool(host='mace.calicotab.com', port=443): Max retries exceeded with url: /api/v1/tournaments/rpdapre_paudc2025/teams (Caused by NameResolutionError(""HTTPSConnection(host='mace.calicotab.com', port=443): Failed to resolve 'mace.calicotab.com' ([Errno 8] nodename nor servname provided, or not known)""))",
rpmd2021.calicotab.com,rpmd21,"failed: ConnectionError: HTTPSConnectionPool(host='rpmd2021.calicotab.com', port=443): Max retries exceeded with url: /api/v1/tournaments/rpmd21/teams (Caused by NameResolutionError(""HTTPSConnection(host='rpmd2021.calicotab.com', port=443): Failed to resolve 'rpmd2021.calicotab.com' ([Errno 8] nodename nor servname provided, or not known)""))",
rvdt.calicotab.com,rvdt2021,"failed: ConnectionError: HTTPSConnectionPool(host='rvdt.calicotab.com', port=443): Max retries exceeded with url: /api/v1/tournaments/rvdt2021/teams (Caused by NameResolutionError(""HTTPSConnection(host='rvdt.calicotab.com', port=443): Failed to resolve 'rvdt.calicotab.com' ([Errno 8] nodename nor servname provided, or not known)""))",
rvdt.calicotab.com,rvdt2023,"failed: ConnectionError: HTTPSConnectionPool(host='rvdt.calicotab.com', port=443): Max retries exceeded with url: /api/v1/tournaments/rvdt2023/teams (Caused by NameResolutionError(""HTTPSConnection(host='rvdt.calicotab.com', port=443): Failed to resolve 'rvdt.calicotab.com' ([Errno 8] nodename nor servname provided, or not known)""))",
stamesa23.calicotab.com,stamesa23,"failed: ConnectionError: HTTPSConnectionPool(host='stamesa23.calicotab.com', port=443): Max retries exceeded with url: /api/v1/tournaments/stamesa23/teams (Caused by NameResolutionError(""HTTPSConnection(host='stamesa23.calicotab.com', port=443): Failed to resolve 'stamesa23.calicotab.com' ([Errno 8] nodename nor servname provided, or not known)""))",
smdo24.calicotab.com,stamesa24,"failed: ConnectionError: HTTPSConnectionPool(host='smdo24.calicotab.com', port=443): Max retries exceeded with url: /api/v1/tournaments/stamesa24/teams (Caused by NameResolutionError(""HTTPSConnection(host='smdo24.calicotab.com', port=443): Failed to resolve 'smdo24.calicotab.com' ([Errno 8] nodename nor servname provided, or not known)""))",
scotlandpreeudc2026.calicotab.com,scotlandpreeudc2026,"failed: ConnectionError: HTTPSConnectionPool(host='scotlandpreeudc2026.calicotab.com', port=443): Max retries exceeded with url: /api/v1/tournaments/scotlandpreeudc2026/teams (Caused by NameResolutionError(""HTTPSConnection(host='scotlandpreeudc2026.calicotab.com', port=443): Failed to resolve 'scotlandpreeudc2026.calicotab.com' ([Errno 8] nodename nor servname provided, or not known)""))",
scottishmace.calicotab.com,Mace2022,"failed: ConnectionError: HTTPSConnectionPool(host='scottishmace.calicotab.com', port=443): Max retries exceeded with url: /api/v1/tournaments/Mace2022/teams (Caused by NameResolutionError(""HTTPSConnection(host='scottishmace.calicotab.com', port=443): Failed to resolve 'scottishmace.calicotab.com' ([Errno 8] nodename nor servname provided, or not known)""))",
mace2024.calicotab.com,mace24,"failed: ConnectionError: HTTPSConnectionPool(host='mace2024.calicotab.com', port=443): Max retries exceeded with url: /api/v1/tournaments/mace24/teams (Caused by NameResolutionError(""HTTPSConnection(host='mace2024.calicotab.com', port=443): Failed to resolve 'mace2024.calicotab.com' ([Errno 8] nodename nor servname provided, or not known)""))",
mace2025.calicotab.com,mace2025,"failed: ConnectionError: HTTPSConnectionPool(host='mace2025.calicotab.com', port=443): Max retries exceeded with url: /api/v1/tournaments/mace2025/teams (Caused by NameResolutionError(""HTTPSConnection(host='mace2025.calicotab.com', port=443): Failed to resolve 'mace2025.calicotab.com' ([Errno 8] nodename nor servname provided, or not known)""))",
scottishmace2026.calicotab.com,scottishmace2026,"failed: ConnectionError: HTTPSConnectionPool(host='scottishmace2026.calicotab.com', port=443): Max retries exceeded with url: /api/v1/tournaments/scottishmace2026/teams (Caused by NameResolutionError(""HTTPSConnection(host='scottishmace2026.calicotab.com', port=443): Failed to resolve 'scottishmace2026.calicotab.com' ([Errno 8] nodename nor servname provided, or not known)""))",
seakaysancupii.calicotab.com,kaysancupii,"failed: ConnectionError: HTTPSConnectionPool(host='seakaysancupii.calicotab.com', port=443): Max retries exceeded with url: /api/v1/tournaments/kaysancupii/teams (Caused by NameResolutionError(""HTTPSConnection(host='seakaysancupii.calicotab.com', port=443): Failed to resolve 'seakaysancupii.calicotab.com' ([Errno 8] nodename nor servname provided, or not known)""))",
suiv23.calicotab.com,seattleiv2023,"failed: ConnectionError: HTTPSConnectionPool(host='suiv23.calicotab.com', port=443): Max retries exceeded with url: /api/v1/tournaments/seattleiv2023/teams (Caused by NameResolutionError(""HTTPSConnection(host='suiv23.calicotab.com', port=443): Failed to resolve 'suiv23.calicotab.com' ([Errno 8] nodename nor servname provided, or not known)""))",
suiv24yodl.calicotab.com,suiv24yodl,"failed: ConnectionError: HTTPSConnectionPool(host='suiv24yodl.calicotab.com', port=443): Max retries exceeded with url: /api/v1/tournaments/suiv24yodl/teams (Caused by NameResolutionError(""HTTPSConnection(host='suiv24yodl.calicotab.com', port=443): Failed to resolve 'suiv24yodl.calicotab.com' ([Errno 8] nodename nor servname provided, or not known)""))",
suiv2025.calicotab.com,suiv2025,"failed: ConnectionError: HTTPSConnectionPool(host='suiv2025.calicotab.com', port=443): Max retries exceeded with url: /api/v1/tournaments/suiv2025/teams (Caused by NameResolutionError(""HTTPSConnection(host='suiv2025.calicotab.com', port=443): Failed to resolve 'suiv2025.calicotab.com' ([Errno 8] nodename nor servname provided, or not known)""))",
suiv2022.calicotab.com,seattleiv2021,"failed: ConnectionError: HTTPSConnectionPool(host='suiv2022.calicotab.com', port=443): Max retries exceeded with url: /api/v1/tournaments/seattleiv2021/teams (Caused by NameResolutionError(""HTTPSConnection(host='suiv2022.calicotab.com', port=443): Failed to resolve 'suiv2022.calicotab.com' ([Errno 8] nodename nor servname provided, or not known)""))",
seattleiv2022online.calicotab.com,seattleiv22online,"failed: ConnectionError: HTTPSConnectionPool(host='seattleiv2022online.calicotab.com', port=443): Max retries exceeded with url: /api/v1/tournaments/seattleiv22online/teams (Caused by NameResolutionError(""HTTPSConnection(host='seattleiv2022online.calicotab.com', port=443): Failed to resolve 'seattleiv2022online.calicotab.com' ([Errno 8] nodename nor servname provided, or not known)""))",
suonlinemini23.calicotab.com,suonlinemini2023,"failed: ConnectionError: HTTPSConnectionPool(host='suonlinemini23.calicotab.com', port=443): Max retries exceeded with url: /api/v1/tournaments/suonlinemini2023/teams (Caused by NameResolutionError(""HTTPSConnection(host='suonlinemini23.calicotab.com', port=443): Failed to resolve 'suonlinemini23.calicotab.com' ([Errno 8] nodename nor servname provided, or not known)""))",
seattle2024fri.calicotab.com,seattlefri24,"failed: ConnectionError: HTTPSConnectionPool(host='seattle2024fri.calicotab.com', port=443): Max retries exceeded with url: /api/v1/tournaments/seattlefri24/teams (Caused by NameResolutionError(""HTTPSConnection(host='seattle2024fri.calicotab.com', port=443): Failed to resolve 'seattle2024fri.calicotab.com' ([Errno 8] nodename nor servname provided, or not known)""))",
suiv2025.calicotab.com,suiv2025online,"failed: ConnectionError: HTTPSConnectionPool(host='suiv2025.calicotab.com', port=443): Max retries exceeded with url: /api/v1/tournaments/suiv2025online/teams (Caused by NameResolutionError(""HTTPSConnection(host='suiv2025.calicotab.com', port=443): Failed to resolve 'suiv2025.calicotab.com' ([Errno 8] nodename nor servname provided, or not known)""))",
siv2025.calicotab.com,seriousiv2025,"failed: ConnectionError: HTTPSConnectionPool(host='siv2025.calicotab.com', port=443): Max retries exceeded with url: /api/v1/tournaments/seriousiv2025/teams (Caused by NameResolutionError(""HTTPSConnection(host='siv2025.calicotab.com', port=443): Failed to resolve 'siv2025.calicotab.com' ([Errno 8] nodename nor servname provided, or not known)""))",
seriousiv2026.calicotab.com,_,"failed: ConnectionError: HTTPSConnectionPool(host='seriousiv2026.calicotab.com', port=443): Max retries exceeded with url: /api/v1/tournaments/_/teams (Caused by NameResolutionError(""HTTPSConnection(host='seriousiv2026.calicotab.com', port=443): Failed to resolve 'seriousiv2026.calicotab.com' ([Errno 8] nodename nor servname provided, or not known)""))",
severncup23.calicotab.com,severncup,"failed: ConnectionError: HTTPSConnectionPool(host='severncup23.calicotab.com', port=443): Max retries exceeded with url: /api/v1/tournaments/severncup/teams (Caused by NameResolutionError(""HTTPSConnection(host='severncup23.calicotab.com', port=443): Failed to resolve 'severncup23.calicotab.com' ([Errno 8] nodename nor servname provided, or not known)""))",
severn25.calicotab.com,severn25,"failed: ConnectionError: HTTPSConnectionPool(host='severn25.calicotab.com', port=443): Max retries exceeded with url: /api/v1/tournaments/severn25/teams (Caused by NameResolutionError(""HTTPSConnection(host='severn25.calicotab.com', port=443): Failed to resolve 'severn25.calicotab.com' ([Errno 8] nodename nor servname provided, or not known)""))",
shahjiwana.calicotab.com,SIDC25,"failed: ConnectionError: HTTPSConnectionPool(host='shahjiwana.calicotab.com', port=443): Max retries exceeded with url: /api/v1/tournaments/SIDC25/teams (Caused by NameResolutionError(""HTTPSConnection(host='shahjiwana.calicotab.com', port=443): Failed to resolve 'shahjiwana.calicotab.com' ([Errno 8] nodename nor servname provided, or not known)""))",
sidc.calicotab.com,sidc,"failed: ConnectionError: HTTPSConnectionPool(host='sidc.calicotab.com', port=443): Max retries exceeded with url: /api/v1/tournaments/sidc/teams (Caused by NameResolutionError(""HTTPSConnection(host='sidc.calicotab.com', port=443): Failed to resolve 'sidc.calicotab.com' ([Errno 8] nodename nor servname provided, or not known)""))",
sidc2024.calicotab.com,SIDC2024,"failed: ConnectionError: HTTPSConnectionPool(host='sidc2024.calicotab.com', port=443): Max retries exceeded with url: /api/v1/tournaments/SIDC2024/teams (Caused by NameResolutionError(""HTTPSConnection(host='sidc2024.calicotab.com', port=443): Failed to resolve 'sidc2024.calicotab.com' ([Errno 8] nodename nor servname provided, or not known)""))",
sit.calicotab.com,sit2025,"failed: ConnectionError: HTTPSConnectionPool(host='sit.calicotab.com', port=443): Max retries exceeded with url: /api/v1/tournaments/sit2025/teams (Caused by NameResolutionError(""HTTPSConnection(host='sit.calicotab.com', port=443): Failed to resolve 'sit.calicotab.com' ([Errno 8] nodename nor servname provided, or not known)""))",
sndo2023.calicotab.com,sndo2023,"failed: ConnectionError: HTTPSConnectionPool(host='sndo2023.calicotab.com', port=443): Max retries exceeded with url: /api/v1/tournaments/sndo2023/teams (Caused by NameResolutionError(""HTTPSConnection(host='sndo2023.calicotab.com', port=443): Failed to resolve 'sndo2023.calicotab.com' ([Errno 8] nodename nor servname provided, or not known)""))",
sndo2024.calicotab.com,sndo2024,"failed: ConnectionError: HTTPSConnectionPool(host='sndo2024.calicotab.com', port=443): Max retries exceeded with url: /api/v1/tournaments/sndo2024/teams (Caused by NameResolutionError(""HTTPSConnection(host='sndo2024.calicotab.com', port=443): Failed to resolve 'sndo2024.calicotab.com' ([Errno 8] nodename nor servname provided, or not known)""))",
sndo25.calicotab.com,sndo25,"failed: ConnectionError: HTTPSConnectionPool(host='sndo25.calicotab.com', port=443): Max retries exceeded with url: /api/v1/tournaments/sndo25/teams (Caused by NameResolutionError(""HTTPSConnection(host='sndo25.calicotab.com', port=443): Failed to resolve 'sndo25.calicotab.com' ([Errno 8] nodename nor servname provided, or not known)""))",
sheffieldiv2023.calicotab.com,sheffieldiv2023,"failed: ConnectionError: HTTPSConnectionPool(host='sheffieldiv2023.calicotab.com', port=443): Max retries exceeded with url: /api/v1/tournaments/sheffieldiv2023/teams (Caused by NameResolutionError(""HTTPSConnection(host='sheffieldiv2023.calicotab.com', port=443): Failed to resolve 'sheffieldiv2023.calicotab.com' ([Errno 8] nodename nor servname provided, or not known)""))",
sheffieldnovices23.calicotab.com,sheffieldnovices2023,"failed: ConnectionError: HTTPSConnectionPool(host='sheffieldnovices23.calicotab.com', port=443): Max retries exceeded with url: /api/v1/tournaments/sheffieldnovices2023/teams (Caused by NameResolutionError(""HTTPSConnection(host='sheffieldnovices23.calicotab.com', port=443): Failed to resolve 'sheffieldnovices23.calicotab.com' ([Errno 8] nodename nor servname provided, or not known)""))",
sheffieldproam26.calicotab.com,sheffield26,"failed: ConnectionError: HTTPSConnectionPool(host='sheffieldproam26.calicotab.com', port=443): Max retries exceeded with url: /api/v1/tournaments/sheffield26/teams (Caused by NameResolutionError(""HTTPSConnection(host='sheffieldproam26.calicotab.com', port=443): Failed to resolve 'sheffieldproam26.calicotab.com' ([Errno 8] nodename nor servname provided, or not known)""))",
shivajienglishpd.calicotab.com,shivajipd26,"failed: ConnectionError: HTTPSConnectionPool(host='shivajienglishpd.calicotab.com', port=443): Max retries exceeded with url: /api/v1/tournaments/shivajipd26/teams (Caused by NameResolutionError(""HTTPSConnection(host='shivajienglishpd.calicotab.com', port=443): Failed to resolve 'shivajienglishpd.calicotab.com' ([Errno 8] nodename nor servname provided, or not known)""))",
srcc.calicotab.com,shrirampreabp2021,"failed: ConnectionError: HTTPSConnectionPool(host='srcc.calicotab.com', port=443): Max retries exceeded with url: /api/v1/tournaments/shrirampreabp2021/teams (Caused by NameResolutionError(""HTTPSConnection(host='srcc.calicotab.com', port=443): Failed to resolve 'srcc.calicotab.com' ([Errno 8] nodename nor servname provided, or not known)""))",
srcc.calicotab.com,shrirampreabp2022,"failed: ConnectionError: HTTPSConnectionPool(host='srcc.calicotab.com', port=443): Max retries exceeded with url: /api/v1/tournaments/shrirampreabp2022/teams (Caused by NameResolutionError(""HTTPSConnection(host='srcc.calicotab.com', port=443): Failed to resolve 'srcc.calicotab.com' ([Errno 8] nodename nor servname provided, or not known)""))",
srbp2023.calicotab.com,srbp2023,"failed: ConnectionError: HTTPSConnectionPool(host='srbp2023.calicotab.com', port=443): Max retries exceeded with url: /api/v1/tournaments/srbp2023/teams (Caused by NameResolutionError(""HTTPSConnection(host='srbp2023.calicotab.com', port=443): Failed to resolve 'srbp2023.calicotab.com' ([Errno 8] nodename nor servname provided, or not known)""))",
srbp2024.calicotab.com,srbp2024,"failed: ConnectionError: HTTPSConnectionPool(host='srbp2024.calicotab.com', port=443): Max retries exceeded with url: /api/v1/tournaments/srbp2024/teams (Caused by NameResolutionError(""HTTPSConnection(host='srbp2024.calicotab.com', port=443): Failed to resolve 'srbp2024.calicotab.com' ([Errno 8] nodename nor servname provided, or not known)""))",
srbp25.calicotab.com,srbp25,"failed: ConnectionError: HTTPSConnectionPool(host='srbp25.calicotab.com', port=443): Max retries exceeded with url: /api/v1/tournaments/srbp25/teams (Caused by NameResolutionError(""HTTPSConnection(host='srbp25.calicotab.com', port=443): Failed to resolve 'srbp25.calicotab.com' ([Errno 8] nodename nor servname provided, or not known)""))",
debsocsrcc.calicotab.com,srbp2026,"failed: ConnectionError: HTTPSConnectionPool(host='debsocsrcc.calicotab.com', port=443): Max retries exceeded with url: /api/v1/tournaments/srbp2026/teams (Caused by NameResolutionError(""HTTPSConnection(host='debsocsrcc.calicotab.com', port=443): Failed to resolve 'debsocsrcc.calicotab.com' ([Errno 8] nodename nor servname provided, or not known)""))",
shumenonlineopen2026.calicotab.com,_,"failed: ConnectionError: HTTPSConnectionPool(host='shumenonlineopen2026.calicotab.com', port=443): Max retries exceeded with url: /api/v1/tournaments/_/teams (Caused by NameResolutionError(""HTTPSConnection(host='shumenonlineopen2026.calicotab.com', port=443): Failed to resolve 'shumenonlineopen2026.calicotab.com' ([Errno 8] nodename nor servname provided, or not known)""))",
sido22.calicotab.com,sido22,"failed: ConnectionError: HTTPSConnectionPool(host='sido22.calicotab.com', port=443): Max retries exceeded with url: /api/v1/tournaments/sido22/teams (Caused by NameResolutionError(""HTTPSConnection(host='sido22.calicotab.com', port=443): Failed to resolve 'sido22.calicotab.com' ([Errno 8] nodename nor servname provided, or not known)""))",
sido23.calicotab.com,sido2023,"failed: ConnectionError: HTTPSConnectionPool(host='sido23.calicotab.com', port=443): Max retries exceeded with url: /api/v1/tournaments/sido2023/teams (Caused by NameResolutionError(""HTTPSConnection(host='sido23.calicotab.com', port=443): Failed to resolve 'sido23.calicotab.com' ([Errno 8] nodename nor servname provided, or not known)""))",
sido2024.calicotab.com,sido,"failed: ConnectionError: HTTPSConnectionPool(host='sido2024.calicotab.com', port=443): Max retries exceeded with url: /api/v1/tournaments/sido/teams (Caused by NameResolutionError(""HTTPSConnection(host='sido2024.calicotab.com', port=443): Failed to resolve 'sido2024.calicotab.com' ([Errno 8] nodename nor servname provided, or not known)""))",
sido2025.calicotab.com,sido2025,"failed: ConnectionError: HTTPSConnectionPool(host='sido2025.calicotab.com', port=443): Max retries exceeded with url: /api/v1/tournaments/sido2025/teams (Caused by NameResolutionError(""HTTPSConnection(host='sido2025.calicotab.com', port=443): Failed to resolve 'sido2025.calicotab.com' ([Errno 8] nodename nor servname provided, or not known)""))",
sido2026.calicotab.com,sido2026,"failed: ConnectionError: HTTPSConnectionPool(host='sido2026.calicotab.com', port=443): Max retries exceeded with url: /api/v1/tournaments/sido2026/teams (Caused by NameResolutionError(""HTTPSConnection(host='sido2026.calicotab.com', port=443): Failed to resolve 'sido2026.calicotab.com' ([Errno 8] nodename nor servname provided, or not known)""))",
sdo2024.calicotab.com,sdo2024,"failed: ConnectionError: HTTPSConnectionPool(host='sdo2024.calicotab.com', port=443): Max retries exceeded with url: /api/v1/tournaments/sdo2024/teams (Caused by NameResolutionError(""HTTPSConnection(host='sdo2024.calicotab.com', port=443): Failed to resolve 'sdo2024.calicotab.com' ([Errno 8] nodename nor servname provided, or not known)""))",
sdo2025.calicotab.com,_,"failed: ConnectionError: HTTPSConnectionPool(host='sdo2025.calicotab.com', port=443): Max retries exceeded with url: /api/v1/tournaments/_/teams (Caused by NameResolutionError(""HTTPSConnection(host='sdo2025.calicotab.com', port=443): Failed to resolve 'sdo2025.calicotab.com' ([Errno 8] nodename nor servname provided, or not known)""))",
mofturniri.calicotab.com,skopjeopen2025,"failed: ConnectionError: HTTPSConnectionPool(host='mofturniri.calicotab.com', port=443): Max retries exceeded with url: /api/v1/tournaments/skopjeopen2025/teams (Caused by NameResolutionError(""HTTPSConnection(host='mofturniri.calicotab.com', port=443): Failed to resolve 'mofturniri.calicotab.com' ([Errno 8] nodename nor servname provided, or not known)""))",
smartdebates2020.calicotab.com,sdmini,"failed: ConnectionError: HTTPSConnectionPool(host='smartdebates2020.calicotab.com', port=443): Max retries exceeded with url: /api/v1/tournaments/sdmini/teams (Caused by NameResolutionError(""HTTPSConnection(host='smartdebates2020.calicotab.com', port=443): Failed to resolve 'smartdebates2020.calicotab.com' ([Errno 8] nodename nor servname provided, or not known)""))",
smartdebates2020.calicotab.com,sd2021,"failed: ConnectionError: HTTPSConnectionPool(host='smartdebates2020.calicotab.com', port=443): Max retries exceeded with url: /api/v1/tournaments/sd2021/teams (Caused by NameResolutionError(""HTTPSConnection(host='smartdebates2020.calicotab.com', port=443): Failed to resolve 'smartdebates2020.calicotab.com' ([Errno 8] nodename nor servname provided, or not known)""))",
www.smvitdebsoctab.com,smvitpd2024,"failed: ConnectionError: HTTPSConnectionPool(host='www.smvitdebsoctab.com', port=443): Max retries exceeded with url: /api/v1/tournaments/smvitpd2024/teams (Caused by NameResolutionError(""HTTPSConnection(host='www.smvitdebsoctab.com', port=443): Failed to resolve 'www.smvitdebsoctab.com' ([Errno 8] nodename nor servname provided, or not known)""))",
smvitpd2025.calicotab.com,smvitpd2025,"failed: ConnectionError: HTTPSConnectionPool(host='smvitpd2025.calicotab.com', port=443): Max retries exceeded with url: /api/v1/tournaments/smvitpd2025/teams (Caused by NameResolutionError(""HTTPSConnection(host='smvitpd2025.calicotab.com', port=443): Failed to resolve 'smvitpd2025.calicotab.com' ([Errno 8] nodename nor servname provided, or not known)""))",
smvitpd2025.calicotab.com,smvitpd26,"failed: ConnectionError: HTTPSConnectionPool(host='smvitpd2025.calicotab.com', port=443): Max retries exceeded with url: /api/v1/tournaments/smvitpd26/teams (Caused by NameResolutionError(""HTTPSConnection(host='smvitpd2025.calicotab.com', port=443): Failed to resolve 'smvitpd2025.calicotab.com' ([Errno 8] nodename nor servname provided, or not known)""))",
snudaxkidaproam2024.calicotab.com,snudaproam,"failed: ConnectionError: HTTPSConnectionPool(host='snudaxkidaproam2024.calicotab.com', port=443): Max retries exceeded with url: /api/v1/tournaments/snudaproam/teams (Caused by NameResolutionError(""HTTPSConnection(host='snudaxkidaproam2024.calicotab.com', port=443): Failed to resolve 'snudaxkidaproam2024.calicotab.com' ([Errno 8] nodename nor servname provided, or not known)""))",
socialismopen.calicotab.com,SocialismOpen,"failed: ConnectionError: HTTPSConnectionPool(host='socialismopen.calicotab.com', port=443): Max retries exceeded with url: /api/v1/tournaments/SocialismOpen/teams (Caused by NameResolutionError(""HTTPSConnection(host='socialismopen.calicotab.com', port=443): Failed to resolve 'socialismopen.calicotab.com' ([Errno 8] nodename nor servname provided, or not known)""))",
sofiaonline2023.calicotab.com,_,"failed: ConnectionError: HTTPSConnectionPool(host='sofiaonline2023.calicotab.com', port=443): Max retries exceeded with url: /api/v1/tournaments/_/teams (Caused by NameResolutionError(""HTTPSConnection(host='sofiaonline2023.calicotab.com', port=443): Failed to resolve 'sofiaonline2023.calicotab.com' ([Errno 8] nodename nor servname provided, or not known)""))",
sofiaonline24.calicotab.com,_,"failed: ConnectionError: HTTPSConnectionPool(host='sofiaonline24.calicotab.com', port=443): Max retries exceeded with url: /api/v1/tournaments/_/teams (Caused by NameResolutionError(""HTTPSConnection(host='sofiaonline24.calicotab.com', port=443): Failed to resolve 'sofiaonline24.calicotab.com' ([Errno 8] nodename nor servname provided, or not known)""))",
sofiaonlinept2.calicotab.com,soopt2,"failed: ConnectionError: HTTPSConnectionPool(host='sofiaonlinept2.calicotab.com', port=443): Max retries exceeded with url: /api/v1/tournaments/soopt2/teams (Caused by NameResolutionError(""HTTPSConnection(host='sofiaonlinept2.calicotab.com', port=443): Failed to resolve 'sofiaonlinept2.calicotab.com' ([Errno 8] nodename nor servname provided, or not known)""))",
sofiaopen2022.calicotab.com,sofia2022,"failed: ConnectionError: HTTPSConnectionPool(host='sofiaopen2022.calicotab.com', port=443): Max retries exceeded with url: /api/v1/tournaments/sofia2022/teams (Caused by NameResolutionError(""HTTPSConnection(host='sofiaopen2022.calicotab.com', port=443): Failed to resolve 'sofiaopen2022.calicotab.com' ([Errno 8] nodename nor servname provided, or not known)""))",
sofiaopen2024.calicotab.com,_,"failed: ConnectionError: HTTPSConnectionPool(host='sofiaopen2024.calicotab.com', port=443): Max retries exceeded with url: /api/v1/tournaments/_/teams (Caused by NameResolutionError(""HTTPSConnection(host='sofiaopen2024.calicotab.com', port=443): Failed to resolve 'sofiaopen2024.calicotab.com' ([Errno 8] nodename nor servname provided, or not known)""))",
sofiapreeudc.calicotab.com,_,"failed: ConnectionError: HTTPSConnectionPool(host='sofiapreeudc.calicotab.com', port=443): Max retries exceeded with url: /api/v1/tournaments/_/teams (Caused by NameResolutionError(""HTTPSConnection(host='sofiapreeudc.calicotab.com', port=443): Failed to resolve 'sofiapreeudc.calicotab.com' ([Errno 8] nodename nor servname provided, or not known)""))",
satl.calicotab.com,2025,"failed: ConnectionError: HTTPSConnectionPool(host='satl.calicotab.com', port=443): Max retries exceeded with url: /api/v1/tournaments/2025/teams (Caused by NameResolutionError(""HTTPSConnection(host='satl.calicotab.com', port=443): Failed to resolve 'satl.calicotab.com' ([Errno 8] nodename nor servname provided, or not known)""))",
seadc2026.calicotab.com,seadc2026,"failed: ConnectionError: HTTPSConnectionPool(host='seadc2026.calicotab.com', port=443): Max retries exceeded with url: /api/v1/tournaments/seadc2026/teams (Caused by NameResolutionError(""HTTPSConnection(host='seadc2026.calicotab.com', port=443): Failed to resolve 'seadc2026.calicotab.com' ([Errno 8] nodename nor servname provided, or not known)""))",
southindiapreabp.calicotab.com,southindiapreabp2026,"failed: ConnectionError: HTTPSConnectionPool(host='southindiapreabp.calicotab.com', port=443): Max retries exceeded with url: /api/v1/tournaments/southindiapreabp2026/teams (Caused by NameResolutionError(""HTTPSConnection(host='southindiapreabp.calicotab.com', port=443): Failed to resolve 'southindiapreabp.calicotab.com' ([Errno 8] nodename nor servname provided, or not known)""))",
sotonnovices25.calicotab.com,sotonnovices25,"failed: ConnectionError: HTTPSConnectionPool(host='sotonnovices25.calicotab.com', port=443): Max retries exceeded with url: /api/v1/tournaments/sotonnovices25/teams (Caused by NameResolutionError(""HTTPSConnection(host='sotonnovices25.calicotab.com', port=443): Failed to resolve 'sotonnovices25.calicotab.com' ([Errno 8] nodename nor servname provided, or not known)""))",
southamptonopen2022.calicotab.com,_,"failed: ConnectionError: HTTPSConnectionPool(host='southamptonopen2022.calicotab.com', port=443): Max retries exceeded with url: /api/v1/tournaments/_/teams (Caused by NameResolutionError(""HTTPSConnection(host='southamptonopen2022.calicotab.com', port=443): Failed to resolve 'southamptonopen2022.calicotab.com' ([Errno 8] nodename nor servname provided, or not known)""))",
southamptonopen2023.calicotab.com,_,"failed: ConnectionError: HTTPSConnectionPool(host='southamptonopen2023.calicotab.com', port=443): Max retries exceeded with url: /api/v1/tournaments/_/teams (Caused by NameResolutionError(""HTTPSConnection(host='southamptonopen2023.calicotab.com', port=443): Failed to resolve 'southamptonopen2023.calicotab.com' ([Errno 8] nodename nor servname provided, or not known)""))",
southampton2024.calicotab.com,_,"failed: ConnectionError: HTTPSConnectionPool(host='southampton2024.calicotab.com', port=443): Max retries exceeded with url: /api/v1/tournaments/_/teams (Caused by NameResolutionError(""HTTPSConnection(host='southampton2024.calicotab.com', port=443): Failed to resolve 'southampton2024.calicotab.com' ([Errno 8] nodename nor servname provided, or not known)""))",
southamptonopen2025.calicotab.com,southamptonopen2025,"failed: ConnectionError: HTTPSConnectionPool(host='southamptonopen2025.calicotab.com', port=443): Max retries exceeded with url: /api/v1/tournaments/southamptonopen2025/teams (Caused by NameResolutionError(""HTTPSConnection(host='southamptonopen2025.calicotab.com', port=443): Failed to resolve 'southamptonopen2025.calicotab.com' ([Errno 8] nodename nor servname provided, or not known)""))",
southamptonopen26.calicotab.com,sotonopen26,"failed: ConnectionError: HTTPSConnectionPool(host='southamptonopen26.calicotab.com', port=443): Max retries exceeded with url: /api/v1/tournaments/sotonopen26/teams (Caused by NameResolutionError(""HTTPSConnection(host='southamptonopen26.calicotab.com', port=443): Failed to resolve 'southamptonopen26.calicotab.com' ([Errno 8] nodename nor servname provided, or not known)""))",
sotonproam24.calicotab.com,SotonProAm24,"failed: ConnectionError: HTTPSConnectionPool(host='sotonproam24.calicotab.com', port=443): Max retries exceeded with url: /api/v1/tournaments/SotonProAm24/teams (Caused by NameResolutionError(""HTTPSConnection(host='sotonproam24.calicotab.com', port=443): Failed to resolve 'sotonproam24.calicotab.com' ([Errno 8] nodename nor servname provided, or not known)""))",
sotonproam26.calicotab.com,sotonproam26,"failed: ConnectionError: HTTPSConnectionPool(host='sotonproam26.calicotab.com', port=443): Max retries exceeded with url: /api/v1/tournaments/sotonproam26/teams (Caused by NameResolutionError(""HTTPSConnection(host='sotonproam26.calicotab.com', port=443): Failed to resolve 'sotonproam26.calicotab.com' ([Errno 8] nodename nor servname provided, or not known)""))",
sotonsillies25.calicotab.com,sotonsillies25,"failed: ConnectionError: HTTPSConnectionPool(host='sotonsillies25.calicotab.com', port=443): Max retries exceeded with url: /api/v1/tournaments/sotonsillies25/teams (Caused by NameResolutionError(""HTTPSConnection(host='sotonsillies25.calicotab.com', port=443): Failed to resolve 'sotonsillies25.calicotab.com' ([Errno 8] nodename nor servname provided, or not known)""))",
mace.calicotab.com,saudc2022,"failed: ConnectionError: HTTPSConnectionPool(host='mace.calicotab.com', port=443): Max retries exceeded with url: /api/v1/tournaments/saudc2022/teams (Caused by NameResolutionError(""HTTPSConnection(host='mace.calicotab.com', port=443): Failed to resolve 'mace.calicotab.com' ([Errno 8] nodename nor servname provided, or not known)""))",
mace1996.calicotab.com,saudc2022,"failed: ConnectionError: HTTPSConnectionPool(host='mace1996.calicotab.com', port=443): Max retries exceeded with url: /api/v1/tournaments/saudc2022/teams (Caused by NameResolutionError(""HTTPSConnection(host='mace1996.calicotab.com', port=443): Failed to resolve 'mace1996.calicotab.com' ([Errno 8] nodename nor servname provided, or not known)""))",
saudc2023.calicotab.com,saudc2023,"failed: ConnectionError: HTTPSConnectionPool(host='saudc2023.calicotab.com', port=443): Max retries exceeded with url: /api/v1/tournaments/saudc2023/teams (Caused by NameResolutionError(""HTTPSConnection(host='saudc2023.calicotab.com', port=443): Failed to resolve 'saudc2023.calicotab.com' ([Errno 8] nodename nor servname provided, or not known)""))",
lucien.calicotab.com,SAUDC2024,"failed: ConnectionError: HTTPSConnectionPool(host='lucien.calicotab.com', port=443): Max retries exceeded with url: /api/v1/tournaments/SAUDC2024/teams (Caused by NameResolutionError(""HTTPSConnection(host='lucien.calicotab.com', port=443): Failed to resolve 'lucien.calicotab.com' ([Errno 8] nodename nor servname provided, or not known)""))",
lucien.calicotab.com,SAUDC2025,"failed: ConnectionError: HTTPSConnectionPool(host='lucien.calicotab.com', port=443): Max retries exceeded with url: /api/v1/tournaments/SAUDC2025/teams (Caused by NameResolutionError(""HTTPSConnection(host='lucien.calicotab.com', port=443): Failed to resolve 'lucien.calicotab.com' ([Errno 8] nodename nor servname provided, or not known)""))",
easter23.calicotab.com,elsj23,"failed: ConnectionError: HTTPSConnectionPool(host='easter23.calicotab.com', port=443): Max retries exceeded with url: /api/v1/tournaments/elsj23/teams (Caused by NameResolutionError(""HTTPSConnection(host='easter23.calicotab.com', port=443): Failed to resolve 'easter23.calicotab.com' ([Errno 8] nodename nor servname provided, or not known)""))",
speechforces.calicotab.com,Easters,"failed: ConnectionError: HTTPSConnectionPool(host='speechforces.calicotab.com', port=443): Max retries exceeded with url: /api/v1/tournaments/Easters/teams (Caused by NameResolutionError(""HTTPSConnection(host='speechforces.calicotab.com', port=443): Failed to resolve 'speechforces.calicotab.com' ([Errno 8] nodename nor servname provided, or not known)""))",
speechforces.calicotab.com,Easters2025,"failed: ConnectionError: HTTPSConnectionPool(host='speechforces.calicotab.com', port=443): Max retries exceeded with url: /api/v1/tournaments/Easters2025/teams (Caused by NameResolutionError(""HTTPSConnection(host='speechforces.calicotab.com', port=443): Failed to resolve 'speechforces.calicotab.com' ([Errno 8] nodename nor servname provided, or not known)""))",
speechforces.calicotab.com,genesis22,"failed: ConnectionError: HTTPSConnectionPool(host='speechforces.calicotab.com', port=443): Max retries exceeded with url: /api/v1/tournaments/genesis22/teams (Caused by NameResolutionError(""HTTPSConnection(host='speechforces.calicotab.com', port=443): Failed to resolve 'speechforces.calicotab.com' ([Errno 8] nodename nor servname provided, or not known)""))",
genesis.calicotab.com,genesis2023,"failed: ConnectionError: HTTPSConnectionPool(host='genesis.calicotab.com', port=443): Max retries exceeded with url: /api/v1/tournaments/genesis2023/teams (Caused by NameResolutionError(""HTTPSConnection(host='genesis.calicotab.com', port=443): Failed to resolve 'genesis.calicotab.com' ([Errno 8] nodename nor servname provided, or not known)""))",
speechforces.calicotab.com,Genesis2024,"failed: ConnectionError: HTTPSConnectionPool(host='speechforces.calicotab.com', port=443): Max retries exceeded with url: /api/v1/tournaments/Genesis2024/teams (Caused by NameResolutionError(""HTTPSConnection(host='speechforces.calicotab.com', port=443): Failed to resolve 'speechforces.calicotab.com' ([Errno 8] nodename nor servname provided, or not known)""))",
speechforces.calicotab.com,genesis2025,"failed: ConnectionError: HTTPSConnectionPool(host='speechforces.calicotab.com', port=443): Max retries exceeded with url: /api/v1/tournaments/genesis2025/teams (Caused by NameResolutionError(""HTTPSConnection(host='speechforces.calicotab.com', port=443): Failed to resolve 'speechforces.calicotab.com' ([Errno 8] nodename nor servname provided, or not known)""))",
speechforces.calicotab.com,GenesisAtAshesi,"failed: ConnectionError: HTTPSConnectionPool(host='speechforces.calicotab.com', port=443): Max retries exceeded with url: /api/v1/tournaments/GenesisAtAshesi/teams (Caused by NameResolutionError(""HTTPSConnection(host='speechforces.calicotab.com', port=443): Failed to resolve 'speechforces.calicotab.com' ([Errno 8] nodename nor servname provided, or not known)""))",
open-communication.calicotab.com,split2023,"failed: ConnectionError: HTTPSConnectionPool(host='open-communication.calicotab.com', port=443): Max retries exceeded with url: /api/v1/tournaments/split2023/teams (Caused by NameResolutionError(""HTTPSConnection(host='open-communication.calicotab.com', port=443): Failed to resolve 'open-communication.calicotab.com' ([Errno 8] nodename nor servname provided, or not known)""))",
splitopen2024.calicotab.com,splitopen2024,"failed: ConnectionError: HTTPSConnectionPool(host='splitopen2024.calicotab.com', port=443): Max retries exceeded with url: /api/v1/tournaments/splitopen2024/teams (Caused by NameResolutionError(""HTTPSConnection(host='splitopen2024.calicotab.com', port=443): Failed to resolve 'splitopen2024.calicotab.com' ([Errno 8] nodename nor servname provided, or not known)""))",
splitopen2025.calicotab.com,split2025,"failed: ConnectionError: HTTPSConnectionPool(host='splitopen2025.calicotab.com', port=443): Max retries exceeded with url: /api/v1/tournaments/split2025/teams (Caused by NameResolutionError(""HTTPSConnection(host='splitopen2025.calicotab.com', port=443): Failed to resolve 'splitopen2025.calicotab.com' ([Errno 8] nodename nor servname provided, or not known)""))",
splitopen2026.calicotab.com,SplitOpen2026,"failed: ConnectionError: HTTPSConnectionPool(host='splitopen2026.calicotab.com', port=443): Max retries exceeded with url: /api/v1/tournaments/SplitOpen2026/teams (Caused by NameResolutionError(""HTTPSConnection(host='splitopen2026.calicotab.com', port=443): Failed to resolve 'splitopen2026.calicotab.com' ([Errno 8] nodename nor servname provided, or not known)""))",
challengeopen.calicotab.com,springchallenge2025,"failed: ConnectionError: HTTPSConnectionPool(host='challengeopen.calicotab.com', port=443): Max retries exceeded with url: /api/v1/tournaments/springchallenge2025/teams (Caused by NameResolutionError(""HTTPSConnection(host='challengeopen.calicotab.com', port=443): Failed to resolve 'challengeopen.calicotab.com' ([Errno 8] nodename nor servname provided, or not known)""))",
sgiv2025.calicotab.com,sgiv2025,"failed: ConnectionError: HTTPSConnectionPool(host='sgiv2025.calicotab.com', port=443): Max retries exceeded with url: /api/v1/tournaments/sgiv2025/teams (Caused by NameResolutionError(""HTTPSConnection(host='sgiv2025.calicotab.com', port=443): Failed to resolve 'sgiv2025.calicotab.com' ([Errno 8] nodename nor servname provided, or not known)""))",
proam2026.calicotab.com,proam2026,"failed: ConnectionError: HTTPSConnectionPool(host='proam2026.calicotab.com', port=443): Max retries exceeded with url: /api/v1/tournaments/proam2026/teams (Caused by NameResolutionError(""HTTPSConnection(host='proam2026.calicotab.com', port=443): Failed to resolve 'proam2026.calicotab.com' ([Errno 8] nodename nor servname provided, or not known)""))",
sserdebates.calicotab.com,rigaiv,"failed: ConnectionError: HTTPSConnectionPool(host='sserdebates.calicotab.com', port=443): Max retries exceeded with url: /api/v1/tournaments/rigaiv/teams (Caused by NameResolutionError(""HTTPSConnection(host='sserdebates.calicotab.com', port=443): Failed to resolve 'sserdebates.calicotab.com' ([Errno 8] nodename nor servname provided, or not known)""))",
sserigaiv23.calicotab.com,sseriv2023,"failed: ConnectionError: HTTPSConnectionPool(host='sserigaiv23.calicotab.com', port=443): Max retries exceeded with url: /api/v1/tournaments/sseriv2023/teams (Caused by NameResolutionError(""HTTPSConnection(host='sserigaiv23.calicotab.com', port=443): Failed to resolve 'sserigaiv23.calicotab.com' ([Errno 8] nodename nor servname provided, or not known)""))",
sserigaivpart24.calicotab.com,sseriv24,"failed: ConnectionError: HTTPSConnectionPool(host='sserigaivpart24.calicotab.com', port=443): Max retries exceeded with url: /api/v1/tournaments/sseriv24/teams (Caused by NameResolutionError(""HTTPSConnection(host='sserigaivpart24.calicotab.com', port=443): Failed to resolve 'sserigaivpart24.calicotab.com' ([Errno 8] nodename nor servname provided, or not known)""))",
tab.pikta.lt,sseriv25,"failed: ConnectionError: HTTPSConnectionPool(host='tab.pikta.lt', port=443): Max retries exceeded with url: /api/v1/tournaments/sseriv25/teams (Caused by NameResolutionError(""HTTPSConnection(host='tab.pikta.lt', port=443): Failed to resolve 'tab.pikta.lt' ([Errno 8] nodename nor servname provided, or not known)""))",
sserigaproamvii.calicotab.com,Pro-AmVIII,"failed: ConnectionError: HTTPSConnectionPool(host='sserigaproamvii.calicotab.com', port=443): Max retries exceeded with url: /api/v1/tournaments/Pro-AmVIII/teams (Caused by NameResolutionError(""HTTPSConnection(host='sserigaproamvii.calicotab.com', port=443): Failed to resolve 'sserigaproamvii.calicotab.com' ([Errno 8] nodename nor servname provided, or not known)""))",
sserigaproam2025.calicotab.com,sserproam20254,"failed: ConnectionError: HTTPSConnectionPool(host='sserigaproam2025.calicotab.com', port=443): Max retries exceeded with url: /api/v1/tournaments/sserproam20254/teams (Caused by NameResolutionError(""HTTPSConnection(host='sserigaproam2025.calicotab.com', port=443): Failed to resolve 'sserigaproam2025.calicotab.com' ([Errno 8] nodename nor servname provided, or not known)""))",
staopen2024.calicotab.com,staopen24,"failed: ConnectionError: HTTPSConnectionPool(host='staopen2024.calicotab.com', port=443): Max retries exceeded with url: /api/v1/tournaments/staopen24/teams (Caused by NameResolutionError(""HTTPSConnection(host='staopen2024.calicotab.com', port=443): Failed to resolve 'staopen2024.calicotab.com' ([Errno 8] nodename nor servname provided, or not known)""))",
standrewsopen2025.calicotab.com,standrewsopen2025,"failed: ConnectionError: HTTPSConnectionPool(host='standrewsopen2025.calicotab.com', port=443): Max retries exceeded with url: /api/v1/tournaments/standrewsopen2025/teams (Caused by NameResolutionError(""HTTPSConnection(host='standrewsopen2025.calicotab.com', port=443): Failed to resolve 'standrewsopen2025.calicotab.com' ([Errno 8] nodename nor servname provided, or not known)""))",
staopen2026.calicotab.com,staopen2026,"failed: ConnectionError: HTTPSConnectionPool(host='staopen2026.calicotab.com', port=443): Max retries exceeded with url: /api/v1/tournaments/staopen2026/teams (Caused by NameResolutionError(""HTTPSConnection(host='staopen2026.calicotab.com', port=443): Failed to resolve 'staopen2026.calicotab.com' ([Errno 8] nodename nor servname provided, or not known)""))",
staspreeudc.calicotab.com,_,"failed: ConnectionError: HTTPSConnectionPool(host='staspreeudc.calicotab.com', port=443): Max retries exceeded with url: /api/v1/tournaments/_/teams (Caused by NameResolutionError(""HTTPSConnection(host='staspreeudc.calicotab.com', port=443): Failed to resolve 'staspreeudc.calicotab.com' ([Errno 8] nodename nor servname provided, or not known)""))",
standrewspreeudc2025.calicotab.com,_,"failed: ConnectionError: HTTPSConnectionPool(host='standrewspreeudc2025.calicotab.com', port=443): Max retries exceeded with url: /api/v1/tournaments/_/teams (Caused by NameResolutionError(""HTTPSConnection(host='standrewspreeudc2025.calicotab.com', port=443): Failed to resolve 'standrewspreeudc2025.calicotab.com' ([Errno 8] nodename nor servname provided, or not known)""))",
standrewspreeudcpart1.calicotab.com,standrewspreeudcpart1,"failed: ConnectionError: HTTPSConnectionPool(host='standrewspreeudcpart1.calicotab.com', port=443): Max retries exceeded with url: /api/v1/tournaments/standrewspreeudcpart1/teams (Caused by NameResolutionError(""HTTPSConnection(host='standrewspreeudcpart1.calicotab.com', port=443): Failed to resolve 'standrewspreeudcpart1.calicotab.com' ([Errno 8] nodename nor servname provided, or not known)""))",
standrewspart2.calicotab.com,_,"failed: ConnectionError: HTTPSConnectionPool(host='standrewspart2.calicotab.com', port=443): Max retries exceeded with url: /api/v1/tournaments/_/teams (Caused by NameResolutionError(""HTTPSConnection(host='standrewspart2.calicotab.com', port=443): Failed to resolve 'standrewspart2.calicotab.com' ([Errno 8] nodename nor servname provided, or not known)""))",
stockholm2025.calicotab.com,stockholmpe25,"failed: ConnectionError: HTTPSConnectionPool(host='stockholm2025.calicotab.com', port=443): Max retries exceeded with url: /api/v1/tournaments/stockholmpe25/teams (Caused by NameResolutionError(""HTTPSConnection(host='stockholm2025.calicotab.com', port=443): Failed to resolve 'stockholm2025.calicotab.com' ([Errno 8] nodename nor servname provided, or not known)""))",
sdoofficial.calicotab.com,sdo2023,"failed: ConnectionError: HTTPSConnectionPool(host='sdoofficial.calicotab.com', port=443): Max retries exceeded with url: /api/v1/tournaments/sdo2023/teams (Caused by NameResolutionError(""HTTPSConnection(host='sdoofficial.calicotab.com', port=443): Failed to resolve 'sdoofficial.calicotab.com' ([Errno 8] nodename nor servname provided, or not known)""))",
structuralreasons.calicotab.com,structural,"failed: ConnectionError: HTTPSConnectionPool(host='structuralreasons.calicotab.com', port=443): Max retries exceeded with url: /api/v1/tournaments/structural/teams (Caused by NameResolutionError(""HTTPSConnection(host='structuralreasons.calicotab.com', port=443): Failed to resolve 'structuralreasons.calicotab.com' ([Errno 8] nodename nor servname provided, or not known)""))",
structuralreasons2.calicotab.com,_,"failed: ConnectionError: HTTPSConnectionPool(host='structuralreasons2.calicotab.com', port=443): Max retries exceeded with url: /api/v1/tournaments/_/teams (Caused by NameResolutionError(""HTTPSConnection(host='structuralreasons2.calicotab.com', port=443): Failed to resolve 'structuralreasons2.calicotab.com' ([Errno 8] nodename nor servname provided, or not known)""))",
ssudrcan.calicotab.com,SDRC2025,"failed: ConnectionError: HTTPSConnectionPool(host='ssudrcan.calicotab.com', port=443): Max retries exceeded with url: /api/v1/tournaments/SDRC2025/teams (Caused by NameResolutionError(""HTTPSConnection(host='ssudrcan.calicotab.com', port=443): Failed to resolve 'ssudrcan.calicotab.com' ([Errno 8] nodename nor servname provided, or not known)""))",
mace.calicotab.com,fundraiser2024,"failed: ConnectionError: HTTPSConnectionPool(host='mace.calicotab.com', port=443): Max retries exceeded with url: /api/v1/tournaments/fundraiser2024/teams (Caused by NameResolutionError(""HTTPSConnection(host='mace.calicotab.com', port=443): Failed to resolve 'mace.calicotab.com' ([Errno 8] nodename nor servname provided, or not known)""))",
summernationaldebate.calicotab.com,sndo2023,"failed: ConnectionError: HTTPSConnectionPool(host='summernationaldebate.calicotab.com', port=443): Max retries exceeded with url: /api/v1/tournaments/sndo2023/teams (Caused by NameResolutionError(""HTTPSConnection(host='summernationaldebate.calicotab.com', port=443): Failed to resolve 'summernationaldebate.calicotab.com' ([Errno 8] nodename nor servname provided, or not known)""))",
summerwars2022.calicotab.com,SWDO2022,"failed: ConnectionError: HTTPSConnectionPool(host='summerwars2022.calicotab.com', port=443): Max retries exceeded with url: /api/v1/tournaments/SWDO2022/teams (Caused by NameResolutionError(""HTTPSConnection(host='summerwars2022.calicotab.com', port=443): Failed to resolve 'summerwars2022.calicotab.com' ([Errno 8] nodename nor servname provided, or not known)""))",
debatefoster.calicotab.com,summerwars24,"failed: ConnectionError: HTTPSConnectionPool(host='debatefoster.calicotab.com', port=443): Max retries exceeded with url: /api/v1/tournaments/summerwars24/teams (Caused by NameResolutionError(""HTTPSConnection(host='debatefoster.calicotab.com', port=443): Failed to resolve 'debatefoster.calicotab.com' ([Errno 8] nodename nor servname provided, or not known)""))",
sunwaydebate.calicotab.com,sundo2022,"failed: ConnectionError: HTTPSConnectionPool(host='sunwaydebate.calicotab.com', port=443): Max retries exceeded with url: /api/v1/tournaments/sundo2022/teams (Caused by NameResolutionError(""HTTPSConnection(host='sunwaydebate.calicotab.com', port=443): Failed to resolve 'sunwaydebate.calicotab.com' ([Errno 8] nodename nor servname provided, or not known)""))",
sunwaydebate.calicotab.com,sundo2023,"failed: ConnectionError: HTTPSConnectionPool(host='sunwaydebate.calicotab.com', port=443): Max retries exceeded with url: /api/v1/tournaments/sundo2023/teams (Caused by NameResolutionError(""HTTPSConnection(host='sunwaydebate.calicotab.com', port=443): Failed to resolve 'sunwaydebate.calicotab.com' ([Errno 8] nodename nor servname provided, or not known)""))",
sunwaydebate.calicotab.com,sundo2024,"failed: ConnectionError: HTTPSConnectionPool(host='sunwaydebate.calicotab.com', port=443): Max retries exceeded with url: /api/v1/tournaments/sundo2024/teams (Caused by NameResolutionError(""HTTPSConnection(host='sunwaydebate.calicotab.com', port=443): Failed to resolve 'sunwaydebate.calicotab.com' ([Errno 8] nodename nor servname provided, or not known)""))",
sunwaydebate.calicotab.com,sundo2025,"failed: ConnectionError: HTTPSConnectionPool(host='sunwaydebate.calicotab.com', port=443): Max retries exceeded with url: /api/v1/tournaments/sundo2025/teams (Caused by NameResolutionError(""HTTPSConnection(host='sunwaydebate.calicotab.com', port=443): Failed to resolve 'sunwaydebate.calicotab.com' ([Errno 8] nodename nor servname provided, or not known)""))",
sunwaydebate.calicotab.com,sundo2026,"failed: ConnectionError: HTTPSConnectionPool(host='sunwaydebate.calicotab.com', port=443): Max retries exceeded with url: /api/v1/tournaments/sundo2026/teams (Caused by NameResolutionError(""HTTPSConnection(host='sunwaydebate.calicotab.com', port=443): Failed to resolve 'sunwaydebate.calicotab.com' ([Errno 8] nodename nor servname provided, or not known)""))",
sunwaydebate.calicotab.com,spren2023,"failed: ConnectionError: HTTPSConnectionPool(host='sunwaydebate.calicotab.com', port=443): Max retries exceeded with url: /api/v1/tournaments/spren2023/teams (Caused by NameResolutionError(""HTTPSConnection(host='sunwaydebate.calicotab.com', port=443): Failed to resolve 'sunwaydebate.calicotab.com' ([Errno 8] nodename nor servname provided, or not known)""))",
surabaya-open2023.au-tab.app,so2023,"failed: ConnectionError: HTTPSConnectionPool(host='surabaya-open2023.au-tab.app', port=443): Max retries exceeded with url: /api/v1/tournaments/so2023/teams (Caused by NameResolutionError(""HTTPSConnection(host='surabaya-open2023.au-tab.app', port=443): Failed to resolve 'surabaya-open2023.au-tab.app' ([Errno 8] nodename nor servname provided, or not known)""))",
surpriseiv.calicotab.com,surprise22,"failed: ConnectionError: HTTPSConnectionPool(host='surpriseiv.calicotab.com', port=443): Max retries exceeded with url: /api/v1/tournaments/surprise22/teams (Caused by NameResolutionError(""HTTPSConnection(host='surpriseiv.calicotab.com', port=443): Failed to resolve 'surpriseiv.calicotab.com' ([Errno 8] nodename nor servname provided, or not known)""))",
swaniv23.calicotab.com,swaniv23,"failed: ConnectionError: HTTPSConnectionPool(host='swaniv23.calicotab.com', port=443): Max retries exceeded with url: /api/v1/tournaments/swaniv23/teams (Caused by NameResolutionError(""HTTPSConnection(host='swaniv23.calicotab.com', port=443): Failed to resolve 'swaniv23.calicotab.com' ([Errno 8] nodename nor servname provided, or not known)""))",
usutabs2018.calicotab.com,mini2018,"failed: ConnectionError: HTTPSConnectionPool(host='usutabs2018.calicotab.com', port=443): Max retries exceeded with url: /api/v1/tournaments/mini2018/teams (Caused by NameResolutionError(""HTTPSConnection(host='usutabs2018.calicotab.com', port=443): Failed to resolve 'usutabs2018.calicotab.com' ([Errno 8] nodename nor servname provided, or not known)""))",
usutabs2019.calicotab.com,mini,"failed: ConnectionError: HTTPSConnectionPool(host='usutabs2019.calicotab.com', port=443): Max retries exceeded with url: /api/v1/tournaments/mini/teams (Caused by NameResolutionError(""HTTPSConnection(host='usutabs2019.calicotab.com', port=443): Failed to resolve 'usutabs2019.calicotab.com' ([Errno 8] nodename nor servname provided, or not known)""))",
sydmini2022.calicotab.com,sydmini2022,"failed: ConnectionError: HTTPSConnectionPool(host='sydmini2022.calicotab.com', port=443): Max retries exceeded with url: /api/v1/tournaments/sydmini2022/teams (Caused by NameResolutionError(""HTTPSConnection(host='sydmini2022.calicotab.com', port=443): Failed to resolve 'sydmini2022.calicotab.com' ([Errno 8] nodename nor servname provided, or not known)""))",
sydneymini2023.calicotab.com,sydneymini2023,"failed: ConnectionError: HTTPSConnectionPool(host='sydneymini2023.calicotab.com', port=443): Max retries exceeded with url: /api/v1/tournaments/sydneymini2023/teams (Caused by NameResolutionError(""HTTPSConnection(host='sydneymini2023.calicotab.com', port=443): Failed to resolve 'sydneymini2023.calicotab.com' ([Errno 8] nodename nor servname provided, or not known)""))",
sydmini2024.calicotab.com,sydmini24,"failed: ConnectionError: HTTPSConnectionPool(host='sydmini2024.calicotab.com', port=443): Max retries exceeded with url: /api/v1/tournaments/sydmini24/teams (Caused by NameResolutionError(""HTTPSConnection(host='sydmini2024.calicotab.com', port=443): Failed to resolve 'sydmini2024.calicotab.com' ([Errno 8] nodename nor servname provided, or not known)""))",
www.sydneymini2025.calicotab.com,sydneymini2025,"failed: ConnectionError: HTTPSConnectionPool(host='www.sydneymini2025.calicotab.com', port=443): Max retries exceeded with url: /api/v1/tournaments/sydneymini2025/teams (Caused by NameResolutionError(""HTTPSConnection(host='www.sydneymini2025.calicotab.com', port=443): Failed to resolve 'www.sydneymini2025.calicotab.com' ([Errno 8] nodename nor servname provided, or not known)""))",
sls.calicotab.com,slspd2023,"failed: ConnectionError: HTTPSConnectionPool(host='sls.calicotab.com', port=443): Max retries exceeded with url: /api/v1/tournaments/slspd2023/teams (Caused by NameResolutionError(""HTTPSConnection(host='sls.calicotab.com', port=443): Failed to resolve 'sls.calicotab.com' ([Errno 8] nodename nor servname provided, or not known)""))",
sls.calicotab.com,slspd2024,"failed: ConnectionError: HTTPSConnectionPool(host='sls.calicotab.com', port=443): Max retries exceeded with url: /api/v1/tournaments/slspd2024/teams (Caused by NameResolutionError(""HTTPSConnection(host='sls.calicotab.com', port=443): Failed to resolve 'sls.calicotab.com' ([Errno 8] nodename nor servname provided, or not known)""))",
sls.calicotab.com,slspd2025,"failed: ConnectionError: HTTPSConnectionPool(host='sls.calicotab.com', port=443): Max retries exceeded with url: /api/v1/tournaments/slspd2025/teams (Caused by NameResolutionError(""HTTPSConnection(host='sls.calicotab.com', port=443): Failed to resolve 'sls.calicotab.com' ([Errno 8] nodename nor servname provided, or not known)""))",
sls.calicotab.com,slspd2026,"failed: ConnectionError: HTTPSConnectionPool(host='sls.calicotab.com', port=443): Max retries exceeded with url: /api/v1/tournaments/slspd2026/teams (Caused by NameResolutionError(""HTTPSConnection(host='sls.calicotab.com', port=443): Failed to resolve 'sls.calicotab.com' ([Errno 8] nodename nor servname provided, or not known)""))",
zabiv.calicotab.com,zabiv2024,"failed: ConnectionError: HTTPSConnectionPool(host='zabiv.calicotab.com', port=443): Max retries exceeded with url: /api/v1/tournaments/zabiv2024/teams (Caused by NameResolutionError(""HTTPSConnection(host='zabiv.calicotab.com', port=443): Failed to resolve 'zabiv.calicotab.com' ([Errno 8] nodename nor servname provided, or not known)""))",
autumnopen2023.calicotab.com,_,"failed: ConnectionError: HTTPSConnectionPool(host='autumnopen2023.calicotab.com', port=443): Max retries exceeded with url: /api/v1/tournaments/_/teams (Caused by NameResolutionError(""HTTPSConnection(host='autumnopen2023.calicotab.com', port=443): Failed to resolve 'autumnopen2023.calicotab.com' ([Errno 8] nodename nor servname provided, or not known)""))",
springopen2023.calicotab.com,_,"failed: ConnectionError: HTTPSConnectionPool(host='springopen2023.calicotab.com', port=443): Max retries exceeded with url: /api/v1/tournaments/_/teams (Caused by NameResolutionError(""HTTPSConnection(host='springopen2023.calicotab.com', port=443): Failed to resolve 'springopen2023.calicotab.com' ([Errno 8] nodename nor servname provided, or not known)""))",
summeropen2023.calicotab.com,_,"failed: ConnectionError: HTTPSConnectionPool(host='summeropen2023.calicotab.com', port=443): Max retries exceeded with url: /api/v1/tournaments/_/teams (Caused by NameResolutionError(""HTTPSConnection(host='summeropen2023.calicotab.com', port=443): Failed to resolve 'summeropen2023.calicotab.com' ([Errno 8] nodename nor servname provided, or not known)""))",
taftdebateopen2024.calicotab.com,tdo2024,"failed: ConnectionError: HTTPSConnectionPool(host='taftdebateopen2024.calicotab.com', port=443): Max retries exceeded with url: /api/v1/tournaments/tdo2024/teams (Caused by NameResolutionError(""HTTPSConnection(host='taftdebateopen2024.calicotab.com', port=443): Failed to resolve 'taftdebateopen2024.calicotab.com' ([Errno 8] nodename nor servname provided, or not known)""))",
taipeidebateopen2024.calicotab.com,taipeidebateopen2024,"failed: ConnectionError: HTTPSConnectionPool(host='taipeidebateopen2024.calicotab.com', port=443): Max retries exceeded with url: /api/v1/tournaments/taipeidebateopen2024/teams (Caused by NameResolutionError(""HTTPSConnection(host='taipeidebateopen2024.calicotab.com', port=443): Failed to resolve 'taipeidebateopen2024.calicotab.com' ([Errno 8] nodename nor servname provided, or not known)""))",
tartupreeudc.calicotab.com,t,"failed: ConnectionError: HTTPSConnectionPool(host='tartupreeudc.calicotab.com', port=443): Max retries exceeded with url: /api/v1/tournaments/t/teams (Caused by NameResolutionError(""HTTPSConnection(host='tartupreeudc.calicotab.com', port=443): Failed to resolve 'tartupreeudc.calicotab.com' ([Errno 8] nodename nor servname provided, or not known)""))",
taydo2022.calicotab.com,taydo2022,"failed: ConnectionError: HTTPSConnectionPool(host='taydo2022.calicotab.com', port=443): Max retries exceeded with url: /api/v1/tournaments/taydo2022/teams (Caused by NameResolutionError(""HTTPSConnection(host='taydo2022.calicotab.com', port=443): Failed to resolve 'taydo2022.calicotab.com' ([Errno 8] nodename nor servname provided, or not known)""))",
taylorsdebate.calicotab.com,taydo2023,"failed: ConnectionError: HTTPSConnectionPool(host='taylorsdebate.calicotab.com', port=443): Max retries exceeded with url: /api/v1/tournaments/taydo2023/teams (Caused by NameResolutionError(""HTTPSConnection(host='taylorsdebate.calicotab.com', port=443): Failed to resolve 'taylorsdebate.calicotab.com' ([Errno 8] nodename nor servname provided, or not known)""))",
taydo2022.calicotab.com,taydo2024,"failed: ConnectionError: HTTPSConnectionPool(host='taydo2022.calicotab.com', port=443): Max retries exceeded with url: /api/v1/tournaments/taydo2024/teams (Caused by NameResolutionError(""HTTPSConnection(host='taydo2022.calicotab.com', port=443): Failed to resolve 'taydo2022.calicotab.com' ([Errno 8] nodename nor servname provided, or not known)""))",
taydo2022.calicotab.com,taydo2025,"failed: ConnectionError: HTTPSConnectionPool(host='taydo2022.calicotab.com', port=443): Max retries exceeded with url: /api/v1/tournaments/taydo2025/teams (Caused by NameResolutionError(""HTTPSConnection(host='taydo2022.calicotab.com', port=443): Failed to resolve 'taydo2022.calicotab.com' ([Errno 8] nodename nor servname provided, or not known)""))",
klcharityproams25.calicotab.com,klcharity25,"failed: ConnectionError: HTTPSConnectionPool(host='klcharityproams25.calicotab.com', port=443): Max retries exceeded with url: /api/v1/tournaments/klcharity25/teams (Caused by NameResolutionError(""HTTPSConnection(host='klcharityproams25.calicotab.com', port=443): Failed to resolve 'klcharityproams25.calicotab.com' ([Errno 8] nodename nor servname provided, or not known)""))",
technion2023.calicotab.com,_,"failed: ConnectionError: HTTPSConnectionPool(host='technion2023.calicotab.com', port=443): Max retries exceeded with url: /api/v1/tournaments/_/teams (Caused by NameResolutionError(""HTTPSConnection(host='technion2023.calicotab.com', port=443): Failed to resolve 'technion2023.calicotab.com' ([Errno 8] nodename nor servname provided, or not known)""))",
technionopen26.calicotab.com,Technion26,"failed: ConnectionError: HTTPSConnectionPool(host='technionopen26.calicotab.com', port=443): Max retries exceeded with url: /api/v1/tournaments/Technion26/teams (Caused by NameResolutionError(""HTTPSConnection(host='technionopen26.calicotab.com', port=443): Failed to resolve 'technionopen26.calicotab.com' ([Errno 8] nodename nor servname provided, or not known)""))",
thanepreabp.calicotab.com,thanepreabp2026,"failed: ConnectionError: HTTPSConnectionPool(host='thanepreabp.calicotab.com', port=443): Max retries exceeded with url: /api/v1/tournaments/thanepreabp2026/teams (Caused by NameResolutionError(""HTTPSConnection(host='thanepreabp.calicotab.com', port=443): Failed to resolve 'thanepreabp.calicotab.com' ([Errno 8] nodename nor servname provided, or not known)""))",
thecallout2022.calicotab.com,_,"failed: ConnectionError: HTTPSConnectionPool(host='thecallout2022.calicotab.com', port=443): Max retries exceeded with url: /api/v1/tournaments/_/teams (Caused by NameResolutionError(""HTTPSConnection(host='thecallout2022.calicotab.com', port=443): Failed to resolve 'thecallout2022.calicotab.com' ([Errno 8] nodename nor servname provided, or not known)""))",
mace.calicotab.com,tco2021,"failed: ConnectionError: HTTPSConnectionPool(host='mace.calicotab.com', port=443): Max retries exceeded with url: /api/v1/tournaments/tco2021/teams (Caused by NameResolutionError(""HTTPSConnection(host='mace.calicotab.com', port=443): Failed to resolve 'mace.calicotab.com' ([Errno 8] nodename nor servname provided, or not known)""))",
thedelhidebate2024.calicotab.com,delhidebate2024,"failed: ConnectionError: HTTPSConnectionPool(host='thedelhidebate2024.calicotab.com', port=443): Max retries exceeded with url: /api/v1/tournaments/delhidebate2024/teams (Caused by NameResolutionError(""HTTPSConnection(host='thedelhidebate2024.calicotab.com', port=443): Failed to resolve 'thedelhidebate2024.calicotab.com' ([Errno 8] nodename nor servname provided, or not known)""))",
thedelhidebate2025.calicotab.com,thedelhidebate2025,"failed: ConnectionError: HTTPSConnectionPool(host='thedelhidebate2025.calicotab.com', port=443): Max retries exceeded with url: /api/v1/tournaments/thedelhidebate2025/teams (Caused by NameResolutionError(""HTTPSConnection(host='thedelhidebate2025.calicotab.com', port=443): Failed to resolve 'thedelhidebate2025.calicotab.com' ([Errno 8] nodename nor servname provided, or not known)""))",
rvdt.calicotab.com,rvdt2022,"failed: ConnectionError: HTTPSConnectionPool(host='rvdt.calicotab.com', port=443): Max retries exceeded with url: /api/v1/tournaments/rvdt2022/teams (Caused by NameResolutionError(""HTTPSConnection(host='rvdt.calicotab.com', port=443): Failed to resolve 'rvdt.calicotab.com' ([Errno 8] nodename nor servname provided, or not known)""))",
tabtastic.calicotab.com,theologyopen2021,"failed: ConnectionError: HTTPSConnectionPool(host='tabtastic.calicotab.com', port=443): Max retries exceeded with url: /api/v1/tournaments/theologyopen2021/teams (Caused by NameResolutionError(""HTTPSConnection(host='tabtastic.calicotab.com', port=443): Failed to resolve 'tabtastic.calicotab.com' ([Errno 8] nodename nor servname provided, or not known)""))",
tilburgopen2024.calicotab.com,TilburgOpen2024,"failed: ConnectionError: HTTPSConnectionPool(host='tilburgopen2024.calicotab.com', port=443): Max retries exceeded with url: /api/v1/tournaments/TilburgOpen2024/teams (Caused by NameResolutionError(""HTTPSConnection(host='tilburgopen2024.calicotab.com', port=443): Failed to resolve 'tilburgopen2024.calicotab.com' ([Errno 8] nodename nor servname provided, or not known)""))",
inspired.calicotab.com,pre_eaudc2026,"failed: ConnectionError: HTTPSConnectionPool(host='inspired.calicotab.com', port=443): Max retries exceeded with url: /api/v1/tournaments/pre_eaudc2026/teams (Caused by NameResolutionError(""HTTPSConnection(host='inspired.calicotab.com', port=443): Failed to resolve 'inspired.calicotab.com' ([Errno 8] nodename nor servname provided, or not known)""))",
tokyoiv2023.calicotab.com,tokyoiv2023,"failed: ConnectionError: HTTPSConnectionPool(host='tokyoiv2023.calicotab.com', port=443): Max retries exceeded with url: /api/v1/tournaments/tokyoiv2023/teams (Caused by NameResolutionError(""HTTPSConnection(host='tokyoiv2023.calicotab.com', port=443): Failed to resolve 'tokyoiv2023.calicotab.com' ([Errno 8] nodename nor servname provided, or not known)""))",
tokyoiv2025.calicotab.com,tokyoiv2025,"failed: ConnectionError: HTTPSConnectionPool(host='tokyoiv2025.calicotab.com', port=443): Max retries exceeded with url: /api/v1/tournaments/tokyoiv2025/teams (Caused by NameResolutionError(""HTTPSConnection(host='tokyoiv2025.calicotab.com', port=443): Failed to resolve 'tokyoiv2025.calicotab.com' ([Errno 8] nodename nor servname provided, or not known)""))",
debatefoster.calicotab.com,toavarsities,"failed: ConnectionError: HTTPSConnectionPool(host='debatefoster.calicotab.com', port=443): Max retries exceeded with url: /api/v1/tournaments/toavarsities/teams (Caused by NameResolutionError(""HTTPSConnection(host='debatefoster.calicotab.com', port=443): Failed to resolve 'debatefoster.calicotab.com' ([Errno 8] nodename nor servname provided, or not known)""))",
tabtastic.calicotab.com,trinityiv2021,"failed: ConnectionError: HTTPSConnectionPool(host='tabtastic.calicotab.com', port=443): Max retries exceeded with url: /api/v1/tournaments/trinityiv2021/teams (Caused by NameResolutionError(""HTTPSConnection(host='tabtastic.calicotab.com', port=443): Failed to resolve 'tabtastic.calicotab.com' ([Errno 8] nodename nor servname provided, or not known)""))",
trinity2022.calicotab.com,iv,"failed: ConnectionError: HTTPSConnectionPool(host='trinity2022.calicotab.com', port=443): Max retries exceeded with url: /api/v1/tournaments/iv/teams (Caused by NameResolutionError(""HTTPSConnection(host='trinity2022.calicotab.com', port=443): Failed to resolve 'trinity2022.calicotab.com' ([Errno 8] nodename nor servname provided, or not known)""))",
trinity2023.calicotab.com,iv,"failed: ConnectionError: HTTPSConnectionPool(host='trinity2023.calicotab.com', port=443): Max retries exceeded with url: /api/v1/tournaments/iv/teams (Caused by NameResolutionError(""HTTPSConnection(host='trinity2023.calicotab.com', port=443): Failed to resolve 'trinity2023.calicotab.com' ([Errno 8] nodename nor servname provided, or not known)""))",
trinity2024.calicotab.com,iv,"failed: ConnectionError: HTTPSConnectionPool(host='trinity2024.calicotab.com', port=443): Max retries exceeded with url: /api/v1/tournaments/iv/teams (Caused by NameResolutionError(""HTTPSConnection(host='trinity2024.calicotab.com', port=443): Failed to resolve 'trinity2024.calicotab.com' ([Errno 8] nodename nor servname provided, or not known)""))",
trinityiv2025.calicotab.com,trinityiv2025,"failed: ConnectionError: HTTPSConnectionPool(host='trinityiv2025.calicotab.com', port=443): Max retries exceeded with url: /api/v1/tournaments/trinityiv2025/teams (Caused by NameResolutionError(""HTTPSConnection(host='trinityiv2025.calicotab.com', port=443): Failed to resolve 'trinityiv2025.calicotab.com' ([Errno 8] nodename nor servname provided, or not known)""))",
trinityiv2026.calicotab.com,trinityiv2026,"failed: ConnectionError: HTTPSConnectionPool(host='trinityiv2026.calicotab.com', port=443): Max retries exceeded with url: /api/v1/tournaments/trinityiv2026/teams (Caused by NameResolutionError(""HTTPSConnection(host='trinityiv2026.calicotab.com', port=443): Failed to resolve 'trinityiv2026.calicotab.com' ([Errno 8] nodename nor servname provided, or not known)""))",
trinityopen2023.calicotab.com,trinityopen2023,"failed: ConnectionError: HTTPSConnectionPool(host='trinityopen2023.calicotab.com', port=443): Max retries exceeded with url: /api/v1/tournaments/trinityopen2023/teams (Caused by NameResolutionError(""HTTPSConnection(host='trinityopen2023.calicotab.com', port=443): Failed to resolve 'trinityopen2023.calicotab.com' ([Errno 8] nodename nor servname provided, or not known)""))",
trinityopen2024.calicotab.com,trinityopen2024,"failed: ConnectionError: HTTPSConnectionPool(host='trinityopen2024.calicotab.com', port=443): Max retries exceeded with url: /api/v1/tournaments/trinityopen2024/teams (Caused by NameResolutionError(""HTTPSConnection(host='trinityopen2024.calicotab.com', port=443): Failed to resolve 'trinityopen2024.calicotab.com' ([Errno 8] nodename nor servname provided, or not known)""))",
trinityopen2025.calicotab.com,trinityopen2025,"failed: ConnectionError: HTTPSConnectionPool(host='trinityopen2025.calicotab.com', port=443): Max retries exceeded with url: /api/v1/tournaments/trinityopen2025/teams (Caused by NameResolutionError(""HTTPSConnection(host='trinityopen2025.calicotab.com', port=443): Failed to resolve 'trinityopen2025.calicotab.com' ([Errno 8] nodename nor servname provided, or not known)""))",
trinityopen2026.calicotab.com,trinityopen2026,"failed: ConnectionError: HTTPSConnectionPool(host='trinityopen2026.calicotab.com', port=443): Max retries exceeded with url: /api/v1/tournaments/trinityopen2026/teams (Caused by NameResolutionError(""HTTPSConnection(host='trinityopen2026.calicotab.com', port=443): Failed to resolve 'trinityopen2026.calicotab.com' ([Errno 8] nodename nor servname provided, or not known)""))",
tabserverofturkey.calicotab.com,turkeyonlineprewudc2025,"failed: ConnectionError: HTTPSConnectionPool(host='tabserverofturkey.calicotab.com', port=443): Max retries exceeded with url: /api/v1/tournaments/turkeyonlineprewudc2025/teams (Caused by NameResolutionError(""HTTPSConnection(host='tabserverofturkey.calicotab.com', port=443): Failed to resolve 'tabserverofturkey.calicotab.com' ([Errno 8] nodename nor servname provided, or not known)""))",
uqonlineopen2025.calicotab.com,uqonlineopen2025,"failed: ConnectionError: HTTPSConnectionPool(host='uqonlineopen2025.calicotab.com', port=443): Max retries exceeded with url: /api/v1/tournaments/uqonlineopen2025/teams (Caused by NameResolutionError(""HTTPSConnection(host='uqonlineopen2025.calicotab.com', port=443): Failed to resolve 'uqonlineopen2025.calicotab.com' ([Errno 8] nodename nor servname provided, or not known)""))",
uqprewudc2025.calicotab.com,uqprewudc2025,"failed: ConnectionError: HTTPSConnectionPool(host='uqprewudc2025.calicotab.com', port=443): Max retries exceeded with url: /api/v1/tournaments/uqprewudc2025/teams (Caused by NameResolutionError(""HTTPSConnection(host='uqprewudc2025.calicotab.com', port=443): Failed to resolve 'uqprewudc2025.calicotab.com' ([Errno 8] nodename nor servname provided, or not known)""))",
ubcivfall2024.calicotab.com,ubciv2024,"failed: ConnectionError: HTTPSConnectionPool(host='ubcivfall2024.calicotab.com', port=443): Max retries exceeded with url: /api/v1/tournaments/ubciv2024/teams (Caused by NameResolutionError(""HTTPSConnection(host='ubcivfall2024.calicotab.com', port=443): Failed to resolve 'ubcivfall2024.calicotab.com' ([Errno 8] nodename nor servname provided, or not known)""))",
ucriv2024.calicotab.com,ucriv2024,"failed: ConnectionError: HTTPSConnectionPool(host='ucriv2024.calicotab.com', port=443): Max retries exceeded with url: /api/v1/tournaments/ucriv2024/teams (Caused by NameResolutionError(""HTTPSConnection(host='ucriv2024.calicotab.com', port=443): Failed to resolve 'ucriv2024.calicotab.com' ([Errno 8] nodename nor servname provided, or not known)""))",
petermaguireiv.calicotab.com,petermaguireiv2022,"failed: ConnectionError: HTTPSConnectionPool(host='petermaguireiv.calicotab.com', port=443): Max retries exceeded with url: /api/v1/tournaments/petermaguireiv2022/teams (Caused by NameResolutionError(""HTTPSConnection(host='petermaguireiv.calicotab.com', port=443): Failed to resolve 'petermaguireiv.calicotab.com' ([Errno 8] nodename nor servname provided, or not known)""))",
pmiv23.calicotab.com,_,"failed: ConnectionError: HTTPSConnectionPool(host='pmiv23.calicotab.com', port=443): Max retries exceeded with url: /api/v1/tournaments/_/teams (Caused by NameResolutionError(""HTTPSConnection(host='pmiv23.calicotab.com', port=443): Failed to resolve 'pmiv23.calicotab.com' ([Errno 8] nodename nor servname provided, or not known)""))",
petermaguire2025.calicotab.com,petermaguire2025,"failed: ConnectionError: HTTPSConnectionPool(host='petermaguire2025.calicotab.com', port=443): Max retries exceeded with url: /api/v1/tournaments/petermaguire2025/teams (Caused by NameResolutionError(""HTTPSConnection(host='petermaguire2025.calicotab.com', port=443): Failed to resolve 'petermaguire2025.calicotab.com' ([Errno 8] nodename nor servname provided, or not known)""))",
uclautumnchamps2025.calicotab.com,autumnchamps2025,"failed: ConnectionError: HTTPSConnectionPool(host='uclautumnchamps2025.calicotab.com', port=443): Max retries exceeded with url: /api/v1/tournaments/autumnchamps2025/teams (Caused by NameResolutionError(""HTTPSConnection(host='uclautumnchamps2025.calicotab.com', port=443): Failed to resolve 'uclautumnchamps2025.calicotab.com' ([Errno 8] nodename nor servname provided, or not known)""))",
ucl.calicotab.com,iv2021,"failed: ConnectionError: HTTPSConnectionPool(host='ucl.calicotab.com', port=443): Max retries exceeded with url: /api/v1/tournaments/iv2021/teams (Caused by NameResolutionError(""HTTPSConnection(host='ucl.calicotab.com', port=443): Failed to resolve 'ucl.calicotab.com' ([Errno 8] nodename nor servname provided, or not known)""))",
ucliv2023.calicotab.com,_,"failed: ConnectionError: HTTPSConnectionPool(host='ucliv2023.calicotab.com', port=443): Max retries exceeded with url: /api/v1/tournaments/_/teams (Caused by NameResolutionError(""HTTPSConnection(host='ucliv2023.calicotab.com', port=443): Failed to resolve 'ucliv2023.calicotab.com' ([Errno 8] nodename nor servname provided, or not known)""))",
ucliv24.calicotab.com,ucliv2024,"failed: ConnectionError: HTTPSConnectionPool(host='ucliv24.calicotab.com', port=443): Max retries exceeded with url: /api/v1/tournaments/ucliv2024/teams (Caused by NameResolutionError(""HTTPSConnection(host='ucliv24.calicotab.com', port=443): Failed to resolve 'ucliv24.calicotab.com' ([Errno 8] nodename nor servname provided, or not known)""))",
ucl2026.calicotab.com,ucl2026,"failed: ConnectionError: HTTPSConnectionPool(host='ucl2026.calicotab.com', port=443): Max retries exceeded with url: /api/v1/tournaments/ucl2026/teams (Caused by NameResolutionError(""HTTPSConnection(host='ucl2026.calicotab.com', port=443): Failed to resolve 'ucl2026.calicotab.com' ([Errno 8] nodename nor servname provided, or not known)""))",
uclpresidents2021.calicotab.com,_,"failed: ConnectionError: HTTPSConnectionPool(host='uclpresidents2021.calicotab.com', port=443): Max retries exceeded with url: /api/v1/tournaments/_/teams (Caused by NameResolutionError(""HTTPSConnection(host='uclpresidents2021.calicotab.com', port=443): Failed to resolve 'uclpresidents2021.calicotab.com' ([Errno 8] nodename nor servname provided, or not known)""))",
uclpcup24.calicotab.com,pcup2024,"failed: ConnectionError: HTTPSConnectionPool(host='uclpcup24.calicotab.com', port=443): Max retries exceeded with url: /api/v1/tournaments/pcup2024/teams (Caused by NameResolutionError(""HTTPSConnection(host='uclpcup24.calicotab.com', port=443): Failed to resolve 'uclpcup24.calicotab.com' ([Errno 8] nodename nor servname provided, or not known)""))",
uclprescup2025.calicotab.com,uclprescup2025,"failed: ConnectionError: HTTPSConnectionPool(host='uclprescup2025.calicotab.com', port=443): Max retries exceeded with url: /api/v1/tournaments/uclprescup2025/teams (Caused by NameResolutionError(""HTTPSConnection(host='uclprescup2025.calicotab.com', port=443): Failed to resolve 'uclprescup2025.calicotab.com' ([Errno 8] nodename nor servname provided, or not known)""))",
uclwinterproam.calicotab.com,_,"failed: ConnectionError: HTTPSConnectionPool(host='uclwinterproam.calicotab.com', port=443): Max retries exceeded with url: /api/v1/tournaments/_/teams (Caused by NameResolutionError(""HTTPSConnection(host='uclwinterproam.calicotab.com', port=443): Failed to resolve 'uclwinterproam.calicotab.com' ([Errno 8] nodename nor servname provided, or not known)""))",
uclproam23.calicotab.com,proam2024,"failed: ConnectionError: HTTPSConnectionPool(host='uclproam23.calicotab.com', port=443): Max retries exceeded with url: /api/v1/tournaments/proam2024/teams (Caused by NameResolutionError(""HTTPSConnection(host='uclproam23.calicotab.com', port=443): Failed to resolve 'uclproam23.calicotab.com' ([Errno 8] nodename nor servname provided, or not known)""))",
uclproam2025.calicotab.com,uclproam2025,"failed: ConnectionError: HTTPSConnectionPool(host='uclproam2025.calicotab.com', port=443): Max retries exceeded with url: /api/v1/tournaments/uclproam2025/teams (Caused by NameResolutionError(""HTTPSConnection(host='uclproam2025.calicotab.com', port=443): Failed to resolve 'uclproam2025.calicotab.com' ([Errno 8] nodename nor servname provided, or not known)""))",
uclproam2026.calicotab.com,_,"failed: ConnectionError: HTTPSConnectionPool(host='uclproam2026.calicotab.com', port=443): Max retries exceeded with url: /api/v1/tournaments/_/teams (Caused by NameResolutionError(""HTTPSConnection(host='uclproam2026.calicotab.com', port=443): Failed to resolve 'uclproam2026.calicotab.com' ([Errno 8] nodename nor servname provided, or not known)""))",
ucladebateunion.calicotab.com,uclaiv2023,"failed: ConnectionError: HTTPSConnectionPool(host='ucladebateunion.calicotab.com', port=443): Max retries exceeded with url: /api/v1/tournaments/uclaiv2023/teams (Caused by NameResolutionError(""HTTPSConnection(host='ucladebateunion.calicotab.com', port=443): Failed to resolve 'ucladebateunion.calicotab.com' ([Errno 8] nodename nor servname provided, or not known)""))",
uclaiv2024.calicotab.com,uclaiv2024,"failed: ConnectionError: HTTPSConnectionPool(host='uclaiv2024.calicotab.com', port=443): Max retries exceeded with url: /api/v1/tournaments/uclaiv2024/teams (Caused by NameResolutionError(""HTTPSConnection(host='uclaiv2024.calicotab.com', port=443): Failed to resolve 'uclaiv2024.calicotab.com' ([Errno 8] nodename nor servname provided, or not known)""))",
uclaiv2025.calicotab.com,uclaiv2025,"failed: ConnectionError: HTTPSConnectionPool(host='uclaiv2025.calicotab.com', port=443): Max retries exceeded with url: /api/v1/tournaments/uclaiv2025/teams (Caused by NameResolutionError(""HTTPSConnection(host='uclaiv2025.calicotab.com', port=443): Failed to resolve 'uclaiv2025.calicotab.com' ([Errno 8] nodename nor servname provided, or not known)""))",
debatefoster.calicotab.com,ued24,"failed: ConnectionError: HTTPSConnectionPool(host='debatefoster.calicotab.com', port=443): Max retries exceeded with url: /api/v1/tournaments/ued24/teams (Caused by NameResolutionError(""HTTPSConnection(host='debatefoster.calicotab.com', port=443): Failed to resolve 'debatefoster.calicotab.com' ([Errno 8] nodename nor servname provided, or not known)""))",
debatefoster.calicotab.com,UED2025,"failed: ConnectionError: HTTPSConnectionPool(host='debatefoster.calicotab.com', port=443): Max retries exceeded with url: /api/v1/tournaments/UED2025/teams (Caused by NameResolutionError(""HTTPSConnection(host='debatefoster.calicotab.com', port=443): Failed to resolve 'debatefoster.calicotab.com' ([Errno 8] nodename nor servname provided, or not known)""))",
uhuru-worlds.calicotab.com,loxodonta,"failed: ConnectionError: HTTPSConnectionPool(host='uhuru-worlds.calicotab.com', port=443): Max retries exceeded with url: /api/v1/tournaments/loxodonta/teams (Caused by NameResolutionError(""HTTPSConnection(host='uhuru-worlds.calicotab.com', port=443): Failed to resolve 'uhuru-worlds.calicotab.com' ([Errno 8] nodename nor servname provided, or not known)""))",
uhuru-worlds.calicotab.com,panthera,"failed: ConnectionError: HTTPSConnectionPool(host='uhuru-worlds.calicotab.com', port=443): Max retries exceeded with url: /api/v1/tournaments/panthera/teams (Caused by NameResolutionError(""HTTPSConnection(host='uhuru-worlds.calicotab.com', port=443): Failed to resolve 'uhuru-worlds.calicotab.com' ([Errno 8] nodename nor servname provided, or not known)""))",
uhuru-worlds.calicotab.com,uw2021outrounds,"failed: ConnectionError: HTTPSConnectionPool(host='uhuru-worlds.calicotab.com', port=443): Max retries exceeded with url: /api/v1/tournaments/uw2021outrounds/teams (Caused by NameResolutionError(""HTTPSConnection(host='uhuru-worlds.calicotab.com', port=443): Failed to resolve 'uhuru-worlds.calicotab.com' ([Errno 8] nodename nor servname provided, or not known)""))",
uhuruworlds2022.calicotab.com,loxuhuruworlds2022,"failed: ConnectionError: HTTPSConnectionPool(host='uhuruworlds2022.calicotab.com', port=443): Max retries exceeded with url: /api/v1/tournaments/loxuhuruworlds2022/teams (Caused by NameResolutionError(""HTTPSConnection(host='uhuruworlds2022.calicotab.com', port=443): Failed to resolve 'uhuruworlds2022.calicotab.com' ([Errno 8] nodename nor servname provided, or not known)""))",
uhuruworlds2022.calicotab.com,pan_uhuruworlds2022,"failed: ConnectionError: HTTPSConnectionPool(host='uhuruworlds2022.calicotab.com', port=443): Max retries exceeded with url: /api/v1/tournaments/pan_uhuruworlds2022/teams (Caused by NameResolutionError(""HTTPSConnection(host='uhuruworlds2022.calicotab.com', port=443): Failed to resolve 'uhuruworlds2022.calicotab.com' ([Errno 8] nodename nor servname provided, or not known)""))",
uhuruworlds2022.calicotab.com,uhuruworlds2022outrounds,"failed: ConnectionError: HTTPSConnectionPool(host='uhuruworlds2022.calicotab.com', port=443): Max retries exceeded with url: /api/v1/tournaments/uhuruworlds2022outrounds/teams (Caused by NameResolutionError(""HTTPSConnection(host='uhuruworlds2022.calicotab.com', port=443): Failed to resolve 'uhuruworlds2022.calicotab.com' ([Errno 8] nodename nor servname provided, or not known)""))",
uhuruworlds2023.calicotab.com,uhuru2023,"failed: ConnectionError: HTTPSConnectionPool(host='uhuruworlds2023.calicotab.com', port=443): Max retries exceeded with url: /api/v1/tournaments/uhuru2023/teams (Caused by NameResolutionError(""HTTPSConnection(host='uhuruworlds2023.calicotab.com', port=443): Failed to resolve 'uhuruworlds2023.calicotab.com' ([Errno 8] nodename nor servname provided, or not known)""))",
uhuruworlds2024.calicotab.com,uhuruworlds2024,"failed: ConnectionError: HTTPSConnectionPool(host='uhuruworlds2024.calicotab.com', port=443): Max retries exceeded with url: /api/v1/tournaments/uhuruworlds2024/teams (Caused by NameResolutionError(""HTTPSConnection(host='uhuruworlds2024.calicotab.com', port=443): Failed to resolve 'uhuruworlds2024.calicotab.com' ([Errno 8] nodename nor servname provided, or not known)""))",
uhuru2025.calicotab.com,_,"failed: ConnectionError: HTTPSConnectionPool(host='uhuru2025.calicotab.com', port=443): Max retries exceeded with url: /api/v1/tournaments/_/teams (Caused by NameResolutionError(""HTTPSConnection(host='uhuru2025.calicotab.com', port=443): Failed to resolve 'uhuru2025.calicotab.com' ([Errno 8] nodename nor servname provided, or not known)""))",
tahsinraian.calicotab.com,ulab,"failed: ConnectionError: HTTPSConnectionPool(host='tahsinraian.calicotab.com', port=443): Max retries exceeded with url: /api/v1/tournaments/ulab/teams (Caused by NameResolutionError(""HTTPSConnection(host='tahsinraian.calicotab.com', port=443): Failed to resolve 'tahsinraian.calicotab.com' ([Errno 8] nodename nor servname provided, or not known)""))",
unitycup25.calicotab.com,unity25,"failed: ConnectionError: HTTPSConnectionPool(host='unitycup25.calicotab.com', port=443): Max retries exceeded with url: /api/v1/tournaments/unity25/teams (Caused by NameResolutionError(""HTTPSConnection(host='unitycup25.calicotab.com', port=443): Failed to resolve 'unitycup25.calicotab.com' ([Errno 8] nodename nor servname provided, or not known)""))",
unswtabs2024.calicotab.com,prewudc24,"failed: ConnectionError: HTTPSConnectionPool(host='unswtabs2024.calicotab.com', port=443): Max retries exceeded with url: /api/v1/tournaments/prewudc24/teams (Caused by NameResolutionError(""HTTPSConnection(host='unswtabs2024.calicotab.com', port=443): Failed to resolve 'unswtabs2024.calicotab.com' ([Errno 8] nodename nor servname provided, or not known)""))",
unsw22.calicotab.com,pro-am2022,"failed: ConnectionError: HTTPSConnectionPool(host='unsw22.calicotab.com', port=443): Max retries exceeded with url: /api/v1/tournaments/pro-am2022/teams (Caused by NameResolutionError(""HTTPSConnection(host='unsw22.calicotab.com', port=443): Failed to resolve 'unsw22.calicotab.com' ([Errno 8] nodename nor servname provided, or not known)""))",
unswtabs2025.calicotab.com,sportsiv,"failed: ConnectionError: HTTPSConnectionPool(host='unswtabs2025.calicotab.com', port=443): Max retries exceeded with url: /api/v1/tournaments/sportsiv/teams (Caused by NameResolutionError(""HTTPSConnection(host='unswtabs2025.calicotab.com', port=443): Failed to resolve 'unswtabs2025.calicotab.com' ([Errno 8] nodename nor servname provided, or not known)""))",
untitledpreeudc.calicotab.com,2023,"failed: ConnectionError: HTTPSConnectionPool(host='untitledpreeudc.calicotab.com', port=443): Max retries exceeded with url: /api/v1/tournaments/2023/teams (Caused by NameResolutionError(""HTTPSConnection(host='untitledpreeudc.calicotab.com', port=443): Failed to resolve 'untitledpreeudc.calicotab.com' ([Errno 8] nodename nor servname provided, or not known)""))",
untitledpreglasgow.calicotab.com,2024,"failed: ConnectionError: HTTPSConnectionPool(host='untitledpreglasgow.calicotab.com', port=443): Max retries exceeded with url: /api/v1/tournaments/2024/teams (Caused by NameResolutionError(""HTTPSConnection(host='untitledpreglasgow.calicotab.com', port=443): Failed to resolve 'untitledpreglasgow.calicotab.com' ([Errno 8] nodename nor servname provided, or not known)""))",
untitledspringopen.calicotab.com,untitledspringopen,"failed: ConnectionError: HTTPSConnectionPool(host='untitledspringopen.calicotab.com', port=443): Max retries exceeded with url: /api/v1/tournaments/untitledspringopen/teams (Caused by NameResolutionError(""HTTPSConnection(host='untitledspringopen.calicotab.com', port=443): Failed to resolve 'untitledspringopen.calicotab.com' ([Errno 8] nodename nor servname provided, or not known)""))",
huber24.calicotab.com,huber2024,"failed: ConnectionError: HTTPSConnectionPool(host='huber24.calicotab.com', port=443): Max retries exceeded with url: /api/v1/tournaments/huber2024/teams (Caused by NameResolutionError(""HTTPSConnection(host='huber24.calicotab.com', port=443): Failed to resolve 'huber24.calicotab.com' ([Errno 8] nodename nor servname provided, or not known)""))",
upesbpd24.calicotab.com,upesbpd24,"failed: ConnectionError: HTTPSConnectionPool(host='upesbpd24.calicotab.com', port=443): Max retries exceeded with url: /api/v1/tournaments/upesbpd24/teams (Caused by NameResolutionError(""HTTPSConnection(host='upesbpd24.calicotab.com', port=443): Failed to resolve 'upesbpd24.calicotab.com' ([Errno 8] nodename nor servname provided, or not known)""))",
usciv2021.calicotab.com,usciv2021,"failed: ConnectionError: HTTPSConnectionPool(host='usciv2021.calicotab.com', port=443): Max retries exceeded with url: /api/v1/tournaments/usciv2021/teams (Caused by NameResolutionError(""HTTPSConnection(host='usciv2021.calicotab.com', port=443): Failed to resolve 'usciv2021.calicotab.com' ([Errno 8] nodename nor servname provided, or not known)""))",
usc.calicotab.com,usciv22,"failed: ConnectionError: HTTPSConnectionPool(host='usc.calicotab.com', port=443): Max retries exceeded with url: /api/v1/tournaments/usciv22/teams (Caused by NameResolutionError(""HTTPSConnection(host='usc.calicotab.com', port=443): Failed to resolve 'usc.calicotab.com' ([Errno 8] nodename nor servname provided, or not known)""))",
usciv.calicotab.com,usciv2023,"failed: ConnectionError: HTTPSConnectionPool(host='usciv.calicotab.com', port=443): Max retries exceeded with url: /api/v1/tournaments/usciv2023/teams (Caused by NameResolutionError(""HTTPSConnection(host='usciv.calicotab.com', port=443): Failed to resolve 'usciv.calicotab.com' ([Errno 8] nodename nor servname provided, or not known)""))",
usciv2024.calicotab.com,usciv2024,"failed: ConnectionError: HTTPSConnectionPool(host='usciv2024.calicotab.com', port=443): Max retries exceeded with url: /api/v1/tournaments/usciv2024/teams (Caused by NameResolutionError(""HTTPSConnection(host='usciv2024.calicotab.com', port=443): Failed to resolve 'usciv2024.calicotab.com' ([Errno 8] nodename nor servname provided, or not known)""))",
usciv2025.calicotab.com,_,"failed: ConnectionError: HTTPSConnectionPool(host='usciv2025.calicotab.com', port=443): Max retries exceeded with url: /api/v1/tournaments/_/teams (Caused by NameResolutionError(""HTTPSConnection(host='usciv2025.calicotab.com', port=443): Failed to resolve 'usciv2025.calicotab.com' ([Errno 8] nodename nor servname provided, or not known)""))",
usciv2026.calicotab.com,_,"failed: ConnectionError: HTTPSConnectionPool(host='usciv2026.calicotab.com', port=443): Max retries exceeded with url: /api/v1/tournaments/_/teams (Caused by NameResolutionError(""HTTPSConnection(host='usciv2026.calicotab.com', port=443): Failed to resolve 'usciv2026.calicotab.com' ([Errno 8] nodename nor servname provided, or not known)""))",
usutabs2025.calicotab.com,usubpnovice,"failed: ConnectionError: HTTPSConnectionPool(host='usutabs2025.calicotab.com', port=443): Max retries exceeded with url: /api/v1/tournaments/usubpnovice/teams (Caused by NameResolutionError(""HTTPSConnection(host='usutabs2025.calicotab.com', port=443): Failed to resolve 'usutabs2025.calicotab.com' ([Errno 8] nodename nor servname provided, or not known)""))",
usutabs2025.calicotab.com,usuiv2025,"failed: ConnectionError: HTTPSConnectionPool(host='usutabs2025.calicotab.com', port=443): Max retries exceeded with url: /api/v1/tournaments/usuiv2025/teams (Caused by NameResolutionError(""HTTPSConnection(host='usutabs2025.calicotab.com', port=443): Failed to resolve 'usutabs2025.calicotab.com' ([Errno 8] nodename nor servname provided, or not known)""))",
usudc2020.calicotab.com,usudc2020,"failed: ConnectionError: HTTPSConnectionPool(host='usudc2020.calicotab.com', port=443): Max retries exceeded with url: /api/v1/tournaments/usudc2020/teams (Caused by NameResolutionError(""HTTPSConnection(host='usudc2020.calicotab.com', port=443): Failed to resolve 'usudc2020.calicotab.com' ([Errno 8] nodename nor servname provided, or not known)""))",
usudc2022.calicotab.com,usudc2022,"failed: ConnectionError: HTTPSConnectionPool(host='usudc2022.calicotab.com', port=443): Max retries exceeded with url: /api/v1/tournaments/usudc2022/teams (Caused by NameResolutionError(""HTTPSConnection(host='usudc2022.calicotab.com', port=443): Failed to resolve 'usudc2022.calicotab.com' ([Errno 8] nodename nor servname provided, or not known)""))",
usudc2023.calicotab.com,usudc2023,"failed: ConnectionError: HTTPSConnectionPool(host='usudc2023.calicotab.com', port=443): Max retries exceeded with url: /api/v1/tournaments/usudc2023/teams (Caused by NameResolutionError(""HTTPSConnection(host='usudc2023.calicotab.com', port=443): Failed to resolve 'usudc2023.calicotab.com' ([Errno 8] nodename nor servname provided, or not known)""))",
usudc2025.calicotab.com,_,"failed: ConnectionError: HTTPSConnectionPool(host='usudc2025.calicotab.com', port=443): Max retries exceeded with url: /api/v1/tournaments/_/teams (Caused by NameResolutionError(""HTTPSConnection(host='usudc2025.calicotab.com', port=443): Failed to resolve 'usudc2025.calicotab.com' ([Errno 8] nodename nor servname provided, or not known)""))",
pennusudc2025.calicotab.com,_,"failed: ConnectionError: HTTPSConnectionPool(host='pennusudc2025.calicotab.com', port=443): Max retries exceeded with url: /api/v1/tournaments/_/teams (Caused by NameResolutionError(""HTTPSConnection(host='pennusudc2025.calicotab.com', port=443): Failed to resolve 'pennusudc2025.calicotab.com' ([Errno 8] nodename nor servname provided, or not known)""))",
maradebates.calicotab.com,maraiv2024,"failed: ConnectionError: HTTPSConnectionPool(host='maradebates.calicotab.com', port=443): Max retries exceeded with url: /api/v1/tournaments/maraiv2024/teams (Caused by NameResolutionError(""HTTPSConnection(host='maradebates.calicotab.com', port=443): Failed to resolve 'maradebates.calicotab.com' ([Errno 8] nodename nor servname provided, or not known)""))",
utsiv2021.calicotab.com,uts-iv-2021,"failed: ConnectionError: HTTPSConnectionPool(host='utsiv2021.calicotab.com', port=443): Max retries exceeded with url: /api/v1/tournaments/uts-iv-2021/teams (Caused by NameResolutionError(""HTTPSConnection(host='utsiv2021.calicotab.com', port=443): Failed to resolve 'utsiv2021.calicotab.com' ([Errno 8] nodename nor servname provided, or not known)""))",
utrecht23.calicotab.com,utrecht2023,"failed: ConnectionError: HTTPSConnectionPool(host='utrecht23.calicotab.com', port=443): Max retries exceeded with url: /api/v1/tournaments/utrecht2023/teams (Caused by NameResolutionError(""HTTPSConnection(host='utrecht23.calicotab.com', port=443): Failed to resolve 'utrecht23.calicotab.com' ([Errno 8] nodename nor servname provided, or not known)""))",
utrechtopen2025.calicotab.com,_,"failed: ConnectionError: HTTPSConnectionPool(host='utrechtopen2025.calicotab.com', port=443): Max retries exceeded with url: /api/v1/tournaments/_/teams (Caused by NameResolutionError(""HTTPSConnection(host='utrechtopen2025.calicotab.com', port=443): Failed to resolve 'utrechtopen2025.calicotab.com' ([Errno 8] nodename nor servname provided, or not known)""))",
utrechtopen2026.calicotab.com,utrechtopen2026,"failed: ConnectionError: HTTPSConnectionPool(host='utrechtopen2026.calicotab.com', port=443): Max retries exceeded with url: /api/v1/tournaments/utrechtopen2026/teams (Caused by NameResolutionError(""HTTPSConnection(host='utrechtopen2026.calicotab.com', port=443): Failed to resolve 'utrechtopen2026.calicotab.com' ([Errno 8] nodename nor servname provided, or not known)""))",
utsdebsoc.calicotab.com,aroundtheworld26,"failed: ConnectionError: HTTPSConnectionPool(host='utsdebsoc.calicotab.com', port=443): Max retries exceeded with url: /api/v1/tournaments/aroundtheworld26/teams (Caused by NameResolutionError(""HTTPSConnection(host='utsdebsoc.calicotab.com', port=443): Failed to resolve 'utsdebsoc.calicotab.com' ([Errno 8] nodename nor servname provided, or not known)""))",
utsopen2022.calicotab.com,utsopen2022,"failed: ConnectionError: HTTPSConnectionPool(host='utsopen2022.calicotab.com', port=443): Max retries exceeded with url: /api/v1/tournaments/utsopen2022/teams (Caused by NameResolutionError(""HTTPSConnection(host='utsopen2022.calicotab.com', port=443): Failed to resolve 'utsopen2022.calicotab.com' ([Errno 8] nodename nor servname provided, or not known)""))",
vandy2024.calicotab.com,vandy2024,"failed: ConnectionError: HTTPSConnectionPool(host='vandy2024.calicotab.com', port=443): Max retries exceeded with url: /api/v1/tournaments/vandy2024/teams (Caused by NameResolutionError(""HTTPSConnection(host='vandy2024.calicotab.com', port=443): Failed to resolve 'vandy2024.calicotab.com' ([Errno 8] nodename nor servname provided, or not known)""))",
africandebating.calicotab.com,vanguard2025,"failed: ConnectionError: HTTPSConnectionPool(host='africandebating.calicotab.com', port=443): Max retries exceeded with url: /api/v1/tournaments/vanguard2025/teams (Caused by NameResolutionError(""HTTPSConnection(host='africandebating.calicotab.com', port=443): Failed to resolve 'africandebating.calicotab.com' ([Errno 8] nodename nor servname provided, or not known)""))",
viv22.calicotab.com,viv2022,"failed: ConnectionError: HTTPSConnectionPool(host='viv22.calicotab.com', port=443): Max retries exceeded with url: /api/v1/tournaments/viv2022/teams (Caused by NameResolutionError(""HTTPSConnection(host='viv22.calicotab.com', port=443): Failed to resolve 'viv22.calicotab.com' ([Errno 8] nodename nor servname provided, or not known)""))",
viv2023.calicotab.com,_,"failed: ConnectionError: HTTPSConnectionPool(host='viv2023.calicotab.com', port=443): Max retries exceeded with url: /api/v1/tournaments/_/teams (Caused by NameResolutionError(""HTTPSConnection(host='viv2023.calicotab.com', port=443): Failed to resolve 'viv2023.calicotab.com' ([Errno 8] nodename nor servname provided, or not known)""))",
viennaiv24.calicotab.com,viv24,"failed: ConnectionError: HTTPSConnectionPool(host='viennaiv24.calicotab.com', port=443): Max retries exceeded with url: /api/v1/tournaments/viv24/teams (Caused by NameResolutionError(""HTTPSConnection(host='viennaiv24.calicotab.com', port=443): Failed to resolve 'viennaiv24.calicotab.com' ([Errno 8] nodename nor servname provided, or not known)""))",
viennaiv2025.calicotab.com,ViennaIV2025,"failed: ConnectionError: HTTPSConnectionPool(host='viennaiv2025.calicotab.com', port=443): Max retries exceeded with url: /api/v1/tournaments/ViennaIV2025/teams (Caused by NameResolutionError(""HTTPSConnection(host='viennaiv2025.calicotab.com', port=443): Failed to resolve 'viennaiv2025.calicotab.com' ([Errno 8] nodename nor servname provided, or not known)""))",
viennaiv2026.calicotab.com,_,"failed: ConnectionError: HTTPSConnectionPool(host='viennaiv2026.calicotab.com', port=443): Max retries exceeded with url: /api/v1/tournaments/_/teams (Caused by NameResolutionError(""HTTPSConnection(host='viennaiv2026.calicotab.com', port=443): Failed to resolve 'viennaiv2026.calicotab.com' ([Errno 8] nodename nor servname provided, or not known)""))",
vnc2023.calicotab.com,vnc2023,"failed: ConnectionError: HTTPSConnectionPool(host='vnc2023.calicotab.com', port=443): Max retries exceeded with url: /api/v1/tournaments/vnc2023/teams (Caused by NameResolutionError(""HTTPSConnection(host='vnc2023.calicotab.com', port=443): Failed to resolve 'vnc2023.calicotab.com' ([Errno 8] nodename nor servname provided, or not known)""))",
vnc2024.calicotab.com,vnc2024,"failed: ConnectionError: HTTPSConnectionPool(host='vnc2024.calicotab.com', port=443): Max retries exceeded with url: /api/v1/tournaments/vnc2024/teams (Caused by NameResolutionError(""HTTPSConnection(host='vnc2024.calicotab.com', port=443): Failed to resolve 'vnc2024.calicotab.com' ([Errno 8] nodename nor servname provided, or not known)""))",
vnc2025.calicotab.com,vnc2025,"failed: ConnectionError: HTTPSConnectionPool(host='vnc2025.calicotab.com', port=443): Max retries exceeded with url: /api/v1/tournaments/vnc2025/teams (Caused by NameResolutionError(""HTTPSConnection(host='vnc2025.calicotab.com', port=443): Failed to resolve 'vnc2025.calicotab.com' ([Errno 8] nodename nor servname provided, or not known)""))",
vnc2026.calicotab.com,vnc2026,"failed: ConnectionError: HTTPSConnectionPool(host='vnc2026.calicotab.com', port=443): Max retries exceeded with url: /api/v1/tournaments/vnc2026/teams (Caused by NameResolutionError(""HTTPSConnection(host='vnc2026.calicotab.com', port=443): Failed to resolve 'vnc2026.calicotab.com' ([Errno 8] nodename nor servname provided, or not known)""))",
viennapreeudc2024.calicotab.com,_,"failed: ConnectionError: HTTPSConnectionPool(host='viennapreeudc2024.calicotab.com', port=443): Max retries exceeded with url: /api/v1/tournaments/_/teams (Caused by NameResolutionError(""HTTPSConnection(host='viennapreeudc2024.calicotab.com', port=443): Failed to resolve 'viennapreeudc2024.calicotab.com' ([Errno 8] nodename nor servname provided, or not known)""))",
viennapreeudc2026.calicotab.com,_,"failed: ConnectionError: HTTPSConnectionPool(host='viennapreeudc2026.calicotab.com', port=443): Max retries exceeded with url: /api/v1/tournaments/_/teams (Caused by NameResolutionError(""HTTPSConnection(host='viennapreeudc2026.calicotab.com', port=443): Failed to resolve 'viennapreeudc2026.calicotab.com' ([Errno 8] nodename nor servname provided, or not known)""))",
viennaprewudc.calicotab.com,_,"failed: ConnectionError: HTTPSConnectionPool(host='viennaprewudc.calicotab.com', port=443): Max retries exceeded with url: /api/v1/tournaments/_/teams (Caused by NameResolutionError(""HTTPSConnection(host='viennaprewudc.calicotab.com', port=443): Failed to resolve 'viennaprewudc.calicotab.com' ([Errno 8] nodename nor servname provided, or not known)""))",
viennaprewudc2024.calicotab.com,prewudcvoo2024,"failed: ConnectionError: HTTPSConnectionPool(host='viennaprewudc2024.calicotab.com', port=443): Max retries exceeded with url: /api/v1/tournaments/prewudcvoo2024/teams (Caused by NameResolutionError(""HTTPSConnection(host='viennaprewudc2024.calicotab.com', port=443): Failed to resolve 'viennaprewudc2024.calicotab.com' ([Errno 8] nodename nor servname provided, or not known)""))",
viennaonline2025.calicotab.com,viennaonline025,"failed: ConnectionError: HTTPSConnectionPool(host='viennaonline2025.calicotab.com', port=443): Max retries exceeded with url: /api/v1/tournaments/viennaonline025/teams (Caused by NameResolutionError(""HTTPSConnection(host='viennaonline2025.calicotab.com', port=443): Failed to resolve 'viennaonline2025.calicotab.com' ([Errno 8] nodename nor servname provided, or not known)""))",
vbc2026.calicotab.com,vbc26en,"failed: ConnectionError: HTTPSConnectionPool(host='vbc2026.calicotab.com', port=443): Max retries exceeded with url: /api/v1/tournaments/vbc26en/teams (Caused by NameResolutionError(""HTTPSConnection(host='vbc2026.calicotab.com', port=443): Failed to resolve 'vbc2026.calicotab.com' ([Errno 8] nodename nor servname provided, or not known)""))",
3rdvndc.calicotab.com,vndc2025,"failed: ConnectionError: HTTPSConnectionPool(host='3rdvndc.calicotab.com', port=443): Max retries exceeded with url: /api/v1/tournaments/vndc2025/teams (Caused by NameResolutionError(""HTTPSConnection(host='3rdvndc.calicotab.com', port=443): Failed to resolve '3rdvndc.calicotab.com' ([Errno 8] nodename nor servname provided, or not known)""))",
visayasproam2026.calicotab.com,VisayasProAm2026,"failed: ConnectionError: HTTPSConnectionPool(host='visayasproam2026.calicotab.com', port=443): Max retries exceeded with url: /api/v1/tournaments/VisayasProAm2026/teams (Caused by NameResolutionError(""HTTPSConnection(host='visayasproam2026.calicotab.com', port=443): Failed to resolve 'visayasproam2026.calicotab.com' ([Errno 8] nodename nor servname provided, or not known)""))",
8thvubp.calicotab.com,8thvubp,"failed: ConnectionError: HTTPSConnectionPool(host='8thvubp.calicotab.com', port=443): Max retries exceeded with url: /api/v1/tournaments/8thvubp/teams (Caused by NameResolutionError(""HTTPSConnection(host='8thvubp.calicotab.com', port=443): Failed to resolve '8thvubp.calicotab.com' ([Errno 8] nodename nor servname provided, or not known)""))",
9thvubp.calicotab.com,9thvubp,"failed: ConnectionError: HTTPSConnectionPool(host='9thvubp.calicotab.com', port=443): Max retries exceeded with url: /api/v1/tournaments/9thvubp/teams (Caused by NameResolutionError(""HTTPSConnection(host='9thvubp.calicotab.com', port=443): Failed to resolve '9thvubp.calicotab.com' ([Errno 8] nodename nor servname provided, or not known)""))",
15thvmdc.calicotab.com,vmdc2024,"failed: ConnectionError: HTTPSConnectionPool(host='15thvmdc.calicotab.com', port=443): Max retries exceeded with url: /api/v1/tournaments/vmdc2024/teams (Caused by NameResolutionError(""HTTPSConnection(host='15thvmdc.calicotab.com', port=443): Failed to resolve '15thvmdc.calicotab.com' ([Errno 8] nodename nor servname provided, or not known)""))",
vivaatam2024.calicotab.com,vivaatam2024,"failed: ConnectionError: HTTPSConnectionPool(host='vivaatam2024.calicotab.com', port=443): Max retries exceeded with url: /api/v1/tournaments/vivaatam2024/teams (Caused by NameResolutionError(""HTTPSConnection(host='vivaatam2024.calicotab.com', port=443): Failed to resolve 'vivaatam2024.calicotab.com' ([Errno 8] nodename nor servname provided, or not known)""))",
vivaatam.calicotab.com,vivaatam25,"failed: ConnectionError: HTTPSConnectionPool(host='vivaatam.calicotab.com', port=443): Max retries exceeded with url: /api/v1/tournaments/vivaatam25/teams (Caused by NameResolutionError(""HTTPSConnection(host='vivaatam.calicotab.com', port=443): Failed to resolve 'vivaatam.calicotab.com' ([Errno 8] nodename nor servname provided, or not known)""))",
vitdt23.calicotab.com,vitdt2023,"failed: ConnectionError: HTTPSConnectionPool(host='vitdt23.calicotab.com', port=443): Max retries exceeded with url: /api/v1/tournaments/vitdt2023/teams (Caused by NameResolutionError(""HTTPSConnection(host='vitdt23.calicotab.com', port=443): Failed to resolve 'vitdt23.calicotab.com' ([Errno 8] nodename nor servname provided, or not known)""))",
warwickiv2022.calicotab.com,warwickiv2022,"failed: ConnectionError: HTTPSConnectionPool(host='warwickiv2022.calicotab.com', port=443): Max retries exceeded with url: /api/v1/tournaments/warwickiv2022/teams (Caused by NameResolutionError(""HTTPSConnection(host='warwickiv2022.calicotab.com', port=443): Failed to resolve 'warwickiv2022.calicotab.com' ([Errno 8] nodename nor servname provided, or not known)""))",
warwickopen2024.calicotab.com,warwickopen2024,"failed: ConnectionError: HTTPSConnectionPool(host='warwickopen2024.calicotab.com', port=443): Max retries exceeded with url: /api/v1/tournaments/warwickopen2024/teams (Caused by NameResolutionError(""HTTPSConnection(host='warwickopen2024.calicotab.com', port=443): Failed to resolve 'warwickopen2024.calicotab.com' ([Errno 8] nodename nor servname provided, or not known)""))",
warwickopen.calicotab.com,warwickopen,"failed: ConnectionError: HTTPSConnectionPool(host='warwickopen.calicotab.com', port=443): Max retries exceeded with url: /api/v1/tournaments/warwickopen/teams (Caused by NameResolutionError(""HTTPSConnection(host='warwickopen.calicotab.com', port=443): Failed to resolve 'warwickopen.calicotab.com' ([Errno 8] nodename nor servname provided, or not known)""))",
warwickopen2026.calicotab.com,bp88team,"failed: ConnectionError: HTTPSConnectionPool(host='warwickopen2026.calicotab.com', port=443): Max retries exceeded with url: /api/v1/tournaments/bp88team/teams (Caused by NameResolutionError(""HTTPSConnection(host='warwickopen2026.calicotab.com', port=443): Failed to resolve 'warwickopen2026.calicotab.com' ([Errno 8] nodename nor servname provided, or not known)""))",
warwick2025.calicotab.com,_,"failed: ConnectionError: HTTPSConnectionPool(host='warwick2025.calicotab.com', port=443): Max retries exceeded with url: /api/v1/tournaments/_/teams (Caused by NameResolutionError(""HTTPSConnection(host='warwick2025.calicotab.com', port=443): Failed to resolve 'warwick2025.calicotab.com' ([Errno 8] nodename nor servname provided, or not known)""))",
warwick2026.calicotab.com,_,"failed: ConnectionError: HTTPSConnectionPool(host='warwick2026.calicotab.com', port=443): Max retries exceeded with url: /api/v1/tournaments/_/teams (Caused by NameResolutionError(""HTTPSConnection(host='warwick2026.calicotab.com', port=443): Failed to resolve 'warwick2026.calicotab.com' ([Errno 8] nodename nor servname provided, or not known)""))",
waterlooiv.calicotab.com,waterlooiv2025,"failed: ConnectionError: HTTPSConnectionPool(host='waterlooiv.calicotab.com', port=443): Max retries exceeded with url: /api/v1/tournaments/waterlooiv2025/teams (Caused by NameResolutionError(""HTTPSConnection(host='waterlooiv.calicotab.com', port=443): Failed to resolve 'waterlooiv.calicotab.com' ([Errno 8] nodename nor servname provided, or not known)""))",
waterlooiv.calicotab.com,waterlooiv2026,"failed: ConnectionError: HTTPSConnectionPool(host='waterlooiv.calicotab.com', port=443): Max retries exceeded with url: /api/v1/tournaments/waterlooiv2026/teams (Caused by NameResolutionError(""HTTPSConnection(host='waterlooiv.calicotab.com', port=443): Failed to resolve 'waterlooiv.calicotab.com' ([Errno 8] nodename nor servname provided, or not known)""))",
rrwaudc.calicotab.com,waudc2024,"failed: ConnectionError: HTTPSConnectionPool(host='rrwaudc.calicotab.com', port=443): Max retries exceeded with url: /api/v1/tournaments/waudc2024/teams (Caused by NameResolutionError(""HTTPSConnection(host='rrwaudc.calicotab.com', port=443): Failed to resolve 'rrwaudc.calicotab.com' ([Errno 8] nodename nor servname provided, or not known)""))",
rrwaudc.calicotab.com,waudc2025,"failed: ConnectionError: HTTPSConnectionPool(host='rrwaudc.calicotab.com', port=443): Max retries exceeded with url: /api/v1/tournaments/waudc2025/teams (Caused by NameResolutionError(""HTTPSConnection(host='rrwaudc.calicotab.com', port=443): Failed to resolve 'rrwaudc.calicotab.com' ([Errno 8] nodename nor servname provided, or not known)""))",
westerniv.calicotab.com,westerniv2022,"failed: ConnectionError: HTTPSConnectionPool(host='westerniv.calicotab.com', port=443): Max retries exceeded with url: /api/v1/tournaments/westerniv2022/teams (Caused by NameResolutionError(""HTTPSConnection(host='westerniv.calicotab.com', port=443): Failed to resolve 'westerniv.calicotab.com' ([Errno 8] nodename nor servname provided, or not known)""))",
western2023.calicotab.com,western2023,"failed: ConnectionError: HTTPSConnectionPool(host='western2023.calicotab.com', port=443): Max retries exceeded with url: /api/v1/tournaments/western2023/teams (Caused by NameResolutionError(""HTTPSConnection(host='western2023.calicotab.com', port=443): Failed to resolve 'western2023.calicotab.com' ([Errno 8] nodename nor servname provided, or not known)""))",
westerniv2024.calicotab.com,western2024,"failed: ConnectionError: HTTPSConnectionPool(host='westerniv2024.calicotab.com', port=443): Max retries exceeded with url: /api/v1/tournaments/western2024/teams (Caused by NameResolutionError(""HTTPSConnection(host='westerniv2024.calicotab.com', port=443): Failed to resolve 'westerniv2024.calicotab.com' ([Errno 8] nodename nor servname provided, or not known)""))",
westerniv2025.calicotab.com,_,"failed: ConnectionError: HTTPSConnectionPool(host='westerniv2025.calicotab.com', port=443): Max retries exceeded with url: /api/v1/tournaments/_/teams (Caused by NameResolutionError(""HTTPSConnection(host='westerniv2025.calicotab.com', port=443): Failed to resolve 'westerniv2025.calicotab.com' ([Errno 8] nodename nor servname provided, or not known)""))",
2022westernstates.calicotab.com,2022WesternStates,"failed: ConnectionError: HTTPSConnectionPool(host='2022westernstates.calicotab.com', port=443): Max retries exceeded with url: /api/v1/tournaments/2022WesternStates/teams (Caused by NameResolutionError(""HTTPSConnection(host='2022westernstates.calicotab.com', port=443): Failed to resolve '2022westernstates.calicotab.com' ([Errno 8] nodename nor servname provided, or not known)""))",
debatefoster.calicotab.com,wwdo25,"failed: ConnectionError: HTTPSConnectionPool(host='debatefoster.calicotab.com', port=443): Max retries exceeded with url: /api/v1/tournaments/wwdo25/teams (Caused by NameResolutionError(""HTTPSConnection(host='debatefoster.calicotab.com', port=443): Failed to resolve 'debatefoster.calicotab.com' ([Errno 8] nodename nor servname provided, or not known)""))",
debatefoster.calicotab.com,WWDO26,"failed: ConnectionError: HTTPSConnectionPool(host='debatefoster.calicotab.com', port=443): Max retries exceeded with url: /api/v1/tournaments/WWDO26/teams (Caused by NameResolutionError(""HTTPSConnection(host='debatefoster.calicotab.com', port=443): Failed to resolve 'debatefoster.calicotab.com' ([Errno 8] nodename nor servname provided, or not known)""))",
wolce.calicotab.com,novice22,"failed: ConnectionError: HTTPSConnectionPool(host='wolce.calicotab.com', port=443): Max retries exceeded with url: /api/v1/tournaments/novice22/teams (Caused by NameResolutionError(""HTTPSConnection(host='wolce.calicotab.com', port=443): Failed to resolve 'wolce.calicotab.com' ([Errno 8] nodename nor servname provided, or not known)""))",
wpa2020.calicotab.com,preabp,"failed: ConnectionError: HTTPSConnectionPool(host='wpa2020.calicotab.com', port=443): Max retries exceeded with url: /api/v1/tournaments/preabp/teams (Caused by NameResolutionError(""HTTPSConnection(host='wpa2020.calicotab.com', port=443): Failed to resolve 'wpa2020.calicotab.com' ([Errno 8] nodename nor servname provided, or not known)""))",
wolce.calicotab.com,pro-ams2021,"failed: ConnectionError: HTTPSConnectionPool(host='wolce.calicotab.com', port=443): Max retries exceeded with url: /api/v1/tournaments/pro-ams2021/teams (Caused by NameResolutionError(""HTTPSConnection(host='wolce.calicotab.com', port=443): Failed to resolve 'wolce.calicotab.com' ([Errno 8] nodename nor servname provided, or not known)""))",
midp.calicotab.com,wdo2021,"failed: ConnectionError: HTTPSConnectionPool(host='midp.calicotab.com', port=443): Max retries exceeded with url: /api/v1/tournaments/wdo2021/teams (Caused by NameResolutionError(""HTTPSConnection(host='midp.calicotab.com', port=443): Failed to resolve 'midp.calicotab.com' ([Errno 8] nodename nor servname provided, or not known)""))",
midp.calicotab.com,wdo2022,"failed: ConnectionError: HTTPSConnectionPool(host='midp.calicotab.com', port=443): Max retries exceeded with url: /api/v1/tournaments/wdo2022/teams (Caused by NameResolutionError(""HTTPSConnection(host='midp.calicotab.com', port=443): Failed to resolve 'midp.calicotab.com' ([Errno 8] nodename nor servname provided, or not known)""))",
wndp.calicotab.com,wndcbp2023,"failed: ConnectionError: HTTPSConnectionPool(host='wndp.calicotab.com', port=443): Max retries exceeded with url: /api/v1/tournaments/wndcbp2023/teams (Caused by NameResolutionError(""HTTPSConnection(host='wndp.calicotab.com', port=443): Failed to resolve 'wndp.calicotab.com' ([Errno 8] nodename nor servname provided, or not known)""))",
wudc2014.calicotab.com,wudc2014,"failed: ConnectionError: HTTPSConnectionPool(host='wudc2014.calicotab.com', port=443): Max retries exceeded with url: /api/v1/tournaments/wudc2014/teams (Caused by NameResolutionError(""HTTPSConnection(host='wudc2014.calicotab.com', port=443): Failed to resolve 'wudc2014.calicotab.com' ([Errno 8] nodename nor servname provided, or not known)""))",
wudc2015.calicotab.com,_,"failed: ConnectionError: HTTPSConnectionPool(host='wudc2015.calicotab.com', port=443): Max retries exceeded with url: /api/v1/tournaments/_/teams (Caused by NameResolutionError(""HTTPSConnection(host='wudc2015.calicotab.com', port=443): Failed to resolve 'wudc2015.calicotab.com' ([Errno 8] nodename nor servname provided, or not known)""))",
wudc2018.calicotab.com,wudc2018,"failed: ConnectionError: HTTPSConnectionPool(host='wudc2018.calicotab.com', port=443): Max retries exceeded with url: /api/v1/tournaments/wudc2018/teams (Caused by NameResolutionError(""HTTPSConnection(host='wudc2018.calicotab.com', port=443): Failed to resolve 'wudc2018.calicotab.com' ([Errno 8] nodename nor servname provided, or not known)""))",
wudc2020.calicotab.com,wudc2020,"failed: ConnectionError: HTTPSConnectionPool(host='wudc2020.calicotab.com', port=443): Max retries exceeded with url: /api/v1/tournaments/wudc2020/teams (Caused by NameResolutionError(""HTTPSConnection(host='wudc2020.calicotab.com', port=443): Failed to resolve 'wudc2020.calicotab.com' ([Errno 8] nodename nor servname provided, or not known)""))",
wudckorea.calicotab.com,2021,"failed: ConnectionError: HTTPSConnectionPool(host='wudckorea.calicotab.com', port=443): Max retries exceeded with url: /api/v1/tournaments/2021/teams (Caused by NameResolutionError(""HTTPSConnection(host='wudckorea.calicotab.com', port=443): Failed to resolve 'wudckorea.calicotab.com' ([Errno 8] nodename nor servname provided, or not known)""))",
wudc2022.calicotab.com,wudc,"failed: ConnectionError: HTTPSConnectionPool(host='wudc2022.calicotab.com', port=443): Max retries exceeded with url: /api/v1/tournaments/wudc/teams (Caused by NameResolutionError(""HTTPSConnection(host='wudc2022.calicotab.com', port=443): Failed to resolve 'wudc2022.calicotab.com' ([Errno 8] nodename nor servname provided, or not known)""))",
wudc2023.calicotab.com,wudc,"failed: ConnectionError: HTTPSConnectionPool(host='wudc2023.calicotab.com', port=443): Max retries exceeded with url: /api/v1/tournaments/wudc/teams (Caused by NameResolutionError(""HTTPSConnection(host='wudc2023.calicotab.com', port=443): Failed to resolve 'wudc2023.calicotab.com' ([Errno 8] nodename nor servname provided, or not known)""))",
wudc2024.calicotab.com,wudc,"failed: ConnectionError: HTTPSConnectionPool(host='wudc2024.calicotab.com', port=443): Max retries exceeded with url: /api/v1/tournaments/wudc/teams (Caused by NameResolutionError(""HTTPSConnection(host='wudc2024.calicotab.com', port=443): Failed to resolve 'wudc2024.calicotab.com' ([Errno 8] nodename nor servname provided, or not known)""))",
wudc2025.calicotab.com,open,already_complete,
wudc2026.calicotab.com,open,"failed: ConnectionError: HTTPSConnectionPool(host='wudc2026.calicotab.com', port=443): Max retries exceeded with url: /api/v1/tournaments/open/teams (Caused by NameResolutionError(""HTTPSConnection(host='wudc2026.calicotab.com', port=443): Failed to resolve 'wudc2026.calicotab.com' ([Errno 8] nodename nor servname provided, or not known)""))",
yodl4ay25.calicotab.com,yodl4ay25,"failed: ConnectionError: HTTPSConnectionPool(host='yodl4ay25.calicotab.com', port=443): Max retries exceeded with url: /api/v1/tournaments/yodl4ay25/teams (Caused by NameResolutionError(""HTTPSConnection(host='yodl4ay25.calicotab.com', port=443): Failed to resolve 'yodl4ay25.calicotab.com' ([Errno 8] nodename nor servname provided, or not known)""))",
champs.calicotab.com,yodl25,"failed: ConnectionError: HTTPSConnectionPool(host='champs.calicotab.com', port=443): Max retries exceeded with url: /api/v1/tournaments/yodl25/teams (Caused by NameResolutionError(""HTTPSConnection(host='champs.calicotab.com', port=443): Failed to resolve 'champs.calicotab.com' ([Errno 8] nodename nor servname provided, or not known)""))",
yodlusafa2024.calicotab.com,yodl2024,"failed: ConnectionError: HTTPSConnectionPool(host='yodlusafa2024.calicotab.com', port=443): Max retries exceeded with url: /api/v1/tournaments/yodl2024/teams (Caused by NameResolutionError(""HTTPSConnection(host='yodlusafa2024.calicotab.com', port=443): Failed to resolve 'yodlusafa2024.calicotab.com' ([Errno 8] nodename nor servname provided, or not known)""))",
yaleiv2019.calicotab.com,yaleiv2019,"failed: ConnectionError: HTTPSConnectionPool(host='yaleiv2019.calicotab.com', port=443): Max retries exceeded with url: /api/v1/tournaments/yaleiv2019/teams (Caused by NameResolutionError(""HTTPSConnection(host='yaleiv2019.calicotab.com', port=443): Failed to resolve 'yaleiv2019.calicotab.com' ([Errno 8] nodename nor servname provided, or not known)""))",
yaleiv2022.calicotab.com,_,"failed: ConnectionError: HTTPSConnectionPool(host='yaleiv2022.calicotab.com', port=443): Max retries exceeded with url: /api/v1/tournaments/_/teams (Caused by NameResolutionError(""HTTPSConnection(host='yaleiv2022.calicotab.com', port=443): Failed to resolve 'yaleiv2022.calicotab.com' ([Errno 8] nodename nor servname provided, or not known)""))",
yaleiv2023.calicotab.com,yaleiv2023,"failed: ConnectionError: HTTPSConnectionPool(host='yaleiv2023.calicotab.com', port=443): Max retries exceeded with url: /api/v1/tournaments/yaleiv2023/teams (Caused by NameResolutionError(""HTTPSConnection(host='yaleiv2023.calicotab.com', port=443): Failed to resolve 'yaleiv2023.calicotab.com' ([Errno 8] nodename nor servname provided, or not known)""))",
yaleiv2024.calicotab.com,_,"failed: ConnectionError: HTTPSConnectionPool(host='yaleiv2024.calicotab.com', port=443): Max retries exceeded with url: /api/v1/tournaments/_/teams (Caused by NameResolutionError(""HTTPSConnection(host='yaleiv2024.calicotab.com', port=443): Failed to resolve 'yaleiv2024.calicotab.com' ([Errno 8] nodename nor servname provided, or not known)""))",
yaleiv2025.calicotab.com,_,"failed: ConnectionError: HTTPSConnectionPool(host='yaleiv2025.calicotab.com', port=443): Max retries exceeded with url: /api/v1/tournaments/_/teams (Caused by NameResolutionError(""HTTPSConnection(host='yaleiv2025.calicotab.com', port=443): Failed to resolve 'yaleiv2025.calicotab.com' ([Errno 8] nodename nor servname provided, or not known)""))",
yaleivfall21.calicotab.com,_,"failed: ConnectionError: HTTPSConnectionPool(host='yaleivfall21.calicotab.com', port=443): Max retries exceeded with url: /api/v1/tournaments/_/teams (Caused by NameResolutionError(""HTTPSConnection(host='yaleivfall21.calicotab.com', port=443): Failed to resolve 'yaleivfall21.calicotab.com' ([Errno 8] nodename nor servname provided, or not known)""))",
midp.calicotab.com,yodo2021,"failed: ConnectionError: HTTPSConnectionPool(host='midp.calicotab.com', port=443): Max retries exceeded with url: /api/v1/tournaments/yodo2021/teams (Caused by NameResolutionError(""HTTPSConnection(host='midp.calicotab.com', port=443): Failed to resolve 'midp.calicotab.com' ([Errno 8] nodename nor servname provided, or not known)""))",
mace1996.calicotab.com,Zadek2022,"failed: ConnectionError: HTTPSConnectionPool(host='mace1996.calicotab.com', port=443): Max retries exceeded with url: /api/v1/tournaments/Zadek2022/teams (Caused by NameResolutionError(""HTTPSConnection(host='mace1996.calicotab.com', port=443): Failed to resolve 'mace1996.calicotab.com' ([Errno 8] nodename nor servname provided, or not known)""))",
tab.debate.si,zagreb-open-24,"failed: ConnectionError: HTTPSConnectionPool(host='tab.debate.si', port=443): Max retries exceeded with url: /api/v1/tournaments/zagreb-open-24/teams (Caused by NameResolutionError(""HTTPSConnection(host='tab.debate.si', port=443): Failed to resolve 'tab.debate.si' ([Errno 8] nodename nor servname provided, or not known)""))",
zgopen2025.calicotab.com,zgopen2025,"failed: ConnectionError: HTTPSConnectionPool(host='zgopen2025.calicotab.com', port=443): Max retries exceeded with url: /api/v1/tournaments/zgopen2025/teams (Caused by NameResolutionError(""HTTPSConnection(host='zgopen2025.calicotab.com', port=443): Failed to resolve 'zgopen2025.calicotab.com' ([Errno 8] nodename nor servname provided, or not known)""))",
brinatabby.calicotab.com,zagreb2026,"failed: ConnectionError: HTTPSConnectionPool(host='brinatabby.calicotab.com', port=443): Max retries exceeded with url: /api/v1/tournaments/zagreb2026/teams (Caused by NameResolutionError(""HTTPSConnection(host='brinatabby.calicotab.com', port=443): Failed to resolve 'brinatabby.calicotab.com' ([Errno 8] nodename nor servname provided, or not known)""))",
zagrebpreeudc2024.calicotab.com,zagrebpreeudc24,"failed: ConnectionError: HTTPSConnectionPool(host='zagrebpreeudc2024.calicotab.com', port=443): Max retries exceeded with url: /api/v1/tournaments/zagrebpreeudc24/teams (Caused by NameResolutionError(""HTTPSConnection(host='zagrebpreeudc2024.calicotab.com', port=443): Failed to resolve 'zagrebpreeudc2024.calicotab.com' ([Errno 8] nodename nor servname provided, or not known)""))",
zagrebpreeudc2025.calicotab.com,_,"failed: ConnectionError: HTTPSConnectionPool(host='zagrebpreeudc2025.calicotab.com', port=443): Max retries exceeded with url: /api/v1/tournaments/_/teams (Caused by NameResolutionError(""HTTPSConnection(host='zagrebpreeudc2025.calicotab.com', port=443): Failed to resolve 'zagrebpreeudc2025.calicotab.com' ([Errno 8] nodename nor servname provided, or not known)""))",
zgpreeudc26.calicotab.com,zagrebpreeudc26,"failed: ConnectionError: HTTPSConnectionPool(host='zgpreeudc26.calicotab.com', port=443): Max retries exceeded with url: /api/v1/tournaments/zagrebpreeudc26/teams (Caused by NameResolutionError(""HTTPSConnection(host='zgpreeudc26.calicotab.com', port=443): Failed to resolve 'zgpreeudc26.calicotab.com' ([Errno 8] nodename nor servname provided, or not known)""))",
zagrebprewudc.calicotab.com,_,"failed: ConnectionError: HTTPSConnectionPool(host='zagrebprewudc.calicotab.com', port=443): Max retries exceeded with url: /api/v1/tournaments/_/teams (Caused by NameResolutionError(""HTTPSConnection(host='zagrebprewudc.calicotab.com', port=443): Failed to resolve 'zagrebprewudc.calicotab.com' ([Errno 8] nodename nor servname provided, or not known)""))",
zagreb2024.calicotab.com,zagreb2024,"failed: ConnectionError: HTTPSConnectionPool(host='zagreb2024.calicotab.com', port=443): Max retries exceeded with url: /api/v1/tournaments/zagreb2024/teams (Caused by NameResolutionError(""HTTPSConnection(host='zagreb2024.calicotab.com', port=443): Failed to resolve 'zagreb2024.calicotab.com' ([Errno 8] nodename nor servname provided, or not known)""))",
zagrebprewudc2025.calicotab.com,zagreb2025,"failed: ConnectionError: HTTPSConnectionPool(host='zagrebprewudc2025.calicotab.com', port=443): Max retries exceeded with url: /api/v1/tournaments/zagreb2025/teams (Caused by NameResolutionError(""HTTPSConnection(host='zagrebprewudc2025.calicotab.com', port=443): Failed to resolve 'zagrebprewudc2025.calicotab.com' ([Errno 8] nodename nor servname provided, or not known)""))",
mace.calicotab.com,easters2022,"failed: ConnectionError: HTTPSConnectionPool(host='mace.calicotab.com', port=443): Max retries exceeded with url: /api/v1/tournaments/easters2022/teams (Caused by NameResolutionError(""HTTPSConnection(host='mace.calicotab.com', port=443): Failed to resolve 'mace.calicotab.com' ([Errno 8] nodename nor servname provided, or not known)""))",
mace.calicotab.com,zimbabweeasters2023,"failed: ConnectionError: HTTPSConnectionPool(host='mace.calicotab.com', port=443): Max retries exceeded with url: /api/v1/tournaments/zimbabweeasters2023/teams (Caused by NameResolutionError(""HTTPSConnection(host='mace.calicotab.com', port=443): Failed to resolve 'mace.calicotab.com' ([Errno 8] nodename nor servname provided, or not known)""))",
mace1996.calicotab.com,zimbabwe_easters2024,"failed: ConnectionError: HTTPSConnectionPool(host='mace1996.calicotab.com', port=443): Max retries exceeded with url: /api/v1/tournaments/zimbabwe_easters2024/teams (Caused by NameResolutionError(""HTTPSConnection(host='mace1996.calicotab.com', port=443): Failed to resolve 'mace1996.calicotab.com' ([Errno 8] nodename nor servname provided, or not known)""))",
mace.calicotab.com,easters2025,"failed: ConnectionError: HTTPSConnectionPool(host='mace.calicotab.com', port=443): Max retries exceeded with url: /api/v1/tournaments/easters2025/teams (Caused by NameResolutionError(""HTTPSConnection(host='mace.calicotab.com', port=443): Failed to resolve 'mace.calicotab.com' ([Errno 8] nodename nor servname provided, or not known)""))",
mace.calicotab.com,zodleliminations2021,"failed: ConnectionError: HTTPSConnectionPool(host='mace.calicotab.com', port=443): Max retries exceeded with url: /api/v1/tournaments/zodleliminations2021/teams (Caused by NameResolutionError(""HTTPSConnection(host='mace.calicotab.com', port=443): Failed to resolve 'mace.calicotab.com' ([Errno 8] nodename nor servname provided, or not known)""))",
zurichopen2024.calicotab.com,_,"failed: ConnectionError: HTTPSConnectionPool(host='zurichopen2024.calicotab.com', port=443): Max retries exceeded with url: /api/v1/tournaments/_/teams (Caused by NameResolutionError(""HTTPSConnection(host='zurichopen2024.calicotab.com', port=443): Failed to resolve 'zurichopen2024.calicotab.com' ([Errno 8] nodename nor servname provided, or not known)""))",
zurichopen2025.calicotab.com,_,"failed: ConnectionError: HTTPSConnectionPool(host='zurichopen2025.calicotab.com', port=443): Max retries exceeded with url: /api/v1/tournaments/_/teams (Caused by NameResolutionError(""HTTPSConnection(host='zurichopen2025.calicotab.com', port=443): Failed to resolve 'zurichopen2025.calicotab.com' ([Errno 8] nodename nor servname provided, or not known)""))",
africandebate3.calicotab.com,oxbridge2025senior,"failed: ConnectionError: HTTPSConnectionPool(host='africandebate3.calicotab.com', port=443): Max retries exceeded with url: /api/v1/tournaments/oxbridge2025senior/teams (Caused by NameResolutionError(""HTTPSConnection(host='africandebate3.calicotab.com', port=443): Failed to resolve 'africandebate3.calicotab.com' ([Errno 8] nodename nor servname provided, or not known)""))",
ayrshirecup26.calicotab.com,ayrshirecup26,"failed: ConnectionError: HTTPSConnectionPool(host='ayrshirecup26.calicotab.com', port=443): Max retries exceeded with url: /api/v1/tournaments/ayrshirecup26/teams (Caused by NameResolutionError(""HTTPSConnection(host='ayrshirecup26.calicotab.com', port=443): Failed to resolve 'ayrshirecup26.calicotab.com' ([Errno 8] nodename nor servname provided, or not known)""))",
cabp2025.calicotab.com,cabp_na,"failed: ConnectionError: HTTPSConnectionPool(host='cabp2025.calicotab.com', port=443): Max retries exceeded with url: /api/v1/tournaments/cabp_na/teams (Caused by NameResolutionError(""HTTPSConnection(host='cabp2025.calicotab.com', port=443): Failed to resolve 'cabp2025.calicotab.com' ([Errno 8] nodename nor servname provided, or not known)""))",
cambridgeschools2024.calicotab.com,_,"failed: ConnectionError: HTTPSConnectionPool(host='cambridgeschools2024.calicotab.com', port=443): Max retries exceeded with url: /api/v1/tournaments/_/teams (Caused by NameResolutionError(""HTTPSConnection(host='cambridgeschools2024.calicotab.com', port=443): Failed to resolve 'cambridgeschools2024.calicotab.com' ([Errno 8] nodename nor servname provided, or not known)""))",
cambridgeschools2025.calicotab.com,cambridgeschools2025,"failed: ConnectionError: HTTPSConnectionPool(host='cambridgeschools2025.calicotab.com', port=443): Max retries exceeded with url: /api/v1/tournaments/cambridgeschools2025/teams (Caused by NameResolutionError(""HTTPSConnection(host='cambridgeschools2025.calicotab.com', port=443): Failed to resolve 'cambridgeschools2025.calicotab.com' ([Errno 8] nodename nor servname provided, or not known)""))",
cambridgeschools2026.calicotab.com,cambridgeschools2026,"failed: ConnectionError: HTTPSConnectionPool(host='cambridgeschools2026.calicotab.com', port=443): Max retries exceeded with url: /api/v1/tournaments/cambridgeschools2026/teams (Caused by NameResolutionError(""HTTPSConnection(host='cambridgeschools2026.calicotab.com', port=443): Failed to resolve 'cambridgeschools2026.calicotab.com' ([Errno 8] nodename nor servname provided, or not known)""))",
tcfundraisers25.calicotab.com,TCFundraiserS25,"failed: ConnectionError: HTTPSConnectionPool(host='tcfundraisers25.calicotab.com', port=443): Max retries exceeded with url: /api/v1/tournaments/TCFundraiserS25/teams (Caused by NameResolutionError(""HTTPSConnection(host='tcfundraisers25.calicotab.com', port=443): Failed to resolve 'tcfundraisers25.calicotab.com' ([Errno 8] nodename nor servname provided, or not known)""))",
2025fltrpcssdc.calicotab.com,bp,"failed: ConnectionError: HTTPSConnectionPool(host='2025fltrpcssdc.calicotab.com', port=443): Max retries exceeded with url: /api/v1/tournaments/bp/teams (Caused by NameResolutionError(""HTTPSConnection(host='2025fltrpcssdc.calicotab.com', port=443): Failed to resolve '2025fltrpcssdc.calicotab.com' ([Errno 8] nodename nor servname provided, or not known)""))",
durhamschools23.calicotab.com,schools2023,"failed: ConnectionError: HTTPSConnectionPool(host='durhamschools23.calicotab.com', port=443): Max retries exceeded with url: /api/v1/tournaments/schools2023/teams (Caused by NameResolutionError(""HTTPSConnection(host='durhamschools23.calicotab.com', port=443): Failed to resolve 'durhamschools23.calicotab.com' ([Errno 8] nodename nor servname provided, or not known)""))",
ebpworldcup.calicotab.com,EBPWoldCup,"failed: ConnectionError: HTTPSConnectionPool(host='ebpworldcup.calicotab.com', port=443): Max retries exceeded with url: /api/v1/tournaments/EBPWoldCup/teams (Caused by NameResolutionError(""HTTPSConnection(host='ebpworldcup.calicotab.com', port=443): Failed to resolve 'ebpworldcup.calicotab.com' ([Errno 8] nodename nor servname provided, or not known)""))",
edbpworldcup25.calicotab.com,edbpworldcup25,"failed: ConnectionError: HTTPSConnectionPool(host='edbpworldcup25.calicotab.com', port=443): Max retries exceeded with url: /api/v1/tournaments/edbpworldcup25/teams (Caused by NameResolutionError(""HTTPSConnection(host='edbpworldcup25.calicotab.com', port=443): Failed to resolve 'edbpworldcup25.calicotab.com' ([Errno 8] nodename nor servname provided, or not known)""))",
edschools2026.calicotab.com,EdSchools2026,"failed: ConnectionError: HTTPSConnectionPool(host='edschools2026.calicotab.com', port=443): Max retries exceeded with url: /api/v1/tournaments/EdSchools2026/teams (Caused by NameResolutionError(""HTTPSConnection(host='edschools2026.calicotab.com', port=443): Failed to resolve 'edschools2026.calicotab.com' ([Errno 8] nodename nor servname provided, or not known)""))",
hhhs.calicotab.com,hhhs26,"failed: ConnectionError: HTTPSConnectionPool(host='hhhs.calicotab.com', port=443): Max retries exceeded with url: /api/v1/tournaments/hhhs26/teams (Caused by NameResolutionError(""HTTPSConnection(host='hhhs.calicotab.com', port=443): Failed to resolve 'hhhs.calicotab.com' ([Errno 8] nodename nor servname provided, or not known)""))",
hhsummer.calicotab.com,hhsummer,"failed: ConnectionError: HTTPSConnectionPool(host='hhsummer.calicotab.com', port=443): Max retries exceeded with url: /api/v1/tournaments/hhsummer/teams (Caused by NameResolutionError(""HTTPSConnection(host='hhsummer.calicotab.com', port=443): Failed to resolve 'hhsummer.calicotab.com' ([Errno 8] nodename nor servname provided, or not known)""))",
hhsummer24.calicotab.com,hhsummer2024,"failed: ConnectionError: HTTPSConnectionPool(host='hhsummer24.calicotab.com', port=443): Max retries exceeded with url: /api/v1/tournaments/hhsummer2024/teams (Caused by NameResolutionError(""HTTPSConnection(host='hhsummer24.calicotab.com', port=443): Failed to resolve 'hhsummer24.calicotab.com' ([Errno 8] nodename nor servname provided, or not known)""))",
hhwo26.calicotab.com,hhwo26,"failed: ConnectionError: HTTPSConnectionPool(host='hhwo26.calicotab.com', port=443): Max retries exceeded with url: /api/v1/tournaments/hhwo26/teams (Caused by NameResolutionError(""HTTPSConnection(host='hhwo26.calicotab.com', port=443): Failed to resolve 'hhwo26.calicotab.com' ([Errno 8] nodename nor servname provided, or not known)""))",
hkdo2026.calicotab.com,hkdo26,"failed: ConnectionError: HTTPSConnectionPool(host='hkdo2026.calicotab.com', port=443): Max retries exceeded with url: /api/v1/tournaments/hkdo26/teams (Caused by NameResolutionError(""HTTPSConnection(host='hkdo2026.calicotab.com', port=443): Failed to resolve 'hkdo2026.calicotab.com' ([Errno 8] nodename nor servname provided, or not known)""))",
icyd2022.calicotab.com,finalsday,"failed: ConnectionError: HTTPSConnectionPool(host='icyd2022.calicotab.com', port=443): Max retries exceeded with url: /api/v1/tournaments/finalsday/teams (Caused by NameResolutionError(""HTTPSConnection(host='icyd2022.calicotab.com', port=443): Failed to resolve 'icyd2022.calicotab.com' ([Errno 8] nodename nor servname provided, or not known)""))",
icyd2024.calicotab.com,icyd2024,"failed: ConnectionError: HTTPSConnectionPool(host='icyd2024.calicotab.com', port=443): Max retries exceeded with url: /api/v1/tournaments/icyd2024/teams (Caused by NameResolutionError(""HTTPSConnection(host='icyd2024.calicotab.com', port=443): Failed to resolve 'icyd2024.calicotab.com' ([Errno 8] nodename nor servname provided, or not known)""))",
cambridgeschools2025.calicotab.com,icyd2025,"failed: ConnectionError: HTTPSConnectionPool(host='cambridgeschools2025.calicotab.com', port=443): Max retries exceeded with url: /api/v1/tournaments/icyd2025/teams (Caused by NameResolutionError(""HTTPSConnection(host='cambridgeschools2025.calicotab.com', port=443): Failed to resolve 'cambridgeschools2025.calicotab.com' ([Errno 8] nodename nor servname provided, or not known)""))",
icyd2026.calicotab.com,_,"failed: ConnectionError: HTTPSConnectionPool(host='icyd2026.calicotab.com', port=443): Max retries exceeded with url: /api/v1/tournaments/_/teams (Caused by NameResolutionError(""HTTPSConnection(host='icyd2026.calicotab.com', port=443): Failed to resolve 'icyd2026.calicotab.com' ([Errno 8] nodename nor servname provided, or not known)""))",
iiumdebates.calicotab.com,IIUMIDC25,"failed: ConnectionError: HTTPSConnectionPool(host='iiumdebates.calicotab.com', port=443): Max retries exceeded with url: /api/v1/tournaments/IIUMIDC25/teams (Caused by NameResolutionError(""HTTPSConnection(host='iiumdebates.calicotab.com', port=443): Failed to resolve 'iiumdebates.calicotab.com' ([Errno 8] nodename nor servname provided, or not known)""))",
imperialjuniors2025.calicotab.com,imperialjuniors2025,"failed: ConnectionError: HTTPSConnectionPool(host='imperialjuniors2025.calicotab.com', port=443): Max retries exceeded with url: /api/v1/tournaments/imperialjuniors2025/teams (Caused by NameResolutionError(""HTTPSConnection(host='imperialjuniors2025.calicotab.com', port=443): Failed to resolve 'imperialjuniors2025.calicotab.com' ([Errno 8] nodename nor servname provided, or not known)""))",
waterloohst.calicotab.com,laurierhst2025,"failed: ConnectionError: HTTPSConnectionPool(host='waterloohst.calicotab.com', port=443): Max retries exceeded with url: /api/v1/tournaments/laurierhst2025/teams (Caused by NameResolutionError(""HTTPSConnection(host='waterloohst.calicotab.com', port=443): Failed to resolve 'waterloohst.calicotab.com' ([Errno 8] nodename nor servname provided, or not known)""))",
laurierspringhst2026.calicotab.com,Laurierspring2026,"failed: ConnectionError: HTTPSConnectionPool(host='laurierspringhst2026.calicotab.com', port=443): Max retries exceeded with url: /api/v1/tournaments/Laurierspring2026/teams (Caused by NameResolutionError(""HTTPSConnection(host='laurierspringhst2026.calicotab.com', port=443): Failed to resolve 'laurierspringhst2026.calicotab.com' ([Errno 8] nodename nor servname provided, or not known)""))",
londonjuniors25.calicotab.com,londonjuniors25,"failed: ConnectionError: HTTPSConnectionPool(host='londonjuniors25.calicotab.com', port=443): Max retries exceeded with url: /api/v1/tournaments/londonjuniors25/teams (Caused by NameResolutionError(""HTTPSConnection(host='londonjuniors25.calicotab.com', port=443): Failed to resolve 'londonjuniors25.calicotab.com' ([Errno 8] nodename nor servname provided, or not known)""))",
lsedebate.calicotab.com,lsesrs,"failed: ConnectionError: HTTPSConnectionPool(host='lsedebate.calicotab.com', port=443): Max retries exceeded with url: /api/v1/tournaments/lsesrs/teams (Caused by NameResolutionError(""HTTPSConnection(host='lsedebate.calicotab.com', port=443): Failed to resolve 'lsedebate.calicotab.com' ([Errno 8] nodename nor servname provided, or not known)""))",
manchesterschools23.calicotab.com,manchesterschools23,"failed: ConnectionError: HTTPSConnectionPool(host='manchesterschools23.calicotab.com', port=443): Max retries exceeded with url: /api/v1/tournaments/manchesterschools23/teams (Caused by NameResolutionError(""HTTPSConnection(host='manchesterschools23.calicotab.com', port=443): Failed to resolve 'manchesterschools23.calicotab.com' ([Errno 8] nodename nor servname provided, or not known)""))",
springcup.calicotab.com,mcgillspringcup,"failed: ConnectionError: HTTPSConnectionPool(host='springcup.calicotab.com', port=443): Max retries exceeded with url: /api/v1/tournaments/mcgillspringcup/teams (Caused by NameResolutionError(""HTTPSConnection(host='springcup.calicotab.com', port=443): Failed to resolve 'springcup.calicotab.com' ([Errno 8] nodename nor servname provided, or not known)""))",
nzschoolsbp2024.calicotab.com,fsunzsbp2024,"failed: ConnectionError: HTTPSConnectionPool(host='nzschoolsbp2024.calicotab.com', port=443): Max retries exceeded with url: /api/v1/tournaments/fsunzsbp2024/teams (Caused by NameResolutionError(""HTTPSConnection(host='nzschoolsbp2024.calicotab.com', port=443): Failed to resolve 'nzschoolsbp2024.calicotab.com' ([Errno 8] nodename nor servname provided, or not known)""))",
oxfordschoolsfinals2022.calicotab.com,oxfordschoolsfinals2022,"failed: ConnectionError: HTTPSConnectionPool(host='oxfordschoolsfinals2022.calicotab.com', port=443): Max retries exceeded with url: /api/v1/tournaments/oxfordschoolsfinals2022/teams (Caused by NameResolutionError(""HTTPSConnection(host='oxfordschoolsfinals2022.calicotab.com', port=443): Failed to resolve 'oxfordschoolsfinals2022.calicotab.com' ([Errno 8] nodename nor servname provided, or not known)""))",
oxschools2023.calicotab.com,oxschools2023,"failed: ConnectionError: HTTPSConnectionPool(host='oxschools2023.calicotab.com', port=443): Max retries exceeded with url: /api/v1/tournaments/oxschools2023/teams (Caused by NameResolutionError(""HTTPSConnection(host='oxschools2023.calicotab.com', port=443): Failed to resolve 'oxschools2023.calicotab.com' ([Errno 8] nodename nor servname provided, or not known)""))",
oxschools2024.calicotab.com,_,"failed: ConnectionError: HTTPSConnectionPool(host='oxschools2024.calicotab.com', port=443): Max retries exceeded with url: /api/v1/tournaments/_/teams (Caused by NameResolutionError(""HTTPSConnection(host='oxschools2024.calicotab.com', port=443): Failed to resolve 'oxschools2024.calicotab.com' ([Errno 8] nodename nor servname provided, or not known)""))",
oxfordschools2025.calicotab.com,2025,"failed: ConnectionError: HTTPSConnectionPool(host='oxfordschools2025.calicotab.com', port=443): Max retries exceeded with url: /api/v1/tournaments/2025/teams (Caused by NameResolutionError(""HTTPSConnection(host='oxfordschools2025.calicotab.com', port=443): Failed to resolve 'oxfordschools2025.calicotab.com' ([Errno 8] nodename nor servname provided, or not known)""))",
oxschools2026.calicotab.com,oxford,"failed: ConnectionError: HTTPSConnectionPool(host='oxschools2026.calicotab.com', port=443): Max retries exceeded with url: /api/v1/tournaments/oxford/teams (Caused by NameResolutionError(""HTTPSConnection(host='oxschools2026.calicotab.com', port=443): Failed to resolve 'oxschools2026.calicotab.com' ([Errno 8] nodename nor servname provided, or not known)""))",
oxschoolssg2025.calicotab.com,oxschoolssg2025,"failed: ConnectionError: HTTPSConnectionPool(host='oxschoolssg2025.calicotab.com', port=443): Max retries exceeded with url: /api/v1/tournaments/oxschoolssg2025/teams (Caused by NameResolutionError(""HTTPSConnection(host='oxschoolssg2025.calicotab.com', port=443): Failed to resolve 'oxschoolssg2025.calicotab.com' ([Errno 8] nodename nor servname provided, or not known)""))",
psdc2023.calicotab.com,psdc2023,"failed: ConnectionError: HTTPSConnectionPool(host='psdc2023.calicotab.com', port=443): Max retries exceeded with url: /api/v1/tournaments/psdc2023/teams (Caused by NameResolutionError(""HTTPSConnection(host='psdc2023.calicotab.com', port=443): Failed to resolve 'psdc2023.calicotab.com' ([Errno 8] nodename nor servname provided, or not known)""))",
psdc2024homecoming.calicotab.com,psdc2024,"failed: ConnectionError: HTTPSConnectionPool(host='psdc2024homecoming.calicotab.com', port=443): Max retries exceeded with url: /api/v1/tournaments/psdc2024/teams (Caused by NameResolutionError(""HTTPSConnection(host='psdc2024homecoming.calicotab.com', port=443): Failed to resolve 'psdc2024homecoming.calicotab.com' ([Errno 8] nodename nor servname provided, or not known)""))",
psdc2025.calicotab.com,psdc2025,"failed: ConnectionError: HTTPSConnectionPool(host='psdc2025.calicotab.com', port=443): Max retries exceeded with url: /api/v1/tournaments/psdc2025/teams (Caused by NameResolutionError(""HTTPSConnection(host='psdc2025.calicotab.com', port=443): Failed to resolve 'psdc2025.calicotab.com' ([Errno 8] nodename nor servname provided, or not known)""))",
psdc2026.calicotab.com,psdc2026,"failed: ConnectionError: HTTPSConnectionPool(host='psdc2026.calicotab.com', port=443): Max retries exceeded with url: /api/v1/tournaments/psdc2026/teams (Caused by NameResolutionError(""HTTPSConnection(host='psdc2026.calicotab.com', port=443): Failed to resolve 'psdc2026.calicotab.com' ([Errno 8] nodename nor servname provided, or not known)""))",
seedtournaments.calicotab.com,seedchampionship2024,"failed: ConnectionError: HTTPSConnectionPool(host='seedtournaments.calicotab.com', port=443): Max retries exceeded with url: /api/v1/tournaments/seedchampionship2024/teams (Caused by NameResolutionError(""HTTPSConnection(host='seedtournaments.calicotab.com', port=443): Failed to resolve 'seedtournaments.calicotab.com' ([Errno 8] nodename nor servname provided, or not known)""))",
seedtournaments.calicotab.com,ottawaclassic2024,"failed: ConnectionError: HTTPSConnectionPool(host='seedtournaments.calicotab.com', port=443): Max retries exceeded with url: /api/v1/tournaments/ottawaclassic2024/teams (Caused by NameResolutionError(""HTTPSConnection(host='seedtournaments.calicotab.com', port=443): Failed to resolve 'seedtournaments.calicotab.com' ([Errno 8] nodename nor servname provided, or not known)""))",
summerbonanza.calicotab.com,summerbonanza,"failed: ConnectionError: HTTPSConnectionPool(host='summerbonanza.calicotab.com', port=443): Max retries exceeded with url: /api/v1/tournaments/summerbonanza/teams (Caused by NameResolutionError(""HTTPSConnection(host='summerbonanza.calicotab.com', port=443): Failed to resolve 'summerbonanza.calicotab.com' ([Errno 8] nodename nor servname provided, or not known)""))",
ssdi.calicotab.com,bp2025,"failed: ConnectionError: HTTPSConnectionPool(host='ssdi.calicotab.com', port=443): Max retries exceeded with url: /api/v1/tournaments/bp2025/teams (Caused by NameResolutionError(""HTTPSConnection(host='ssdi.calicotab.com', port=443): Failed to resolve 'ssdi.calicotab.com' ([Errno 8] nodename nor servname provided, or not known)""))",
udm2bp.calicotab.com,UDMBP2,"failed: ConnectionError: HTTPSConnectionPool(host='udm2bp.calicotab.com', port=443): Max retries exceeded with url: /api/v1/tournaments/UDMBP2/teams (Caused by NameResolutionError(""HTTPSConnection(host='udm2bp.calicotab.com', port=443): Failed to resolve 'udm2bp.calicotab.com' ([Errno 8] nodename nor servname provided, or not known)""))",
ff2023.calicotab.com,fastforward23,"failed: ConnectionError: HTTPSConnectionPool(host='ff2023.calicotab.com', port=443): Max retries exceeded with url: /api/v1/tournaments/fastforward23/teams (Caused by NameResolutionError(""HTTPSConnection(host='ff2023.calicotab.com', port=443): Failed to resolve 'ff2023.calicotab.com' ([Errno 8] nodename nor servname provided, or not known)""))",
uwodshst2026.calicotab.com,winter2026,"failed: ConnectionError: HTTPSConnectionPool(host='uwodshst2026.calicotab.com', port=443): Max retries exceeded with url: /api/v1/tournaments/winter2026/teams (Caused by NameResolutionError(""HTTPSConnection(host='uwodshst2026.calicotab.com', port=443): Failed to resolve 'uwodshst2026.calicotab.com' ([Errno 8] nodename nor servname provided, or not known)""))",
uwoso.calicotab.com,woso2024,"failed: ConnectionError: HTTPSConnectionPool(host='uwoso.calicotab.com', port=443): Max retries exceeded with url: /api/v1/tournaments/woso2024/teams (Caused by NameResolutionError(""HTTPSConnection(host='uwoso.calicotab.com', port=443): Failed to resolve 'uwoso.calicotab.com' ([Errno 8] nodename nor servname provided, or not known)""))",
westcanbpchamps.calicotab.com,northerncanadabpchamps,"failed: ConnectionError: HTTPSConnectionPool(host='westcanbpchamps.calicotab.com', port=443): Max retries exceeded with url: /api/v1/tournaments/northerncanadabpchamps/teams (Caused by NameResolutionError(""HTTPSConnection(host='westcanbpchamps.calicotab.com', port=443): Failed to resolve 'westcanbpchamps.calicotab.com' ([Errno 8] nodename nor servname provided, or not known)""))",
westernhighschools.calicotab.com,westernsummer2025,"failed: ConnectionError: HTTPSConnectionPool(host='westernhighschools.calicotab.com', port=443): Max retries exceeded with url: /api/v1/tournaments/westernsummer2025/teams (Caused by NameResolutionError(""HTTPSConnection(host='westernhighschools.calicotab.com', port=443): Failed to resolve 'westernhighschools.calicotab.com' ([Errno 8] nodename nor servname provided, or not known)""))",
xsdc2024.calicotab.com,xsdc2024,"failed: ConnectionError: HTTPSConnectionPool(host='xsdc2024.calicotab.com', port=443): Max retries exceeded with url: /api/v1/tournaments/xsdc2024/teams (Caused by NameResolutionError(""HTTPSConnection(host='xsdc2024.calicotab.com', port=443): Failed to resolve 'xsdc2024.calicotab.com' ([Errno 8] nodename nor servname provided, or not known)""))",
aberdeen.calicotab.com,aberdeen23,already_complete,
aberdeen2024.calicotab.com,aberdeenopen25,already_complete,
aberdeenpreeudc26.calicotab.com,_,already_complete,
aberopen2023.calicotab.com,AberOpen2023,already_complete,
abp2020.calicotab.com,abp2020,already_complete,
abp2021.calicotab.com,abp2021,already_complete,
edudriftbackup.calicotab.com,abp2022,already_complete,
midp.calicotab.com,mabp2023,already_complete,
edudrift.calicotab.com,abp2024,already_complete,
iiumedc.calicotab.com,abp2025,already_complete,
abp2026.calicotab.com,abp2026,already_complete,
speechforces.calicotab.com,ao21,already_complete,
aoix.calicotab.com,ao2023,already_complete,
speechforces.calicotab.com,AOX,already_complete,
speechforces.calicotab.com,AO2025,failed: HTTPError: 401 Client Error: Unauthorized for url: https://speechforces.calicotab.com/api/v1/tournaments/AO2025/teams,
mace.calicotab.com,africaiv2022,already_complete,
mace.calicotab.com,africairongiant,already_complete,
mace.calicotab.com,africaiv2025,already_complete,
mace.calicotab.com,africaiv2026,already_complete,
inspired.calicotab.com,ALRR25,already_complete,
mace1996.calicotab.com,topuniversities2022,already_complete,
mace.calicotab.com,atudc2023,already_complete,
mace.calicotab.com,atudc2024,already_complete,
mace.calicotab.com,atudc2025,already_complete,
mace.calicotab.com,atudc2026,already_complete,
mace.calicotab.com,andl2021,already_complete,
mace.calicotab.com,andl2022,already_complete,
mace.calicotab.com,andl2023,already_complete,
mace.calicotab.com,andl2024,already_complete,
mace1996.calicotab.com,andl2025,already_complete,
akudc24.calicotab.com,akudc24,already_complete,
happybirthday.calicotab.com,agonia,failed: HTTPError: 401 Client Error: Unauthorized for url: https://happybirthday.calicotab.com/api/v1/tournaments/agonia/motions,
debatefoster.calicotab.com,agonia2024,already_complete,
inspired.calicotab.com,Agonia2025,already_complete,
albertaprewudc2026.calicotab.com,albertaprewudc2026,already_complete,
mascot10.calicotab.com,ANUDC2023,already_complete,
anudc.calicotab.com,anudc2024,already_complete,
anudc.calicotab.com,anudc2025,already_complete,
anydc2023.calicotab.com,ANYDC2023,already_complete,
mascot10.calicotab.com,anydc2024,already_complete,
amsterdamopen.calicotab.com,AmsterdamOpen2023,already_complete,
ao2024.calicotab.com,AO24,already_complete,
amsterdamopen2025.calicotab.com,amsterdamopen2025,already_complete,
amsterdampre2026.calicotab.com,amsterdampre2026,already_complete,
anu.calicotab.com,spring21,already_complete,
spring2022.calicotab.com,_,already_complete,
anuspring2023.calicotab.com,anuspring2023,already_complete,
anuspring2024.calicotab.com,ANUSpring2024,failed: HTTPError: 401 Client Error: Unauthorized for url: https://anuspring2024.calicotab.com/api/v1/tournaments/ANUSpring2024/teams,
anuspring2025.calicotab.com,anuspring2025,already_complete,
anuwinter22.calicotab.com,anuwinter22,already_complete,
midp.calicotab.com,aedc2021,already_complete,
Midp.calicotab.com,apad2020,already_complete,
aodcbp22.calicotab.com,aodcbp22,already_complete,
aodcbp2023.calicotab.com,aodcbp23,already_complete,
auw.calicotab.com,auwiv2026,already_complete,
astanaopen2021.calicotab.com,ao2021,already_complete,
astanaopen.calicotab.com,_,already_complete,
ateneoiv2023.calicotab.com,aiv2023,already_complete,
aivpreworlds2023.calicotab.com,aivpw2023,already_complete,
athena2024.calicotab.com,athena24,already_complete,
hdf.calicotab.com,academy2025,already_complete,
athensiv2024.calicotab.com,athensiv2024,already_complete,
athensiv2025.calicotab.com,_,already_complete,
aucklandiv24.calicotab.com,aucklandiv24,already_complete,
aud.calicotab.com,audpreabp2026,already_complete,
aurgumentum.au-tab.app,open2024,already_complete,
aurgumentum.au-tab.app,proams2024,already_complete,
dipo2025.au-tab.app,en,already_complete,
usutabs2022.calicotab.com,abpdc2022,already_complete,
abpdc2023.calicotab.com,abpdc2023,already_complete,
abpdc2024.calicotab.com,abpdc2024,already_complete,
abpdc25.calicotab.com,abpdc2025,already_complete,
bacdebateclub2023.calicotab.com,bacdo23,already_complete,
sserigadebating.calicotab.com,balticopen2023,already_complete,
balticiv24.calicotab.com,balticiv24,already_complete,
balticiv25.calicotab.com,balticiv25,already_complete,
balticiv.calicotab.com,BIV,already_complete,
bdc.calicotab.com,BDCFundraiser2025,already_complete,
bates2021.calicotab.com,bates2021,failed: HTTPError: 401 Client Error: Unauthorized for url: https://bates2021.calicotab.com/api/v1/tournaments/bates2021/teams,
bdidf-bangladesh.calicotab.com,bdidfbangladesh,already_complete,
bdidf.calicotab.com,bdidf,already_complete,
bdidf-pacific.calicotab.com,regional,already_complete,
bdidf-west.calicotab.com,west,already_complete,
bido2025.calicotab.com,bido2025,already_complete,
bido2026.calicotab.com,bido2026,already_complete,
open-communication.calicotab.com,belgrade2022,failed: HTTPError: 401 Client Error: Unauthorized for url: https://open-communication.calicotab.com/api/v1/tournaments/belgrade2022/teams,
opencommunication.calicotab.com,belgradeopen2023,already_complete,
open-communication-2024.calicotab.com,belgradeopen2024,already_complete,
open-communication-2026.calicotab.com,bgopen2026,already_complete,
berkeleyiv2024.calicotab.com,berkeleyiv24,already_complete,
berkeleyiv25.calicotab.com,UCBIV25,already_complete,
berkeleyiv2026.calicotab.com,berkeleyiv26,already_complete,
berlinonlineiv2020.calicotab.com,bivonline2020,already_complete,
berlinopen2025.calicotab.com,berlinopen2025,already_complete,
vaagyudh2024.calicotab.com,vaagyudh,already_complete,
bigboi.calicotab.com,bigboi1,already_complete,
bhamproam.calicotab.com,bhamproam25,already_complete,
birminghamproam26.calicotab.com,BirminghamProAm26,already_complete,
bitspilani.calicotab.com,bppd2021,already_complete,
bitspilanipd.calicotab.com,bppd2022,already_complete,
bitspilanipd.calicotab.com,bppd2023,already_complete,
bppd2024.calicotab.com,bppd2024,already_complete,
bppd2025.calicotab.com,bppd2025,already_complete,
bitsp.calicotab.com,bppd2026,already_complete,
aberdebates23.calicotab.com,bogwall23,already_complete,
bogwall24.calicotab.com,bogwall24,already_complete,
bogwall2025.calicotab.com,Bogwall2025,already_complete,
borneodebate.calicotab.com,bbpdc2026,already_complete,
bracu.calicotab.com,open2024,already_complete,
brazilopen2025.calicotab.com,brazilopen2025,already_complete,
bristolopen2023.calicotab.com,_,already_complete,
bristolopen24.calicotab.com,bristolopen24,already_complete,
bristol2025.calicotab.com,_,already_complete,
bristolproam23.calicotab.com,_,already_complete,
bpam24.calicotab.com,bristolproam24,already_complete,
bristolproam2025.calicotab.com,_,already_complete,
budapestnovice25.calicotab.com,budapestnovice25,already_complete,
budapestdebate.calicotab.com,dynamic,already_complete,
bo2023.calicotab.com,bo2023,already_complete,
budapestopen2024.calicotab.com,budapest2024,failed: HTTPError: 401 Client Error: Unauthorized for url: https://budapestopen2024.calicotab.com/api/v1/tournaments/budapest2024/rounds/6/pairings,
budapestopen2025.calicotab.com,bpo25,already_complete,
bdpstdebate.calicotab.com,pre-eudc-2025,already_complete,
budapestpreeudc26.calicotab.com,budapest-preeudc-2026,already_complete,
bulacaniv2023.calicotab.com,bliv2023,already_complete,
bup.calicotab.com,bupiv25en,already_complete,
cambridgeivfinal.calicotab.com,2022,already_complete,
cambridgeiv2023.calicotab.com,_,already_complete,
cambridge2024.calicotab.com,cambridgeiv2024,already_complete,
cambridgeiv2025.calicotab.com,_,already_complete,
cambridgemini2024.calicotab.com,camini2024,already_complete,
cuds.calicotab.com,bpchamps2020,already_complete,
bpchamps2022.calicotab.com,bpchamps22,already_complete,
bpchamps2023.calicotab.com,bpchamps2023,already_complete,
cudcwaterloo.calicotab.com,cudc2024,already_complete,
cudchalifax.calicotab.com,CUDC2025,already_complete,
capitalismiv2024.calicotab.com,capitalismiv2024,already_complete,
cardiff2024.calicotab.com,c24,already_complete,
cardiff2025.calicotab.com,cardiffopen2025,already_complete,
cidc2026.calicotab.com,cidc2026,failed: HTTPError: 401 Client Error: Unauthorized for url: https://cidc2026.calicotab.com/api/v1/tournaments/cidc2026/teams,
caritasdebate.calicotab.com,caritasdebateopen2025,already_complete,
carletonbpchamps.calicotab.com,bpchamps2022,already_complete,
cdo2025.calicotab.com,cdo2025,already_complete,
cebuproam.calicotab.com,britishparliamentary,already_complete,
leger2024.calicotab.com,Leger2024,already_complete,
leger2025.calicotab.com,leger2025,already_complete,
leger26.calicotab.com,leger,already_complete,
champagneiv2023.calicotab.com,_,already_complete,
champagneiv2024.calicotab.com,champagneiv2024,already_complete,
spu.calicotab.com,champagneiv2025,already_complete,
champagneiv26.calicotab.com,_,already_complete,
chancellors2021.calicotab.com,chancellors2021,already_complete,
chancellors2021.calicotab.com,chancellors2022,already_complete,
qivcc2023.calicotab.com,QIVCC2023,already_complete,
chancellorscup2024.calicotab.com,Chancellorscup2024,already_complete,
chancellorscup2025.calicotab.com,chancellors2025,already_complete,
charchapd.calicotab.com,charchapd25,already_complete,
cfo3.calicotab.com,CFO3,already_complete,
ccpc.calicotab.com,ctgbp2024,already_complete,
chicagoopen.calicotab.com,chicagoopen,already_complete,
cbp2021.calicotab.com,chinabp2021,already_complete,
cudc2025.calicotab.com,cudc,already_complete,
cudc.calicotab.com,cudcnationals22,already_complete,
cudc2023.calicotab.com,cudc2023,failed: HTTPError: 401 Client Error: Unauthorized for url: https://cudc2023.calicotab.com/api/v1/tournaments/cudc2023/rounds/9/pairings,
cudc2024.calicotab.com,_,failed: HTTPError: 401 Client Error: Unauthorized for url: https://cudc2024.calicotab.com/api/v1/tournaments/_/rounds/6/pairings,
supernana.calicotab.com,christmasholidaysiv2025,already_complete,
cidanovicecup2026.calicotab.com,cidanovicecup2026,already_complete,
cida.calicotab.com,viv23,already_complete,
cidanovicecup2026.calicotab.com,visayasintervarsity26,already_complete,
debatefoster.calicotab.com,preanydc24,success,10
cmdlp2021.calicotab.com,cmdlp2021,success,14
cmdlp2025.calicotab.com,CMDLP2025,success,14
cmude2018.calicotab.com,_,"failed: ReadTimeout: HTTPSConnectionPool(host='cmude2018.calicotab.com', port=443): Read timed out. (read timeout=15)",
cmude2019.calicotab.com,cmude2019,success,14
cmudemadrid2020.calicotab.com,cmude2020,success,13
cmudeecuador2021.calicotab.com,cmudeecuador2021,success,13
cmude2022.calicotab.com,cmude2022,success,13
cmude2023.calicotab.com,cmude2023,success,13
cmude2024.calicotab.com,open,success,13
cmude2025.calicotab.com,open,success,13
cmude2026.calicotab.com,open,"failed: ReadTimeout: HTTPSConnectionPool(host='cmude2026.calicotab.com', port=443): Read timed out. (read timeout=15)",
vishcoeptech.calicotab.com,vishbp2025,"failed: ReadTimeout: HTTPSConnectionPool(host='vishcoeptech.calicotab.com', port=443): Read timed out. (read timeout=15)",
colgateopen2021.calicotab.com,colgateopen2021,success,9
colgate2023.calicotab.com,colgate2023,success,8
colgateopen2024.calicotab.com,colgate2024,success,6
colgate2025.calicotab.com,_,success,6
colgateiv.calicotab.com,colgateopen2026,success,6
columbiaiv2025.calicotab.com,columbiaiv2025,success,11
thecudc2024.calicotab.com,_,failed: HTTPError: 401 Client Error: Unauthorized for url: https://thecudc2024.calicotab.com/api/v1/tournaments/_/teams,
connectionsiv.calicotab.com,connectionsiv25,success,7
mace.calicotab.com,cuiv2021,failed: HTTPError: 401 Client Error: Unauthorized for url: https://mace.calicotab.com/api/v1/tournaments/cuiv2021/rounds/7/pairings,
copenhagenonline26.calicotab.com,_,success,10
copenhagen2024.calicotab.com,copenhagen2024,success,10
copenhagenopen25.calicotab.com,_,success,9
cornelliv.calicotab.com,cornell2022,success,9
novicenats2021.calicotab.com,novicenats2021,success,9
novicenats2022.calicotab.com,novicenats2022,success,9
novicenats2024.calicotab.com,novicenats2024,success,8
novicenats2025.calicotab.com,novicenats2025,success,9
novicenats2026.calicotab.com,novicenationals2026,success,9
crawford.calicotab.com,Crudi2025,success,8
curtindebateopen2025.calicotab.com,CDO2025,success,8
eds.calicotab.com,cusidsrpa2024,success,5
daicopen.calicotab.com,daicopen,success,9
dsnpd2022.calicotab.com,dsnpd2022,success,11
debatesymposium.calicotab.com,summerdebatesymposium2025,success,10
debatesymposium.calicotab.com,winterdebatesymposium2025,success,9
debatesymposium.calicotab.com,wds2026,success,8
aberdeen.calicotab.com,aberdeen23,already_complete,
aberdeen2024.calicotab.com,aberdeenopen25,already_complete,
aberdeenpreeudc26.calicotab.com,_,already_complete,
aberopen2023.calicotab.com,AberOpen2023,already_complete,
abp2020.calicotab.com,abp2020,already_complete,
abp2021.calicotab.com,abp2021,already_complete,
edudriftbackup.calicotab.com,abp2022,already_complete,
midp.calicotab.com,mabp2023,already_complete,
edudrift.calicotab.com,abp2024,already_complete,
iiumedc.calicotab.com,abp2025,already_complete,
abp2026.calicotab.com,abp2026,already_complete,
speechforces.calicotab.com,ao21,already_complete,
aoix.calicotab.com,ao2023,already_complete,
speechforces.calicotab.com,AOX,already_complete,
speechforces.calicotab.com,AO2025,failed: HTTPError: 401 Client Error: Unauthorized for url: https://speechforces.calicotab.com/api/v1/tournaments/AO2025/teams,
mace.calicotab.com,africaiv2022,already_complete,
mace.calicotab.com,africairongiant,already_complete,
mace.calicotab.com,africaiv2025,already_complete,
mace.calicotab.com,africaiv2026,already_complete,
inspired.calicotab.com,ALRR25,already_complete,
mace1996.calicotab.com,topuniversities2022,already_complete,
mace.calicotab.com,atudc2023,already_complete,
mace.calicotab.com,atudc2024,already_complete,
mace.calicotab.com,atudc2025,already_complete,
mace.calicotab.com,atudc2026,already_complete,
mace.calicotab.com,andl2021,already_complete,
mace.calicotab.com,andl2022,already_complete,
mace.calicotab.com,andl2023,already_complete,
mace.calicotab.com,andl2024,already_complete,
mace1996.calicotab.com,andl2025,already_complete,
akudc24.calicotab.com,akudc24,already_complete,
happybirthday.calicotab.com,agonia,failed: HTTPError: 401 Client Error: Unauthorized for url: https://happybirthday.calicotab.com/api/v1/tournaments/agonia/motions,
debatefoster.calicotab.com,agonia2024,already_complete,
inspired.calicotab.com,Agonia2025,already_complete,
albertaprewudc2026.calicotab.com,albertaprewudc2026,already_complete,
mascot10.calicotab.com,ANUDC2023,already_complete,
anudc.calicotab.com,anudc2024,already_complete,
anudc.calicotab.com,anudc2025,already_complete,
anydc2023.calicotab.com,ANYDC2023,already_complete,
mascot10.calicotab.com,anydc2024,already_complete,
amsterdamopen.calicotab.com,AmsterdamOpen2023,already_complete,
ao2024.calicotab.com,AO24,already_complete,
amsterdamopen2025.calicotab.com,amsterdamopen2025,already_complete,
amsterdampre2026.calicotab.com,amsterdampre2026,already_complete,
anu.calicotab.com,spring21,already_complete,
spring2022.calicotab.com,_,already_complete,
anuspring2023.calicotab.com,anuspring2023,already_complete,
anuspring2024.calicotab.com,ANUSpring2024,failed: HTTPError: 401 Client Error: Unauthorized for url: https://anuspring2024.calicotab.com/api/v1/tournaments/ANUSpring2024/teams,
anuspring2025.calicotab.com,anuspring2025,already_complete,
anuwinter22.calicotab.com,anuwinter22,already_complete,
midp.calicotab.com,aedc2021,already_complete,
Midp.calicotab.com,apad2020,already_complete,
aodcbp22.calicotab.com,aodcbp22,already_complete,
aodcbp2023.calicotab.com,aodcbp23,already_complete,
auw.calicotab.com,auwiv2026,already_complete,
astanaopen2021.calicotab.com,ao2021,already_complete,
astanaopen.calicotab.com,_,already_complete,
ateneoiv2023.calicotab.com,aiv2023,already_complete,
aivpreworlds2023.calicotab.com,aivpw2023,already_complete,
athena2024.calicotab.com,athena24,already_complete,
hdf.calicotab.com,academy2025,already_complete,
athensiv2024.calicotab.com,athensiv2024,already_complete,
athensiv2025.calicotab.com,_,already_complete,
aucklandiv24.calicotab.com,aucklandiv24,already_complete,
aud.calicotab.com,audpreabp2026,already_complete,
aurgumentum.au-tab.app,open2024,already_complete,
aurgumentum.au-tab.app,proams2024,already_complete,
dipo2025.au-tab.app,en,already_complete,
usutabs2022.calicotab.com,abpdc2022,already_complete,
abpdc2023.calicotab.com,abpdc2023,already_complete,
abpdc2024.calicotab.com,abpdc2024,already_complete,
abpdc25.calicotab.com,abpdc2025,already_complete,
bacdebateclub2023.calicotab.com,bacdo23,already_complete,
sserigadebating.calicotab.com,balticopen2023,already_complete,
balticiv24.calicotab.com,balticiv24,already_complete,
balticiv25.calicotab.com,balticiv25,already_complete,
balticiv.calicotab.com,BIV,already_complete,
bdc.calicotab.com,BDCFundraiser2025,already_complete,
bates2021.calicotab.com,bates2021,failed: HTTPError: 401 Client Error: Unauthorized for url: https://bates2021.calicotab.com/api/v1/tournaments/bates2021/teams,
bdidf-bangladesh.calicotab.com,bdidfbangladesh,already_complete,
bdidf.calicotab.com,bdidf,already_complete,
bdidf-pacific.calicotab.com,regional,already_complete,
bdidf-west.calicotab.com,west,already_complete,
bido2025.calicotab.com,bido2025,already_complete,
bido2026.calicotab.com,bido2026,already_complete,
open-communication.calicotab.com,belgrade2022,failed: HTTPError: 401 Client Error: Unauthorized for url: https://open-communication.calicotab.com/api/v1/tournaments/belgrade2022/teams,
opencommunication.calicotab.com,belgradeopen2023,already_complete,
open-communication-2024.calicotab.com,belgradeopen2024,already_complete,
open-communication-2026.calicotab.com,bgopen2026,already_complete,
berkeleyiv2024.calicotab.com,berkeleyiv24,already_complete,
berkeleyiv25.calicotab.com,UCBIV25,already_complete,
berkeleyiv2026.calicotab.com,berkeleyiv26,already_complete,
berlinonlineiv2020.calicotab.com,bivonline2020,already_complete,
berlinopen2025.calicotab.com,berlinopen2025,already_complete,
vaagyudh2024.calicotab.com,vaagyudh,already_complete,
bigboi.calicotab.com,bigboi1,already_complete,
bhamproam.calicotab.com,bhamproam25,already_complete,
birminghamproam26.calicotab.com,BirminghamProAm26,already_complete,
bitspilani.calicotab.com,bppd2021,already_complete,
bitspilanipd.calicotab.com,bppd2022,already_complete,
bitspilanipd.calicotab.com,bppd2023,already_complete,
bppd2024.calicotab.com,bppd2024,already_complete,
bppd2025.calicotab.com,bppd2025,already_complete,
bitsp.calicotab.com,bppd2026,already_complete,
aberdebates23.calicotab.com,bogwall23,already_complete,
bogwall24.calicotab.com,bogwall24,already_complete,
bogwall2025.calicotab.com,Bogwall2025,already_complete,
borneodebate.calicotab.com,bbpdc2026,already_complete,
bracu.calicotab.com,open2024,already_complete,
brazilopen2025.calicotab.com,brazilopen2025,already_complete,
bristolopen2023.calicotab.com,_,already_complete,
bristolopen24.calicotab.com,bristolopen24,already_complete,
bristol2025.calicotab.com,_,already_complete,
bristolproam23.calicotab.com,_,already_complete,
bpam24.calicotab.com,bristolproam24,already_complete,
bristolproam2025.calicotab.com,_,already_complete,
budapestnovice25.calicotab.com,budapestnovice25,already_complete,
budapestdebate.calicotab.com,dynamic,already_complete,
bo2023.calicotab.com,bo2023,already_complete,
budapestopen2024.calicotab.com,budapest2024,failed: HTTPError: 401 Client Error: Unauthorized for url: https://budapestopen2024.calicotab.com/api/v1/tournaments/budapest2024/rounds/6/pairings,
budapestopen2025.calicotab.com,bpo25,already_complete,
bdpstdebate.calicotab.com,pre-eudc-2025,already_complete,
budapestpreeudc26.calicotab.com,budapest-preeudc-2026,already_complete,
bulacaniv2023.calicotab.com,bliv2023,already_complete,
bup.calicotab.com,bupiv25en,already_complete,
cambridgeivfinal.calicotab.com,2022,already_complete,
cambridgeiv2023.calicotab.com,_,already_complete,
cambridge2024.calicotab.com,cambridgeiv2024,already_complete,
cambridgeiv2025.calicotab.com,_,already_complete,
cambridgemini2024.calicotab.com,camini2024,already_complete,
cuds.calicotab.com,bpchamps2020,already_complete,
bpchamps2022.calicotab.com,bpchamps22,already_complete,
bpchamps2023.calicotab.com,bpchamps2023,already_complete,
cudcwaterloo.calicotab.com,cudc2024,already_complete,
cudchalifax.calicotab.com,CUDC2025,already_complete,
capitalismiv2024.calicotab.com,capitalismiv2024,already_complete,
cardiff2024.calicotab.com,c24,already_complete,
cardiff2025.calicotab.com,cardiffopen2025,already_complete,
cidc2026.calicotab.com,cidc2026,failed: HTTPError: 401 Client Error: Unauthorized for url: https://cidc2026.calicotab.com/api/v1/tournaments/cidc2026/teams,
caritasdebate.calicotab.com,caritasdebateopen2025,already_complete,
carletonbpchamps.calicotab.com,bpchamps2022,already_complete,
cdo2025.calicotab.com,cdo2025,already_complete,
cebuproam.calicotab.com,britishparliamentary,already_complete,
leger2024.calicotab.com,Leger2024,already_complete,
leger2025.calicotab.com,leger2025,already_complete,
leger26.calicotab.com,leger,already_complete,
champagneiv2023.calicotab.com,_,already_complete,
champagneiv2024.calicotab.com,champagneiv2024,already_complete,
spu.calicotab.com,champagneiv2025,already_complete,
champagneiv26.calicotab.com,_,already_complete,
chancellors2021.calicotab.com,chancellors2021,already_complete,
chancellors2021.calicotab.com,chancellors2022,already_complete,
qivcc2023.calicotab.com,QIVCC2023,already_complete,
chancellorscup2024.calicotab.com,Chancellorscup2024,already_complete,
chancellorscup2025.calicotab.com,chancellors2025,already_complete,
charchapd.calicotab.com,charchapd25,already_complete,
cfo3.calicotab.com,CFO3,already_complete,
ccpc.calicotab.com,ctgbp2024,already_complete,
chicagoopen.calicotab.com,chicagoopen,already_complete,
cbp2021.calicotab.com,chinabp2021,already_complete,
cudc2025.calicotab.com,cudc,already_complete,
cudc.calicotab.com,cudcnationals22,already_complete,
cudc2023.calicotab.com,cudc2023,failed: HTTPError: 401 Client Error: Unauthorized for url: https://cudc2023.calicotab.com/api/v1/tournaments/cudc2023/rounds/9/pairings,
cudc2024.calicotab.com,_,failed: HTTPError: 401 Client Error: Unauthorized for url: https://cudc2024.calicotab.com/api/v1/tournaments/_/rounds/6/pairings,
supernana.calicotab.com,christmasholidaysiv2025,already_complete,
cidanovicecup2026.calicotab.com,cidanovicecup2026,already_complete,
cida.calicotab.com,viv23,already_complete,
cidanovicecup2026.calicotab.com,visayasintervarsity26,already_complete,
debatefoster.calicotab.com,preanydc24,already_complete,
cmdlp2021.calicotab.com,cmdlp2021,already_complete,
cmdlp2025.calicotab.com,CMDLP2025,already_complete,
cmude2018.calicotab.com,_,success,15
cmude2019.calicotab.com,cmude2019,already_complete,
cmudemadrid2020.calicotab.com,cmude2020,already_complete,
cmudeecuador2021.calicotab.com,cmudeecuador2021,already_complete,
cmude2022.calicotab.com,cmude2022,already_complete,
cmude2023.calicotab.com,cmude2023,already_complete,
cmude2024.calicotab.com,open,already_complete,
cmude2025.calicotab.com,open,already_complete,
aberdeen.calicotab.com,aberdeen23,already_complete,
aberdeen2024.calicotab.com,aberdeenopen25,already_complete,
aberdeenpreeudc26.calicotab.com,_,already_complete,
aberopen2023.calicotab.com,AberOpen2023,already_complete,
abp2020.calicotab.com,abp2020,already_complete,
abp2021.calicotab.com,abp2021,already_complete,
edudriftbackup.calicotab.com,abp2022,already_complete,
midp.calicotab.com,mabp2023,already_complete,
edudrift.calicotab.com,abp2024,already_complete,
iiumedc.calicotab.com,abp2025,already_complete,
abp2026.calicotab.com,abp2026,already_complete,
speechforces.calicotab.com,ao21,already_complete,
aoix.calicotab.com,ao2023,already_complete,
speechforces.calicotab.com,AOX,already_complete,
speechforces.calicotab.com,AO2025,failed: HTTPError: 401 Client Error: Unauthorized for url: https://speechforces.calicotab.com/api/v1/tournaments/AO2025/teams,
mace.calicotab.com,africaiv2022,already_complete,
mace.calicotab.com,africairongiant,already_complete,
mace.calicotab.com,africaiv2025,already_complete,
mace.calicotab.com,africaiv2026,already_complete,
inspired.calicotab.com,ALRR25,already_complete,
mace1996.calicotab.com,topuniversities2022,already_complete,
mace.calicotab.com,atudc2023,already_complete,
mace.calicotab.com,atudc2024,already_complete,
mace.calicotab.com,atudc2025,already_complete,
mace.calicotab.com,atudc2026,already_complete,
mace.calicotab.com,andl2021,already_complete,
mace.calicotab.com,andl2022,already_complete,
mace.calicotab.com,andl2023,already_complete,
mace.calicotab.com,andl2024,already_complete,
mace1996.calicotab.com,andl2025,already_complete,
akudc24.calicotab.com,akudc24,already_complete,
happybirthday.calicotab.com,agonia,failed: HTTPError: 401 Client Error: Unauthorized for url: https://happybirthday.calicotab.com/api/v1/tournaments/agonia/motions,
debatefoster.calicotab.com,agonia2024,already_complete,
inspired.calicotab.com,Agonia2025,already_complete,
albertaprewudc2026.calicotab.com,albertaprewudc2026,already_complete,
mascot10.calicotab.com,ANUDC2023,already_complete,
anudc.calicotab.com,anudc2024,already_complete,
anudc.calicotab.com,anudc2025,already_complete,
anydc2023.calicotab.com,ANYDC2023,already_complete,
mascot10.calicotab.com,anydc2024,already_complete,
amsterdamopen.calicotab.com,AmsterdamOpen2023,already_complete,
ao2024.calicotab.com,AO24,already_complete,
amsterdamopen2025.calicotab.com,amsterdamopen2025,already_complete,
amsterdampre2026.calicotab.com,amsterdampre2026,already_complete,
anu.calicotab.com,spring21,already_complete,
spring2022.calicotab.com,_,already_complete,
anuspring2023.calicotab.com,anuspring2023,already_complete,
anuspring2024.calicotab.com,ANUSpring2024,failed: HTTPError: 401 Client Error: Unauthorized for url: https://anuspring2024.calicotab.com/api/v1/tournaments/ANUSpring2024/teams,
anuspring2025.calicotab.com,anuspring2025,already_complete,
anuwinter22.calicotab.com,anuwinter22,already_complete,
midp.calicotab.com,aedc2021,already_complete,
Midp.calicotab.com,apad2020,already_complete,
aodcbp22.calicotab.com,aodcbp22,already_complete,
aodcbp2023.calicotab.com,aodcbp23,already_complete,
auw.calicotab.com,auwiv2026,already_complete,
astanaopen2021.calicotab.com,ao2021,already_complete,
astanaopen.calicotab.com,_,already_complete,
ateneoiv2023.calicotab.com,aiv2023,already_complete,
aivpreworlds2023.calicotab.com,aivpw2023,already_complete,
athena2024.calicotab.com,athena24,already_complete,
hdf.calicotab.com,academy2025,already_complete,
athensiv2024.calicotab.com,athensiv2024,already_complete,
athensiv2025.calicotab.com,_,already_complete,
aucklandiv24.calicotab.com,aucklandiv24,already_complete,
aud.calicotab.com,audpreabp2026,already_complete,
aurgumentum.au-tab.app,open2024,already_complete,
aurgumentum.au-tab.app,proams2024,already_complete,
dipo2025.au-tab.app,en,already_complete,
usutabs2022.calicotab.com,abpdc2022,already_complete,
abpdc2023.calicotab.com,abpdc2023,already_complete,
abpdc2024.calicotab.com,abpdc2024,already_complete,
abpdc25.calicotab.com,abpdc2025,already_complete,
bacdebateclub2023.calicotab.com,bacdo23,already_complete,
sserigadebating.calicotab.com,balticopen2023,already_complete,
balticiv24.calicotab.com,balticiv24,already_complete,
balticiv25.calicotab.com,balticiv25,already_complete,
balticiv.calicotab.com,BIV,already_complete,
bdc.calicotab.com,BDCFundraiser2025,already_complete,
bates2021.calicotab.com,bates2021,failed: HTTPError: 401 Client Error: Unauthorized for url: https://bates2021.calicotab.com/api/v1/tournaments/bates2021/teams,
bdidf-bangladesh.calicotab.com,bdidfbangladesh,already_complete,
bdidf.calicotab.com,bdidf,already_complete,
bdidf-pacific.calicotab.com,regional,already_complete,
bdidf-west.calicotab.com,west,already_complete,
bido2025.calicotab.com,bido2025,already_complete,
bido2026.calicotab.com,bido2026,already_complete,
open-communication.calicotab.com,belgrade2022,failed: HTTPError: 401 Client Error: Unauthorized for url: https://open-communication.calicotab.com/api/v1/tournaments/belgrade2022/teams,
opencommunication.calicotab.com,belgradeopen2023,already_complete,
open-communication-2024.calicotab.com,belgradeopen2024,already_complete,
open-communication-2026.calicotab.com,bgopen2026,already_complete,
berkeleyiv2024.calicotab.com,berkeleyiv24,already_complete,
berkeleyiv25.calicotab.com,UCBIV25,already_complete,
berkeleyiv2026.calicotab.com,berkeleyiv26,already_complete,
berlinonlineiv2020.calicotab.com,bivonline2020,already_complete,
berlinopen2025.calicotab.com,berlinopen2025,already_complete,
vaagyudh2024.calicotab.com,vaagyudh,already_complete,
bigboi.calicotab.com,bigboi1,already_complete,
bhamproam.calicotab.com,bhamproam25,already_complete,
birminghamproam26.calicotab.com,BirminghamProAm26,already_complete,
bitspilani.calicotab.com,bppd2021,already_complete,
bitspilanipd.calicotab.com,bppd2022,already_complete,
bitspilanipd.calicotab.com,bppd2023,already_complete,
bppd2024.calicotab.com,bppd2024,already_complete,
bppd2025.calicotab.com,bppd2025,already_complete,
bitsp.calicotab.com,bppd2026,already_complete,
aberdebates23.calicotab.com,bogwall23,already_complete,
bogwall24.calicotab.com,bogwall24,already_complete,
bogwall2025.calicotab.com,Bogwall2025,already_complete,
borneodebate.calicotab.com,bbpdc2026,already_complete,
bracu.calicotab.com,open2024,already_complete,
brazilopen2025.calicotab.com,brazilopen2025,already_complete,
bristolopen2023.calicotab.com,_,already_complete,
bristolopen24.calicotab.com,bristolopen24,already_complete,
bristol2025.calicotab.com,_,already_complete,
bristolproam23.calicotab.com,_,already_complete,
bpam24.calicotab.com,bristolproam24,already_complete,
bristolproam2025.calicotab.com,_,already_complete,
budapestnovice25.calicotab.com,budapestnovice25,already_complete,
budapestdebate.calicotab.com,dynamic,already_complete,
bo2023.calicotab.com,bo2023,already_complete,
budapestopen2024.calicotab.com,budapest2024,failed: HTTPError: 401 Client Error: Unauthorized for url: https://budapestopen2024.calicotab.com/api/v1/tournaments/budapest2024/rounds/6/pairings,
budapestopen2025.calicotab.com,bpo25,already_complete,
bdpstdebate.calicotab.com,pre-eudc-2025,already_complete,
budapestpreeudc26.calicotab.com,budapest-preeudc-2026,already_complete,
bulacaniv2023.calicotab.com,bliv2023,already_complete,
bup.calicotab.com,bupiv25en,already_complete,
cambridgeivfinal.calicotab.com,2022,already_complete,
cambridgeiv2023.calicotab.com,_,already_complete,
cambridge2024.calicotab.com,cambridgeiv2024,already_complete,
cambridgeiv2025.calicotab.com,_,already_complete,
cambridgemini2024.calicotab.com,camini2024,already_complete,
cuds.calicotab.com,bpchamps2020,already_complete,
bpchamps2022.calicotab.com,bpchamps22,already_complete,
bpchamps2023.calicotab.com,bpchamps2023,already_complete,
cudcwaterloo.calicotab.com,cudc2024,already_complete,
cudchalifax.calicotab.com,CUDC2025,already_complete,
capitalismiv2024.calicotab.com,capitalismiv2024,already_complete,
cardiff2024.calicotab.com,c24,already_complete,
cardiff2025.calicotab.com,cardiffopen2025,already_complete,
cidc2026.calicotab.com,cidc2026,failed: HTTPError: 401 Client Error: Unauthorized for url: https://cidc2026.calicotab.com/api/v1/tournaments/cidc2026/teams,
caritasdebate.calicotab.com,caritasdebateopen2025,already_complete,
carletonbpchamps.calicotab.com,bpchamps2022,already_complete,
cdo2025.calicotab.com,cdo2025,already_complete,
cebuproam.calicotab.com,britishparliamentary,already_complete,
leger2024.calicotab.com,Leger2024,already_complete,
leger2025.calicotab.com,leger2025,already_complete,
leger26.calicotab.com,leger,already_complete,
champagneiv2023.calicotab.com,_,already_complete,
champagneiv2024.calicotab.com,champagneiv2024,already_complete,
spu.calicotab.com,champagneiv2025,already_complete,
champagneiv26.calicotab.com,_,already_complete,
chancellors2021.calicotab.com,chancellors2021,already_complete,
chancellors2021.calicotab.com,chancellors2022,already_complete,
qivcc2023.calicotab.com,QIVCC2023,already_complete,
chancellorscup2024.calicotab.com,Chancellorscup2024,already_complete,
chancellorscup2025.calicotab.com,chancellors2025,already_complete,
charchapd.calicotab.com,charchapd25,already_complete,
cfo3.calicotab.com,CFO3,already_complete,
ccpc.calicotab.com,ctgbp2024,already_complete,
chicagoopen.calicotab.com,chicagoopen,already_complete,
cbp2021.calicotab.com,chinabp2021,already_complete,
cudc2025.calicotab.com,cudc,already_complete,
cudc.calicotab.com,cudcnationals22,already_complete,
cudc2023.calicotab.com,cudc2023,failed: HTTPError: 401 Client Error: Unauthorized for url: https://cudc2023.calicotab.com/api/v1/tournaments/cudc2023/rounds/9/pairings,
cudc2024.calicotab.com,_,failed: HTTPError: 401 Client Error: Unauthorized for url: https://cudc2024.calicotab.com/api/v1/tournaments/_/rounds/6/pairings,
supernana.calicotab.com,christmasholidaysiv2025,already_complete,
cidanovicecup2026.calicotab.com,cidanovicecup2026,already_complete,
cida.calicotab.com,viv23,already_complete,
cidanovicecup2026.calicotab.com,visayasintervarsity26,already_complete,
debatefoster.calicotab.com,preanydc24,already_complete,
cmdlp2021.calicotab.com,cmdlp2021,already_complete,
cmdlp2025.calicotab.com,CMDLP2025,already_complete,
cmude2018.calicotab.com,_,already_complete,
cmude2019.calicotab.com,cmude2019,already_complete,
cmudemadrid2020.calicotab.com,cmude2020,already_complete,
cmudeecuador2021.calicotab.com,cmudeecuador2021,already_complete,
cmude2022.calicotab.com,cmude2022,already_complete,
cmude2023.calicotab.com,cmude2023,already_complete,
cmude2024.calicotab.com,open,already_complete,
cmude2025.calicotab.com,open,already_complete,
cmude2026.calicotab.com,open,success,14
vishcoeptech.calicotab.com,vishbp2025,success,7
colgateopen2021.calicotab.com,colgateopen2021,already_complete,
colgate2023.calicotab.com,colgate2023,already_complete,
colgateopen2024.calicotab.com,colgate2024,already_complete,
colgate2025.calicotab.com,_,already_complete,
colgateiv.calicotab.com,colgateopen2026,already_complete,
columbiaiv2025.calicotab.com,columbiaiv2025,already_complete,
thecudc2024.calicotab.com,_,failed: HTTPError: 401 Client Error: Unauthorized for url: https://thecudc2024.calicotab.com/api/v1/tournaments/_/teams,
connectionsiv.calicotab.com,connectionsiv25,already_complete,
mace.calicotab.com,cuiv2021,failed: HTTPError: 401 Client Error: Unauthorized for url: https://mace.calicotab.com/api/v1/tournaments/cuiv2021/rounds/7/pairings,
copenhagenonline26.calicotab.com,_,already_complete,
copenhagen2024.calicotab.com,copenhagen2024,already_complete,
copenhagenopen25.calicotab.com,_,already_complete,
cornelliv.calicotab.com,cornell2022,already_complete,
novicenats2021.calicotab.com,novicenats2021,already_complete,
novicenats2022.calicotab.com,novicenats2022,already_complete,
novicenats2024.calicotab.com,novicenats2024,already_complete,
novicenats2025.calicotab.com,novicenats2025,already_complete,
novicenats2026.calicotab.com,novicenationals2026,already_complete,
crawford.calicotab.com,Crudi2025,already_complete,
curtindebateopen2025.calicotab.com,CDO2025,already_complete,
eds.calicotab.com,cusidsrpa2024,already_complete,
daicopen.calicotab.com,daicopen,already_complete,
dsnpd2022.calicotab.com,dsnpd2022,already_complete,
debatesymposium.calicotab.com,summerdebatesymposium2025,already_complete,
debatesymposium.calicotab.com,winterdebatesymposium2025,already_complete,
debatesymposium.calicotab.com,wds2026,already_complete,
dmd2020.calicotab.com,derozio2020,success,11
dialectica.calicotab.com,dialecticabpd2025,success,7
vaagyudh2024.calicotab.com,dialectica2024,success,10
dialectixproam2023.calicotab.com,proam22,success,8
dilimandebateopen.calicotab.com,ddo2022,success,9
dilimandebateopen.calicotab.com,ddo23,success,13
aberdeen.calicotab.com,aberdeen23,already_complete,
aberdeen2024.calicotab.com,aberdeenopen25,already_complete,
aberdeenpreeudc26.calicotab.com,_,already_complete,
aberopen2023.calicotab.com,AberOpen2023,already_complete,
abp2020.calicotab.com,abp2020,already_complete,
abp2021.calicotab.com,abp2021,already_complete,
edudriftbackup.calicotab.com,abp2022,already_complete,
midp.calicotab.com,mabp2023,already_complete,
edudrift.calicotab.com,abp2024,already_complete,
iiumedc.calicotab.com,abp2025,already_complete,
abp2026.calicotab.com,abp2026,already_complete,
speechforces.calicotab.com,ao21,already_complete,
aoix.calicotab.com,ao2023,already_complete,
speechforces.calicotab.com,AOX,already_complete,
speechforces.calicotab.com,AO2025,failed: HTTPError: 401 Client Error: Unauthorized for url: https://speechforces.calicotab.com/api/v1/tournaments/AO2025/teams,
mace.calicotab.com,africaiv2022,already_complete,
mace.calicotab.com,africairongiant,already_complete,
mace.calicotab.com,africaiv2025,already_complete,
mace.calicotab.com,africaiv2026,already_complete,
inspired.calicotab.com,ALRR25,already_complete,
mace1996.calicotab.com,topuniversities2022,already_complete,
mace.calicotab.com,atudc2023,already_complete,
mace.calicotab.com,atudc2024,already_complete,
mace.calicotab.com,atudc2025,already_complete,
mace.calicotab.com,atudc2026,already_complete,
mace.calicotab.com,andl2021,already_complete,
mace.calicotab.com,andl2022,already_complete,
mace.calicotab.com,andl2023,already_complete,
mace.calicotab.com,andl2024,already_complete,
mace1996.calicotab.com,andl2025,already_complete,
akudc24.calicotab.com,akudc24,already_complete,
happybirthday.calicotab.com,agonia,failed: HTTPError: 401 Client Error: Unauthorized for url: https://happybirthday.calicotab.com/api/v1/tournaments/agonia/motions,
debatefoster.calicotab.com,agonia2024,already_complete,
inspired.calicotab.com,Agonia2025,already_complete,
albertaprewudc2026.calicotab.com,albertaprewudc2026,already_complete,
mascot10.calicotab.com,ANUDC2023,already_complete,
anudc.calicotab.com,anudc2024,already_complete,
anudc.calicotab.com,anudc2025,already_complete,
anydc2023.calicotab.com,ANYDC2023,already_complete,
mascot10.calicotab.com,anydc2024,already_complete,
amsterdamopen.calicotab.com,AmsterdamOpen2023,already_complete,
ao2024.calicotab.com,AO24,already_complete,
amsterdamopen2025.calicotab.com,amsterdamopen2025,already_complete,
amsterdampre2026.calicotab.com,amsterdampre2026,already_complete,
anu.calicotab.com,spring21,already_complete,
spring2022.calicotab.com,_,already_complete,
anuspring2023.calicotab.com,anuspring2023,already_complete,
anuspring2024.calicotab.com,ANUSpring2024,failed: HTTPError: 401 Client Error: Unauthorized for url: https://anuspring2024.calicotab.com/api/v1/tournaments/ANUSpring2024/teams,
anuspring2025.calicotab.com,anuspring2025,already_complete,
anuwinter22.calicotab.com,anuwinter22,already_complete,
midp.calicotab.com,aedc2021,already_complete,
Midp.calicotab.com,apad2020,already_complete,
aodcbp22.calicotab.com,aodcbp22,already_complete,
aodcbp2023.calicotab.com,aodcbp23,already_complete,
auw.calicotab.com,auwiv2026,already_complete,
astanaopen2021.calicotab.com,ao2021,already_complete,
astanaopen.calicotab.com,_,already_complete,
ateneoiv2023.calicotab.com,aiv2023,already_complete,
aivpreworlds2023.calicotab.com,aivpw2023,already_complete,
athena2024.calicotab.com,athena24,already_complete,
hdf.calicotab.com,academy2025,already_complete,
athensiv2024.calicotab.com,athensiv2024,already_complete,
athensiv2025.calicotab.com,_,already_complete,
aucklandiv24.calicotab.com,aucklandiv24,already_complete,
aud.calicotab.com,audpreabp2026,already_complete,
aurgumentum.au-tab.app,open2024,already_complete,
aurgumentum.au-tab.app,proams2024,already_complete,
dipo2025.au-tab.app,en,already_complete,
usutabs2022.calicotab.com,abpdc2022,already_complete,
abpdc2023.calicotab.com,abpdc2023,already_complete,
abpdc2024.calicotab.com,abpdc2024,already_complete,
abpdc25.calicotab.com,abpdc2025,already_complete,
bacdebateclub2023.calicotab.com,bacdo23,already_complete,
sserigadebating.calicotab.com,balticopen2023,already_complete,
balticiv24.calicotab.com,balticiv24,already_complete,
balticiv25.calicotab.com,balticiv25,already_complete,
balticiv.calicotab.com,BIV,already_complete,
bdc.calicotab.com,BDCFundraiser2025,already_complete,
bates2021.calicotab.com,bates2021,failed: HTTPError: 401 Client Error: Unauthorized for url: https://bates2021.calicotab.com/api/v1/tournaments/bates2021/teams,
bdidf-bangladesh.calicotab.com,bdidfbangladesh,already_complete,
bdidf.calicotab.com,bdidf,already_complete,
bdidf-pacific.calicotab.com,regional,already_complete,
bdidf-west.calicotab.com,west,already_complete,
bido2025.calicotab.com,bido2025,already_complete,
bido2026.calicotab.com,bido2026,already_complete,
open-communication.calicotab.com,belgrade2022,failed: HTTPError: 401 Client Error: Unauthorized for url: https://open-communication.calicotab.com/api/v1/tournaments/belgrade2022/teams,
opencommunication.calicotab.com,belgradeopen2023,already_complete,
open-communication-2024.calicotab.com,belgradeopen2024,already_complete,
open-communication-2026.calicotab.com,bgopen2026,already_complete,
berkeleyiv2024.calicotab.com,berkeleyiv24,already_complete,
berkeleyiv25.calicotab.com,UCBIV25,already_complete,
berkeleyiv2026.calicotab.com,berkeleyiv26,already_complete,
berlinonlineiv2020.calicotab.com,bivonline2020,already_complete,
berlinopen2025.calicotab.com,berlinopen2025,already_complete,
vaagyudh2024.calicotab.com,vaagyudh,already_complete,
bigboi.calicotab.com,bigboi1,already_complete,
bhamproam.calicotab.com,bhamproam25,already_complete,
birminghamproam26.calicotab.com,BirminghamProAm26,already_complete,
bitspilani.calicotab.com,bppd2021,already_complete,
bitspilanipd.calicotab.com,bppd2022,already_complete,
bitspilanipd.calicotab.com,bppd2023,already_complete,
bppd2024.calicotab.com,bppd2024,already_complete,
bppd2025.calicotab.com,bppd2025,already_complete,
bitsp.calicotab.com,bppd2026,already_complete,
aberdebates23.calicotab.com,bogwall23,already_complete,
bogwall24.calicotab.com,bogwall24,already_complete,
bogwall2025.calicotab.com,Bogwall2025,already_complete,
borneodebate.calicotab.com,bbpdc2026,already_complete,
bracu.calicotab.com,open2024,already_complete,
brazilopen2025.calicotab.com,brazilopen2025,already_complete,
bristolopen2023.calicotab.com,_,already_complete,
bristolopen24.calicotab.com,bristolopen24,already_complete,
bristol2025.calicotab.com,_,already_complete,
bristolproam23.calicotab.com,_,already_complete,
bpam24.calicotab.com,bristolproam24,already_complete,
bristolproam2025.calicotab.com,_,already_complete,
budapestnovice25.calicotab.com,budapestnovice25,already_complete,
budapestdebate.calicotab.com,dynamic,already_complete,
bo2023.calicotab.com,bo2023,already_complete,
budapestopen2024.calicotab.com,budapest2024,failed: HTTPError: 401 Client Error: Unauthorized for url: https://budapestopen2024.calicotab.com/api/v1/tournaments/budapest2024/rounds/6/pairings,
budapestopen2025.calicotab.com,bpo25,already_complete,
bdpstdebate.calicotab.com,pre-eudc-2025,already_complete,
budapestpreeudc26.calicotab.com,budapest-preeudc-2026,already_complete,
bulacaniv2023.calicotab.com,bliv2023,already_complete,
bup.calicotab.com,bupiv25en,already_complete,
cambridgeivfinal.calicotab.com,2022,already_complete,
cambridgeiv2023.calicotab.com,_,already_complete,
cambridge2024.calicotab.com,cambridgeiv2024,already_complete,
cambridgeiv2025.calicotab.com,_,already_complete,
cambridgemini2024.calicotab.com,camini2024,already_complete,
cuds.calicotab.com,bpchamps2020,already_complete,
bpchamps2022.calicotab.com,bpchamps22,already_complete,
bpchamps2023.calicotab.com,bpchamps2023,already_complete,
cudcwaterloo.calicotab.com,cudc2024,already_complete,
cudchalifax.calicotab.com,CUDC2025,already_complete,
capitalismiv2024.calicotab.com,capitalismiv2024,already_complete,
cardiff2024.calicotab.com,c24,already_complete,
cardiff2025.calicotab.com,cardiffopen2025,already_complete,
cidc2026.calicotab.com,cidc2026,failed: HTTPError: 401 Client Error: Unauthorized for url: https://cidc2026.calicotab.com/api/v1/tournaments/cidc2026/teams,
caritasdebate.calicotab.com,caritasdebateopen2025,already_complete,
carletonbpchamps.calicotab.com,bpchamps2022,already_complete,
cdo2025.calicotab.com,cdo2025,already_complete,
cebuproam.calicotab.com,britishparliamentary,already_complete,
leger2024.calicotab.com,Leger2024,already_complete,
leger2025.calicotab.com,leger2025,already_complete,
leger26.calicotab.com,leger,already_complete,
champagneiv2023.calicotab.com,_,already_complete,
champagneiv2024.calicotab.com,champagneiv2024,already_complete,
spu.calicotab.com,champagneiv2025,already_complete,
champagneiv26.calicotab.com,_,already_complete,
chancellors2021.calicotab.com,chancellors2021,already_complete,
chancellors2021.calicotab.com,chancellors2022,already_complete,
qivcc2023.calicotab.com,QIVCC2023,already_complete,
chancellorscup2024.calicotab.com,Chancellorscup2024,already_complete,
chancellorscup2025.calicotab.com,chancellors2025,already_complete,
charchapd.calicotab.com,charchapd25,already_complete,
cfo3.calicotab.com,CFO3,already_complete,
ccpc.calicotab.com,ctgbp2024,already_complete,
chicagoopen.calicotab.com,chicagoopen,already_complete,
cbp2021.calicotab.com,chinabp2021,already_complete,
cudc2025.calicotab.com,cudc,already_complete,
cudc.calicotab.com,cudcnationals22,already_complete,
cudc2023.calicotab.com,cudc2023,failed: HTTPError: 401 Client Error: Unauthorized for url: https://cudc2023.calicotab.com/api/v1/tournaments/cudc2023/rounds/9/pairings,
cudc2024.calicotab.com,_,failed: HTTPError: 401 Client Error: Unauthorized for url: https://cudc2024.calicotab.com/api/v1/tournaments/_/rounds/6/pairings,
supernana.calicotab.com,christmasholidaysiv2025,already_complete,
cidanovicecup2026.calicotab.com,cidanovicecup2026,already_complete,
cida.calicotab.com,viv23,already_complete,
cidanovicecup2026.calicotab.com,visayasintervarsity26,already_complete,
debatefoster.calicotab.com,preanydc24,already_complete,
cmdlp2021.calicotab.com,cmdlp2021,already_complete,
cmdlp2025.calicotab.com,CMDLP2025,already_complete,
cmude2018.calicotab.com,_,already_complete,
cmude2019.calicotab.com,cmude2019,already_complete,
cmudemadrid2020.calicotab.com,cmude2020,already_complete,
cmudeecuador2021.calicotab.com,cmudeecuador2021,already_complete,
cmude2022.calicotab.com,cmude2022,already_complete,
cmude2023.calicotab.com,cmude2023,already_complete,
cmude2024.calicotab.com,open,already_complete,
cmude2025.calicotab.com,open,already_complete,
cmude2026.calicotab.com,open,already_complete,
vishcoeptech.calicotab.com,vishbp2025,already_complete,
colgateopen2021.calicotab.com,colgateopen2021,already_complete,
colgate2023.calicotab.com,colgate2023,already_complete,
colgateopen2024.calicotab.com,colgate2024,already_complete,
colgate2025.calicotab.com,_,already_complete,
colgateiv.calicotab.com,colgateopen2026,already_complete,
columbiaiv2025.calicotab.com,columbiaiv2025,already_complete,
thecudc2024.calicotab.com,_,failed: HTTPError: 401 Client Error: Unauthorized for url: https://thecudc2024.calicotab.com/api/v1/tournaments/_/teams,
connectionsiv.calicotab.com,connectionsiv25,already_complete,
mace.calicotab.com,cuiv2021,failed: HTTPError: 401 Client Error: Unauthorized for url: https://mace.calicotab.com/api/v1/tournaments/cuiv2021/rounds/7/pairings,
copenhagenonline26.calicotab.com,_,already_complete,
copenhagen2024.calicotab.com,copenhagen2024,already_complete,
copenhagenopen25.calicotab.com,_,already_complete,
cornelliv.calicotab.com,cornell2022,already_complete,
novicenats2021.calicotab.com,novicenats2021,already_complete,
novicenats2022.calicotab.com,novicenats2022,already_complete,
novicenats2024.calicotab.com,novicenats2024,already_complete,
novicenats2025.calicotab.com,novicenats2025,already_complete,
novicenats2026.calicotab.com,novicenationals2026,already_complete,
crawford.calicotab.com,Crudi2025,already_complete,
curtindebateopen2025.calicotab.com,CDO2025,already_complete,
eds.calicotab.com,cusidsrpa2024,already_complete,
daicopen.calicotab.com,daicopen,already_complete,
dsnpd2022.calicotab.com,dsnpd2022,already_complete,
debatesymposium.calicotab.com,summerdebatesymposium2025,already_complete,
debatesymposium.calicotab.com,winterdebatesymposium2025,already_complete,
debatesymposium.calicotab.com,wds2026,already_complete,
dmd2020.calicotab.com,derozio2020,already_complete,
dialectica.calicotab.com,dialecticabpd2025,already_complete,
vaagyudh2024.calicotab.com,dialectica2024,already_complete,
dialectixproam2023.calicotab.com,proam22,already_complete,
dilimandebateopen.calicotab.com,ddo2022,already_complete,
dilimandebateopen.calicotab.com,ddo23,already_complete,
ddo2025.calicotab.com,ddo2025,success,8
ddopw.calicotab.com,ddopw2025,success,10
dilimanintervarsity.calicotab.com,2024,success,9
dilimandebating.calicotab.com,dilimanpreabp23,success,10
dilimanpreabp25.calicotab.com,dilimanpreabp25,success,9
dpwudc2025.calicotab.com,dpwudc2025,success,8
dkwieninvitational.calicotab.com,dkwienmini23,success,6
jrktpd2024.calicotab.com,jrktpd2024,success,7
jrktpd2024.calicotab.com,jrktpd2025,success,10
doxbridge-1.calicotab.com,doxbridge,success,8
doxbridge-2.calicotab.com,doxbridge2,success,12
doxbridge-3.calicotab.com,doxbridge3,success,14
doxbridge-four.calicotab.com,doxbridge4,success,14
doxbridge-prewudc.calicotab.com,prewudc,success,14
doxbridge-worlds.calicotab.com,east,success,10
doxbridge-worlds.calicotab.com,unified,success,12
doxbridge-worlds.calicotab.com,west,success,10
drexelopen2023.calicotab.com,_,success,10
drexel2024.calicotab.com,drexel2024,success,9
drexelopen2025.calicotab.com,drexel25,success,7
drexelopen2026.calicotab.com,_,success,8
drexelprewudc2025.calicotab.com,_,success,10
dsdc2021.calicotab.com,dsdc,success,8
dtumonsoons2024.calicotab.com,dtumonsoons2024,success,10
dtumonsoons2025.calicotab.com,dtumonsoons2025,success,9
dtumonsoons2026.calicotab.com,_,success,9
dtupd2021.calicotab.com,dtupd2021,success,10
dtupd2023.calicotab.com,dtupd2023,success,10
dtupd2024.calicotab.com,dtupd2024,"failed: ReadTimeout: HTTPSConnectionPool(host='dtupd2024.calicotab.com', port=443): Read timed out. (read timeout=15)",
dtupd25.calicotab.com,dtupd2025,"failed: ReadTimeout: HTTPSConnectionPool(host='dtupd25.calicotab.com', port=443): Read timed out. (read timeout=15)",
dtupreworlds2025.calicotab.com,dtupreworlds2025,"failed: ReadTimeout: HTTPSConnectionPool(host='dtupreworlds2025.calicotab.com', port=443): Read timed out. (read timeout=15)",
duds.calicotab.com,du_nationals_iv25,"failed: ReadTimeout: HTTPSConnectionPool(host='duds.calicotab.com', port=443): Read timed out. (read timeout=15)",
mukhtalif2025.calicotab.com,mukhtalif2026,"failed: ReadTimeout: HTTPSConnectionPool(host='mukhtalif2025.calicotab.com', port=443): Read timed out. (read timeout=15)",
7th-vitark.calicotab.com,vitark2022,"failed: ReadTimeout: HTTPSConnectionPool(host='7th-vitark.calicotab.com', port=443): Read timed out. (read timeout=15)",
vitark2024.calicotab.com,vitark2025,success,8
bhaavarth2024.calicotab.com,bhaavarthpd24,success,9
bhaavarth2024.calicotab.com,bhaavarthpreWUDC,success,7
filibusterpd25.calicotab.com,filibusterpd25,success,6
manzar2022.calicotab.com,manzar2022,failed: HTTPError: 401 Client Error: Unauthorized for url: https://manzar2022.calicotab.com/api/v1/tournaments/manzar2022/teams,
manzar2023.calicotab.com,manzar2023,success,11
manzar2024.calicotab.com,manzar2024,success,10
manzar.calicotab.com,Manzar,success,10
manzar26.calicotab.com,Manzar_2026,success,11
sbs.calicotab.com,sbsbpd22,success,10
sbs.calicotab.com,sbsbpd23,success,8
sbs.calicotab.com,sbsbpd24,success,10
sbs.calicotab.com,sbsbpd25,success,8
sbs.calicotab.com,sbsbpd26,success,8
logicia2026.calicotab.com,logicia2026,success,5
peoplespeak2024.calicotab.com,peoplespeak2024,success,10
peoplespeak2025.calicotab.com,peoplespeak2025,success,9
rifaaqat.calicotab.com,_,success,7
dukeopen2022.calicotab.com,duke2022,success,8
durhamiv2021.calicotab.com,iv,success,10
durhamiv2022.calicotab.com,_,success,8
durhamiv2023.calicotab.com,durhamiv2023,success,8
durhamiv2024.calicotab.com,durhamiv2024,success,8
durhamiv2025.calicotab.com,durhamiv2025,success,8
ddl2024.calicotab.com,DDL,success,4
ddl2025.calicotab.com,DDL25,success,7
earlsfortopen2021.calicotab.com,earlsfortopen2021,success,6
earlsfort2023.calicotab.com,_,success,8
earlsfort2024.calicotab.com,earslfort2024,success,8
earlsfortopen2025.calicotab.com,earlsfortopen2025,success,8
eaudc24.calicotab.com,eaudc24,success,9
pratijjav19.calicotab.com,EastIndiaPre-Worlds,success,10
muhib.calicotab.com,EMO,success,10
debatefoster.calicotab.com,ecoiv2024,success,7
tabtastic.calicotab.com,econopen,success,7
edinburgh.calicotab.com,edcup22,success,8
edcup23.calicotab.com,edcup23,success,8
edicup2024.calicotab.com,EdCup2024,success,8
edcup25.calicotab.com,_,success,8
ednn.calicotab.com,EdNN,success,4
edidebates.calicotab.com,edopen23,success,8
muhib.calicotab.com,EduceDisdcDebte,success,9
eindhovenopen2025.calicotab.com,EindhovenOpen2025,success,8
summerwars2022.calicotab.com,EVC2024,success,8
inspired.calicotab.com,empire2026,success,13
enbp2024.calicotab.com,enbp2024,success,10
erasmusnovice2023.calicotab.com,ErasmusNovice2023,success,4
ero2023.calicotab.com,_,success,8
ero2024.calicotab.com,ERO2024,success,7
dialectica.calicotab.com,Eristic2024,success,10
argument.calicotab.com,BPpro-am2023,success,5
argument.calicotab.com,bpproam2025,success,6
argument.calicotab.com,suveaka2025eng,success,5
eudc2020.calicotab.com,eudc2020,success,16
eudc2021.calicotab.com,eudc2021,success,14
eudc2022.calicotab.com,eudc2022,success,14
eudc2023.calicotab.com,_,success,16
eudc2024.calicotab.com,_,success,16
eudc2025.calicotab.com,_,success,16
eudc2026.calicotab.com,_,failed: HTTPError: 401 Client Error: Unauthorized for url: https://eudc2026.calicotab.com/api/v1/tournaments/_/teams,
tabtastic.calicotab.com,eudcchallenge2021,success,5
zhmasud.calicotab.com,euphorianoviceopen,failed: HTTPError: 401 Client Error: Unauthorized for url: https://zhmasud.calicotab.com/api/v1/tournaments/euphorianoviceopen/rounds/3/pairings,
europeanroundrobin26.calicotab.com,err26,success,6
exeinv2025.calicotab.com,ExeInv2025,success,6
exeteropen2024.calicotab.com,exeteropen2024,success,6
exeteropen2025.calicotab.com,exeteropen2025,success,6
exeteropen2026.calicotab.com,exeter2026,success,5
fastiv25.calicotab.com,fastivkhi25,success,7
guindon2024.calicotab.com,guindon2024,success,10
bigboi.calicotab.com,fhdoxbbo-bp,success,8
fsopen2023.calicotab.com,FSO2023,failed: HTTPError: 401 Client Error: Unauthorized for url: https://fsopen2023.calicotab.com/api/v1/tournaments/FSO2023/teams,
tshi.calicotab.com,fsopen2024,success,8
tshi.calicotab.com,fsiv2025,success,7
inspired.calicotab.com,ADSL25,success,29
gareebpreabp.calicotab.com,gareebpreabp2026,success,8
lucien.calicotab.com,GO2025,failed: HTTPError: 401 Client Error: Unauthorized for url: https://lucien.calicotab.com/api/v1/tournaments/GO2025/teams,
gndc2025.calicotab.com,gndc25,success,10
gudc2022.calicotab.com,GUDC2022,success,15
knustgudc23.calicotab.com,gudc23,success,15
gudc24.calicotab.com,gudc2024,success,15
ghnationals.calicotab.com,gudc2025,success,15
gikiiv2026.calicotab.com,gikiiv26,success,7
gik.calicotab.com,pre-wudc-2025,success,9
glasgowancients2022.calicotab.com,2022,success,7
guu2023.calicotab.com,ancients2023,success,7
glasgowancients24.calicotab.com,_,success,7
glasgowancients2025.calicotab.com,glasgowancients2025,success,7
glasgowancients2026.calicotab.com,glasgowancients2026,success,7
summercup2022.calicotab.com,_,success,8
glasgowsummer2023.calicotab.com,_,success,10
glasgowsummer2024.calicotab.com,_,success,10
glasgowsummercup2025.calicotab.com,glasgowsummercup2025,success,10
glasgowsummercup2026.calicotab.com,glasgowsummercup2026,success,9
glc2021.calicotab.com,glc2021,success,10
theglcdebate.calicotab.com,theglcdebate2023,success,8
theglcdebate.calicotab.com,theglcdebate2024,success,8
theglcdebate.calicotab.com,theglcdebate2025,success,9
theglcdebate.calicotab.com,theglcdebate2026,success,9
mace.calicotab.com,globaleslrr2021,success,6
tabtastic.calicotab.com,groningen2021,success,8
cuhkszedt00.calicotab.com,gdc2022,success,11
gdc2023.calicotab.com,gdc2023,success,10
gdc2024.calicotab.com,GDC2024,success,12
gdc2025.calicotab.com,GDC2025,success,12
gurgaon2026.calicotab.com,gurgaon26,success,7
habibpreworlds2022.calicotab.com,habibpreworlds2022,success,9
hudc2021.calicotab.com,hudc2021,success,8
habib2024.calicotab.com,HUDC2024,success,7
hudc2025.calicotab.com,HUDC2025,success,8
hdo2025.calicotab.com,HDO2025,success,11
hadzabe-prewudc.calicotab.com,prewudc22,success,8
hrcdeb2021.calicotab.com,hansrajdebate21,success,8
hansrajpd2026.calicotab.com,HansrajPD2026,success,7
hansrajpd2024.calicotab.com,hansrajpd2024,success,9
hhas25.calicotab.com,hhas25,success,6
hhiv2020.calicotab.com,hhiv2020,success,10
hhiv2021.calicotab.com,HHIV2021,success,11
hhiv2022.calicotab.com,hhiv2022,success,10
hhiv2023.calicotab.com,hhiv2023,success,10
hhiv2024.calicotab.com,_,success,10
hhiv25.calicotab.com,hhiv25,success,10
hbp22.calicotab.com,hbp2022,success,9
mace1996.calicotab.com,heartsafire,success,5
mace.calicotab.com,heartsaffire2026,success,6
helsinkiopen2021.calicotab.com,helsinki2021,success,8
hituiv2025.calicotab.com,hituiv2025,success,9
hochiminhdebateopen2024.calicotab.com,hcmdo24,success,10
knusthogwarts.calicotab.com,hrr22,success,6
knusthogwarts.calicotab.com,hogwarts2023,success,11
knusthogwarts.calicotab.com,hogwarts2024,success,11
kds.calicotab.com,Hogwarts2k25,failed: HTTPError: 401 Client Error: Unauthorized for url: https://kds.calicotab.com/api/v1/tournaments/Hogwarts2k25/teams,
kds.calicotab.com,HRR2026,success,11
hollatzdebates2021.calicotab.com,hollatz2021,success,6
hkdc2023.calicotab.com,hkdc2023,success,9
hkdc2024.calicotab.com,HKDC-2024,success,10
hkdo2024.calicotab.com,hkdo2024,success,12
hugill2020.calicotab.com,hugill2020,success,7
dnn.calicotab.com,hrd2021,success,7
humanities2025.calicotab.com,ho2025,success,7
hsda2024.calicotab.com,hsda2024,success,8
hwsiv2021.calicotab.com,iv,failed: HTTPError: 401 Client Error: Unauthorized for url: https://hwsiv2021.calicotab.com/api/v1/tournaments/iv/teams,
hwsrr2023.calicotab.com,hwsrr2023,failed: HTTPError: 401 Client Error: Unauthorized for url: https://hwsrr2023.calicotab.com/api/v1/tournaments/hwsrr2023/teams,
hwsrr2024.calicotab.com,hwsrr2024,success,11
hwsrr2025.calicotab.com,_,success,11
hwsrr2026.calicotab.com,_,failed: HTTPError: 401 Client Error: Unauthorized for url: https://hwsrr2026.calicotab.com/api/v1/tournaments/_/teams,
hypotheticalopen.calicotab.com,_,failed: HTTPError: 401 Client Error: Unauthorized for url: https://hypotheticalopen.calicotab.com/api/v1/tournaments/_/teams,
hypotheticalopen.calicotab.com,2,success,6
hypotheticalopen2026.calicotab.com,_,success,5
ignite1.calicotab.com,ignite2023,success,10
debatefoster.calicotab.com,ignite2024,success,8
iimapd24.calicotab.com,iimapd2024,success,9
iimapd25.calicotab.com,iimapd25,success,7
iima2026.calicotab.com,iimapd,success,8
13iitdebate.calicotab.com,13-IITB-Debate,success,11
iitbombaydebate2022.calicotab.com,iitbombaydebate2022,failed: HTTPError: 401 Client Error: Unauthorized for url: https://iitbombaydebate2022.calicotab.com/api/v1/tournaments/iitbombaydebate2022/teams,
15thiitbombaydebate.calicotab.com,15thiitbombaydebate2023,success,10
16thiitbombaydebate.calicotab.com,16thiitb,success,11
17thiitbombaydebate.calicotab.com,17thiitb,success,10
18thiitbombaydebate.calicotab.com,18thiitb,success,9
19thiitbombaydebate.calicotab.com,19thiitb,success,11
iitkpd2026.calicotab.com,iitkpd2026,success,7
kgppd2026.calicotab.com,kgppd26,success,9
iitmpd.calicotab.com,iitmpd26,success,9
iitroorkee.calicotab.com,iitrpd2025,success,10
iitbgrandprix.calicotab.com,iitb2024,success,10
iitmpd.calicotab.com,iitmpd24,success,10
iiuminterschooldebatingchampionship2023.calicotab.com,iiumopen2024,success,9
ilnubpd2023.calicotab.com,2023,success,10
ilnubpd2024.calicotab.com,ilnubpd,success,9
ilnuroundrobin.calicotab.com,ilnurr2025,success,6
iniv2022.calicotab.com,iniv2022,success,11
mace1996.calicotab.com,expose4,success,8
unilorin.calicotab.com,EVC2023,success,9
unilorin.calicotab.com,EVC25,success,8
unilorin.calicotab.com,WWVI,success,10
imperialchatgptopen2024.calicotab.com,chatgpt2024,success,7
imperialiv2022.calicotab.com,_,success,11
imperialiv24.calicotab.com,impiv24,success,7
imperialiv25.calicotab.com,_,success,7
imperialiv2026.calicotab.com,imperialiv2026,success,7
imperialnovices2022.calicotab.com,_,success,6
imperialnovices2025.calicotab.com,imperialnovices2025,success,7
imperialonlineopen2025.calicotab.com,imperialonlineopen2025,success,9
imperialprewudc.calicotab.com,imperialprewudc2025,success,10
dialectica.calicotab.com,indiaabpfundraiser,success,10
dialectica.calicotab.com,indiapreabp2026,success,10
indiawudcfundraiser.calicotab.com,_,success,9
ufd.calicotab.com,ido24,success,9
ufd.calicotab.com,autumnbp24,success,7
ufd.calicotab.com,indopacificbp24,success,10
ufd.calicotab.com,preabp24,success,10
ufd.calicotab.com,preabp25,success,9
ufd.calicotab.com,ProAm24,success,8
nudc2024.au-tab.app,national,success,16
saveafather.calicotab.com,innertempleiv2021,success,6
inneriv25.calicotab.com,InnerIV25,success,6
innertemple26.calicotab.com,harrisonplate,success,5
debatnusantara2024.au-tab.app,ind2024,success,9
intertext.calicotab.com,inbp2023,success,9
intertext.calicotab.com,ipabp2023,success,9
intertext.calicotab.com,ipabp2024,success,8
intertext.calicotab.com,ipado2023,success,9
intertext.calicotab.com,ipa2024,success,8
irishnovices25.calicotab.com,_,success,5
idltournaments2024.calicotab.com,englishcup24,success,5
idltournaments2026.calicotab.com,englishcup25,success,5
idltournaments2024.calicotab.com,englishopen2024,success,5
idltournaments2024.calicotab.com,engopen2025,success,4
idltournaments2026.calicotab.com,englishopen2026,success,5
idltournaments2026.calicotab.com,minispringchallenge2026,success,5
idltournaments2024.calicotab.com,Newbies2024,success,4
idltournaments2026.calicotab.com,newbies2026,success,4
idltournaments2026.calicotab.com,NIV2026,success,4
istanbulopen30international.calicotab.com,istanbulopen30,success,6
tabserverofturkey.calicotab.com,istanbulopen26,success,9
tabserverofturkey.calicotab.com,ihuinternationalopen2025,success,4
braceytab.calicotab.com,IV2026,success,8
japanbp2024.calicotab.com,24jbp,success,9
japanbp2025.calicotab.com,_,success,10
jindaldebsoc.calicotab.com,jindaldebate2026,success,7
johnshopkinsopen2022.calicotab.com,jhu2022,success,11
jhuprewudc2023.calicotab.com,jhuprewudc2023,success,10
mace.calicotab.com,jr22,success,10
jozirumble.calicotab.com,jozirumble2023,success,12
jr2024.calicotab.com,jozirumble2024,failed: HTTPError: 500 Server Error: Internal Server Error for url: https://jr2024.calicotab.com/api/v1/tournaments/jozirumble2024/rounds/3/pairings,
jr2025.calicotab.com,jr2025,success,13
nix.calicotab.com,JR26,success,12
jpduautumn2024.calicotab.com,_,success,9
autumntournament.calicotab.com,autumntournament2025,success,8
01-rean.calicotab.com,ko-23,success,9
2001rean.calicotab.com,KO2024,failed: HTTPError: 500 Server Error: Internal Server Error for url: https://2001rean.calicotab.com/api/v1/tournaments/KO2024/rounds/2/pairings,
debatefoster.calicotab.com,KO2025,success,11
inspired.calicotab.com,KO2026,success,11
kasiyana.calicotab.com,kasiyana2025,success,10
kcliv25.calicotab.com,kcliv25,success,8
kingsnovices2024.calicotab.com,kingsnovices2024,success,7
kclopen2021.calicotab.com,kclopen2021,success,12
kclopen2022.calicotab.com,kclopen,success,8
kclopen2024.calicotab.com,kclopen2024,success,9
kclopen25.calicotab.com,kclopen25,success,9
kclopen2025.calicotab.com,kclpreeudc2025,success,10
kclproam2020.calicotab.com,kclproam2020,success,7
kclproam.calicotab.com,kclpa21,success,7
kclproam2022.calicotab.com,kclpa2022,success,7
kdo2026.calicotab.com,kdo2026,success,8
keioiv2026.calicotab.com,keioiv2026,success,8
khalsapreabp2025.calicotab.com,khalsapreabp25,success,8
kudc.calicotab.com,KiambuNairobi25,success,9
kidaopen2023.calicotab.com,kidaopen2023,failed: HTTPError: 401 Client Error: Unauthorized for url: https://kidaopen2023.calicotab.com/api/v1/tournaments/kidaopen2023/teams,
kidaopen2024.calicotab.com,kidaopen2024,success,8
kinnairdurduopen21.calicotab.com,kcdcenglish22,success,9
kinnairdurduopen21.calicotab.com,kcdc23english,success,7
kinnairdurduopen21.calicotab.com,Kcdceng2024,failed: HTTPError: 401 Client Error: Unauthorized for url: https://kinnairdurduopen21.calicotab.com/api/v1/tournaments/Kcdceng2024/rounds/7/pairings,
kinnairdurduopen21.calicotab.com,KCDC25,success,7
kmcirongiant.calicotab.com,kmcirongiant,success,9
knustopen2024.calicotab.com,_,success,8
kds.calicotab.com,vcc23,success,8
braceytab.calicotab.com,2025VCC,success,7
kontrakorapcup.calicotab.com,kkc2025,success,14
snudaxhufsknc.calicotab.com,hdsnudaknc2024,success,14
kudchydsknc2025.calicotab.com,kudchydsknc2025,success,14
mkdsdaeknc2025.calicotab.com,mkdsdaeknc2025,success,11
snudaxhdskncap2026.calicotab.com,2026apknc,success,13
kdotab.calicotab.com,kdo22,success,11
kumasi.calicotab.com,kdo23,success,13
kumasi.calicotab.com,kdo24,success,14
kumasi.calicotab.com,kdo2025,success,15
kumasi.calicotab.com,kdo2026,success,14
kyivopen2021.calicotab.com,kyiv,success,7
qdo.calicotab.com,qdo2024,success,8
stevehunt.calicotab.com,shc25,success,8
debatefoster.calicotab.com,LVO2024,success,10
unilagdebate.calicotab.com,ldo2023,success,8
unilagdebate.calicotab.com,ldo2025,success,8
lancasteriv.calicotab.com,lancaster25,success,5
lantugi.calicotab.com,novicecup24,success,11
lnc.calicotab.com,lnc2025,success,11
ldsgoldencup25.calicotab.com,ldsgoldencup25,success,7
leidenopen23.calicotab.com,leidenopen23,success,8
leidenopen2024.calicotab.com,_,success,9
lo2025.calicotab.com,lo2025,success,8
lo2026.calicotab.com,LO2026,success,8
linkbate-6-2022.calicotab.com,linkbate,success,10
linkbate2024.calicotab.com,linkbate,success,10
mersey.calicotab.com,LDU,success,4
liverpool23.calicotab.com,Liverpool23,success,7
liverpooliv2024.calicotab.com,liv24,success,7
liverpool25.calicotab.com,liverpool25,success,7
liverpooliv2026.calicotab.com,liverpooliv2026,success,7
tab.debate.si,lj-iv-22,success,7
tab.debate.si,lj-iv-23,success,9
tab.debate.si,lj-iv-24,success,8
tab.debate.si,lj-pre-wudc-25,success,8
lorddorchester.calicotab.com,dorch2024,failed: HTTPError: 401 Client Error: Unauthorized for url: https://lorddorchester.calicotab.com/api/v1/tournaments/dorch2024/teams,
lorddorchester.calicotab.com,dorch2025,success,9
dorchestercup2026.calicotab.com,dorchestercup2026,success,8
loyoladebateopen2.calicotab.com,loyoladebateopen2,success,10
loyoladebateopen3.calicotab.com,loyoladebateopen3,success,11
lsetabs.calicotab.com,lseiv2022,success,8
lsexiv.calicotab.com,lsexiv,success,10
lseiv2024.calicotab.com,_,failed: HTTPError: 401 Client Error: Unauthorized for url: https://lseiv2024.calicotab.com/api/v1/tournaments/_/teams,
lseiv2025.calicotab.com,lseiv2025,success,10
lseopen2022.calicotab.com,_,success,11
lseopen2023.calicotab.com,_,success,9
lseopen2024.calicotab.com,lsexopen2024,success,10
lseopen2025.calicotab.com,_,success,10
lseopen2026.calicotab.com,_,success,10
lsekclnovices.calicotab.com,lsekclnovices25,success,7
lums.calicotab.com,lumsiv21,failed: HTTPError: 401 Client Error: Unauthorized for url: https://lums.calicotab.com/api/v1/tournaments/lumsiv21/teams,
lums.calicotab.com,lumsiv2023,success,8
lums.calicotab.com,lumsiv24,failed: HTTPError: 401 Client Error: Unauthorized for url: https://lums.calicotab.com/api/v1/tournaments/lumsiv24/teams,
lums.calicotab.com,lumsiv25,success,7
lums.calicotab.com,lumsiv2026,success,10
lums.calicotab.com,lumspreabp2024,success,10
luzonintervarsity.calicotab.com,liv2021,success,12
luzonintervarsity.calicotab.com,liv2022,success,10
luzonintervarsity.calicotab.com,liv2023,success,10
maastricht2025.calicotab.com,maastricht2025,success,7
mdo2024.calicotab.com,mdo2024,success,12
macaudebateopen2025.calicotab.com,macaudebateopen2025,success,12
macaudebateopen26.calicotab.com,macau2026,success,12
mactabs2022.calicotab.com,macproam2022,success,7
mactabs2025.calicotab.com,macpa2025,already_complete,
mactabs2026.calicotab.com,macproam26,already_complete,
dnn.calicotab.com,ms2021,failed: HTTPError: 401 Client Error: Unauthorized for url: https://dnn.calicotab.com/api/v1/tournaments/ms2021/teams,
dnn.calicotab.com,ms2024,already_complete,
makdo.calicotab.com,makdo2023,already_complete,
midp.calicotab.com,MBP2021,already_complete,
midp.calicotab.com,malaysiabp2022,already_complete,
midp.calicotab.com,malaysiabp2023,already_complete,
midp.calicotab.com,malaysiabp2024,failed: HTTPError: 401 Client Error: Unauthorized for url: https://midp.calicotab.com/api/v1/tournaments/malaysiabp2024/teams,
malaydo2024.calicotab.com,mdo2024,already_complete,
wolce.calicotab.com,mnidc2020,already_complete,
wolce.calicotab.com,mnidc2021,already_complete,
wolce.calicotab.com,mnidc2022,already_complete,
maradebates.calicotab.com,mnidc2023,already_complete,
unimasdebates.calicotab.com,mnidc2024,already_complete,
udosuniten.calicotab.com,mnidc25,already_complete,
modo.calicotab.com,modo2025,success,10
mapdebate.calicotab.com,mapwudc2025,success,9
manchesteriv2023.calicotab.com,manchesteriv,success,8
manchesteriv2024.calicotab.com,Manchester2024,success,7
manchesteriv25.calicotab.com,_,success,8
manchesteriv2026.calicotab.com,manchesteriv2026,success,8
mannov23.calicotab.com,_,failed: HTTPError: 401 Client Error: Unauthorized for url: https://mannov23.calicotab.com/api/v1/tournaments/_/teams,
manchesternovices.calicotab.com,novices2024,success,6
manchesternovices2025.calicotab.com,2025,success,7
manilaprewudc.calicotab.com,manilaprewudc2025,success,10
afterfreedom.calicotab.com,MM25,success,7
debatefoster.calicotab.com,masharikdebate2024,success,8
mashujaa.calicotab.com,mashujaa09,success,9
mashujaa.calicotab.com,mashujaa10,success,9
mashujaa.calicotab.com,mashujaa11,success,9
mashujaa.calicotab.com,mashujaa122024,success,9
mashujaa.calicotab.com,mashujaa132024,success,8
mashujaa.calicotab.com,mashujaa142025,success,10
mashujaa.calicotab.com,mashujaa152025,success,9
mkdsopen.calicotab.com,mkdsopen2026,success,7
centralnovs2022.calicotab.com,centralnovs2022,success,10
centralnov2024.calicotab.com,centralnov2024,success,9
centralnov2025.calicotab.com,centralnov2025,success,9
mcgilliv2024.calicotab.com,iv,success,9
mdu.calicotab.com,mcgilliv25,success,9
mcgilliv26.calicotab.com,mcgilliv26,success,9
macproams2021.calicotab.com,proams2022,success,7
melbmini2020.calicotab.com,melbmini2020,success,10
metaiv2021.calicotab.com,metaiv2021,success,5
middiv2024.calicotab.com,middiv24,success,8
middiv2026.calicotab.com,middiv2026,success,6
mindanaointervarsity.calicotab.com,miv2022,success,12
48thmpdc.calicotab.com,48thmpdc,success,10
theorangecapitaldebate.calicotab.com,ocd2025,failed: HTTPError: 401 Client Error: Unauthorized for url: https://theorangecapitaldebate.calicotab.com/api/v1/tournaments/ocd2025/motions,
mad2024.calicotab.com,madprewudc2023,success,10
monashprewudc.calicotab.com,monashprewudc2025,success,10
lnuidccountymeet2024.calicotab.com,mdo2024,success,8
moraytaintervarsity2024.calicotab.com,moriv2024,success,6
mnbpd2025.calicotab.com,mnbpd2025,success,10
mnmpreabp25.calicotab.com,mnbpdpreabp2025,success,9
mumbaifundraisers.calicotab.com,mumbaidebateopen26,success,9
mumbaiprewudc2025.calicotab.com,mumbaiprewudc25,success,9
munichopen2026.calicotab.com,munich2026,success,8
nasparopen.calicotab.com,nasparopen2021,success,9
naspar2023.calicotab.com,naspar2023,success,9
nasparprewudc2023.calicotab.com,nasparprewudc2023,success,9
ndo2023.calicotab.com,ndo2023,success,9
ayiraacademy.calicotab.com,indaba1024,success,9
ayiraacademy.calicotab.com,indaba42025,success,9
nalsariv2021.calicotab.com,Nalsariv2021,success,10
nalsariv2022.calicotab.com,nalsariv22,success,9
nalsariv2023.calicotab.com,nalsariv2023,success,11
sbinalsariv2024.calicotab.com,nalsariv2024,success,10
thenalsariv.calicotab.com,nalsariv2025,success,11
naudc2021.calicotab.com,_,success,10
naudc2023.calicotab.com,naudc2023,success,11
naudc2024.calicotab.com,naudc2024,success,14
naudc2025.calicotab.com,naudc2025,success,12
naudc2026.calicotab.com,_,success,11
neadc.calicotab.com,neadc,success,13
neadc2022.calicotab.com,2022,success,15
edudrift.calicotab.com,neadc2023,success,15
neadc2024.calicotab.com,neadc2024,success,11
edudrift.calicotab.com,neadc2025,success,11
ndsa.calicotab.com,ndo2021,success,10
nsut.calicotab.com,nsmpd25,success,8
nzsbp2025.calicotab.com,nzsbp2025,success,8
newmanproam.calicotab.com,_,success,7
ngome.calicotab.com,ngtoc2026,success,11
nhsdlc.calicotab.com,nhsdlc-bp-2023,success,14
thuiv2024.calicotab.com,nhsdlcbpo2024,success,12
nhsdlcbpopen.calicotab.com,nhsdlcbp2025,success,12
nhsdlcbpopen2025.calicotab.com,dlcbp2025,success,12
2026nhsdlcbpopen.calicotab.com,dlcbp2026,success,12
nhsdlc2026.calicotab.com,nhsdlcbp2026,success,10
ndcopenx.calicotab.com,NDCopenX,failed: HTTPError: 401 Client Error: Unauthorized for url: https://ndcopenx.calicotab.com/api/v1/tournaments/NDCopenX/motions,
ndc-awari2025.calicotab.com,NDCXI,success,9
rrngtoc.calicotab.com,rrtoc2024,success,6
nijmegen2023.calicotab.com,nijmegen2023,success,7
nijmegen2024.calicotab.com,nijmegen2024,success,7
xbpdnluo.calicotab.com,XNLUOBPD25,success,8
xinluobpd.calicotab.com,NLUOPD26,success,9
nordicopen2026.calicotab.com,nordicopen2026,success,8
nlbp2024.calicotab.com,nlbp2024,"failed: ReadTimeout: HTTPSConnectionPool(host='nlbp2024.calicotab.com', port=443): Read timed out. (read timeout=15)",
nlid2025.calicotab.com,nlid2025,success,11
nsu.calicotab.com,dialogue25,success,8
nova2024.calicotab.com,Nova2024,success,7
norwichiv2026.calicotab.com,norwichiv2026,success,8
norwichmini2025.calicotab.com,norwichmini2025,success,5
norwichonline25.calicotab.com,norwichonline25,success,8
nottsnovs25.calicotab.com,NottsNovs2025,success,7
nualspd2026.calicotab.com,nualspd2026,success,8
nuspreworlds.calicotab.com,_,success,8
odesa-esl.calicotab.com,odesa2021,failed: HTTPError: 401 Client Error: Unauthorized for url: https://odesa-esl.calicotab.com/api/v1/tournaments/odesa2021/teams,
ukrainedebates.calicotab.com,odesa2023,success,10
olympia.calicotab.com,olympiainvitational2023,success,10
opencoast.calicotab.com,pre-gudc24,success,11
opencoast.calicotab.com,pre-gudc2025,success,8
osakaiv2024.calicotab.com,_,success,11
eds.calicotab.com,ottawaiv2025,success,9
eds.calicotab.com,ottawaiv2026,success,8
ottawa27wudc.calicotab.com,ottawaopen2025,success,10
eds.calicotab.com,ottawaroundrobin2025,success,11
eds.calicotab.com,ottawaroundrobin2026,success,11
ottawasummer2026.calicotab.com,_,success,12
oxfordcharity25.calicotab.com,_,success,7
oxfordcharity26.calicotab.com,_,success,9
oxfordcharity26.calicotab.com,iii,success,11
oxford2021.calicotab.com,oxfordiv2021,success,13
oxfordiv2022.calicotab.com,_,success,10
oxfordiv2023.calicotab.com,_,failed: HTTPError: 401 Client Error: Unauthorized for url: https://oxfordiv2023.calicotab.com/api/v1/tournaments/_/teams,
oxiv2024.calicotab.com,_,success,10
oxfordiv2025.calicotab.com,_,success,10
pakdebateforum.calicotab.com,open2025,success,9
awdppakistanopen.calicotab.com,pakdo2021,success,10
pakdebateforum.calicotab.com,pakistanpreabp,success,12
pdc2023.calicotab.com,_,success,5
parliamatebp2025.calicotab.com,parliamatebp2025,success,9
mace.calicotab.com,paudc2021,success,13
paudc2022.calicotab.com,PAUDC2022,success,13
nutifafapaudc.calicotab.com,paudc2023,success,13
paudc2024.calicotab.com,paudcK24,success,13
lucien.calicotab.com,paudc2025,success,13
pearlpd.calicotab.com,pearlbpd2021,success,11
pkuproam24.calicotab.com,pkuproam24,success,9
pkuproam25.calicotab.com,_,success,9
pkuproam26.calicotab.com,_,success,9
pennwsdc2024.calicotab.com,ppw2024,success,10
pmiv25.calicotab.com,petermaguire25,success,8
pidc2021.calicotab.com,pidc2021,failed: HTTPError: 401 Client Error: Unauthorized for url: https://pidc2021.calicotab.com/api/v1/tournaments/pidc2021/teams,
ndcdiliman2022.calicotab.com,NDCDiliman2022,success,13
ndc2024.calicotab.com,hermosa,success,13
ndc2025.calicotab.com,ndc2025,success,14
pipers.calicotab.com,pipers,success,7
idc25.calicotab.com,idc2025,success,6
poznanopen2026.calicotab.com,poznanopen2026,success,8
pragueopen2024.calicotab.com,_,success,8
pragueopen2025.calicotab.com,_,success,8
prativaad.calicotab.com,prativaad25,success,8
preeudcchallenge2024mini.calicotab.com,_,success,5
presido2026.calicotab.com,_,success,10
ppiv2021.calicotab.com,ppiv2021,success,8
stukudebate2025.calicotab.com,stubate2025,success,5
stkdebate26.calicotab.com,stuku2026,failed: HTTPError: 500 Server Error: Internal Server Error for url: https://stkdebate26.calicotab.com/api/v1/tournaments/stuku2026/rounds/1/pairings,
princetoniv2021.calicotab.com,princetoniv2021,success,11
princetoniv2023.calicotab.com,princeton23,success,11
princetoniv2024.calicotab.com,princetoniv2024,success,11
princetoniv2025.calicotab.com,princetoniv25,success,11
paqo2020.calicotab.com,proam,failed: HTTPError: 401 Client Error: Unauthorized for url: https://paqo2020.calicotab.com/api/v1/tournaments/proam/teams,
qdep2526.calicotab.com,qdopenbp2526,success,11
tabtastic.calicotab.com,qmiv2021,success,7
queenmarytournaments.calicotab.com,qmiv25,success,6
qmulopen26.calicotab.com,qmulopen26,success,7
qubopen.calicotab.com,qubopen2026,success,8
rmlpd2025.calicotab.com,rmlpd26,success,9
pakdebateforum.calicotab.com,rdo2024,success,10
pakdebateforum.calicotab.com,rdo2025,success,10
pakdebateforum.calicotab.com,rdo2026,success,8
ramaiah.calicotab.com,RRR21,success,11
randompa5.calicotab.com,rpav,success,9
rclpd2024.calicotab.com,rclpd24,success,9
rclpd2025.calicotab.com,rclpd25,success,10
riversstateuniversityopen.calicotab.com,rsuopen2025,success,7
rmlbpd23.calicotab.com,rmlbpd2023,success,10
rotterdampreeudc.calicotab.com,rotterdampreeudc,success,10
rrac22.calicotab.com,rrac2022,success,7
samuelayodele.calicotab.com,rrac2023,success,8
rrac24.calicotab.com,anniversarycup2024,success,7
rrac.calicotab.com,rrac2025,success,9
mace.calicotab.com,RPDA2021,success,7
mace.calicotab.com,rpdainternals2022,success,6
mace.calicotab.com,prepaudc2022,success,8
mace.calicotab.com,rpdapre-paudc2023,success,8
mace.calicotab.com,pre-paudc24,success,8
mace.calicotab.com,rpdapre_paudc2025,success,8
rpmd2021.calicotab.com,rpmd21,success,12
rvdt.calicotab.com,rvdt2021,success,10
rvdt.calicotab.com,rvdt2023,success,6
stamesa23.calicotab.com,stamesa23,success,10
smdo24.calicotab.com,stamesa24,success,11
scotlandpreeudc2026.calicotab.com,scotlandpreeudc2026,success,10
scottishmace.calicotab.com,Mace2022,success,7
mace2024.calicotab.com,mace24,success,7
mace2025.calicotab.com,mace2025,success,7
scottishmace2026.calicotab.com,scottishmace2026,success,7
seakaysancupii.calicotab.com,kaysancupii,success,8
suiv23.calicotab.com,seattleiv2023,success,10
suiv24yodl.calicotab.com,suiv24yodl,success,10
suiv2025.calicotab.com,suiv2025,success,10
suiv2022.calicotab.com,seattleiv2021,success,9
seattleiv2022online.calicotab.com,seattleiv22online,success,5
suonlinemini23.calicotab.com,suonlinemini2023,success,6
seattle2024fri.calicotab.com,seattlefri24,success,6
suiv2025.calicotab.com,suiv2025online,success,6
siv2025.calicotab.com,seriousiv2025,success,10
seriousiv2026.calicotab.com,_,success,8
severncup23.calicotab.com,severncup,success,5
severn25.calicotab.com,severn25,success,6
shahjiwana.calicotab.com,SIDC25,success,10
sidc.calicotab.com,sidc,success,9
sidc2024.calicotab.com,SIDC2024,success,11
sit.calicotab.com,sit2025,success,14
sndo2023.calicotab.com,sndo2023,success,11
sndo2024.calicotab.com,sndo2024,success,10
sndo25.calicotab.com,sndo25,success,11
sheffieldiv2023.calicotab.com,sheffieldiv2023,success,5
sheffieldnovices23.calicotab.com,sheffieldnovices2023,success,8
sheffieldproam26.calicotab.com,sheffield26,success,5
shivajienglishpd.calicotab.com,shivajipd26,success,10
srcc.calicotab.com,shrirampreabp2021,success,8
srcc.calicotab.com,shrirampreabp2022,success,8
srbp2023.calicotab.com,srbp2023,success,11
srbp2024.calicotab.com,srbp2024,success,10
srbp25.calicotab.com,srbp25,success,9
debsocsrcc.calicotab.com,srbp2026,success,8
shumenonlineopen2026.calicotab.com,_,success,8
sido22.calicotab.com,sido22,failed: HTTPError: 401 Client Error: Unauthorized for url: https://sido22.calicotab.com/api/v1/tournaments/sido22/motions,
sido23.calicotab.com,sido2023,success,13
sido2024.calicotab.com,sido,failed: HTTPError: 401 Client Error: Unauthorized for url: https://sido2024.calicotab.com/api/v1/tournaments/sido/rounds/10/pairings,
sido2025.calicotab.com,sido2025,success,17
sido2026.calicotab.com,sido2026,"failed: ConnectionError: HTTPSConnectionPool(host='sido2026.calicotab.com', port=443): Max retries exceeded with url: /api/v1/tournaments/sido2026/rounds/5/pairings/588350/ballots (Caused by NameResolutionError(""HTTPSConnection(host='sido2026.calicotab.com', port=443): Failed to resolve 'sido2026.calicotab.com' ([Errno 8] nodename nor servname provided, or not known)""))",
sdo2024.calicotab.com,sdo2024,"failed: ConnectionError: HTTPSConnectionPool(host='sdo2024.calicotab.com', port=443): Max retries exceeded with url: /api/v1/tournaments/sdo2024/teams (Caused by NameResolutionError(""HTTPSConnection(host='sdo2024.calicotab.com', port=443): Failed to resolve 'sdo2024.calicotab.com' ([Errno 8] nodename nor servname provided, or not known)""))",
sdo2025.calicotab.com,_,"failed: ConnectionError: HTTPSConnectionPool(host='sdo2025.calicotab.com', port=443): Max retries exceeded with url: /api/v1/tournaments/_/teams (Caused by NameResolutionError(""HTTPSConnection(host='sdo2025.calicotab.com', port=443): Failed to resolve 'sdo2025.calicotab.com' ([Errno 8] nodename nor servname provided, or not known)""))",
mofturniri.calicotab.com,skopjeopen2025,"failed: ConnectionError: HTTPSConnectionPool(host='mofturniri.calicotab.com', port=443): Max retries exceeded with url: /api/v1/tournaments/skopjeopen2025/teams (Caused by NameResolutionError(""HTTPSConnection(host='mofturniri.calicotab.com', port=443): Failed to resolve 'mofturniri.calicotab.com' ([Errno 8] nodename nor servname provided, or not known)""))",
smartdebates2020.calicotab.com,sdmini,"failed: ConnectionError: HTTPSConnectionPool(host='smartdebates2020.calicotab.com', port=443): Max retries exceeded with url: /api/v1/tournaments/sdmini/teams (Caused by NameResolutionError(""HTTPSConnection(host='smartdebates2020.calicotab.com', port=443): Failed to resolve 'smartdebates2020.calicotab.com' ([Errno 8] nodename nor servname provided, or not known)""))",
smartdebates2020.calicotab.com,sd2021,"failed: ConnectionError: HTTPSConnectionPool(host='smartdebates2020.calicotab.com', port=443): Max retries exceeded with url: /api/v1/tournaments/sd2021/teams (Caused by NameResolutionError(""HTTPSConnection(host='smartdebates2020.calicotab.com', port=443): Failed to resolve 'smartdebates2020.calicotab.com' ([Errno 8] nodename nor servname provided, or not known)""))",
www.smvitdebsoctab.com,smvitpd2024,"failed: ConnectionError: HTTPSConnectionPool(host='www.smvitdebsoctab.com', port=443): Max retries exceeded with url: /api/v1/tournaments/smvitpd2024/teams (Caused by NameResolutionError(""HTTPSConnection(host='www.smvitdebsoctab.com', port=443): Failed to resolve 'www.smvitdebsoctab.com' ([Errno 8] nodename nor servname provided, or not known)""))",
smvitpd2025.calicotab.com,smvitpd2025,"failed: ConnectionError: HTTPSConnectionPool(host='smvitpd2025.calicotab.com', port=443): Max retries exceeded with url: /api/v1/tournaments/smvitpd2025/teams (Caused by NameResolutionError(""HTTPSConnection(host='smvitpd2025.calicotab.com', port=443): Failed to resolve 'smvitpd2025.calicotab.com' ([Errno 8] nodename nor servname provided, or not known)""))",
smvitpd2025.calicotab.com,smvitpd26,"failed: ConnectionError: HTTPSConnectionPool(host='smvitpd2025.calicotab.com', port=443): Max retries exceeded with url: /api/v1/tournaments/smvitpd26/teams (Caused by NameResolutionError(""HTTPSConnection(host='smvitpd2025.calicotab.com', port=443): Failed to resolve 'smvitpd2025.calicotab.com' ([Errno 8] nodename nor servname provided, or not known)""))",
snudaxkidaproam2024.calicotab.com,snudaproam,"failed: ConnectionError: HTTPSConnectionPool(host='snudaxkidaproam2024.calicotab.com', port=443): Max retries exceeded with url: /api/v1/tournaments/snudaproam/teams (Caused by NameResolutionError(""HTTPSConnection(host='snudaxkidaproam2024.calicotab.com', port=443): Failed to resolve 'snudaxkidaproam2024.calicotab.com' ([Errno 8] nodename nor servname provided, or not known)""))",
socialismopen.calicotab.com,SocialismOpen,"failed: ConnectionError: HTTPSConnectionPool(host='socialismopen.calicotab.com', port=443): Max retries exceeded with url: /api/v1/tournaments/SocialismOpen/teams (Caused by NameResolutionError(""HTTPSConnection(host='socialismopen.calicotab.com', port=443): Failed to resolve 'socialismopen.calicotab.com' ([Errno 8] nodename nor servname provided, or not known)""))",
sofiaonline2023.calicotab.com,_,"failed: ConnectionError: HTTPSConnectionPool(host='sofiaonline2023.calicotab.com', port=443): Max retries exceeded with url: /api/v1/tournaments/_/teams (Caused by NameResolutionError(""HTTPSConnection(host='sofiaonline2023.calicotab.com', port=443): Failed to resolve 'sofiaonline2023.calicotab.com' ([Errno 8] nodename nor servname provided, or not known)""))",
sofiaonline24.calicotab.com,_,"failed: ConnectionError: HTTPSConnectionPool(host='sofiaonline24.calicotab.com', port=443): Max retries exceeded with url: /api/v1/tournaments/_/teams (Caused by NameResolutionError(""HTTPSConnection(host='sofiaonline24.calicotab.com', port=443): Failed to resolve 'sofiaonline24.calicotab.com' ([Errno 8] nodename nor servname provided, or not known)""))",
sofiaonlinept2.calicotab.com,soopt2,"failed: ConnectionError: HTTPSConnectionPool(host='sofiaonlinept2.calicotab.com', port=443): Max retries exceeded with url: /api/v1/tournaments/soopt2/teams (Caused by NameResolutionError(""HTTPSConnection(host='sofiaonlinept2.calicotab.com', port=443): Failed to resolve 'sofiaonlinept2.calicotab.com' ([Errno 8] nodename nor servname provided, or not known)""))",
sofiaopen2022.calicotab.com,sofia2022,"failed: ConnectionError: HTTPSConnectionPool(host='sofiaopen2022.calicotab.com', port=443): Max retries exceeded with url: /api/v1/tournaments/sofia2022/teams (Caused by NameResolutionError(""HTTPSConnection(host='sofiaopen2022.calicotab.com', port=443): Failed to resolve 'sofiaopen2022.calicotab.com' ([Errno 8] nodename nor servname provided, or not known)""))",
sofiaopen2024.calicotab.com,_,"failed: ConnectionError: HTTPSConnectionPool(host='sofiaopen2024.calicotab.com', port=443): Max retries exceeded with url: /api/v1/tournaments/_/teams (Caused by NameResolutionError(""HTTPSConnection(host='sofiaopen2024.calicotab.com', port=443): Failed to resolve 'sofiaopen2024.calicotab.com' ([Errno 8] nodename nor servname provided, or not known)""))",
sofiapreeudc.calicotab.com,_,"failed: ConnectionError: HTTPSConnectionPool(host='sofiapreeudc.calicotab.com', port=443): Max retries exceeded with url: /api/v1/tournaments/_/teams (Caused by NameResolutionError(""HTTPSConnection(host='sofiapreeudc.calicotab.com', port=443): Failed to resolve 'sofiapreeudc.calicotab.com' ([Errno 8] nodename nor servname provided, or not known)""))",
satl.calicotab.com,2025,"failed: ConnectionError: HTTPSConnectionPool(host='satl.calicotab.com', port=443): Max retries exceeded with url: /api/v1/tournaments/2025/teams (Caused by NameResolutionError(""HTTPSConnection(host='satl.calicotab.com', port=443): Failed to resolve 'satl.calicotab.com' ([Errno 8] nodename nor servname provided, or not known)""))",
seadc2026.calicotab.com,seadc2026,"failed: ConnectionError: HTTPSConnectionPool(host='seadc2026.calicotab.com', port=443): Max retries exceeded with url: /api/v1/tournaments/seadc2026/teams (Caused by NameResolutionError(""HTTPSConnection(host='seadc2026.calicotab.com', port=443): Failed to resolve 'seadc2026.calicotab.com' ([Errno 8] nodename nor servname provided, or not known)""))",
southindiapreabp.calicotab.com,southindiapreabp2026,"failed: ConnectionError: HTTPSConnectionPool(host='southindiapreabp.calicotab.com', port=443): Max retries exceeded with url: /api/v1/tournaments/southindiapreabp2026/teams (Caused by NameResolutionError(""HTTPSConnection(host='southindiapreabp.calicotab.com', port=443): Failed to resolve 'southindiapreabp.calicotab.com' ([Errno 8] nodename nor servname provided, or not known)""))",
sotonnovices25.calicotab.com,sotonnovices25,"failed: ConnectionError: HTTPSConnectionPool(host='sotonnovices25.calicotab.com', port=443): Max retries exceeded with url: /api/v1/tournaments/sotonnovices25/teams (Caused by NameResolutionError(""HTTPSConnection(host='sotonnovices25.calicotab.com', port=443): Failed to resolve 'sotonnovices25.calicotab.com' ([Errno 8] nodename nor servname provided, or not known)""))",
southamptonopen2022.calicotab.com,_,"failed: ConnectionError: HTTPSConnectionPool(host='southamptonopen2022.calicotab.com', port=443): Max retries exceeded with url: /api/v1/tournaments/_/teams (Caused by NameResolutionError(""HTTPSConnection(host='southamptonopen2022.calicotab.com', port=443): Failed to resolve 'southamptonopen2022.calicotab.com' ([Errno 8] nodename nor servname provided, or not known)""))",
southamptonopen2023.calicotab.com,_,"failed: ConnectionError: HTTPSConnectionPool(host='southamptonopen2023.calicotab.com', port=443): Max retries exceeded with url: /api/v1/tournaments/_/teams (Caused by NameResolutionError(""HTTPSConnection(host='southamptonopen2023.calicotab.com', port=443): Failed to resolve 'southamptonopen2023.calicotab.com' ([Errno 8] nodename nor servname provided, or not known)""))",
southampton2024.calicotab.com,_,"failed: ConnectionError: HTTPSConnectionPool(host='southampton2024.calicotab.com', port=443): Max retries exceeded with url: /api/v1/tournaments/_/teams (Caused by NameResolutionError(""HTTPSConnection(host='southampton2024.calicotab.com', port=443): Failed to resolve 'southampton2024.calicotab.com' ([Errno 8] nodename nor servname provided, or not known)""))",
southamptonopen2025.calicotab.com,southamptonopen2025,"failed: ConnectionError: HTTPSConnectionPool(host='southamptonopen2025.calicotab.com', port=443): Max retries exceeded with url: /api/v1/tournaments/southamptonopen2025/teams (Caused by NameResolutionError(""HTTPSConnection(host='southamptonopen2025.calicotab.com', port=443): Failed to resolve 'southamptonopen2025.calicotab.com' ([Errno 8] nodename nor servname provided, or not known)""))",
southamptonopen26.calicotab.com,sotonopen26,"failed: ConnectionError: HTTPSConnectionPool(host='southamptonopen26.calicotab.com', port=443): Max retries exceeded with url: /api/v1/tournaments/sotonopen26/teams (Caused by NameResolutionError(""HTTPSConnection(host='southamptonopen26.calicotab.com', port=443): Failed to resolve 'southamptonopen26.calicotab.com' ([Errno 8] nodename nor servname provided, or not known)""))",
sotonproam24.calicotab.com,SotonProAm24,"failed: ConnectionError: HTTPSConnectionPool(host='sotonproam24.calicotab.com', port=443): Max retries exceeded with url: /api/v1/tournaments/SotonProAm24/teams (Caused by NameResolutionError(""HTTPSConnection(host='sotonproam24.calicotab.com', port=443): Failed to resolve 'sotonproam24.calicotab.com' ([Errno 8] nodename nor servname provided, or not known)""))",
sotonproam26.calicotab.com,sotonproam26,"failed: ConnectionError: HTTPSConnectionPool(host='sotonproam26.calicotab.com', port=443): Max retries exceeded with url: /api/v1/tournaments/sotonproam26/teams (Caused by NameResolutionError(""HTTPSConnection(host='sotonproam26.calicotab.com', port=443): Failed to resolve 'sotonproam26.calicotab.com' ([Errno 8] nodename nor servname provided, or not known)""))",
sotonsillies25.calicotab.com,sotonsillies25,"failed: ConnectionError: HTTPSConnectionPool(host='sotonsillies25.calicotab.com', port=443): Max retries exceeded with url: /api/v1/tournaments/sotonsillies25/teams (Caused by NameResolutionError(""HTTPSConnection(host='sotonsillies25.calicotab.com', port=443): Failed to resolve 'sotonsillies25.calicotab.com' ([Errno 8] nodename nor servname provided, or not known)""))",
mace.calicotab.com,saudc2022,"failed: ConnectionError: HTTPSConnectionPool(host='mace.calicotab.com', port=443): Max retries exceeded with url: /api/v1/tournaments/saudc2022/teams (Caused by NameResolutionError(""HTTPSConnection(host='mace.calicotab.com', port=443): Failed to resolve 'mace.calicotab.com' ([Errno 8] nodename nor servname provided, or not known)""))",
mace1996.calicotab.com,saudc2022,"failed: ConnectionError: HTTPSConnectionPool(host='mace1996.calicotab.com', port=443): Max retries exceeded with url: /api/v1/tournaments/saudc2022/teams (Caused by NameResolutionError(""HTTPSConnection(host='mace1996.calicotab.com', port=443): Failed to resolve 'mace1996.calicotab.com' ([Errno 8] nodename nor servname provided, or not known)""))",
saudc2023.calicotab.com,saudc2023,"failed: ConnectionError: HTTPSConnectionPool(host='saudc2023.calicotab.com', port=443): Max retries exceeded with url: /api/v1/tournaments/saudc2023/teams (Caused by NameResolutionError(""HTTPSConnection(host='saudc2023.calicotab.com', port=443): Failed to resolve 'saudc2023.calicotab.com' ([Errno 8] nodename nor servname provided, or not known)""))",
lucien.calicotab.com,SAUDC2024,"failed: ConnectionError: HTTPSConnectionPool(host='lucien.calicotab.com', port=443): Max retries exceeded with url: /api/v1/tournaments/SAUDC2024/teams (Caused by NameResolutionError(""HTTPSConnection(host='lucien.calicotab.com', port=443): Failed to resolve 'lucien.calicotab.com' ([Errno 8] nodename nor servname provided, or not known)""))",
lucien.calicotab.com,SAUDC2025,"failed: ConnectionError: HTTPSConnectionPool(host='lucien.calicotab.com', port=443): Max retries exceeded with url: /api/v1/tournaments/SAUDC2025/teams (Caused by NameResolutionError(""HTTPSConnection(host='lucien.calicotab.com', port=443): Failed to resolve 'lucien.calicotab.com' ([Errno 8] nodename nor servname provided, or not known)""))",
easter23.calicotab.com,elsj23,"failed: ConnectionError: HTTPSConnectionPool(host='easter23.calicotab.com', port=443): Max retries exceeded with url: /api/v1/tournaments/elsj23/teams (Caused by NameResolutionError(""HTTPSConnection(host='easter23.calicotab.com', port=443): Failed to resolve 'easter23.calicotab.com' ([Errno 8] nodename nor servname provided, or not known)""))",
speechforces.calicotab.com,Easters,"failed: ConnectionError: HTTPSConnectionPool(host='speechforces.calicotab.com', port=443): Max retries exceeded with url: /api/v1/tournaments/Easters/teams (Caused by NameResolutionError(""HTTPSConnection(host='speechforces.calicotab.com', port=443): Failed to resolve 'speechforces.calicotab.com' ([Errno 8] nodename nor servname provided, or not known)""))",
speechforces.calicotab.com,Easters2025,"failed: ConnectionError: HTTPSConnectionPool(host='speechforces.calicotab.com', port=443): Max retries exceeded with url: /api/v1/tournaments/Easters2025/teams (Caused by NameResolutionError(""HTTPSConnection(host='speechforces.calicotab.com', port=443): Failed to resolve 'speechforces.calicotab.com' ([Errno 8] nodename nor servname provided, or not known)""))",
speechforces.calicotab.com,genesis22,"failed: ConnectionError: HTTPSConnectionPool(host='speechforces.calicotab.com', port=443): Max retries exceeded with url: /api/v1/tournaments/genesis22/teams (Caused by NameResolutionError(""HTTPSConnection(host='speechforces.calicotab.com', port=443): Failed to resolve 'speechforces.calicotab.com' ([Errno 8] nodename nor servname provided, or not known)""))",
genesis.calicotab.com,genesis2023,"failed: ConnectionError: HTTPSConnectionPool(host='genesis.calicotab.com', port=443): Max retries exceeded with url: /api/v1/tournaments/genesis2023/teams (Caused by NameResolutionError(""HTTPSConnection(host='genesis.calicotab.com', port=443): Failed to resolve 'genesis.calicotab.com' ([Errno 8] nodename nor servname provided, or not known)""))",
speechforces.calicotab.com,Genesis2024,"failed: ConnectionError: HTTPSConnectionPool(host='speechforces.calicotab.com', port=443): Max retries exceeded with url: /api/v1/tournaments/Genesis2024/teams (Caused by NameResolutionError(""HTTPSConnection(host='speechforces.calicotab.com', port=443): Failed to resolve 'speechforces.calicotab.com' ([Errno 8] nodename nor servname provided, or not known)""))",
speechforces.calicotab.com,genesis2025,"failed: ConnectionError: HTTPSConnectionPool(host='speechforces.calicotab.com', port=443): Max retries exceeded with url: /api/v1/tournaments/genesis2025/teams (Caused by NameResolutionError(""HTTPSConnection(host='speechforces.calicotab.com', port=443): Failed to resolve 'speechforces.calicotab.com' ([Errno 8] nodename nor servname provided, or not known)""))",
speechforces.calicotab.com,GenesisAtAshesi,"failed: ConnectionError: HTTPSConnectionPool(host='speechforces.calicotab.com', port=443): Max retries exceeded with url: /api/v1/tournaments/GenesisAtAshesi/teams (Caused by NameResolutionError(""HTTPSConnection(host='speechforces.calicotab.com', port=443): Failed to resolve 'speechforces.calicotab.com' ([Errno 8] nodename nor servname provided, or not known)""))",
open-communication.calicotab.com,split2023,"failed: ConnectionError: HTTPSConnectionPool(host='open-communication.calicotab.com', port=443): Max retries exceeded with url: /api/v1/tournaments/split2023/teams (Caused by NameResolutionError(""HTTPSConnection(host='open-communication.calicotab.com', port=443): Failed to resolve 'open-communication.calicotab.com' ([Errno 8] nodename nor servname provided, or not known)""))",
splitopen2024.calicotab.com,splitopen2024,"failed: ConnectionError: HTTPSConnectionPool(host='splitopen2024.calicotab.com', port=443): Max retries exceeded with url: /api/v1/tournaments/splitopen2024/teams (Caused by NameResolutionError(""HTTPSConnection(host='splitopen2024.calicotab.com', port=443): Failed to resolve 'splitopen2024.calicotab.com' ([Errno 8] nodename nor servname provided, or not known)""))",
splitopen2025.calicotab.com,split2025,"failed: ConnectionError: HTTPSConnectionPool(host='splitopen2025.calicotab.com', port=443): Max retries exceeded with url: /api/v1/tournaments/split2025/teams (Caused by NameResolutionError(""HTTPSConnection(host='splitopen2025.calicotab.com', port=443): Failed to resolve 'splitopen2025.calicotab.com' ([Errno 8] nodename nor servname provided, or not known)""))",
splitopen2026.calicotab.com,SplitOpen2026,"failed: ConnectionError: HTTPSConnectionPool(host='splitopen2026.calicotab.com', port=443): Max retries exceeded with url: /api/v1/tournaments/SplitOpen2026/teams (Caused by NameResolutionError(""HTTPSConnection(host='splitopen2026.calicotab.com', port=443): Failed to resolve 'splitopen2026.calicotab.com' ([Errno 8] nodename nor servname provided, or not known)""))",
challengeopen.calicotab.com,springchallenge2025,"failed: ConnectionError: HTTPSConnectionPool(host='challengeopen.calicotab.com', port=443): Max retries exceeded with url: /api/v1/tournaments/springchallenge2025/teams (Caused by NameResolutionError(""HTTPSConnection(host='challengeopen.calicotab.com', port=443): Failed to resolve 'challengeopen.calicotab.com' ([Errno 8] nodename nor servname provided, or not known)""))",
sgiv2025.calicotab.com,sgiv2025,"failed: ConnectionError: HTTPSConnectionPool(host='sgiv2025.calicotab.com', port=443): Max retries exceeded with url: /api/v1/tournaments/sgiv2025/teams (Caused by NameResolutionError(""HTTPSConnection(host='sgiv2025.calicotab.com', port=443): Failed to resolve 'sgiv2025.calicotab.com' ([Errno 8] nodename nor servname provided, or not known)""))",
proam2026.calicotab.com,proam2026,"failed: ConnectionError: HTTPSConnectionPool(host='proam2026.calicotab.com', port=443): Max retries exceeded with url: /api/v1/tournaments/proam2026/teams (Caused by NameResolutionError(""HTTPSConnection(host='proam2026.calicotab.com', port=443): Failed to resolve 'proam2026.calicotab.com' ([Errno 8] nodename nor servname provided, or not known)""))",
sserdebates.calicotab.com,rigaiv,"failed: ConnectionError: HTTPSConnectionPool(host='sserdebates.calicotab.com', port=443): Max retries exceeded with url: /api/v1/tournaments/rigaiv/teams (Caused by NameResolutionError(""HTTPSConnection(host='sserdebates.calicotab.com', port=443): Failed to resolve 'sserdebates.calicotab.com' ([Errno 8] nodename nor servname provided, or not known)""))",
sserigaiv23.calicotab.com,sseriv2023,"failed: ConnectionError: HTTPSConnectionPool(host='sserigaiv23.calicotab.com', port=443): Max retries exceeded with url: /api/v1/tournaments/sseriv2023/teams (Caused by NameResolutionError(""HTTPSConnection(host='sserigaiv23.calicotab.com', port=443): Failed to resolve 'sserigaiv23.calicotab.com' ([Errno 8] nodename nor servname provided, or not known)""))",
sserigaivpart24.calicotab.com,sseriv24,"failed: ConnectionError: HTTPSConnectionPool(host='sserigaivpart24.calicotab.com', port=443): Max retries exceeded with url: /api/v1/tournaments/sseriv24/teams (Caused by NameResolutionError(""HTTPSConnection(host='sserigaivpart24.calicotab.com', port=443): Failed to resolve 'sserigaivpart24.calicotab.com' ([Errno 8] nodename nor servname provided, or not known)""))",
tab.pikta.lt,sseriv25,"failed: ConnectionError: HTTPSConnectionPool(host='tab.pikta.lt', port=443): Max retries exceeded with url: /api/v1/tournaments/sseriv25/teams (Caused by NameResolutionError(""HTTPSConnection(host='tab.pikta.lt', port=443): Failed to resolve 'tab.pikta.lt' ([Errno 8] nodename nor servname provided, or not known)""))",
sserigaproamvii.calicotab.com,Pro-AmVIII,"failed: ConnectionError: HTTPSConnectionPool(host='sserigaproamvii.calicotab.com', port=443): Max retries exceeded with url: /api/v1/tournaments/Pro-AmVIII/teams (Caused by NameResolutionError(""HTTPSConnection(host='sserigaproamvii.calicotab.com', port=443): Failed to resolve 'sserigaproamvii.calicotab.com' ([Errno 8] nodename nor servname provided, or not known)""))",
sserigaproam2025.calicotab.com,sserproam20254,"failed: ConnectionError: HTTPSConnectionPool(host='sserigaproam2025.calicotab.com', port=443): Max retries exceeded with url: /api/v1/tournaments/sserproam20254/teams (Caused by NameResolutionError(""HTTPSConnection(host='sserigaproam2025.calicotab.com', port=443): Failed to resolve 'sserigaproam2025.calicotab.com' ([Errno 8] nodename nor servname provided, or not known)""))",
staopen2024.calicotab.com,staopen24,"failed: ConnectionError: HTTPSConnectionPool(host='staopen2024.calicotab.com', port=443): Max retries exceeded with url: /api/v1/tournaments/staopen24/teams (Caused by NameResolutionError(""HTTPSConnection(host='staopen2024.calicotab.com', port=443): Failed to resolve 'staopen2024.calicotab.com' ([Errno 8] nodename nor servname provided, or not known)""))",
standrewsopen2025.calicotab.com,standrewsopen2025,"failed: ConnectionError: HTTPSConnectionPool(host='standrewsopen2025.calicotab.com', port=443): Max retries exceeded with url: /api/v1/tournaments/standrewsopen2025/teams (Caused by NameResolutionError(""HTTPSConnection(host='standrewsopen2025.calicotab.com', port=443): Failed to resolve 'standrewsopen2025.calicotab.com' ([Errno 8] nodename nor servname provided, or not known)""))",
staopen2026.calicotab.com,staopen2026,"failed: ConnectionError: HTTPSConnectionPool(host='staopen2026.calicotab.com', port=443): Max retries exceeded with url: /api/v1/tournaments/staopen2026/teams (Caused by NameResolutionError(""HTTPSConnection(host='staopen2026.calicotab.com', port=443): Failed to resolve 'staopen2026.calicotab.com' ([Errno 8] nodename nor servname provided, or not known)""))",
staspreeudc.calicotab.com,_,"failed: ConnectionError: HTTPSConnectionPool(host='staspreeudc.calicotab.com', port=443): Max retries exceeded with url: /api/v1/tournaments/_/teams (Caused by NameResolutionError(""HTTPSConnection(host='staspreeudc.calicotab.com', port=443): Failed to resolve 'staspreeudc.calicotab.com' ([Errno 8] nodename nor servname provided, or not known)""))",
standrewspreeudc2025.calicotab.com,_,"failed: ConnectionError: HTTPSConnectionPool(host='standrewspreeudc2025.calicotab.com', port=443): Max retries exceeded with url: /api/v1/tournaments/_/teams (Caused by NameResolutionError(""HTTPSConnection(host='standrewspreeudc2025.calicotab.com', port=443): Failed to resolve 'standrewspreeudc2025.calicotab.com' ([Errno 8] nodename nor servname provided, or not known)""))",
standrewspreeudcpart1.calicotab.com,standrewspreeudcpart1,"failed: ConnectionError: HTTPSConnectionPool(host='standrewspreeudcpart1.calicotab.com', port=443): Max retries exceeded with url: /api/v1/tournaments/standrewspreeudcpart1/teams (Caused by NameResolutionError(""HTTPSConnection(host='standrewspreeudcpart1.calicotab.com', port=443): Failed to resolve 'standrewspreeudcpart1.calicotab.com' ([Errno 8] nodename nor servname provided, or not known)""))",
standrewspart2.calicotab.com,_,"failed: ConnectionError: HTTPSConnectionPool(host='standrewspart2.calicotab.com', port=443): Max retries exceeded with url: /api/v1/tournaments/_/teams (Caused by NameResolutionError(""HTTPSConnection(host='standrewspart2.calicotab.com', port=443): Failed to resolve 'standrewspart2.calicotab.com' ([Errno 8] nodename nor servname provided, or not known)""))",
stockholm2025.calicotab.com,stockholmpe25,"failed: ConnectionError: HTTPSConnectionPool(host='stockholm2025.calicotab.com', port=443): Max retries exceeded with url: /api/v1/tournaments/stockholmpe25/teams (Caused by NameResolutionError(""HTTPSConnection(host='stockholm2025.calicotab.com', port=443): Failed to resolve 'stockholm2025.calicotab.com' ([Errno 8] nodename nor servname provided, or not known)""))",
sdoofficial.calicotab.com,sdo2023,"failed: ConnectionError: HTTPSConnectionPool(host='sdoofficial.calicotab.com', port=443): Max retries exceeded with url: /api/v1/tournaments/sdo2023/teams (Caused by NameResolutionError(""HTTPSConnection(host='sdoofficial.calicotab.com', port=443): Failed to resolve 'sdoofficial.calicotab.com' ([Errno 8] nodename nor servname provided, or not known)""))",
structuralreasons.calicotab.com,structural,"failed: ConnectionError: HTTPSConnectionPool(host='structuralreasons.calicotab.com', port=443): Max retries exceeded with url: /api/v1/tournaments/structural/teams (Caused by NameResolutionError(""HTTPSConnection(host='structuralreasons.calicotab.com', port=443): Failed to resolve 'structuralreasons.calicotab.com' ([Errno 8] nodename nor servname provided, or not known)""))",
structuralreasons2.calicotab.com,_,"failed: ConnectionError: HTTPSConnectionPool(host='structuralreasons2.calicotab.com', port=443): Max retries exceeded with url: /api/v1/tournaments/_/teams (Caused by NameResolutionError(""HTTPSConnection(host='structuralreasons2.calicotab.com', port=443): Failed to resolve 'structuralreasons2.calicotab.com' ([Errno 8] nodename nor servname provided, or not known)""))",
ssudrcan.calicotab.com,SDRC2025,"failed: ConnectionError: HTTPSConnectionPool(host='ssudrcan.calicotab.com', port=443): Max retries exceeded with url: /api/v1/tournaments/SDRC2025/teams (Caused by NameResolutionError(""HTTPSConnection(host='ssudrcan.calicotab.com', port=443): Failed to resolve 'ssudrcan.calicotab.com' ([Errno 8] nodename nor servname provided, or not known)""))",
mace.calicotab.com,fundraiser2024,"failed: ConnectionError: HTTPSConnectionPool(host='mace.calicotab.com', port=443): Max retries exceeded with url: /api/v1/tournaments/fundraiser2024/teams (Caused by NameResolutionError(""HTTPSConnection(host='mace.calicotab.com', port=443): Failed to resolve 'mace.calicotab.com' ([Errno 8] nodename nor servname provided, or not known)""))",
summernationaldebate.calicotab.com,sndo2023,"failed: ConnectionError: HTTPSConnectionPool(host='summernationaldebate.calicotab.com', port=443): Max retries exceeded with url: /api/v1/tournaments/sndo2023/teams (Caused by NameResolutionError(""HTTPSConnection(host='summernationaldebate.calicotab.com', port=443): Failed to resolve 'summernationaldebate.calicotab.com' ([Errno 8] nodename nor servname provided, or not known)""))",
summerwars2022.calicotab.com,SWDO2022,"failed: ConnectionError: HTTPSConnectionPool(host='summerwars2022.calicotab.com', port=443): Max retries exceeded with url: /api/v1/tournaments/SWDO2022/teams (Caused by NameResolutionError(""HTTPSConnection(host='summerwars2022.calicotab.com', port=443): Failed to resolve 'summerwars2022.calicotab.com' ([Errno 8] nodename nor servname provided, or not known)""))",
debatefoster.calicotab.com,summerwars24,"failed: ConnectionError: HTTPSConnectionPool(host='debatefoster.calicotab.com', port=443): Max retries exceeded with url: /api/v1/tournaments/summerwars24/teams (Caused by NameResolutionError(""HTTPSConnection(host='debatefoster.calicotab.com', port=443): Failed to resolve 'debatefoster.calicotab.com' ([Errno 8] nodename nor servname provided, or not known)""))",
sunwaydebate.calicotab.com,sundo2022,"failed: ConnectionError: HTTPSConnectionPool(host='sunwaydebate.calicotab.com', port=443): Max retries exceeded with url: /api/v1/tournaments/sundo2022/teams (Caused by NameResolutionError(""HTTPSConnection(host='sunwaydebate.calicotab.com', port=443): Failed to resolve 'sunwaydebate.calicotab.com' ([Errno 8] nodename nor servname provided, or not known)""))",
sunwaydebate.calicotab.com,sundo2023,"failed: ConnectionError: HTTPSConnectionPool(host='sunwaydebate.calicotab.com', port=443): Max retries exceeded with url: /api/v1/tournaments/sundo2023/teams (Caused by NameResolutionError(""HTTPSConnection(host='sunwaydebate.calicotab.com', port=443): Failed to resolve 'sunwaydebate.calicotab.com' ([Errno 8] nodename nor servname provided, or not known)""))",
sunwaydebate.calicotab.com,sundo2024,"failed: ConnectionError: HTTPSConnectionPool(host='sunwaydebate.calicotab.com', port=443): Max retries exceeded with url: /api/v1/tournaments/sundo2024/teams (Caused by NameResolutionError(""HTTPSConnection(host='sunwaydebate.calicotab.com', port=443): Failed to resolve 'sunwaydebate.calicotab.com' ([Errno 8] nodename nor servname provided, or not known)""))",
sunwaydebate.calicotab.com,sundo2025,"failed: ConnectionError: HTTPSConnectionPool(host='sunwaydebate.calicotab.com', port=443): Max retries exceeded with url: /api/v1/tournaments/sundo2025/teams (Caused by NameResolutionError(""HTTPSConnection(host='sunwaydebate.calicotab.com', port=443): Failed to resolve 'sunwaydebate.calicotab.com' ([Errno 8] nodename nor servname provided, or not known)""))",
sunwaydebate.calicotab.com,sundo2026,"failed: ConnectionError: HTTPSConnectionPool(host='sunwaydebate.calicotab.com', port=443): Max retries exceeded with url: /api/v1/tournaments/sundo2026/teams (Caused by NameResolutionError(""HTTPSConnection(host='sunwaydebate.calicotab.com', port=443): Failed to resolve 'sunwaydebate.calicotab.com' ([Errno 8] nodename nor servname provided, or not known)""))",
sunwaydebate.calicotab.com,spren2023,"failed: ConnectionError: HTTPSConnectionPool(host='sunwaydebate.calicotab.com', port=443): Max retries exceeded with url: /api/v1/tournaments/spren2023/teams (Caused by NameResolutionError(""HTTPSConnection(host='sunwaydebate.calicotab.com', port=443): Failed to resolve 'sunwaydebate.calicotab.com' ([Errno 8] nodename nor servname provided, or not known)""))",
surabaya-open2023.au-tab.app,so2023,"failed: ConnectionError: HTTPSConnectionPool(host='surabaya-open2023.au-tab.app', port=443): Max retries exceeded with url: /api/v1/tournaments/so2023/teams (Caused by NameResolutionError(""HTTPSConnection(host='surabaya-open2023.au-tab.app', port=443): Failed to resolve 'surabaya-open2023.au-tab.app' ([Errno 8] nodename nor servname provided, or not known)""))",
surpriseiv.calicotab.com,surprise22,"failed: ConnectionError: HTTPSConnectionPool(host='surpriseiv.calicotab.com', port=443): Max retries exceeded with url: /api/v1/tournaments/surprise22/teams (Caused by NameResolutionError(""HTTPSConnection(host='surpriseiv.calicotab.com', port=443): Failed to resolve 'surpriseiv.calicotab.com' ([Errno 8] nodename nor servname provided, or not known)""))",
swaniv23.calicotab.com,swaniv23,"failed: ConnectionError: HTTPSConnectionPool(host='swaniv23.calicotab.com', port=443): Max retries exceeded with url: /api/v1/tournaments/swaniv23/teams (Caused by NameResolutionError(""HTTPSConnection(host='swaniv23.calicotab.com', port=443): Failed to resolve 'swaniv23.calicotab.com' ([Errno 8] nodename nor servname provided, or not known)""))",
usutabs2018.calicotab.com,mini2018,"failed: ConnectionError: HTTPSConnectionPool(host='usutabs2018.calicotab.com', port=443): Max retries exceeded with url: /api/v1/tournaments/mini2018/teams (Caused by NameResolutionError(""HTTPSConnection(host='usutabs2018.calicotab.com', port=443): Failed to resolve 'usutabs2018.calicotab.com' ([Errno 8] nodename nor servname provided, or not known)""))",
usutabs2019.calicotab.com,mini,"failed: ConnectionError: HTTPSConnectionPool(host='usutabs2019.calicotab.com', port=443): Max retries exceeded with url: /api/v1/tournaments/mini/teams (Caused by NameResolutionError(""HTTPSConnection(host='usutabs2019.calicotab.com', port=443): Failed to resolve 'usutabs2019.calicotab.com' ([Errno 8] nodename nor servname provided, or not known)""))",
sydmini2022.calicotab.com,sydmini2022,"failed: ConnectionError: HTTPSConnectionPool(host='sydmini2022.calicotab.com', port=443): Max retries exceeded with url: /api/v1/tournaments/sydmini2022/teams (Caused by NameResolutionError(""HTTPSConnection(host='sydmini2022.calicotab.com', port=443): Failed to resolve 'sydmini2022.calicotab.com' ([Errno 8] nodename nor servname provided, or not known)""))",
sydneymini2023.calicotab.com,sydneymini2023,"failed: ConnectionError: HTTPSConnectionPool(host='sydneymini2023.calicotab.com', port=443): Max retries exceeded with url: /api/v1/tournaments/sydneymini2023/teams (Caused by NameResolutionError(""HTTPSConnection(host='sydneymini2023.calicotab.com', port=443): Failed to resolve 'sydneymini2023.calicotab.com' ([Errno 8] nodename nor servname provided, or not known)""))",
sydmini2024.calicotab.com,sydmini24,"failed: ConnectionError: HTTPSConnectionPool(host='sydmini2024.calicotab.com', port=443): Max retries exceeded with url: /api/v1/tournaments/sydmini24/teams (Caused by NameResolutionError(""HTTPSConnection(host='sydmini2024.calicotab.com', port=443): Failed to resolve 'sydmini2024.calicotab.com' ([Errno 8] nodename nor servname provided, or not known)""))",
www.sydneymini2025.calicotab.com,sydneymini2025,"failed: ConnectionError: HTTPSConnectionPool(host='www.sydneymini2025.calicotab.com', port=443): Max retries exceeded with url: /api/v1/tournaments/sydneymini2025/teams (Caused by NameResolutionError(""HTTPSConnection(host='www.sydneymini2025.calicotab.com', port=443): Failed to resolve 'www.sydneymini2025.calicotab.com' ([Errno 8] nodename nor servname provided, or not known)""))",
sls.calicotab.com,slspd2023,"failed: ConnectionError: HTTPSConnectionPool(host='sls.calicotab.com', port=443): Max retries exceeded with url: /api/v1/tournaments/slspd2023/teams (Caused by NameResolutionError(""HTTPSConnection(host='sls.calicotab.com', port=443): Failed to resolve 'sls.calicotab.com' ([Errno 8] nodename nor servname provided, or not known)""))",
sls.calicotab.com,slspd2024,"failed: ConnectionError: HTTPSConnectionPool(host='sls.calicotab.com', port=443): Max retries exceeded with url: /api/v1/tournaments/slspd2024/teams (Caused by NameResolutionError(""HTTPSConnection(host='sls.calicotab.com', port=443): Failed to resolve 'sls.calicotab.com' ([Errno 8] nodename nor servname provided, or not known)""))",
sls.calicotab.com,slspd2025,"failed: ConnectionError: HTTPSConnectionPool(host='sls.calicotab.com', port=443): Max retries exceeded with url: /api/v1/tournaments/slspd2025/teams (Caused by NameResolutionError(""HTTPSConnection(host='sls.calicotab.com', port=443): Failed to resolve 'sls.calicotab.com' ([Errno 8] nodename nor servname provided, or not known)""))",
sls.calicotab.com,slspd2026,"failed: ConnectionError: HTTPSConnectionPool(host='sls.calicotab.com', port=443): Max retries exceeded with url: /api/v1/tournaments/slspd2026/teams (Caused by NameResolutionError(""HTTPSConnection(host='sls.calicotab.com', port=443): Failed to resolve 'sls.calicotab.com' ([Errno 8] nodename nor servname provided, or not known)""))",
zabiv.calicotab.com,zabiv2024,"failed: ConnectionError: HTTPSConnectionPool(host='zabiv.calicotab.com', port=443): Max retries exceeded with url: /api/v1/tournaments/zabiv2024/teams (Caused by NameResolutionError(""HTTPSConnection(host='zabiv.calicotab.com', port=443): Failed to resolve 'zabiv.calicotab.com' ([Errno 8] nodename nor servname provided, or not known)""))",
autumnopen2023.calicotab.com,_,"failed: ConnectionError: HTTPSConnectionPool(host='autumnopen2023.calicotab.com', port=443): Max retries exceeded with url: /api/v1/tournaments/_/teams (Caused by NameResolutionError(""HTTPSConnection(host='autumnopen2023.calicotab.com', port=443): Failed to resolve 'autumnopen2023.calicotab.com' ([Errno 8] nodename nor servname provided, or not known)""))",
springopen2023.calicotab.com,_,"failed: ConnectionError: HTTPSConnectionPool(host='springopen2023.calicotab.com', port=443): Max retries exceeded with url: /api/v1/tournaments/_/teams (Caused by NameResolutionError(""HTTPSConnection(host='springopen2023.calicotab.com', port=443): Failed to resolve 'springopen2023.calicotab.com' ([Errno 8] nodename nor servname provided, or not known)""))",
summeropen2023.calicotab.com,_,"failed: ConnectionError: HTTPSConnectionPool(host='summeropen2023.calicotab.com', port=443): Max retries exceeded with url: /api/v1/tournaments/_/teams (Caused by NameResolutionError(""HTTPSConnection(host='summeropen2023.calicotab.com', port=443): Failed to resolve 'summeropen2023.calicotab.com' ([Errno 8] nodename nor servname provided, or not known)""))",
taftdebateopen2024.calicotab.com,tdo2024,"failed: ConnectionError: HTTPSConnectionPool(host='taftdebateopen2024.calicotab.com', port=443): Max retries exceeded with url: /api/v1/tournaments/tdo2024/teams (Caused by NameResolutionError(""HTTPSConnection(host='taftdebateopen2024.calicotab.com', port=443): Failed to resolve 'taftdebateopen2024.calicotab.com' ([Errno 8] nodename nor servname provided, or not known)""))",
taipeidebateopen2024.calicotab.com,taipeidebateopen2024,"failed: ConnectionError: HTTPSConnectionPool(host='taipeidebateopen2024.calicotab.com', port=443): Max retries exceeded with url: /api/v1/tournaments/taipeidebateopen2024/teams (Caused by NameResolutionError(""HTTPSConnection(host='taipeidebateopen2024.calicotab.com', port=443): Failed to resolve 'taipeidebateopen2024.calicotab.com' ([Errno 8] nodename nor servname provided, or not known)""))",
tartupreeudc.calicotab.com,t,"failed: ConnectionError: HTTPSConnectionPool(host='tartupreeudc.calicotab.com', port=443): Max retries exceeded with url: /api/v1/tournaments/t/teams (Caused by NameResolutionError(""HTTPSConnection(host='tartupreeudc.calicotab.com', port=443): Failed to resolve 'tartupreeudc.calicotab.com' ([Errno 8] nodename nor servname provided, or not known)""))",
taydo2022.calicotab.com,taydo2022,"failed: ConnectionError: HTTPSConnectionPool(host='taydo2022.calicotab.com', port=443): Max retries exceeded with url: /api/v1/tournaments/taydo2022/teams (Caused by NameResolutionError(""HTTPSConnection(host='taydo2022.calicotab.com', port=443): Failed to resolve 'taydo2022.calicotab.com' ([Errno 8] nodename nor servname provided, or not known)""))",
taylorsdebate.calicotab.com,taydo2023,"failed: ConnectionError: HTTPSConnectionPool(host='taylorsdebate.calicotab.com', port=443): Max retries exceeded with url: /api/v1/tournaments/taydo2023/teams (Caused by NameResolutionError(""HTTPSConnection(host='taylorsdebate.calicotab.com', port=443): Failed to resolve 'taylorsdebate.calicotab.com' ([Errno 8] nodename nor servname provided, or not known)""))",
taydo2022.calicotab.com,taydo2024,"failed: ConnectionError: HTTPSConnectionPool(host='taydo2022.calicotab.com', port=443): Max retries exceeded with url: /api/v1/tournaments/taydo2024/teams (Caused by NameResolutionError(""HTTPSConnection(host='taydo2022.calicotab.com', port=443): Failed to resolve 'taydo2022.calicotab.com' ([Errno 8] nodename nor servname provided, or not known)""))",
taydo2022.calicotab.com,taydo2025,"failed: ConnectionError: HTTPSConnectionPool(host='taydo2022.calicotab.com', port=443): Max retries exceeded with url: /api/v1/tournaments/taydo2025/teams (Caused by NameResolutionError(""HTTPSConnection(host='taydo2022.calicotab.com', port=443): Failed to resolve 'taydo2022.calicotab.com' ([Errno 8] nodename nor servname provided, or not known)""))",
klcharityproams25.calicotab.com,klcharity25,"failed: ConnectionError: HTTPSConnectionPool(host='klcharityproams25.calicotab.com', port=443): Max retries exceeded with url: /api/v1/tournaments/klcharity25/teams (Caused by NameResolutionError(""HTTPSConnection(host='klcharityproams25.calicotab.com', port=443): Failed to resolve 'klcharityproams25.calicotab.com' ([Errno 8] nodename nor servname provided, or not known)""))",
technion2023.calicotab.com,_,"failed: ConnectionError: HTTPSConnectionPool(host='technion2023.calicotab.com', port=443): Max retries exceeded with url: /api/v1/tournaments/_/teams (Caused by NameResolutionError(""HTTPSConnection(host='technion2023.calicotab.com', port=443): Failed to resolve 'technion2023.calicotab.com' ([Errno 8] nodename nor servname provided, or not known)""))",
technionopen26.calicotab.com,Technion26,"failed: ConnectionError: HTTPSConnectionPool(host='technionopen26.calicotab.com', port=443): Max retries exceeded with url: /api/v1/tournaments/Technion26/teams (Caused by NameResolutionError(""HTTPSConnection(host='technionopen26.calicotab.com', port=443): Failed to resolve 'technionopen26.calicotab.com' ([Errno 8] nodename nor servname provided, or not known)""))",
thanepreabp.calicotab.com,thanepreabp2026,"failed: ConnectionError: HTTPSConnectionPool(host='thanepreabp.calicotab.com', port=443): Max retries exceeded with url: /api/v1/tournaments/thanepreabp2026/teams (Caused by NameResolutionError(""HTTPSConnection(host='thanepreabp.calicotab.com', port=443): Failed to resolve 'thanepreabp.calicotab.com' ([Errno 8] nodename nor servname provided, or not known)""))",
thecallout2022.calicotab.com,_,"failed: ConnectionError: HTTPSConnectionPool(host='thecallout2022.calicotab.com', port=443): Max retries exceeded with url: /api/v1/tournaments/_/teams (Caused by NameResolutionError(""HTTPSConnection(host='thecallout2022.calicotab.com', port=443): Failed to resolve 'thecallout2022.calicotab.com' ([Errno 8] nodename nor servname provided, or not known)""))",
mace.calicotab.com,tco2021,"failed: ConnectionError: HTTPSConnectionPool(host='mace.calicotab.com', port=443): Max retries exceeded with url: /api/v1/tournaments/tco2021/teams (Caused by NameResolutionError(""HTTPSConnection(host='mace.calicotab.com', port=443): Failed to resolve 'mace.calicotab.com' ([Errno 8] nodename nor servname provided, or not known)""))",
thedelhidebate2024.calicotab.com,delhidebate2024,"failed: ConnectionError: HTTPSConnectionPool(host='thedelhidebate2024.calicotab.com', port=443): Max retries exceeded with url: /api/v1/tournaments/delhidebate2024/teams (Caused by NameResolutionError(""HTTPSConnection(host='thedelhidebate2024.calicotab.com', port=443): Failed to resolve 'thedelhidebate2024.calicotab.com' ([Errno 8] nodename nor servname provided, or not known)""))",
thedelhidebate2025.calicotab.com,thedelhidebate2025,"failed: ConnectionError: HTTPSConnectionPool(host='thedelhidebate2025.calicotab.com', port=443): Max retries exceeded with url: /api/v1/tournaments/thedelhidebate2025/teams (Caused by NameResolutionError(""HTTPSConnection(host='thedelhidebate2025.calicotab.com', port=443): Failed to resolve 'thedelhidebate2025.calicotab.com' ([Errno 8] nodename nor servname provided, or not known)""))",
rvdt.calicotab.com,rvdt2022,"failed: ConnectionError: HTTPSConnectionPool(host='rvdt.calicotab.com', port=443): Max retries exceeded with url: /api/v1/tournaments/rvdt2022/teams (Caused by NameResolutionError(""HTTPSConnection(host='rvdt.calicotab.com', port=443): Failed to resolve 'rvdt.calicotab.com' ([Errno 8] nodename nor servname provided, or not known)""))",
tabtastic.calicotab.com,theologyopen2021,"failed: ConnectionError: HTTPSConnectionPool(host='tabtastic.calicotab.com', port=443): Max retries exceeded with url: /api/v1/tournaments/theologyopen2021/teams (Caused by NameResolutionError(""HTTPSConnection(host='tabtastic.calicotab.com', port=443): Failed to resolve 'tabtastic.calicotab.com' ([Errno 8] nodename nor servname provided, or not known)""))",
tilburgopen2024.calicotab.com,TilburgOpen2024,"failed: ConnectionError: HTTPSConnectionPool(host='tilburgopen2024.calicotab.com', port=443): Max retries exceeded with url: /api/v1/tournaments/TilburgOpen2024/teams (Caused by NameResolutionError(""HTTPSConnection(host='tilburgopen2024.calicotab.com', port=443): Failed to resolve 'tilburgopen2024.calicotab.com' ([Errno 8] nodename nor servname provided, or not known)""))",
inspired.calicotab.com,pre_eaudc2026,"failed: ConnectionError: HTTPSConnectionPool(host='inspired.calicotab.com', port=443): Max retries exceeded with url: /api/v1/tournaments/pre_eaudc2026/teams (Caused by NameResolutionError(""HTTPSConnection(host='inspired.calicotab.com', port=443): Failed to resolve 'inspired.calicotab.com' ([Errno 8] nodename nor servname provided, or not known)""))",
tokyoiv2023.calicotab.com,tokyoiv2023,"failed: ConnectionError: HTTPSConnectionPool(host='tokyoiv2023.calicotab.com', port=443): Max retries exceeded with url: /api/v1/tournaments/tokyoiv2023/teams (Caused by NameResolutionError(""HTTPSConnection(host='tokyoiv2023.calicotab.com', port=443): Failed to resolve 'tokyoiv2023.calicotab.com' ([Errno 8] nodename nor servname provided, or not known)""))",
tokyoiv2025.calicotab.com,tokyoiv2025,"failed: ConnectionError: HTTPSConnectionPool(host='tokyoiv2025.calicotab.com', port=443): Max retries exceeded with url: /api/v1/tournaments/tokyoiv2025/teams (Caused by NameResolutionError(""HTTPSConnection(host='tokyoiv2025.calicotab.com', port=443): Failed to resolve 'tokyoiv2025.calicotab.com' ([Errno 8] nodename nor servname provided, or not known)""))",
debatefoster.calicotab.com,toavarsities,"failed: ConnectionError: HTTPSConnectionPool(host='debatefoster.calicotab.com', port=443): Max retries exceeded with url: /api/v1/tournaments/toavarsities/teams (Caused by NameResolutionError(""HTTPSConnection(host='debatefoster.calicotab.com', port=443): Failed to resolve 'debatefoster.calicotab.com' ([Errno 8] nodename nor servname provided, or not known)""))",
tabtastic.calicotab.com,trinityiv2021,"failed: ConnectionError: HTTPSConnectionPool(host='tabtastic.calicotab.com', port=443): Max retries exceeded with url: /api/v1/tournaments/trinityiv2021/teams (Caused by NameResolutionError(""HTTPSConnection(host='tabtastic.calicotab.com', port=443): Failed to resolve 'tabtastic.calicotab.com' ([Errno 8] nodename nor servname provided, or not known)""))",
trinity2022.calicotab.com,iv,"failed: ConnectionError: HTTPSConnectionPool(host='trinity2022.calicotab.com', port=443): Max retries exceeded with url: /api/v1/tournaments/iv/teams (Caused by NameResolutionError(""HTTPSConnection(host='trinity2022.calicotab.com', port=443): Failed to resolve 'trinity2022.calicotab.com' ([Errno 8] nodename nor servname provided, or not known)""))",
trinity2023.calicotab.com,iv,"failed: ConnectionError: HTTPSConnectionPool(host='trinity2023.calicotab.com', port=443): Max retries exceeded with url: /api/v1/tournaments/iv/teams (Caused by NameResolutionError(""HTTPSConnection(host='trinity2023.calicotab.com', port=443): Failed to resolve 'trinity2023.calicotab.com' ([Errno 8] nodename nor servname provided, or not known)""))",
trinity2024.calicotab.com,iv,"failed: ConnectionError: HTTPSConnectionPool(host='trinity2024.calicotab.com', port=443): Max retries exceeded with url: /api/v1/tournaments/iv/teams (Caused by NameResolutionError(""HTTPSConnection(host='trinity2024.calicotab.com', port=443): Failed to resolve 'trinity2024.calicotab.com' ([Errno 8] nodename nor servname provided, or not known)""))",
trinityiv2025.calicotab.com,trinityiv2025,"failed: ConnectionError: HTTPSConnectionPool(host='trinityiv2025.calicotab.com', port=443): Max retries exceeded with url: /api/v1/tournaments/trinityiv2025/teams (Caused by NameResolutionError(""HTTPSConnection(host='trinityiv2025.calicotab.com', port=443): Failed to resolve 'trinityiv2025.calicotab.com' ([Errno 8] nodename nor servname provided, or not known)""))",
trinityiv2026.calicotab.com,trinityiv2026,"failed: ConnectionError: HTTPSConnectionPool(host='trinityiv2026.calicotab.com', port=443): Max retries exceeded with url: /api/v1/tournaments/trinityiv2026/teams (Caused by NameResolutionError(""HTTPSConnection(host='trinityiv2026.calicotab.com', port=443): Failed to resolve 'trinityiv2026.calicotab.com' ([Errno 8] nodename nor servname provided, or not known)""))",
trinityopen2023.calicotab.com,trinityopen2023,"failed: ConnectionError: HTTPSConnectionPool(host='trinityopen2023.calicotab.com', port=443): Max retries exceeded with url: /api/v1/tournaments/trinityopen2023/teams (Caused by NameResolutionError(""HTTPSConnection(host='trinityopen2023.calicotab.com', port=443): Failed to resolve 'trinityopen2023.calicotab.com' ([Errno 8] nodename nor servname provided, or not known)""))",
trinityopen2024.calicotab.com,trinityopen2024,"failed: ConnectionError: HTTPSConnectionPool(host='trinityopen2024.calicotab.com', port=443): Max retries exceeded with url: /api/v1/tournaments/trinityopen2024/teams (Caused by NameResolutionError(""HTTPSConnection(host='trinityopen2024.calicotab.com', port=443): Failed to resolve 'trinityopen2024.calicotab.com' ([Errno 8] nodename nor servname provided, or not known)""))",
trinityopen2025.calicotab.com,trinityopen2025,"failed: ConnectionError: HTTPSConnectionPool(host='trinityopen2025.calicotab.com', port=443): Max retries exceeded with url: /api/v1/tournaments/trinityopen2025/teams (Caused by NameResolutionError(""HTTPSConnection(host='trinityopen2025.calicotab.com', port=443): Failed to resolve 'trinityopen2025.calicotab.com' ([Errno 8] nodename nor servname provided, or not known)""))",
trinityopen2026.calicotab.com,trinityopen2026,"failed: ConnectionError: HTTPSConnectionPool(host='trinityopen2026.calicotab.com', port=443): Max retries exceeded with url: /api/v1/tournaments/trinityopen2026/teams (Caused by NameResolutionError(""HTTPSConnection(host='trinityopen2026.calicotab.com', port=443): Failed to resolve 'trinityopen2026.calicotab.com' ([Errno 8] nodename nor servname provided, or not known)""))",
tabserverofturkey.calicotab.com,turkeyonlineprewudc2025,"failed: ConnectionError: HTTPSConnectionPool(host='tabserverofturkey.calicotab.com', port=443): Max retries exceeded with url: /api/v1/tournaments/turkeyonlineprewudc2025/teams (Caused by NameResolutionError(""HTTPSConnection(host='tabserverofturkey.calicotab.com', port=443): Failed to resolve 'tabserverofturkey.calicotab.com' ([Errno 8] nodename nor servname provided, or not known)""))",
uqonlineopen2025.calicotab.com,uqonlineopen2025,"failed: ConnectionError: HTTPSConnectionPool(host='uqonlineopen2025.calicotab.com', port=443): Max retries exceeded with url: /api/v1/tournaments/uqonlineopen2025/teams (Caused by NameResolutionError(""HTTPSConnection(host='uqonlineopen2025.calicotab.com', port=443): Failed to resolve 'uqonlineopen2025.calicotab.com' ([Errno 8] nodename nor servname provided, or not known)""))",
uqprewudc2025.calicotab.com,uqprewudc2025,"failed: ConnectionError: HTTPSConnectionPool(host='uqprewudc2025.calicotab.com', port=443): Max retries exceeded with url: /api/v1/tournaments/uqprewudc2025/teams (Caused by NameResolutionError(""HTTPSConnection(host='uqprewudc2025.calicotab.com', port=443): Failed to resolve 'uqprewudc2025.calicotab.com' ([Errno 8] nodename nor servname provided, or not known)""))",
ubcivfall2024.calicotab.com,ubciv2024,"failed: ConnectionError: HTTPSConnectionPool(host='ubcivfall2024.calicotab.com', port=443): Max retries exceeded with url: /api/v1/tournaments/ubciv2024/teams (Caused by NameResolutionError(""HTTPSConnection(host='ubcivfall2024.calicotab.com', port=443): Failed to resolve 'ubcivfall2024.calicotab.com' ([Errno 8] nodename nor servname provided, or not known)""))",
ucriv2024.calicotab.com,ucriv2024,"failed: ConnectionError: HTTPSConnectionPool(host='ucriv2024.calicotab.com', port=443): Max retries exceeded with url: /api/v1/tournaments/ucriv2024/teams (Caused by NameResolutionError(""HTTPSConnection(host='ucriv2024.calicotab.com', port=443): Failed to resolve 'ucriv2024.calicotab.com' ([Errno 8] nodename nor servname provided, or not known)""))",
petermaguireiv.calicotab.com,petermaguireiv2022,"failed: ConnectionError: HTTPSConnectionPool(host='petermaguireiv.calicotab.com', port=443): Max retries exceeded with url: /api/v1/tournaments/petermaguireiv2022/teams (Caused by NameResolutionError(""HTTPSConnection(host='petermaguireiv.calicotab.com', port=443): Failed to resolve 'petermaguireiv.calicotab.com' ([Errno 8] nodename nor servname provided, or not known)""))",
pmiv23.calicotab.com,_,"failed: ConnectionError: HTTPSConnectionPool(host='pmiv23.calicotab.com', port=443): Max retries exceeded with url: /api/v1/tournaments/_/teams (Caused by NameResolutionError(""HTTPSConnection(host='pmiv23.calicotab.com', port=443): Failed to resolve 'pmiv23.calicotab.com' ([Errno 8] nodename nor servname provided, or not known)""))",
petermaguire2025.calicotab.com,petermaguire2025,"failed: ConnectionError: HTTPSConnectionPool(host='petermaguire2025.calicotab.com', port=443): Max retries exceeded with url: /api/v1/tournaments/petermaguire2025/teams (Caused by NameResolutionError(""HTTPSConnection(host='petermaguire2025.calicotab.com', port=443): Failed to resolve 'petermaguire2025.calicotab.com' ([Errno 8] nodename nor servname provided, or not known)""))",
uclautumnchamps2025.calicotab.com,autumnchamps2025,"failed: ConnectionError: HTTPSConnectionPool(host='uclautumnchamps2025.calicotab.com', port=443): Max retries exceeded with url: /api/v1/tournaments/autumnchamps2025/teams (Caused by NameResolutionError(""HTTPSConnection(host='uclautumnchamps2025.calicotab.com', port=443): Failed to resolve 'uclautumnchamps2025.calicotab.com' ([Errno 8] nodename nor servname provided, or not known)""))",
ucl.calicotab.com,iv2021,"failed: ConnectionError: HTTPSConnectionPool(host='ucl.calicotab.com', port=443): Max retries exceeded with url: /api/v1/tournaments/iv2021/teams (Caused by NameResolutionError(""HTTPSConnection(host='ucl.calicotab.com', port=443): Failed to resolve 'ucl.calicotab.com' ([Errno 8] nodename nor servname provided, or not known)""))",
ucliv2023.calicotab.com,_,"failed: ConnectionError: HTTPSConnectionPool(host='ucliv2023.calicotab.com', port=443): Max retries exceeded with url: /api/v1/tournaments/_/teams (Caused by NameResolutionError(""HTTPSConnection(host='ucliv2023.calicotab.com', port=443): Failed to resolve 'ucliv2023.calicotab.com' ([Errno 8] nodename nor servname provided, or not known)""))",
ucliv24.calicotab.com,ucliv2024,"failed: ConnectionError: HTTPSConnectionPool(host='ucliv24.calicotab.com', port=443): Max retries exceeded with url: /api/v1/tournaments/ucliv2024/teams (Caused by NameResolutionError(""HTTPSConnection(host='ucliv24.calicotab.com', port=443): Failed to resolve 'ucliv24.calicotab.com' ([Errno 8] nodename nor servname provided, or not known)""))",
ucl2026.calicotab.com,ucl2026,"failed: ConnectionError: HTTPSConnectionPool(host='ucl2026.calicotab.com', port=443): Max retries exceeded with url: /api/v1/tournaments/ucl2026/teams (Caused by NameResolutionError(""HTTPSConnection(host='ucl2026.calicotab.com', port=443): Failed to resolve 'ucl2026.calicotab.com' ([Errno 8] nodename nor servname provided, or not known)""))",
uclpresidents2021.calicotab.com,_,"failed: ConnectionError: HTTPSConnectionPool(host='uclpresidents2021.calicotab.com', port=443): Max retries exceeded with url: /api/v1/tournaments/_/teams (Caused by NameResolutionError(""HTTPSConnection(host='uclpresidents2021.calicotab.com', port=443): Failed to resolve 'uclpresidents2021.calicotab.com' ([Errno 8] nodename nor servname provided, or not known)""))",
uclpcup24.calicotab.com,pcup2024,"failed: ConnectionError: HTTPSConnectionPool(host='uclpcup24.calicotab.com', port=443): Max retries exceeded with url: /api/v1/tournaments/pcup2024/teams (Caused by NameResolutionError(""HTTPSConnection(host='uclpcup24.calicotab.com', port=443): Failed to resolve 'uclpcup24.calicotab.com' ([Errno 8] nodename nor servname provided, or not known)""))",
uclprescup2025.calicotab.com,uclprescup2025,"failed: ConnectionError: HTTPSConnectionPool(host='uclprescup2025.calicotab.com', port=443): Max retries exceeded with url: /api/v1/tournaments/uclprescup2025/teams (Caused by NameResolutionError(""HTTPSConnection(host='uclprescup2025.calicotab.com', port=443): Failed to resolve 'uclprescup2025.calicotab.com' ([Errno 8] nodename nor servname provided, or not known)""))",
uclwinterproam.calicotab.com,_,"failed: ConnectionError: HTTPSConnectionPool(host='uclwinterproam.calicotab.com', port=443): Max retries exceeded with url: /api/v1/tournaments/_/teams (Caused by NameResolutionError(""HTTPSConnection(host='uclwinterproam.calicotab.com', port=443): Failed to resolve 'uclwinterproam.calicotab.com' ([Errno 8] nodename nor servname provided, or not known)""))",
uclproam23.calicotab.com,proam2024,"failed: ConnectionError: HTTPSConnectionPool(host='uclproam23.calicotab.com', port=443): Max retries exceeded with url: /api/v1/tournaments/proam2024/teams (Caused by NameResolutionError(""HTTPSConnection(host='uclproam23.calicotab.com', port=443): Failed to resolve 'uclproam23.calicotab.com' ([Errno 8] nodename nor servname provided, or not known)""))",
uclproam2025.calicotab.com,uclproam2025,"failed: ConnectionError: HTTPSConnectionPool(host='uclproam2025.calicotab.com', port=443): Max retries exceeded with url: /api/v1/tournaments/uclproam2025/teams (Caused by NameResolutionError(""HTTPSConnection(host='uclproam2025.calicotab.com', port=443): Failed to resolve 'uclproam2025.calicotab.com' ([Errno 8] nodename nor servname provided, or not known)""))",
uclproam2026.calicotab.com,_,"failed: ConnectionError: HTTPSConnectionPool(host='uclproam2026.calicotab.com', port=443): Max retries exceeded with url: /api/v1/tournaments/_/teams (Caused by NameResolutionError(""HTTPSConnection(host='uclproam2026.calicotab.com', port=443): Failed to resolve 'uclproam2026.calicotab.com' ([Errno 8] nodename nor servname provided, or not known)""))",
ucladebateunion.calicotab.com,uclaiv2023,"failed: ConnectionError: HTTPSConnectionPool(host='ucladebateunion.calicotab.com', port=443): Max retries exceeded with url: /api/v1/tournaments/uclaiv2023/teams (Caused by NameResolutionError(""HTTPSConnection(host='ucladebateunion.calicotab.com', port=443): Failed to resolve 'ucladebateunion.calicotab.com' ([Errno 8] nodename nor servname provided, or not known)""))",
uclaiv2024.calicotab.com,uclaiv2024,"failed: ConnectionError: HTTPSConnectionPool(host='uclaiv2024.calicotab.com', port=443): Max retries exceeded with url: /api/v1/tournaments/uclaiv2024/teams (Caused by NameResolutionError(""HTTPSConnection(host='uclaiv2024.calicotab.com', port=443): Failed to resolve 'uclaiv2024.calicotab.com' ([Errno 8] nodename nor servname provided, or not known)""))",
uclaiv2025.calicotab.com,uclaiv2025,"failed: ConnectionError: HTTPSConnectionPool(host='uclaiv2025.calicotab.com', port=443): Max retries exceeded with url: /api/v1/tournaments/uclaiv2025/teams (Caused by NameResolutionError(""HTTPSConnection(host='uclaiv2025.calicotab.com', port=443): Failed to resolve 'uclaiv2025.calicotab.com' ([Errno 8] nodename nor servname provided, or not known)""))",
debatefoster.calicotab.com,ued24,"failed: ConnectionError: HTTPSConnectionPool(host='debatefoster.calicotab.com', port=443): Max retries exceeded with url: /api/v1/tournaments/ued24/teams (Caused by NameResolutionError(""HTTPSConnection(host='debatefoster.calicotab.com', port=443): Failed to resolve 'debatefoster.calicotab.com' ([Errno 8] nodename nor servname provided, or not known)""))",
debatefoster.calicotab.com,UED2025,"failed: ConnectionError: HTTPSConnectionPool(host='debatefoster.calicotab.com', port=443): Max retries exceeded with url: /api/v1/tournaments/UED2025/teams (Caused by NameResolutionError(""HTTPSConnection(host='debatefoster.calicotab.com', port=443): Failed to resolve 'debatefoster.calicotab.com' ([Errno 8] nodename nor servname provided, or not known)""))",
uhuru-worlds.calicotab.com,loxodonta,"failed: ConnectionError: HTTPSConnectionPool(host='uhuru-worlds.calicotab.com', port=443): Max retries exceeded with url: /api/v1/tournaments/loxodonta/teams (Caused by NameResolutionError(""HTTPSConnection(host='uhuru-worlds.calicotab.com', port=443): Failed to resolve 'uhuru-worlds.calicotab.com' ([Errno 8] nodename nor servname provided, or not known)""))",
uhuru-worlds.calicotab.com,panthera,"failed: ConnectionError: HTTPSConnectionPool(host='uhuru-worlds.calicotab.com', port=443): Max retries exceeded with url: /api/v1/tournaments/panthera/teams (Caused by NameResolutionError(""HTTPSConnection(host='uhuru-worlds.calicotab.com', port=443): Failed to resolve 'uhuru-worlds.calicotab.com' ([Errno 8] nodename nor servname provided, or not known)""))",
uhuru-worlds.calicotab.com,uw2021outrounds,"failed: ConnectionError: HTTPSConnectionPool(host='uhuru-worlds.calicotab.com', port=443): Max retries exceeded with url: /api/v1/tournaments/uw2021outrounds/teams (Caused by NameResolutionError(""HTTPSConnection(host='uhuru-worlds.calicotab.com', port=443): Failed to resolve 'uhuru-worlds.calicotab.com' ([Errno 8] nodename nor servname provided, or not known)""))",
uhuruworlds2022.calicotab.com,loxuhuruworlds2022,"failed: ConnectionError: HTTPSConnectionPool(host='uhuruworlds2022.calicotab.com', port=443): Max retries exceeded with url: /api/v1/tournaments/loxuhuruworlds2022/teams (Caused by NameResolutionError(""HTTPSConnection(host='uhuruworlds2022.calicotab.com', port=443): Failed to resolve 'uhuruworlds2022.calicotab.com' ([Errno 8] nodename nor servname provided, or not known)""))",
uhuruworlds2022.calicotab.com,pan_uhuruworlds2022,"failed: ConnectionError: HTTPSConnectionPool(host='uhuruworlds2022.calicotab.com', port=443): Max retries exceeded with url: /api/v1/tournaments/pan_uhuruworlds2022/teams (Caused by NameResolutionError(""HTTPSConnection(host='uhuruworlds2022.calicotab.com', port=443): Failed to resolve 'uhuruworlds2022.calicotab.com' ([Errno 8] nodename nor servname provided, or not known)""))",
uhuruworlds2022.calicotab.com,uhuruworlds2022outrounds,"failed: ConnectionError: HTTPSConnectionPool(host='uhuruworlds2022.calicotab.com', port=443): Max retries exceeded with url: /api/v1/tournaments/uhuruworlds2022outrounds/teams (Caused by NameResolutionError(""HTTPSConnection(host='uhuruworlds2022.calicotab.com', port=443): Failed to resolve 'uhuruworlds2022.calicotab.com' ([Errno 8] nodename nor servname provided, or not known)""))",
uhuruworlds2023.calicotab.com,uhuru2023,"failed: ConnectionError: HTTPSConnectionPool(host='uhuruworlds2023.calicotab.com', port=443): Max retries exceeded with url: /api/v1/tournaments/uhuru2023/teams (Caused by NameResolutionError(""HTTPSConnection(host='uhuruworlds2023.calicotab.com', port=443): Failed to resolve 'uhuruworlds2023.calicotab.com' ([Errno 8] nodename nor servname provided, or not known)""))",
uhuruworlds2024.calicotab.com,uhuruworlds2024,"failed: ConnectionError: HTTPSConnectionPool(host='uhuruworlds2024.calicotab.com', port=443): Max retries exceeded with url: /api/v1/tournaments/uhuruworlds2024/teams (Caused by NameResolutionError(""HTTPSConnection(host='uhuruworlds2024.calicotab.com', port=443): Failed to resolve 'uhuruworlds2024.calicotab.com' ([Errno 8] nodename nor servname provided, or not known)""))",
uhuru2025.calicotab.com,_,"failed: ConnectionError: HTTPSConnectionPool(host='uhuru2025.calicotab.com', port=443): Max retries exceeded with url: /api/v1/tournaments/_/teams (Caused by NameResolutionError(""HTTPSConnection(host='uhuru2025.calicotab.com', port=443): Failed to resolve 'uhuru2025.calicotab.com' ([Errno 8] nodename nor servname provided, or not known)""))",
tahsinraian.calicotab.com,ulab,"failed: ConnectionError: HTTPSConnectionPool(host='tahsinraian.calicotab.com', port=443): Max retries exceeded with url: /api/v1/tournaments/ulab/teams (Caused by NameResolutionError(""HTTPSConnection(host='tahsinraian.calicotab.com', port=443): Failed to resolve 'tahsinraian.calicotab.com' ([Errno 8] nodename nor servname provided, or not known)""))",
unitycup25.calicotab.com,unity25,"failed: ConnectionError: HTTPSConnectionPool(host='unitycup25.calicotab.com', port=443): Max retries exceeded with url: /api/v1/tournaments/unity25/teams (Caused by NameResolutionError(""HTTPSConnection(host='unitycup25.calicotab.com', port=443): Failed to resolve 'unitycup25.calicotab.com' ([Errno 8] nodename nor servname provided, or not known)""))",
unswtabs2024.calicotab.com,prewudc24,"failed: ConnectionError: HTTPSConnectionPool(host='unswtabs2024.calicotab.com', port=443): Max retries exceeded with url: /api/v1/tournaments/prewudc24/teams (Caused by NameResolutionError(""HTTPSConnection(host='unswtabs2024.calicotab.com', port=443): Failed to resolve 'unswtabs2024.calicotab.com' ([Errno 8] nodename nor servname provided, or not known)""))",
unsw22.calicotab.com,pro-am2022,"failed: ConnectionError: HTTPSConnectionPool(host='unsw22.calicotab.com', port=443): Max retries exceeded with url: /api/v1/tournaments/pro-am2022/teams (Caused by NameResolutionError(""HTTPSConnection(host='unsw22.calicotab.com', port=443): Failed to resolve 'unsw22.calicotab.com' ([Errno 8] nodename nor servname provided, or not known)""))",
unswtabs2025.calicotab.com,sportsiv,"failed: ConnectionError: HTTPSConnectionPool(host='unswtabs2025.calicotab.com', port=443): Max retries exceeded with url: /api/v1/tournaments/sportsiv/teams (Caused by NameResolutionError(""HTTPSConnection(host='unswtabs2025.calicotab.com', port=443): Failed to resolve 'unswtabs2025.calicotab.com' ([Errno 8] nodename nor servname provided, or not known)""))",
untitledpreeudc.calicotab.com,2023,"failed: ConnectionError: HTTPSConnectionPool(host='untitledpreeudc.calicotab.com', port=443): Max retries exceeded with url: /api/v1/tournaments/2023/teams (Caused by NameResolutionError(""HTTPSConnection(host='untitledpreeudc.calicotab.com', port=443): Failed to resolve 'untitledpreeudc.calicotab.com' ([Errno 8] nodename nor servname provided, or not known)""))",
untitledpreglasgow.calicotab.com,2024,"failed: ConnectionError: HTTPSConnectionPool(host='untitledpreglasgow.calicotab.com', port=443): Max retries exceeded with url: /api/v1/tournaments/2024/teams (Caused by NameResolutionError(""HTTPSConnection(host='untitledpreglasgow.calicotab.com', port=443): Failed to resolve 'untitledpreglasgow.calicotab.com' ([Errno 8] nodename nor servname provided, or not known)""))",
untitledspringopen.calicotab.com,untitledspringopen,"failed: ConnectionError: HTTPSConnectionPool(host='untitledspringopen.calicotab.com', port=443): Max retries exceeded with url: /api/v1/tournaments/untitledspringopen/teams (Caused by NameResolutionError(""HTTPSConnection(host='untitledspringopen.calicotab.com', port=443): Failed to resolve 'untitledspringopen.calicotab.com' ([Errno 8] nodename nor servname provided, or not known)""))",
huber24.calicotab.com,huber2024,"failed: ConnectionError: HTTPSConnectionPool(host='huber24.calicotab.com', port=443): Max retries exceeded with url: /api/v1/tournaments/huber2024/teams (Caused by NameResolutionError(""HTTPSConnection(host='huber24.calicotab.com', port=443): Failed to resolve 'huber24.calicotab.com' ([Errno 8] nodename nor servname provided, or not known)""))",
upesbpd24.calicotab.com,upesbpd24,"failed: ConnectionError: HTTPSConnectionPool(host='upesbpd24.calicotab.com', port=443): Max retries exceeded with url: /api/v1/tournaments/upesbpd24/teams (Caused by NameResolutionError(""HTTPSConnection(host='upesbpd24.calicotab.com', port=443): Failed to resolve 'upesbpd24.calicotab.com' ([Errno 8] nodename nor servname provided, or not known)""))",
usciv2021.calicotab.com,usciv2021,"failed: ConnectionError: HTTPSConnectionPool(host='usciv2021.calicotab.com', port=443): Max retries exceeded with url: /api/v1/tournaments/usciv2021/teams (Caused by NameResolutionError(""HTTPSConnection(host='usciv2021.calicotab.com', port=443): Failed to resolve 'usciv2021.calicotab.com' ([Errno 8] nodename nor servname provided, or not known)""))",
usc.calicotab.com,usciv22,"failed: ConnectionError: HTTPSConnectionPool(host='usc.calicotab.com', port=443): Max retries exceeded with url: /api/v1/tournaments/usciv22/teams (Caused by NameResolutionError(""HTTPSConnection(host='usc.calicotab.com', port=443): Failed to resolve 'usc.calicotab.com' ([Errno 8] nodename nor servname provided, or not known)""))",
usciv.calicotab.com,usciv2023,"failed: ConnectionError: HTTPSConnectionPool(host='usciv.calicotab.com', port=443): Max retries exceeded with url: /api/v1/tournaments/usciv2023/teams (Caused by NameResolutionError(""HTTPSConnection(host='usciv.calicotab.com', port=443): Failed to resolve 'usciv.calicotab.com' ([Errno 8] nodename nor servname provided, or not known)""))",
usciv2024.calicotab.com,usciv2024,"failed: ConnectionError: HTTPSConnectionPool(host='usciv2024.calicotab.com', port=443): Max retries exceeded with url: /api/v1/tournaments/usciv2024/teams (Caused by NameResolutionError(""HTTPSConnection(host='usciv2024.calicotab.com', port=443): Failed to resolve 'usciv2024.calicotab.com' ([Errno 8] nodename nor servname provided, or not known)""))",
usciv2025.calicotab.com,_,"failed: ConnectionError: HTTPSConnectionPool(host='usciv2025.calicotab.com', port=443): Max retries exceeded with url: /api/v1/tournaments/_/teams (Caused by NameResolutionError(""HTTPSConnection(host='usciv2025.calicotab.com', port=443): Failed to resolve 'usciv2025.calicotab.com' ([Errno 8] nodename nor servname provided, or not known)""))",
usciv2026.calicotab.com,_,"failed: ConnectionError: HTTPSConnectionPool(host='usciv2026.calicotab.com', port=443): Max retries exceeded with url: /api/v1/tournaments/_/teams (Caused by NameResolutionError(""HTTPSConnection(host='usciv2026.calicotab.com', port=443): Failed to resolve 'usciv2026.calicotab.com' ([Errno 8] nodename nor servname provided, or not known)""))",
usutabs2025.calicotab.com,usubpnovice,"failed: ConnectionError: HTTPSConnectionPool(host='usutabs2025.calicotab.com', port=443): Max retries exceeded with url: /api/v1/tournaments/usubpnovice/teams (Caused by NameResolutionError(""HTTPSConnection(host='usutabs2025.calicotab.com', port=443): Failed to resolve 'usutabs2025.calicotab.com' ([Errno 8] nodename nor servname provided, or not known)""))",
usutabs2025.calicotab.com,usuiv2025,"failed: ConnectionError: HTTPSConnectionPool(host='usutabs2025.calicotab.com', port=443): Max retries exceeded with url: /api/v1/tournaments/usuiv2025/teams (Caused by NameResolutionError(""HTTPSConnection(host='usutabs2025.calicotab.com', port=443): Failed to resolve 'usutabs2025.calicotab.com' ([Errno 8] nodename nor servname provided, or not known)""))",
usudc2020.calicotab.com,usudc2020,"failed: ConnectionError: HTTPSConnectionPool(host='usudc2020.calicotab.com', port=443): Max retries exceeded with url: /api/v1/tournaments/usudc2020/teams (Caused by NameResolutionError(""HTTPSConnection(host='usudc2020.calicotab.com', port=443): Failed to resolve 'usudc2020.calicotab.com' ([Errno 8] nodename nor servname provided, or not known)""))",
usudc2022.calicotab.com,usudc2022,"failed: ConnectionError: HTTPSConnectionPool(host='usudc2022.calicotab.com', port=443): Max retries exceeded with url: /api/v1/tournaments/usudc2022/teams (Caused by NameResolutionError(""HTTPSConnection(host='usudc2022.calicotab.com', port=443): Failed to resolve 'usudc2022.calicotab.com' ([Errno 8] nodename nor servname provided, or not known)""))",
usudc2023.calicotab.com,usudc2023,"failed: ConnectionError: HTTPSConnectionPool(host='usudc2023.calicotab.com', port=443): Max retries exceeded with url: /api/v1/tournaments/usudc2023/teams (Caused by NameResolutionError(""HTTPSConnection(host='usudc2023.calicotab.com', port=443): Failed to resolve 'usudc2023.calicotab.com' ([Errno 8] nodename nor servname provided, or not known)""))",
usudc2025.calicotab.com,_,"failed: ConnectionError: HTTPSConnectionPool(host='usudc2025.calicotab.com', port=443): Max retries exceeded with url: /api/v1/tournaments/_/teams (Caused by NameResolutionError(""HTTPSConnection(host='usudc2025.calicotab.com', port=443): Failed to resolve 'usudc2025.calicotab.com' ([Errno 8] nodename nor servname provided, or not known)""))",
pennusudc2025.calicotab.com,_,"failed: ConnectionError: HTTPSConnectionPool(host='pennusudc2025.calicotab.com', port=443): Max retries exceeded with url: /api/v1/tournaments/_/teams (Caused by NameResolutionError(""HTTPSConnection(host='pennusudc2025.calicotab.com', port=443): Failed to resolve 'pennusudc2025.calicotab.com' ([Errno 8] nodename nor servname provided, or not known)""))",
maradebates.calicotab.com,maraiv2024,"failed: ConnectionError: HTTPSConnectionPool(host='maradebates.calicotab.com', port=443): Max retries exceeded with url: /api/v1/tournaments/maraiv2024/teams (Caused by NameResolutionError(""HTTPSConnection(host='maradebates.calicotab.com', port=443): Failed to resolve 'maradebates.calicotab.com' ([Errno 8] nodename nor servname provided, or not known)""))",
utsiv2021.calicotab.com,uts-iv-2021,"failed: ConnectionError: HTTPSConnectionPool(host='utsiv2021.calicotab.com', port=443): Max retries exceeded with url: /api/v1/tournaments/uts-iv-2021/teams (Caused by NameResolutionError(""HTTPSConnection(host='utsiv2021.calicotab.com', port=443): Failed to resolve 'utsiv2021.calicotab.com' ([Errno 8] nodename nor servname provided, or not known)""))",
utrecht23.calicotab.com,utrecht2023,"failed: ConnectionError: HTTPSConnectionPool(host='utrecht23.calicotab.com', port=443): Max retries exceeded with url: /api/v1/tournaments/utrecht2023/teams (Caused by NameResolutionError(""HTTPSConnection(host='utrecht23.calicotab.com', port=443): Failed to resolve 'utrecht23.calicotab.com' ([Errno 8] nodename nor servname provided, or not known)""))",
utrechtopen2025.calicotab.com,_,"failed: ConnectionError: HTTPSConnectionPool(host='utrechtopen2025.calicotab.com', port=443): Max retries exceeded with url: /api/v1/tournaments/_/teams (Caused by NameResolutionError(""HTTPSConnection(host='utrechtopen2025.calicotab.com', port=443): Failed to resolve 'utrechtopen2025.calicotab.com' ([Errno 8] nodename nor servname provided, or not known)""))",
utrechtopen2026.calicotab.com,utrechtopen2026,"failed: ConnectionError: HTTPSConnectionPool(host='utrechtopen2026.calicotab.com', port=443): Max retries exceeded with url: /api/v1/tournaments/utrechtopen2026/teams (Caused by NameResolutionError(""HTTPSConnection(host='utrechtopen2026.calicotab.com', port=443): Failed to resolve 'utrechtopen2026.calicotab.com' ([Errno 8] nodename nor servname provided, or not known)""))",
utsdebsoc.calicotab.com,aroundtheworld26,"failed: ConnectionError: HTTPSConnectionPool(host='utsdebsoc.calicotab.com', port=443): Max retries exceeded with url: /api/v1/tournaments/aroundtheworld26/teams (Caused by NameResolutionError(""HTTPSConnection(host='utsdebsoc.calicotab.com', port=443): Failed to resolve 'utsdebsoc.calicotab.com' ([Errno 8] nodename nor servname provided, or not known)""))",
utsopen2022.calicotab.com,utsopen2022,"failed: ConnectionError: HTTPSConnectionPool(host='utsopen2022.calicotab.com', port=443): Max retries exceeded with url: /api/v1/tournaments/utsopen2022/teams (Caused by NameResolutionError(""HTTPSConnection(host='utsopen2022.calicotab.com', port=443): Failed to resolve 'utsopen2022.calicotab.com' ([Errno 8] nodename nor servname provided, or not known)""))",
vandy2024.calicotab.com,vandy2024,"failed: ConnectionError: HTTPSConnectionPool(host='vandy2024.calicotab.com', port=443): Max retries exceeded with url: /api/v1/tournaments/vandy2024/teams (Caused by NameResolutionError(""HTTPSConnection(host='vandy2024.calicotab.com', port=443): Failed to resolve 'vandy2024.calicotab.com' ([Errno 8] nodename nor servname provided, or not known)""))",
africandebating.calicotab.com,vanguard2025,"failed: ConnectionError: HTTPSConnectionPool(host='africandebating.calicotab.com', port=443): Max retries exceeded with url: /api/v1/tournaments/vanguard2025/teams (Caused by NameResolutionError(""HTTPSConnection(host='africandebating.calicotab.com', port=443): Failed to resolve 'africandebating.calicotab.com' ([Errno 8] nodename nor servname provided, or not known)""))",
viv22.calicotab.com,viv2022,"failed: ConnectionError: HTTPSConnectionPool(host='viv22.calicotab.com', port=443): Max retries exceeded with url: /api/v1/tournaments/viv2022/teams (Caused by NameResolutionError(""HTTPSConnection(host='viv22.calicotab.com', port=443): Failed to resolve 'viv22.calicotab.com' ([Errno 8] nodename nor servname provided, or not known)""))",
viv2023.calicotab.com,_,"failed: ConnectionError: HTTPSConnectionPool(host='viv2023.calicotab.com', port=443): Max retries exceeded with url: /api/v1/tournaments/_/teams (Caused by NameResolutionError(""HTTPSConnection(host='viv2023.calicotab.com', port=443): Failed to resolve 'viv2023.calicotab.com' ([Errno 8] nodename nor servname provided, or not known)""))",
viennaiv24.calicotab.com,viv24,"failed: ConnectionError: HTTPSConnectionPool(host='viennaiv24.calicotab.com', port=443): Max retries exceeded with url: /api/v1/tournaments/viv24/teams (Caused by NameResolutionError(""HTTPSConnection(host='viennaiv24.calicotab.com', port=443): Failed to resolve 'viennaiv24.calicotab.com' ([Errno 8] nodename nor servname provided, or not known)""))",
viennaiv2025.calicotab.com,ViennaIV2025,"failed: ConnectionError: HTTPSConnectionPool(host='viennaiv2025.calicotab.com', port=443): Max retries exceeded with url: /api/v1/tournaments/ViennaIV2025/teams (Caused by NameResolutionError(""HTTPSConnection(host='viennaiv2025.calicotab.com', port=443): Failed to resolve 'viennaiv2025.calicotab.com' ([Errno 8] nodename nor servname provided, or not known)""))",
viennaiv2026.calicotab.com,_,"failed: ConnectionError: HTTPSConnectionPool(host='viennaiv2026.calicotab.com', port=443): Max retries exceeded with url: /api/v1/tournaments/_/teams (Caused by NameResolutionError(""HTTPSConnection(host='viennaiv2026.calicotab.com', port=443): Failed to resolve 'viennaiv2026.calicotab.com' ([Errno 8] nodename nor servname provided, or not known)""))",
vnc2023.calicotab.com,vnc2023,"failed: ConnectionError: HTTPSConnectionPool(host='vnc2023.calicotab.com', port=443): Max retries exceeded with url: /api/v1/tournaments/vnc2023/teams (Caused by NameResolutionError(""HTTPSConnection(host='vnc2023.calicotab.com', port=443): Failed to resolve 'vnc2023.calicotab.com' ([Errno 8] nodename nor servname provided, or not known)""))",
vnc2024.calicotab.com,vnc2024,"failed: ConnectionError: HTTPSConnectionPool(host='vnc2024.calicotab.com', port=443): Max retries exceeded with url: /api/v1/tournaments/vnc2024/teams (Caused by NameResolutionError(""HTTPSConnection(host='vnc2024.calicotab.com', port=443): Failed to resolve 'vnc2024.calicotab.com' ([Errno 8] nodename nor servname provided, or not known)""))",
vnc2025.calicotab.com,vnc2025,"failed: ConnectionError: HTTPSConnectionPool(host='vnc2025.calicotab.com', port=443): Max retries exceeded with url: /api/v1/tournaments/vnc2025/teams (Caused by NameResolutionError(""HTTPSConnection(host='vnc2025.calicotab.com', port=443): Failed to resolve 'vnc2025.calicotab.com' ([Errno 8] nodename nor servname provided, or not known)""))",
vnc2026.calicotab.com,vnc2026,"failed: ConnectionError: HTTPSConnectionPool(host='vnc2026.calicotab.com', port=443): Max retries exceeded with url: /api/v1/tournaments/vnc2026/teams (Caused by NameResolutionError(""HTTPSConnection(host='vnc2026.calicotab.com', port=443): Failed to resolve 'vnc2026.calicotab.com' ([Errno 8] nodename nor servname provided, or not known)""))",
viennapreeudc2024.calicotab.com,_,"failed: ConnectionError: HTTPSConnectionPool(host='viennapreeudc2024.calicotab.com', port=443): Max retries exceeded with url: /api/v1/tournaments/_/teams (Caused by NameResolutionError(""HTTPSConnection(host='viennapreeudc2024.calicotab.com', port=443): Failed to resolve 'viennapreeudc2024.calicotab.com' ([Errno 8] nodename nor servname provided, or not known)""))",
viennapreeudc2026.calicotab.com,_,"failed: ConnectionError: HTTPSConnectionPool(host='viennapreeudc2026.calicotab.com', port=443): Max retries exceeded with url: /api/v1/tournaments/_/teams (Caused by NameResolutionError(""HTTPSConnection(host='viennapreeudc2026.calicotab.com', port=443): Failed to resolve 'viennapreeudc2026.calicotab.com' ([Errno 8] nodename nor servname provided, or not known)""))",
viennaprewudc.calicotab.com,_,"failed: ConnectionError: HTTPSConnectionPool(host='viennaprewudc.calicotab.com', port=443): Max retries exceeded with url: /api/v1/tournaments/_/teams (Caused by NameResolutionError(""HTTPSConnection(host='viennaprewudc.calicotab.com', port=443): Failed to resolve 'viennaprewudc.calicotab.com' ([Errno 8] nodename nor servname provided, or not known)""))",
viennaprewudc2024.calicotab.com,prewudcvoo2024,"failed: ConnectionError: HTTPSConnectionPool(host='viennaprewudc2024.calicotab.com', port=443): Max retries exceeded with url: /api/v1/tournaments/prewudcvoo2024/teams (Caused by NameResolutionError(""HTTPSConnection(host='viennaprewudc2024.calicotab.com', port=443): Failed to resolve 'viennaprewudc2024.calicotab.com' ([Errno 8] nodename nor servname provided, or not known)""))",
viennaonline2025.calicotab.com,viennaonline025,"failed: ConnectionError: HTTPSConnectionPool(host='viennaonline2025.calicotab.com', port=443): Max retries exceeded with url: /api/v1/tournaments/viennaonline025/teams (Caused by NameResolutionError(""HTTPSConnection(host='viennaonline2025.calicotab.com', port=443): Failed to resolve 'viennaonline2025.calicotab.com' ([Errno 8] nodename nor servname provided, or not known)""))",
vbc2026.calicotab.com,vbc26en,"failed: ConnectionError: HTTPSConnectionPool(host='vbc2026.calicotab.com', port=443): Max retries exceeded with url: /api/v1/tournaments/vbc26en/teams (Caused by NameResolutionError(""HTTPSConnection(host='vbc2026.calicotab.com', port=443): Failed to resolve 'vbc2026.calicotab.com' ([Errno 8] nodename nor servname provided, or not known)""))",
3rdvndc.calicotab.com,vndc2025,"failed: ConnectionError: HTTPSConnectionPool(host='3rdvndc.calicotab.com', port=443): Max retries exceeded with url: /api/v1/tournaments/vndc2025/teams (Caused by NameResolutionError(""HTTPSConnection(host='3rdvndc.calicotab.com', port=443): Failed to resolve '3rdvndc.calicotab.com' ([Errno 8] nodename nor servname provided, or not known)""))",
visayasproam2026.calicotab.com,VisayasProAm2026,"failed: ConnectionError: HTTPSConnectionPool(host='visayasproam2026.calicotab.com', port=443): Max retries exceeded with url: /api/v1/tournaments/VisayasProAm2026/teams (Caused by NameResolutionError(""HTTPSConnection(host='visayasproam2026.calicotab.com', port=443): Failed to resolve 'visayasproam2026.calicotab.com' ([Errno 8] nodename nor servname provided, or not known)""))",
8thvubp.calicotab.com,8thvubp,"failed: ConnectionError: HTTPSConnectionPool(host='8thvubp.calicotab.com', port=443): Max retries exceeded with url: /api/v1/tournaments/8thvubp/teams (Caused by NameResolutionError(""HTTPSConnection(host='8thvubp.calicotab.com', port=443): Failed to resolve '8thvubp.calicotab.com' ([Errno 8] nodename nor servname provided, or not known)""))",
9thvubp.calicotab.com,9thvubp,"failed: ConnectionError: HTTPSConnectionPool(host='9thvubp.calicotab.com', port=443): Max retries exceeded with url: /api/v1/tournaments/9thvubp/teams (Caused by NameResolutionError(""HTTPSConnection(host='9thvubp.calicotab.com', port=443): Failed to resolve '9thvubp.calicotab.com' ([Errno 8] nodename nor servname provided, or not known)""))",
15thvmdc.calicotab.com,vmdc2024,"failed: ConnectionError: HTTPSConnectionPool(host='15thvmdc.calicotab.com', port=443): Max retries exceeded with url: /api/v1/tournaments/vmdc2024/teams (Caused by NameResolutionError(""HTTPSConnection(host='15thvmdc.calicotab.com', port=443): Failed to resolve '15thvmdc.calicotab.com' ([Errno 8] nodename nor servname provided, or not known)""))",
vivaatam2024.calicotab.com,vivaatam2024,"failed: ConnectionError: HTTPSConnectionPool(host='vivaatam2024.calicotab.com', port=443): Max retries exceeded with url: /api/v1/tournaments/vivaatam2024/teams (Caused by NameResolutionError(""HTTPSConnection(host='vivaatam2024.calicotab.com', port=443): Failed to resolve 'vivaatam2024.calicotab.com' ([Errno 8] nodename nor servname provided, or not known)""))",
vivaatam.calicotab.com,vivaatam25,"failed: ConnectionError: HTTPSConnectionPool(host='vivaatam.calicotab.com', port=443): Max retries exceeded with url: /api/v1/tournaments/vivaatam25/teams (Caused by NameResolutionError(""HTTPSConnection(host='vivaatam.calicotab.com', port=443): Failed to resolve 'vivaatam.calicotab.com' ([Errno 8] nodename nor servname provided, or not known)""))",
vitdt23.calicotab.com,vitdt2023,"failed: ConnectionError: HTTPSConnectionPool(host='vitdt23.calicotab.com', port=443): Max retries exceeded with url: /api/v1/tournaments/vitdt2023/teams (Caused by NameResolutionError(""HTTPSConnection(host='vitdt23.calicotab.com', port=443): Failed to resolve 'vitdt23.calicotab.com' ([Errno 8] nodename nor servname provided, or not known)""))",
warwickiv2022.calicotab.com,warwickiv2022,"failed: ConnectionError: HTTPSConnectionPool(host='warwickiv2022.calicotab.com', port=443): Max retries exceeded with url: /api/v1/tournaments/warwickiv2022/teams (Caused by NameResolutionError(""HTTPSConnection(host='warwickiv2022.calicotab.com', port=443): Failed to resolve 'warwickiv2022.calicotab.com' ([Errno 8] nodename nor servname provided, or not known)""))",
warwickopen2024.calicotab.com,warwickopen2024,"failed: ConnectionError: HTTPSConnectionPool(host='warwickopen2024.calicotab.com', port=443): Max retries exceeded with url: /api/v1/tournaments/warwickopen2024/teams (Caused by NameResolutionError(""HTTPSConnection(host='warwickopen2024.calicotab.com', port=443): Failed to resolve 'warwickopen2024.calicotab.com' ([Errno 8] nodename nor servname provided, or not known)""))",
warwickopen.calicotab.com,warwickopen,"failed: ConnectionError: HTTPSConnectionPool(host='warwickopen.calicotab.com', port=443): Max retries exceeded with url: /api/v1/tournaments/warwickopen/teams (Caused by NameResolutionError(""HTTPSConnection(host='warwickopen.calicotab.com', port=443): Failed to resolve 'warwickopen.calicotab.com' ([Errno 8] nodename nor servname provided, or not known)""))",
warwickopen2026.calicotab.com,bp88team,"failed: ConnectionError: HTTPSConnectionPool(host='warwickopen2026.calicotab.com', port=443): Max retries exceeded with url: /api/v1/tournaments/bp88team/teams (Caused by NameResolutionError(""HTTPSConnection(host='warwickopen2026.calicotab.com', port=443): Failed to resolve 'warwickopen2026.calicotab.com' ([Errno 8] nodename nor servname provided, or not known)""))",
warwick2025.calicotab.com,_,"failed: ConnectionError: HTTPSConnectionPool(host='warwick2025.calicotab.com', port=443): Max retries exceeded with url: /api/v1/tournaments/_/teams (Caused by NameResolutionError(""HTTPSConnection(host='warwick2025.calicotab.com', port=443): Failed to resolve 'warwick2025.calicotab.com' ([Errno 8] nodename nor servname provided, or not known)""))",
warwick2026.calicotab.com,_,"failed: ConnectionError: HTTPSConnectionPool(host='warwick2026.calicotab.com', port=443): Max retries exceeded with url: /api/v1/tournaments/_/teams (Caused by NameResolutionError(""HTTPSConnection(host='warwick2026.calicotab.com', port=443): Failed to resolve 'warwick2026.calicotab.com' ([Errno 8] nodename nor servname provided, or not known)""))",
waterlooiv.calicotab.com,waterlooiv2025,"failed: ConnectionError: HTTPSConnectionPool(host='waterlooiv.calicotab.com', port=443): Max retries exceeded with url: /api/v1/tournaments/waterlooiv2025/teams (Caused by NameResolutionError(""HTTPSConnection(host='waterlooiv.calicotab.com', port=443): Failed to resolve 'waterlooiv.calicotab.com' ([Errno 8] nodename nor servname provided, or not known)""))",
waterlooiv.calicotab.com,waterlooiv2026,"failed: ConnectionError: HTTPSConnectionPool(host='waterlooiv.calicotab.com', port=443): Max retries exceeded with url: /api/v1/tournaments/waterlooiv2026/teams (Caused by NameResolutionError(""HTTPSConnection(host='waterlooiv.calicotab.com', port=443): Failed to resolve 'waterlooiv.calicotab.com' ([Errno 8] nodename nor servname provided, or not known)""))",
rrwaudc.calicotab.com,waudc2024,"failed: ConnectionError: HTTPSConnectionPool(host='rrwaudc.calicotab.com', port=443): Max retries exceeded with url: /api/v1/tournaments/waudc2024/teams (Caused by NameResolutionError(""HTTPSConnection(host='rrwaudc.calicotab.com', port=443): Failed to resolve 'rrwaudc.calicotab.com' ([Errno 8] nodename nor servname provided, or not known)""))",
rrwaudc.calicotab.com,waudc2025,"failed: ConnectionError: HTTPSConnectionPool(host='rrwaudc.calicotab.com', port=443): Max retries exceeded with url: /api/v1/tournaments/waudc2025/teams (Caused by NameResolutionError(""HTTPSConnection(host='rrwaudc.calicotab.com', port=443): Failed to resolve 'rrwaudc.calicotab.com' ([Errno 8] nodename nor servname provided, or not known)""))",
westerniv.calicotab.com,westerniv2022,"failed: ConnectionError: HTTPSConnectionPool(host='westerniv.calicotab.com', port=443): Max retries exceeded with url: /api/v1/tournaments/westerniv2022/teams (Caused by NameResolutionError(""HTTPSConnection(host='westerniv.calicotab.com', port=443): Failed to resolve 'westerniv.calicotab.com' ([Errno 8] nodename nor servname provided, or not known)""))",
western2023.calicotab.com,western2023,"failed: ConnectionError: HTTPSConnectionPool(host='western2023.calicotab.com', port=443): Max retries exceeded with url: /api/v1/tournaments/western2023/teams (Caused by NameResolutionError(""HTTPSConnection(host='western2023.calicotab.com', port=443): Failed to resolve 'western2023.calicotab.com' ([Errno 8] nodename nor servname provided, or not known)""))",
westerniv2024.calicotab.com,western2024,"failed: ConnectionError: HTTPSConnectionPool(host='westerniv2024.calicotab.com', port=443): Max retries exceeded with url: /api/v1/tournaments/western2024/teams (Caused by NameResolutionError(""HTTPSConnection(host='westerniv2024.calicotab.com', port=443): Failed to resolve 'westerniv2024.calicotab.com' ([Errno 8] nodename nor servname provided, or not known)""))",
westerniv2025.calicotab.com,_,"failed: ConnectionError: HTTPSConnectionPool(host='westerniv2025.calicotab.com', port=443): Max retries exceeded with url: /api/v1/tournaments/_/teams (Caused by NameResolutionError(""HTTPSConnection(host='westerniv2025.calicotab.com', port=443): Failed to resolve 'westerniv2025.calicotab.com' ([Errno 8] nodename nor servname provided, or not known)""))",
2022westernstates.calicotab.com,2022WesternStates,"failed: ConnectionError: HTTPSConnectionPool(host='2022westernstates.calicotab.com', port=443): Max retries exceeded with url: /api/v1/tournaments/2022WesternStates/teams (Caused by NameResolutionError(""HTTPSConnection(host='2022westernstates.calicotab.com', port=443): Failed to resolve '2022westernstates.calicotab.com' ([Errno 8] nodename nor servname provided, or not known)""))",
debatefoster.calicotab.com,wwdo25,"failed: ConnectionError: HTTPSConnectionPool(host='debatefoster.calicotab.com', port=443): Max retries exceeded with url: /api/v1/tournaments/wwdo25/teams (Caused by NameResolutionError(""HTTPSConnection(host='debatefoster.calicotab.com', port=443): Failed to resolve 'debatefoster.calicotab.com' ([Errno 8] nodename nor servname provided, or not known)""))",
debatefoster.calicotab.com,WWDO26,"failed: ConnectionError: HTTPSConnectionPool(host='debatefoster.calicotab.com', port=443): Max retries exceeded with url: /api/v1/tournaments/WWDO26/teams (Caused by NameResolutionError(""HTTPSConnection(host='debatefoster.calicotab.com', port=443): Failed to resolve 'debatefoster.calicotab.com' ([Errno 8] nodename nor servname provided, or not known)""))",
wolce.calicotab.com,novice22,"failed: ConnectionError: HTTPSConnectionPool(host='wolce.calicotab.com', port=443): Max retries exceeded with url: /api/v1/tournaments/novice22/teams (Caused by NameResolutionError(""HTTPSConnection(host='wolce.calicotab.com', port=443): Failed to resolve 'wolce.calicotab.com' ([Errno 8] nodename nor servname provided, or not known)""))",
wpa2020.calicotab.com,preabp,"failed: ConnectionError: HTTPSConnectionPool(host='wpa2020.calicotab.com', port=443): Max retries exceeded with url: /api/v1/tournaments/preabp/teams (Caused by NameResolutionError(""HTTPSConnection(host='wpa2020.calicotab.com', port=443): Failed to resolve 'wpa2020.calicotab.com' ([Errno 8] nodename nor servname provided, or not known)""))",
wolce.calicotab.com,pro-ams2021,"failed: ConnectionError: HTTPSConnectionPool(host='wolce.calicotab.com', port=443): Max retries exceeded with url: /api/v1/tournaments/pro-ams2021/teams (Caused by NameResolutionError(""HTTPSConnection(host='wolce.calicotab.com', port=443): Failed to resolve 'wolce.calicotab.com' ([Errno 8] nodename nor servname provided, or not known)""))",
midp.calicotab.com,wdo2021,"failed: ConnectionError: HTTPSConnectionPool(host='midp.calicotab.com', port=443): Max retries exceeded with url: /api/v1/tournaments/wdo2021/teams (Caused by NameResolutionError(""HTTPSConnection(host='midp.calicotab.com', port=443): Failed to resolve 'midp.calicotab.com' ([Errno 8] nodename nor servname provided, or not known)""))",
midp.calicotab.com,wdo2022,"failed: ConnectionError: HTTPSConnectionPool(host='midp.calicotab.com', port=443): Max retries exceeded with url: /api/v1/tournaments/wdo2022/teams (Caused by NameResolutionError(""HTTPSConnection(host='midp.calicotab.com', port=443): Failed to resolve 'midp.calicotab.com' ([Errno 8] nodename nor servname provided, or not known)""))",
wndp.calicotab.com,wndcbp2023,"failed: ConnectionError: HTTPSConnectionPool(host='wndp.calicotab.com', port=443): Max retries exceeded with url: /api/v1/tournaments/wndcbp2023/teams (Caused by NameResolutionError(""HTTPSConnection(host='wndp.calicotab.com', port=443): Failed to resolve 'wndp.calicotab.com' ([Errno 8] nodename nor servname provided, or not known)""))",
wudc2014.calicotab.com,wudc2014,"failed: ConnectionError: HTTPSConnectionPool(host='wudc2014.calicotab.com', port=443): Max retries exceeded with url: /api/v1/tournaments/wudc2014/teams (Caused by NameResolutionError(""HTTPSConnection(host='wudc2014.calicotab.com', port=443): Failed to resolve 'wudc2014.calicotab.com' ([Errno 8] nodename nor servname provided, or not known)""))",
wudc2015.calicotab.com,_,"failed: ConnectionError: HTTPSConnectionPool(host='wudc2015.calicotab.com', port=443): Max retries exceeded with url: /api/v1/tournaments/_/teams (Caused by NameResolutionError(""HTTPSConnection(host='wudc2015.calicotab.com', port=443): Failed to resolve 'wudc2015.calicotab.com' ([Errno 8] nodename nor servname provided, or not known)""))",
wudc2018.calicotab.com,wudc2018,"failed: ConnectionError: HTTPSConnectionPool(host='wudc2018.calicotab.com', port=443): Max retries exceeded with url: /api/v1/tournaments/wudc2018/teams (Caused by NameResolutionError(""HTTPSConnection(host='wudc2018.calicotab.com', port=443): Failed to resolve 'wudc2018.calicotab.com' ([Errno 8] nodename nor servname provided, or not known)""))",
wudc2020.calicotab.com,wudc2020,"failed: ConnectionError: HTTPSConnectionPool(host='wudc2020.calicotab.com', port=443): Max retries exceeded with url: /api/v1/tournaments/wudc2020/teams (Caused by NameResolutionError(""HTTPSConnection(host='wudc2020.calicotab.com', port=443): Failed to resolve 'wudc2020.calicotab.com' ([Errno 8] nodename nor servname provided, or not known)""))",
wudckorea.calicotab.com,2021,"failed: ConnectionError: HTTPSConnectionPool(host='wudckorea.calicotab.com', port=443): Max retries exceeded with url: /api/v1/tournaments/2021/teams (Caused by NameResolutionError(""HTTPSConnection(host='wudckorea.calicotab.com', port=443): Failed to resolve 'wudckorea.calicotab.com' ([Errno 8] nodename nor servname provided, or not known)""))",
wudc2022.calicotab.com,wudc,"failed: ConnectionError: HTTPSConnectionPool(host='wudc2022.calicotab.com', port=443): Max retries exceeded with url: /api/v1/tournaments/wudc/teams (Caused by NameResolutionError(""HTTPSConnection(host='wudc2022.calicotab.com', port=443): Failed to resolve 'wudc2022.calicotab.com' ([Errno 8] nodename nor servname provided, or not known)""))",
wudc2023.calicotab.com,wudc,"failed: ConnectionError: HTTPSConnectionPool(host='wudc2023.calicotab.com', port=443): Max retries exceeded with url: /api/v1/tournaments/wudc/teams (Caused by NameResolutionError(""HTTPSConnection(host='wudc2023.calicotab.com', port=443): Failed to resolve 'wudc2023.calicotab.com' ([Errno 8] nodename nor servname provided, or not known)""))",
wudc2024.calicotab.com,wudc,"failed: ConnectionError: HTTPSConnectionPool(host='wudc2024.calicotab.com', port=443): Max retries exceeded with url: /api/v1/tournaments/wudc/teams (Caused by NameResolutionError(""HTTPSConnection(host='wudc2024.calicotab.com', port=443): Failed to resolve 'wudc2024.calicotab.com' ([Errno 8] nodename nor servname provided, or not known)""))",
wudc2025.calicotab.com,open,already_complete,
wudc2026.calicotab.com,open,"failed: ConnectionError: HTTPSConnectionPool(host='wudc2026.calicotab.com', port=443): Max retries exceeded with url: /api/v1/tournaments/open/teams (Caused by NameResolutionError(""HTTPSConnection(host='wudc2026.calicotab.com', port=443): Failed to resolve 'wudc2026.calicotab.com' ([Errno 8] nodename nor servname provided, or not known)""))",
yodl4ay25.calicotab.com,yodl4ay25,"failed: ConnectionError: HTTPSConnectionPool(host='yodl4ay25.calicotab.com', port=443): Max retries exceeded with url: /api/v1/tournaments/yodl4ay25/teams (Caused by NameResolutionError(""HTTPSConnection(host='yodl4ay25.calicotab.com', port=443): Failed to resolve 'yodl4ay25.calicotab.com' ([Errno 8] nodename nor servname provided, or not known)""))",
champs.calicotab.com,yodl25,"failed: ConnectionError: HTTPSConnectionPool(host='champs.calicotab.com', port=443): Max retries exceeded with url: /api/v1/tournaments/yodl25/teams (Caused by NameResolutionError(""HTTPSConnection(host='champs.calicotab.com', port=443): Failed to resolve 'champs.calicotab.com' ([Errno 8] nodename nor servname provided, or not known)""))",
yodlusafa2024.calicotab.com,yodl2024,"failed: ConnectionError: HTTPSConnectionPool(host='yodlusafa2024.calicotab.com', port=443): Max retries exceeded with url: /api/v1/tournaments/yodl2024/teams (Caused by NameResolutionError(""HTTPSConnection(host='yodlusafa2024.calicotab.com', port=443): Failed to resolve 'yodlusafa2024.calicotab.com' ([Errno 8] nodename nor servname provided, or not known)""))",
yaleiv2019.calicotab.com,yaleiv2019,"failed: ConnectionError: HTTPSConnectionPool(host='yaleiv2019.calicotab.com', port=443): Max retries exceeded with url: /api/v1/tournaments/yaleiv2019/teams (Caused by NameResolutionError(""HTTPSConnection(host='yaleiv2019.calicotab.com', port=443): Failed to resolve 'yaleiv2019.calicotab.com' ([Errno 8] nodename nor servname provided, or not known)""))",
yaleiv2022.calicotab.com,_,"failed: ConnectionError: HTTPSConnectionPool(host='yaleiv2022.calicotab.com', port=443): Max retries exceeded with url: /api/v1/tournaments/_/teams (Caused by NameResolutionError(""HTTPSConnection(host='yaleiv2022.calicotab.com', port=443): Failed to resolve 'yaleiv2022.calicotab.com' ([Errno 8] nodename nor servname provided, or not known)""))",
yaleiv2023.calicotab.com,yaleiv2023,"failed: ConnectionError: HTTPSConnectionPool(host='yaleiv2023.calicotab.com', port=443): Max retries exceeded with url: /api/v1/tournaments/yaleiv2023/teams (Caused by NameResolutionError(""HTTPSConnection(host='yaleiv2023.calicotab.com', port=443): Failed to resolve 'yaleiv2023.calicotab.com' ([Errno 8] nodename nor servname provided, or not known)""))",
yaleiv2024.calicotab.com,_,"failed: ConnectionError: HTTPSConnectionPool(host='yaleiv2024.calicotab.com', port=443): Max retries exceeded with url: /api/v1/tournaments/_/teams (Caused by NameResolutionError(""HTTPSConnection(host='yaleiv2024.calicotab.com', port=443): Failed to resolve 'yaleiv2024.calicotab.com' ([Errno 8] nodename nor servname provided, or not known)""))",
yaleiv2025.calicotab.com,_,"failed: ConnectionError: HTTPSConnectionPool(host='yaleiv2025.calicotab.com', port=443): Max retries exceeded with url: /api/v1/tournaments/_/teams (Caused by NameResolutionError(""HTTPSConnection(host='yaleiv2025.calicotab.com', port=443): Failed to resolve 'yaleiv2025.calicotab.com' ([Errno 8] nodename nor servname provided, or not known)""))",
yaleivfall21.calicotab.com,_,"failed: ConnectionError: HTTPSConnectionPool(host='yaleivfall21.calicotab.com', port=443): Max retries exceeded with url: /api/v1/tournaments/_/teams (Caused by NameResolutionError(""HTTPSConnection(host='yaleivfall21.calicotab.com', port=443): Failed to resolve 'yaleivfall21.calicotab.com' ([Errno 8] nodename nor servname provided, or not known)""))",
midp.calicotab.com,yodo2021,"failed: ConnectionError: HTTPSConnectionPool(host='midp.calicotab.com', port=443): Max retries exceeded with url: /api/v1/tournaments/yodo2021/teams (Caused by NameResolutionError(""HTTPSConnection(host='midp.calicotab.com', port=443): Failed to resolve 'midp.calicotab.com' ([Errno 8] nodename nor servname provided, or not known)""))",
mace1996.calicotab.com,Zadek2022,"failed: ConnectionError: HTTPSConnectionPool(host='mace1996.calicotab.com', port=443): Max retries exceeded with url: /api/v1/tournaments/Zadek2022/teams (Caused by NameResolutionError(""HTTPSConnection(host='mace1996.calicotab.com', port=443): Failed to resolve 'mace1996.calicotab.com' ([Errno 8] nodename nor servname provided, or not known)""))",
tab.debate.si,zagreb-open-24,"failed: ConnectionError: HTTPSConnectionPool(host='tab.debate.si', port=443): Max retries exceeded with url: /api/v1/tournaments/zagreb-open-24/teams (Caused by NameResolutionError(""HTTPSConnection(host='tab.debate.si', port=443): Failed to resolve 'tab.debate.si' ([Errno 8] nodename nor servname provided, or not known)""))",
zgopen2025.calicotab.com,zgopen2025,"failed: ConnectionError: HTTPSConnectionPool(host='zgopen2025.calicotab.com', port=443): Max retries exceeded with url: /api/v1/tournaments/zgopen2025/teams (Caused by NameResolutionError(""HTTPSConnection(host='zgopen2025.calicotab.com', port=443): Failed to resolve 'zgopen2025.calicotab.com' ([Errno 8] nodename nor servname provided, or not known)""))",
brinatabby.calicotab.com,zagreb2026,"failed: ConnectionError: HTTPSConnectionPool(host='brinatabby.calicotab.com', port=443): Max retries exceeded with url: /api/v1/tournaments/zagreb2026/teams (Caused by NameResolutionError(""HTTPSConnection(host='brinatabby.calicotab.com', port=443): Failed to resolve 'brinatabby.calicotab.com' ([Errno 8] nodename nor servname provided, or not known)""))",
zagrebpreeudc2024.calicotab.com,zagrebpreeudc24,"failed: ConnectionError: HTTPSConnectionPool(host='zagrebpreeudc2024.calicotab.com', port=443): Max retries exceeded with url: /api/v1/tournaments/zagrebpreeudc24/teams (Caused by NameResolutionError(""HTTPSConnection(host='zagrebpreeudc2024.calicotab.com', port=443): Failed to resolve 'zagrebpreeudc2024.calicotab.com' ([Errno 8] nodename nor servname provided, or not known)""))",
zagrebpreeudc2025.calicotab.com,_,"failed: ConnectionError: HTTPSConnectionPool(host='zagrebpreeudc2025.calicotab.com', port=443): Max retries exceeded with url: /api/v1/tournaments/_/teams (Caused by NameResolutionError(""HTTPSConnection(host='zagrebpreeudc2025.calicotab.com', port=443): Failed to resolve 'zagrebpreeudc2025.calicotab.com' ([Errno 8] nodename nor servname provided, or not known)""))",
zgpreeudc26.calicotab.com,zagrebpreeudc26,"failed: ConnectionError: HTTPSConnectionPool(host='zgpreeudc26.calicotab.com', port=443): Max retries exceeded with url: /api/v1/tournaments/zagrebpreeudc26/teams (Caused by NameResolutionError(""HTTPSConnection(host='zgpreeudc26.calicotab.com', port=443): Failed to resolve 'zgpreeudc26.calicotab.com' ([Errno 8] nodename nor servname provided, or not known)""))",
zagrebprewudc.calicotab.com,_,"failed: ConnectionError: HTTPSConnectionPool(host='zagrebprewudc.calicotab.com', port=443): Max retries exceeded with url: /api/v1/tournaments/_/teams (Caused by NameResolutionError(""HTTPSConnection(host='zagrebprewudc.calicotab.com', port=443): Failed to resolve 'zagrebprewudc.calicotab.com' ([Errno 8] nodename nor servname provided, or not known)""))",
zagreb2024.calicotab.com,zagreb2024,"failed: ConnectionError: HTTPSConnectionPool(host='zagreb2024.calicotab.com', port=443): Max retries exceeded with url: /api/v1/tournaments/zagreb2024/teams (Caused by NameResolutionError(""HTTPSConnection(host='zagreb2024.calicotab.com', port=443): Failed to resolve 'zagreb2024.calicotab.com' ([Errno 8] nodename nor servname provided, or not known)""))",
zagrebprewudc2025.calicotab.com,zagreb2025,"failed: ConnectionError: HTTPSConnectionPool(host='zagrebprewudc2025.calicotab.com', port=443): Max retries exceeded with url: /api/v1/tournaments/zagreb2025/teams (Caused by NameResolutionError(""HTTPSConnection(host='zagrebprewudc2025.calicotab.com', port=443): Failed to resolve 'zagrebprewudc2025.calicotab.com' ([Errno 8] nodename nor servname provided, or not known)""))",
mace.calicotab.com,easters2022,"failed: ConnectionError: HTTPSConnectionPool(host='mace.calicotab.com', port=443): Max retries exceeded with url: /api/v1/tournaments/easters2022/teams (Caused by NameResolutionError(""HTTPSConnection(host='mace.calicotab.com', port=443): Failed to resolve 'mace.calicotab.com' ([Errno 8] nodename nor servname provided, or not known)""))",
mace.calicotab.com,zimbabweeasters2023,"failed: ConnectionError: HTTPSConnectionPool(host='mace.calicotab.com', port=443): Max retries exceeded with url: /api/v1/tournaments/zimbabweeasters2023/teams (Caused by NameResolutionError(""HTTPSConnection(host='mace.calicotab.com', port=443): Failed to resolve 'mace.calicotab.com' ([Errno 8] nodename nor servname provided, or not known)""))",
mace1996.calicotab.com,zimbabwe_easters2024,"failed: ConnectionError: HTTPSConnectionPool(host='mace1996.calicotab.com', port=443): Max retries exceeded with url: /api/v1/tournaments/zimbabwe_easters2024/teams (Caused by NameResolutionError(""HTTPSConnection(host='mace1996.calicotab.com', port=443): Failed to resolve 'mace1996.calicotab.com' ([Errno 8] nodename nor servname provided, or not known)""))",
mace.calicotab.com,easters2025,"failed: ConnectionError: HTTPSConnectionPool(host='mace.calicotab.com', port=443): Max retries exceeded with url: /api/v1/tournaments/easters2025/teams (Caused by NameResolutionError(""HTTPSConnection(host='mace.calicotab.com', port=443): Failed to resolve 'mace.calicotab.com' ([Errno 8] nodename nor servname provided, or not known)""))",
mace.calicotab.com,zodleliminations2021,"failed: ConnectionError: HTTPSConnectionPool(host='mace.calicotab.com', port=443): Max retries exceeded with url: /api/v1/tournaments/zodleliminations2021/teams (Caused by NameResolutionError(""HTTPSConnection(host='mace.calicotab.com', port=443): Failed to resolve 'mace.calicotab.com' ([Errno 8] nodename nor servname provided, or not known)""))",
zurichopen2024.calicotab.com,_,"failed: ConnectionError: HTTPSConnectionPool(host='zurichopen2024.calicotab.com', port=443): Max retries exceeded with url: /api/v1/tournaments/_/teams (Caused by NameResolutionError(""HTTPSConnection(host='zurichopen2024.calicotab.com', port=443): Failed to resolve 'zurichopen2024.calicotab.com' ([Errno 8] nodename nor servname provided, or not known)""))",
zurichopen2025.calicotab.com,_,"failed: ConnectionError: HTTPSConnectionPool(host='zurichopen2025.calicotab.com', port=443): Max retries exceeded with url: /api/v1/tournaments/_/teams (Caused by NameResolutionError(""HTTPSConnection(host='zurichopen2025.calicotab.com', port=443): Failed to resolve 'zurichopen2025.calicotab.com' ([Errno 8] nodename nor servname provided, or not known)""))",
africandebate3.calicotab.com,oxbridge2025senior,"failed: ConnectionError: HTTPSConnectionPool(host='africandebate3.calicotab.com', port=443): Max retries exceeded with url: /api/v1/tournaments/oxbridge2025senior/teams (Caused by NameResolutionError(""HTTPSConnection(host='africandebate3.calicotab.com', port=443): Failed to resolve 'africandebate3.calicotab.com' ([Errno 8] nodename nor servname provided, or not known)""))",
ayrshirecup26.calicotab.com,ayrshirecup26,"failed: ConnectionError: HTTPSConnectionPool(host='ayrshirecup26.calicotab.com', port=443): Max retries exceeded with url: /api/v1/tournaments/ayrshirecup26/teams (Caused by NameResolutionError(""HTTPSConnection(host='ayrshirecup26.calicotab.com', port=443): Failed to resolve 'ayrshirecup26.calicotab.com' ([Errno 8] nodename nor servname provided, or not known)""))",
cabp2025.calicotab.com,cabp_na,"failed: ConnectionError: HTTPSConnectionPool(host='cabp2025.calicotab.com', port=443): Max retries exceeded with url: /api/v1/tournaments/cabp_na/teams (Caused by NameResolutionError(""HTTPSConnection(host='cabp2025.calicotab.com', port=443): Failed to resolve 'cabp2025.calicotab.com' ([Errno 8] nodename nor servname provided, or not known)""))",
cambridgeschools2024.calicotab.com,_,"failed: ConnectionError: HTTPSConnectionPool(host='cambridgeschools2024.calicotab.com', port=443): Max retries exceeded with url: /api/v1/tournaments/_/teams (Caused by NameResolutionError(""HTTPSConnection(host='cambridgeschools2024.calicotab.com', port=443): Failed to resolve 'cambridgeschools2024.calicotab.com' ([Errno 8] nodename nor servname provided, or not known)""))",
cambridgeschools2025.calicotab.com,cambridgeschools2025,"failed: ConnectionError: HTTPSConnectionPool(host='cambridgeschools2025.calicotab.com', port=443): Max retries exceeded with url: /api/v1/tournaments/cambridgeschools2025/teams (Caused by NameResolutionError(""HTTPSConnection(host='cambridgeschools2025.calicotab.com', port=443): Failed to resolve 'cambridgeschools2025.calicotab.com' ([Errno 8] nodename nor servname provided, or not known)""))",
cambridgeschools2026.calicotab.com,cambridgeschools2026,"failed: ConnectionError: HTTPSConnectionPool(host='cambridgeschools2026.calicotab.com', port=443): Max retries exceeded with url: /api/v1/tournaments/cambridgeschools2026/teams (Caused by NameResolutionError(""HTTPSConnection(host='cambridgeschools2026.calicotab.com', port=443): Failed to resolve 'cambridgeschools2026.calicotab.com' ([Errno 8] nodename nor servname provided, or not known)""))",
tcfundraisers25.calicotab.com,TCFundraiserS25,"failed: ConnectionError: HTTPSConnectionPool(host='tcfundraisers25.calicotab.com', port=443): Max retries exceeded with url: /api/v1/tournaments/TCFundraiserS25/teams (Caused by NameResolutionError(""HTTPSConnection(host='tcfundraisers25.calicotab.com', port=443): Failed to resolve 'tcfundraisers25.calicotab.com' ([Errno 8] nodename nor servname provided, or not known)""))",
2025fltrpcssdc.calicotab.com,bp,"failed: ConnectionError: HTTPSConnectionPool(host='2025fltrpcssdc.calicotab.com', port=443): Max retries exceeded with url: /api/v1/tournaments/bp/teams (Caused by NameResolutionError(""HTTPSConnection(host='2025fltrpcssdc.calicotab.com', port=443): Failed to resolve '2025fltrpcssdc.calicotab.com' ([Errno 8] nodename nor servname provided, or not known)""))",
durhamschools23.calicotab.com,schools2023,"failed: ConnectionError: HTTPSConnectionPool(host='durhamschools23.calicotab.com', port=443): Max retries exceeded with url: /api/v1/tournaments/schools2023/teams (Caused by NameResolutionError(""HTTPSConnection(host='durhamschools23.calicotab.com', port=443): Failed to resolve 'durhamschools23.calicotab.com' ([Errno 8] nodename nor servname provided, or not known)""))",
ebpworldcup.calicotab.com,EBPWoldCup,"failed: ConnectionError: HTTPSConnectionPool(host='ebpworldcup.calicotab.com', port=443): Max retries exceeded with url: /api/v1/tournaments/EBPWoldCup/teams (Caused by NameResolutionError(""HTTPSConnection(host='ebpworldcup.calicotab.com', port=443): Failed to resolve 'ebpworldcup.calicotab.com' ([Errno 8] nodename nor servname provided, or not known)""))",
edbpworldcup25.calicotab.com,edbpworldcup25,"failed: ConnectionError: HTTPSConnectionPool(host='edbpworldcup25.calicotab.com', port=443): Max retries exceeded with url: /api/v1/tournaments/edbpworldcup25/teams (Caused by NameResolutionError(""HTTPSConnection(host='edbpworldcup25.calicotab.com', port=443): Failed to resolve 'edbpworldcup25.calicotab.com' ([Errno 8] nodename nor servname provided, or not known)""))",
edschools2026.calicotab.com,EdSchools2026,"failed: ConnectionError: HTTPSConnectionPool(host='edschools2026.calicotab.com', port=443): Max retries exceeded with url: /api/v1/tournaments/EdSchools2026/teams (Caused by NameResolutionError(""HTTPSConnection(host='edschools2026.calicotab.com', port=443): Failed to resolve 'edschools2026.calicotab.com' ([Errno 8] nodename nor servname provided, or not known)""))",
hhhs.calicotab.com,hhhs26,"failed: ConnectionError: HTTPSConnectionPool(host='hhhs.calicotab.com', port=443): Max retries exceeded with url: /api/v1/tournaments/hhhs26/teams (Caused by NameResolutionError(""HTTPSConnection(host='hhhs.calicotab.com', port=443): Failed to resolve 'hhhs.calicotab.com' ([Errno 8] nodename nor servname provided, or not known)""))",
hhsummer.calicotab.com,hhsummer,"failed: ConnectionError: HTTPSConnectionPool(host='hhsummer.calicotab.com', port=443): Max retries exceeded with url: /api/v1/tournaments/hhsummer/teams (Caused by NameResolutionError(""HTTPSConnection(host='hhsummer.calicotab.com', port=443): Failed to resolve 'hhsummer.calicotab.com' ([Errno 8] nodename nor servname provided, or not known)""))",
hhsummer24.calicotab.com,hhsummer2024,"failed: ConnectionError: HTTPSConnectionPool(host='hhsummer24.calicotab.com', port=443): Max retries exceeded with url: /api/v1/tournaments/hhsummer2024/teams (Caused by NameResolutionError(""HTTPSConnection(host='hhsummer24.calicotab.com', port=443): Failed to resolve 'hhsummer24.calicotab.com' ([Errno 8] nodename nor servname provided, or not known)""))",
hhwo26.calicotab.com,hhwo26,"failed: ConnectionError: HTTPSConnectionPool(host='hhwo26.calicotab.com', port=443): Max retries exceeded with url: /api/v1/tournaments/hhwo26/teams (Caused by NameResolutionError(""HTTPSConnection(host='hhwo26.calicotab.com', port=443): Failed to resolve 'hhwo26.calicotab.com' ([Errno 8] nodename nor servname provided, or not known)""))",
hkdo2026.calicotab.com,hkdo26,"failed: ConnectionError: HTTPSConnectionPool(host='hkdo2026.calicotab.com', port=443): Max retries exceeded with url: /api/v1/tournaments/hkdo26/teams (Caused by NameResolutionError(""HTTPSConnection(host='hkdo2026.calicotab.com', port=443): Failed to resolve 'hkdo2026.calicotab.com' ([Errno 8] nodename nor servname provided, or not known)""))",
icyd2022.calicotab.com,finalsday,"failed: ConnectionError: HTTPSConnectionPool(host='icyd2022.calicotab.com', port=443): Max retries exceeded with url: /api/v1/tournaments/finalsday/teams (Caused by NameResolutionError(""HTTPSConnection(host='icyd2022.calicotab.com', port=443): Failed to resolve 'icyd2022.calicotab.com' ([Errno 8] nodename nor servname provided, or not known)""))",
icyd2024.calicotab.com,icyd2024,"failed: ConnectionError: HTTPSConnectionPool(host='icyd2024.calicotab.com', port=443): Max retries exceeded with url: /api/v1/tournaments/icyd2024/teams (Caused by NameResolutionError(""HTTPSConnection(host='icyd2024.calicotab.com', port=443): Failed to resolve 'icyd2024.calicotab.com' ([Errno 8] nodename nor servname provided, or not known)""))",
cambridgeschools2025.calicotab.com,icyd2025,"failed: ConnectionError: HTTPSConnectionPool(host='cambridgeschools2025.calicotab.com', port=443): Max retries exceeded with url: /api/v1/tournaments/icyd2025/teams (Caused by NameResolutionError(""HTTPSConnection(host='cambridgeschools2025.calicotab.com', port=443): Failed to resolve 'cambridgeschools2025.calicotab.com' ([Errno 8] nodename nor servname provided, or not known)""))",
icyd2026.calicotab.com,_,"failed: ConnectionError: HTTPSConnectionPool(host='icyd2026.calicotab.com', port=443): Max retries exceeded with url: /api/v1/tournaments/_/teams (Caused by NameResolutionError(""HTTPSConnection(host='icyd2026.calicotab.com', port=443): Failed to resolve 'icyd2026.calicotab.com' ([Errno 8] nodename nor servname provided, or not known)""))",
iiumdebates.calicotab.com,IIUMIDC25,"failed: ConnectionError: HTTPSConnectionPool(host='iiumdebates.calicotab.com', port=443): Max retries exceeded with url: /api/v1/tournaments/IIUMIDC25/teams (Caused by NameResolutionError(""HTTPSConnection(host='iiumdebates.calicotab.com', port=443): Failed to resolve 'iiumdebates.calicotab.com' ([Errno 8] nodename nor servname provided, or not known)""))",
imperialjuniors2025.calicotab.com,imperialjuniors2025,"failed: ConnectionError: HTTPSConnectionPool(host='imperialjuniors2025.calicotab.com', port=443): Max retries exceeded with url: /api/v1/tournaments/imperialjuniors2025/teams (Caused by NameResolutionError(""HTTPSConnection(host='imperialjuniors2025.calicotab.com', port=443): Failed to resolve 'imperialjuniors2025.calicotab.com' ([Errno 8] nodename nor servname provided, or not known)""))",
waterloohst.calicotab.com,laurierhst2025,"failed: ConnectionError: HTTPSConnectionPool(host='waterloohst.calicotab.com', port=443): Max retries exceeded with url: /api/v1/tournaments/laurierhst2025/teams (Caused by NameResolutionError(""HTTPSConnection(host='waterloohst.calicotab.com', port=443): Failed to resolve 'waterloohst.calicotab.com' ([Errno 8] nodename nor servname provided, or not known)""))",
laurierspringhst2026.calicotab.com,Laurierspring2026,"failed: ConnectionError: HTTPSConnectionPool(host='laurierspringhst2026.calicotab.com', port=443): Max retries exceeded with url: /api/v1/tournaments/Laurierspring2026/teams (Caused by NameResolutionError(""HTTPSConnection(host='laurierspringhst2026.calicotab.com', port=443): Failed to resolve 'laurierspringhst2026.calicotab.com' ([Errno 8] nodename nor servname provided, or not known)""))",
londonjuniors25.calicotab.com,londonjuniors25,"failed: ConnectionError: HTTPSConnectionPool(host='londonjuniors25.calicotab.com', port=443): Max retries exceeded with url: /api/v1/tournaments/londonjuniors25/teams (Caused by NameResolutionError(""HTTPSConnection(host='londonjuniors25.calicotab.com', port=443): Failed to resolve 'londonjuniors25.calicotab.com' ([Errno 8] nodename nor servname provided, or not known)""))",
lsedebate.calicotab.com,lsesrs,"failed: ConnectionError: HTTPSConnectionPool(host='lsedebate.calicotab.com', port=443): Max retries exceeded with url: /api/v1/tournaments/lsesrs/teams (Caused by NameResolutionError(""HTTPSConnection(host='lsedebate.calicotab.com', port=443): Failed to resolve 'lsedebate.calicotab.com' ([Errno 8] nodename nor servname provided, or not known)""))",
manchesterschools23.calicotab.com,manchesterschools23,"failed: ConnectionError: HTTPSConnectionPool(host='manchesterschools23.calicotab.com', port=443): Max retries exceeded with url: /api/v1/tournaments/manchesterschools23/teams (Caused by NameResolutionError(""HTTPSConnection(host='manchesterschools23.calicotab.com', port=443): Failed to resolve 'manchesterschools23.calicotab.com' ([Errno 8] nodename nor servname provided, or not known)""))",
springcup.calicotab.com,mcgillspringcup,"failed: ConnectionError: HTTPSConnectionPool(host='springcup.calicotab.com', port=443): Max retries exceeded with url: /api/v1/tournaments/mcgillspringcup/teams (Caused by NameResolutionError(""HTTPSConnection(host='springcup.calicotab.com', port=443): Failed to resolve 'springcup.calicotab.com' ([Errno 8] nodename nor servname provided, or not known)""))",
nzschoolsbp2024.calicotab.com,fsunzsbp2024,"failed: ConnectionError: HTTPSConnectionPool(host='nzschoolsbp2024.calicotab.com', port=443): Max retries exceeded with url: /api/v1/tournaments/fsunzsbp2024/teams (Caused by NameResolutionError(""HTTPSConnection(host='nzschoolsbp2024.calicotab.com', port=443): Failed to resolve 'nzschoolsbp2024.calicotab.com' ([Errno 8] nodename nor servname provided, or not known)""))",
oxfordschoolsfinals2022.calicotab.com,oxfordschoolsfinals2022,"failed: ConnectionError: HTTPSConnectionPool(host='oxfordschoolsfinals2022.calicotab.com', port=443): Max retries exceeded with url: /api/v1/tournaments/oxfordschoolsfinals2022/teams (Caused by NameResolutionError(""HTTPSConnection(host='oxfordschoolsfinals2022.calicotab.com', port=443): Failed to resolve 'oxfordschoolsfinals2022.calicotab.com' ([Errno 8] nodename nor servname provided, or not known)""))",
oxschools2023.calicotab.com,oxschools2023,"failed: ConnectionError: HTTPSConnectionPool(host='oxschools2023.calicotab.com', port=443): Max retries exceeded with url: /api/v1/tournaments/oxschools2023/teams (Caused by NameResolutionError(""HTTPSConnection(host='oxschools2023.calicotab.com', port=443): Failed to resolve 'oxschools2023.calicotab.com' ([Errno 8] nodename nor servname provided, or not known)""))",
oxschools2024.calicotab.com,_,"failed: ConnectionError: HTTPSConnectionPool(host='oxschools2024.calicotab.com', port=443): Max retries exceeded with url: /api/v1/tournaments/_/teams (Caused by NameResolutionError(""HTTPSConnection(host='oxschools2024.calicotab.com', port=443): Failed to resolve 'oxschools2024.calicotab.com' ([Errno 8] nodename nor servname provided, or not known)""))",
oxfordschools2025.calicotab.com,2025,"failed: ConnectionError: HTTPSConnectionPool(host='oxfordschools2025.calicotab.com', port=443): Max retries exceeded with url: /api/v1/tournaments/2025/teams (Caused by NameResolutionError(""HTTPSConnection(host='oxfordschools2025.calicotab.com', port=443): Failed to resolve 'oxfordschools2025.calicotab.com' ([Errno 8] nodename nor servname provided, or not known)""))",
oxschools2026.calicotab.com,oxford,"failed: ConnectionError: HTTPSConnectionPool(host='oxschools2026.calicotab.com', port=443): Max retries exceeded with url: /api/v1/tournaments/oxford/teams (Caused by NameResolutionError(""HTTPSConnection(host='oxschools2026.calicotab.com', port=443): Failed to resolve 'oxschools2026.calicotab.com' ([Errno 8] nodename nor servname provided, or not known)""))",
oxschoolssg2025.calicotab.com,oxschoolssg2025,"failed: ConnectionError: HTTPSConnectionPool(host='oxschoolssg2025.calicotab.com', port=443): Max retries exceeded with url: /api/v1/tournaments/oxschoolssg2025/teams (Caused by NameResolutionError(""HTTPSConnection(host='oxschoolssg2025.calicotab.com', port=443): Failed to resolve 'oxschoolssg2025.calicotab.com' ([Errno 8] nodename nor servname provided, or not known)""))",
psdc2023.calicotab.com,psdc2023,"failed: ConnectionError: HTTPSConnectionPool(host='psdc2023.calicotab.com', port=443): Max retries exceeded with url: /api/v1/tournaments/psdc2023/teams (Caused by NameResolutionError(""HTTPSConnection(host='psdc2023.calicotab.com', port=443): Failed to resolve 'psdc2023.calicotab.com' ([Errno 8] nodename nor servname provided, or not known)""))",
psdc2024homecoming.calicotab.com,psdc2024,"failed: ConnectionError: HTTPSConnectionPool(host='psdc2024homecoming.calicotab.com', port=443): Max retries exceeded with url: /api/v1/tournaments/psdc2024/teams (Caused by NameResolutionError(""HTTPSConnection(host='psdc2024homecoming.calicotab.com', port=443): Failed to resolve 'psdc2024homecoming.calicotab.com' ([Errno 8] nodename nor servname provided, or not known)""))",
psdc2025.calicotab.com,psdc2025,"failed: ConnectionError: HTTPSConnectionPool(host='psdc2025.calicotab.com', port=443): Max retries exceeded with url: /api/v1/tournaments/psdc2025/teams (Caused by NameResolutionError(""HTTPSConnection(host='psdc2025.calicotab.com', port=443): Failed to resolve 'psdc2025.calicotab.com' ([Errno 8] nodename nor servname provided, or not known)""))",
psdc2026.calicotab.com,psdc2026,"failed: ConnectionError: HTTPSConnectionPool(host='psdc2026.calicotab.com', port=443): Max retries exceeded with url: /api/v1/tournaments/psdc2026/teams (Caused by NameResolutionError(""HTTPSConnection(host='psdc2026.calicotab.com', port=443): Failed to resolve 'psdc2026.calicotab.com' ([Errno 8] nodename nor servname provided, or not known)""))",
seedtournaments.calicotab.com,seedchampionship2024,"failed: ConnectionError: HTTPSConnectionPool(host='seedtournaments.calicotab.com', port=443): Max retries exceeded with url: /api/v1/tournaments/seedchampionship2024/teams (Caused by NameResolutionError(""HTTPSConnection(host='seedtournaments.calicotab.com', port=443): Failed to resolve 'seedtournaments.calicotab.com' ([Errno 8] nodename nor servname provided, or not known)""))",
seedtournaments.calicotab.com,ottawaclassic2024,"failed: ConnectionError: HTTPSConnectionPool(host='seedtournaments.calicotab.com', port=443): Max retries exceeded with url: /api/v1/tournaments/ottawaclassic2024/teams (Caused by NameResolutionError(""HTTPSConnection(host='seedtournaments.calicotab.com', port=443): Failed to resolve 'seedtournaments.calicotab.com' ([Errno 8] nodename nor servname provided, or not known)""))",
summerbonanza.calicotab.com,summerbonanza,"failed: ConnectionError: HTTPSConnectionPool(host='summerbonanza.calicotab.com', port=443): Max retries exceeded with url: /api/v1/tournaments/summerbonanza/teams (Caused by NameResolutionError(""HTTPSConnection(host='summerbonanza.calicotab.com', port=443): Failed to resolve 'summerbonanza.calicotab.com' ([Errno 8] nodename nor servname provided, or not known)""))",
ssdi.calicotab.com,bp2025,"failed: ConnectionError: HTTPSConnectionPool(host='ssdi.calicotab.com', port=443): Max retries exceeded with url: /api/v1/tournaments/bp2025/teams (Caused by NameResolutionError(""HTTPSConnection(host='ssdi.calicotab.com', port=443): Failed to resolve 'ssdi.calicotab.com' ([Errno 8] nodename nor servname provided, or not known)""))",
udm2bp.calicotab.com,UDMBP2,"failed: ConnectionError: HTTPSConnectionPool(host='udm2bp.calicotab.com', port=443): Max retries exceeded with url: /api/v1/tournaments/UDMBP2/teams (Caused by NameResolutionError(""HTTPSConnection(host='udm2bp.calicotab.com', port=443): Failed to resolve 'udm2bp.calicotab.com' ([Errno 8] nodename nor servname provided, or not known)""))",
ff2023.calicotab.com,fastforward23,"failed: ConnectionError: HTTPSConnectionPool(host='ff2023.calicotab.com', port=443): Max retries exceeded with url: /api/v1/tournaments/fastforward23/teams (Caused by NameResolutionError(""HTTPSConnection(host='ff2023.calicotab.com', port=443): Failed to resolve 'ff2023.calicotab.com' ([Errno 8] nodename nor servname provided, or not known)""))",
uwodshst2026.calicotab.com,winter2026,"failed: ConnectionError: HTTPSConnectionPool(host='uwodshst2026.calicotab.com', port=443): Max retries exceeded with url: /api/v1/tournaments/winter2026/teams (Caused by NameResolutionError(""HTTPSConnection(host='uwodshst2026.calicotab.com', port=443): Failed to resolve 'uwodshst2026.calicotab.com' ([Errno 8] nodename nor servname provided, or not known)""))",
uwoso.calicotab.com,woso2024,"failed: ConnectionError: HTTPSConnectionPool(host='uwoso.calicotab.com', port=443): Max retries exceeded with url: /api/v1/tournaments/woso2024/teams (Caused by NameResolutionError(""HTTPSConnection(host='uwoso.calicotab.com', port=443): Failed to resolve 'uwoso.calicotab.com' ([Errno 8] nodename nor servname provided, or not known)""))",
westcanbpchamps.calicotab.com,northerncanadabpchamps,"failed: ConnectionError: HTTPSConnectionPool(host='westcanbpchamps.calicotab.com', port=443): Max retries exceeded with url: /api/v1/tournaments/northerncanadabpchamps/teams (Caused by NameResolutionError(""HTTPSConnection(host='westcanbpchamps.calicotab.com', port=443): Failed to resolve 'westcanbpchamps.calicotab.com' ([Errno 8] nodename nor servname provided, or not known)""))",
westernhighschools.calicotab.com,westernsummer2025,"failed: ConnectionError: HTTPSConnectionPool(host='westernhighschools.calicotab.com', port=443): Max retries exceeded with url: /api/v1/tournaments/westernsummer2025/teams (Caused by NameResolutionError(""HTTPSConnection(host='westernhighschools.calicotab.com', port=443): Failed to resolve 'westernhighschools.calicotab.com' ([Errno 8] nodename nor servname provided, or not known)""))",
xsdc2024.calicotab.com,xsdc2024,"failed: ConnectionError: HTTPSConnectionPool(host='xsdc2024.calicotab.com', port=443): Max retries exceeded with url: /api/v1/tournaments/xsdc2024/teams (Caused by NameResolutionError(""HTTPSConnection(host='xsdc2024.calicotab.com', port=443): Failed to resolve 'xsdc2024.calicotab.com' ([Errno 8] nodename nor servname provided, or not known)""))",
aberdeen.calicotab.com,aberdeen23,already_complete,
aberdeen2024.calicotab.com,aberdeenopen25,already_complete,
aberdeenpreeudc26.calicotab.com,_,already_complete,
aberopen2023.calicotab.com,AberOpen2023,already_complete,
abp2020.calicotab.com,abp2020,already_complete,
abp2021.calicotab.com,abp2021,already_complete,
edudriftbackup.calicotab.com,abp2022,already_complete,
midp.calicotab.com,mabp2023,already_complete,
edudrift.calicotab.com,abp2024,already_complete,
iiumedc.calicotab.com,abp2025,already_complete,
abp2026.calicotab.com,abp2026,already_complete,
speechforces.calicotab.com,ao21,already_complete,
aoix.calicotab.com,ao2023,already_complete,
speechforces.calicotab.com,AOX,already_complete,
speechforces.calicotab.com,AO2025,failed: HTTPError: 401 Client Error: Unauthorized for url: https://speechforces.calicotab.com/api/v1/tournaments/AO2025/teams,
mace.calicotab.com,africaiv2022,already_complete,
mace.calicotab.com,africairongiant,already_complete,
mace.calicotab.com,africaiv2025,already_complete,
mace.calicotab.com,africaiv2026,already_complete,
inspired.calicotab.com,ALRR25,already_complete,
mace1996.calicotab.com,topuniversities2022,already_complete,
mace.calicotab.com,atudc2023,already_complete,
mace.calicotab.com,atudc2024,already_complete,
mace.calicotab.com,atudc2025,already_complete,
mace.calicotab.com,atudc2026,already_complete,
mace.calicotab.com,andl2021,already_complete,
mace.calicotab.com,andl2022,already_complete,
mace.calicotab.com,andl2023,already_complete,
mace.calicotab.com,andl2024,already_complete,
mace1996.calicotab.com,andl2025,already_complete,
akudc24.calicotab.com,akudc24,already_complete,
happybirthday.calicotab.com,agonia,failed: HTTPError: 401 Client Error: Unauthorized for url: https://happybirthday.calicotab.com/api/v1/tournaments/agonia/motions,
debatefoster.calicotab.com,agonia2024,already_complete,
inspired.calicotab.com,Agonia2025,already_complete,
albertaprewudc2026.calicotab.com,albertaprewudc2026,already_complete,
mascot10.calicotab.com,ANUDC2023,already_complete,
anudc.calicotab.com,anudc2024,already_complete,
anudc.calicotab.com,anudc2025,already_complete,
anydc2023.calicotab.com,ANYDC2023,already_complete,
mascot10.calicotab.com,anydc2024,already_complete,
amsterdamopen.calicotab.com,AmsterdamOpen2023,already_complete,
ao2024.calicotab.com,AO24,already_complete,
amsterdamopen2025.calicotab.com,amsterdamopen2025,already_complete,
amsterdampre2026.calicotab.com,amsterdampre2026,already_complete,
anu.calicotab.com,spring21,already_complete,
spring2022.calicotab.com,_,already_complete,
anuspring2023.calicotab.com,anuspring2023,already_complete,
anuspring2024.calicotab.com,ANUSpring2024,failed: HTTPError: 401 Client Error: Unauthorized for url: https://anuspring2024.calicotab.com/api/v1/tournaments/ANUSpring2024/teams,
anuspring2025.calicotab.com,anuspring2025,already_complete,
anuwinter22.calicotab.com,anuwinter22,already_complete,
midp.calicotab.com,aedc2021,already_complete,
Midp.calicotab.com,apad2020,already_complete,
aodcbp22.calicotab.com,aodcbp22,already_complete,
aodcbp2023.calicotab.com,aodcbp23,already_complete,
auw.calicotab.com,auwiv2026,already_complete,
astanaopen2021.calicotab.com,ao2021,already_complete,
astanaopen.calicotab.com,_,already_complete,
ateneoiv2023.calicotab.com,aiv2023,already_complete,
aivpreworlds2023.calicotab.com,aivpw2023,already_complete,
athena2024.calicotab.com,athena24,already_complete,
hdf.calicotab.com,academy2025,already_complete,
athensiv2024.calicotab.com,athensiv2024,already_complete,
athensiv2025.calicotab.com,_,already_complete,
aucklandiv24.calicotab.com,aucklandiv24,already_complete,
aud.calicotab.com,audpreabp2026,already_complete,
aurgumentum.au-tab.app,open2024,already_complete,
aurgumentum.au-tab.app,proams2024,already_complete,
dipo2025.au-tab.app,en,already_complete,
usutabs2022.calicotab.com,abpdc2022,already_complete,
abpdc2023.calicotab.com,abpdc2023,already_complete,
abpdc2024.calicotab.com,abpdc2024,already_complete,
abpdc25.calicotab.com,abpdc2025,already_complete,
bacdebateclub2023.calicotab.com,bacdo23,already_complete,
sserigadebating.calicotab.com,balticopen2023,already_complete,
balticiv24.calicotab.com,balticiv24,already_complete,
balticiv25.calicotab.com,balticiv25,already_complete,
balticiv.calicotab.com,BIV,already_complete,
bdc.calicotab.com,BDCFundraiser2025,already_complete,
bates2021.calicotab.com,bates2021,failed: HTTPError: 401 Client Error: Unauthorized for url: https://bates2021.calicotab.com/api/v1/tournaments/bates2021/teams,
bdidf-bangladesh.calicotab.com,bdidfbangladesh,already_complete,
bdidf.calicotab.com,bdidf,already_complete,
bdidf-pacific.calicotab.com,regional,already_complete,
bdidf-west.calicotab.com,west,already_complete,
bido2025.calicotab.com,bido2025,already_complete,
bido2026.calicotab.com,bido2026,already_complete,
open-communication.calicotab.com,belgrade2022,failed: HTTPError: 401 Client Error: Unauthorized for url: https://open-communication.calicotab.com/api/v1/tournaments/belgrade2022/teams,
opencommunication.calicotab.com,belgradeopen2023,already_complete,
open-communication-2024.calicotab.com,belgradeopen2024,already_complete,
open-communication-2026.calicotab.com,bgopen2026,already_complete,
berkeleyiv2024.calicotab.com,berkeleyiv24,already_complete,
berkeleyiv25.calicotab.com,UCBIV25,already_complete,
berkeleyiv2026.calicotab.com,berkeleyiv26,already_complete,
berlinonlineiv2020.calicotab.com,bivonline2020,already_complete,
berlinopen2025.calicotab.com,berlinopen2025,already_complete,
vaagyudh2024.calicotab.com,vaagyudh,already_complete,
bigboi.calicotab.com,bigboi1,already_complete,
bhamproam.calicotab.com,bhamproam25,already_complete,
birminghamproam26.calicotab.com,BirminghamProAm26,already_complete,
bitspilani.calicotab.com,bppd2021,already_complete,
bitspilanipd.calicotab.com,bppd2022,already_complete,
bitspilanipd.calicotab.com,bppd2023,already_complete,
bppd2024.calicotab.com,bppd2024,already_complete,
bppd2025.calicotab.com,bppd2025,already_complete,
bitsp.calicotab.com,bppd2026,already_complete,
aberdebates23.calicotab.com,bogwall23,already_complete,
bogwall24.calicotab.com,bogwall24,already_complete,
bogwall2025.calicotab.com,Bogwall2025,already_complete,
borneodebate.calicotab.com,bbpdc2026,already_complete,
bracu.calicotab.com,open2024,already_complete,
brazilopen2025.calicotab.com,brazilopen2025,already_complete,
bristolopen2023.calicotab.com,_,already_complete,
bristolopen24.calicotab.com,bristolopen24,already_complete,
bristol2025.calicotab.com,_,already_complete,
bristolproam23.calicotab.com,_,already_complete,
bpam24.calicotab.com,bristolproam24,already_complete,
bristolproam2025.calicotab.com,_,already_complete,
budapestnovice25.calicotab.com,budapestnovice25,already_complete,
budapestdebate.calicotab.com,dynamic,already_complete,
bo2023.calicotab.com,bo2023,already_complete,
budapestopen2024.calicotab.com,budapest2024,failed: HTTPError: 401 Client Error: Unauthorized for url: https://budapestopen2024.calicotab.com/api/v1/tournaments/budapest2024/rounds/6/pairings,
budapestopen2025.calicotab.com,bpo25,already_complete,
bdpstdebate.calicotab.com,pre-eudc-2025,already_complete,
budapestpreeudc26.calicotab.com,budapest-preeudc-2026,already_complete,
bulacaniv2023.calicotab.com,bliv2023,already_complete,
bup.calicotab.com,bupiv25en,already_complete,
cambridgeivfinal.calicotab.com,2022,already_complete,
cambridgeiv2023.calicotab.com,_,already_complete,
cambridge2024.calicotab.com,cambridgeiv2024,already_complete,
cambridgeiv2025.calicotab.com,_,already_complete,
cambridgemini2024.calicotab.com,camini2024,already_complete,
cuds.calicotab.com,bpchamps2020,already_complete,
bpchamps2022.calicotab.com,bpchamps22,already_complete,
bpchamps2023.calicotab.com,bpchamps2023,already_complete,
cudcwaterloo.calicotab.com,cudc2024,already_complete,
cudchalifax.calicotab.com,CUDC2025,already_complete,
capitalismiv2024.calicotab.com,capitalismiv2024,already_complete,
cardiff2024.calicotab.com,c24,already_complete,
cardiff2025.calicotab.com,cardiffopen2025,already_complete,
cidc2026.calicotab.com,cidc2026,failed: HTTPError: 401 Client Error: Unauthorized for url: https://cidc2026.calicotab.com/api/v1/tournaments/cidc2026/teams,
caritasdebate.calicotab.com,caritasdebateopen2025,already_complete,
carletonbpchamps.calicotab.com,bpchamps2022,already_complete,
cdo2025.calicotab.com,cdo2025,already_complete,
cebuproam.calicotab.com,britishparliamentary,already_complete,
leger2024.calicotab.com,Leger2024,already_complete,
leger2025.calicotab.com,leger2025,already_complete,
leger26.calicotab.com,leger,already_complete,
champagneiv2023.calicotab.com,_,already_complete,
champagneiv2024.calicotab.com,champagneiv2024,already_complete,
spu.calicotab.com,champagneiv2025,already_complete,
champagneiv26.calicotab.com,_,already_complete,
chancellors2021.calicotab.com,chancellors2021,already_complete,
chancellors2021.calicotab.com,chancellors2022,already_complete,
qivcc2023.calicotab.com,QIVCC2023,already_complete,
chancellorscup2024.calicotab.com,Chancellorscup2024,already_complete,
chancellorscup2025.calicotab.com,chancellors2025,already_complete,
charchapd.calicotab.com,charchapd25,already_complete,
cfo3.calicotab.com,CFO3,already_complete,
ccpc.calicotab.com,ctgbp2024,already_complete,
chicagoopen.calicotab.com,chicagoopen,already_complete,
cbp2021.calicotab.com,chinabp2021,already_complete,
cudc2025.calicotab.com,cudc,already_complete,
cudc.calicotab.com,cudcnationals22,already_complete,
cudc2023.calicotab.com,cudc2023,failed: HTTPError: 401 Client Error: Unauthorized for url: https://cudc2023.calicotab.com/api/v1/tournaments/cudc2023/rounds/9/pairings,
cudc2024.calicotab.com,_,failed: HTTPError: 401 Client Error: Unauthorized for url: https://cudc2024.calicotab.com/api/v1/tournaments/_/rounds/6/pairings,
supernana.calicotab.com,christmasholidaysiv2025,already_complete,
cidanovicecup2026.calicotab.com,cidanovicecup2026,already_complete,
cida.calicotab.com,viv23,already_complete,
cidanovicecup2026.calicotab.com,visayasintervarsity26,already_complete,
debatefoster.calicotab.com,preanydc24,already_complete,
cmdlp2021.calicotab.com,cmdlp2021,already_complete,
cmdlp2025.calicotab.com,CMDLP2025,already_complete,
cmude2018.calicotab.com,_,already_complete,
cmude2019.calicotab.com,cmude2019,already_complete,
cmudemadrid2020.calicotab.com,cmude2020,already_complete,
cmudeecuador2021.calicotab.com,cmudeecuador2021,already_complete,
cmude2022.calicotab.com,cmude2022,already_complete,
cmude2023.calicotab.com,cmude2023,already_complete,
cmude2024.calicotab.com,open,already_complete,
cmude2025.calicotab.com,open,already_complete,
cmude2026.calicotab.com,open,already_complete,
vishcoeptech.calicotab.com,vishbp2025,already_complete,
colgateopen2021.calicotab.com,colgateopen2021,already_complete,
colgate2023.calicotab.com,colgate2023,already_complete,
colgateopen2024.calicotab.com,colgate2024,already_complete,
colgate2025.calicotab.com,_,already_complete,
colgateiv.calicotab.com,colgateopen2026,already_complete,
columbiaiv2025.calicotab.com,columbiaiv2025,already_complete,
thecudc2024.calicotab.com,_,failed: HTTPError: 401 Client Error: Unauthorized for url: https://thecudc2024.calicotab.com/api/v1/tournaments/_/teams,
connectionsiv.calicotab.com,connectionsiv25,already_complete,
mace.calicotab.com,cuiv2021,failed: HTTPError: 401 Client Error: Unauthorized for url: https://mace.calicotab.com/api/v1/tournaments/cuiv2021/rounds/7/pairings,
copenhagenonline26.calicotab.com,_,already_complete,
copenhagen2024.calicotab.com,copenhagen2024,already_complete,
copenhagenopen25.calicotab.com,_,already_complete,
cornelliv.calicotab.com,cornell2022,already_complete,
novicenats2021.calicotab.com,novicenats2021,already_complete,
novicenats2022.calicotab.com,novicenats2022,already_complete,
novicenats2024.calicotab.com,novicenats2024,already_complete,
novicenats2025.calicotab.com,novicenats2025,already_complete,
novicenats2026.calicotab.com,novicenationals2026,already_complete,
crawford.calicotab.com,Crudi2025,already_complete,
curtindebateopen2025.calicotab.com,CDO2025,already_complete,
eds.calicotab.com,cusidsrpa2024,already_complete,
daicopen.calicotab.com,daicopen,already_complete,
dsnpd2022.calicotab.com,dsnpd2022,already_complete,
debatesymposium.calicotab.com,summerdebatesymposium2025,already_complete,
debatesymposium.calicotab.com,winterdebatesymposium2025,already_complete,
debatesymposium.calicotab.com,wds2026,already_complete,
dmd2020.calicotab.com,derozio2020,already_complete,
dialectica.calicotab.com,dialecticabpd2025,already_complete,
vaagyudh2024.calicotab.com,dialectica2024,already_complete,
dialectixproam2023.calicotab.com,proam22,already_complete,
dilimandebateopen.calicotab.com,ddo2022,already_complete,
dilimandebateopen.calicotab.com,ddo23,already_complete,
ddo2025.calicotab.com,ddo2025,already_complete,
ddopw.calicotab.com,ddopw2025,already_complete,
dilimanintervarsity.calicotab.com,2024,already_complete,
dilimandebating.calicotab.com,dilimanpreabp23,already_complete,
dilimanpreabp25.calicotab.com,dilimanpreabp25,already_complete,
dpwudc2025.calicotab.com,dpwudc2025,already_complete,
dkwieninvitational.calicotab.com,dkwienmini23,already_complete,
jrktpd2024.calicotab.com,jrktpd2024,already_complete,
jrktpd2024.calicotab.com,jrktpd2025,already_complete,
doxbridge-1.calicotab.com,doxbridge,already_complete,
doxbridge-2.calicotab.com,doxbridge2,already_complete,
doxbridge-3.calicotab.com,doxbridge3,already_complete,
doxbridge-four.calicotab.com,doxbridge4,already_complete,
doxbridge-prewudc.calicotab.com,prewudc,already_complete,
doxbridge-worlds.calicotab.com,east,already_complete,
doxbridge-worlds.calicotab.com,unified,already_complete,
doxbridge-worlds.calicotab.com,west,already_complete,
drexelopen2023.calicotab.com,_,already_complete,
drexel2024.calicotab.com,drexel2024,already_complete,
drexelopen2025.calicotab.com,drexel25,already_complete,
drexelopen2026.calicotab.com,_,already_complete,
drexelprewudc2025.calicotab.com,_,already_complete,
dsdc2021.calicotab.com,dsdc,already_complete,
dtumonsoons2024.calicotab.com,dtumonsoons2024,already_complete,
dtumonsoons2025.calicotab.com,dtumonsoons2025,already_complete,
dtumonsoons2026.calicotab.com,_,already_complete,
dtupd2021.calicotab.com,dtupd2021,already_complete,
dtupd2023.calicotab.com,dtupd2023,already_complete,
dtupd2024.calicotab.com,dtupd2024,"failed: ReadTimeout: HTTPSConnectionPool(host='dtupd2024.calicotab.com', port=443): Read timed out. (read timeout=15)",
dtupd25.calicotab.com,dtupd2025,"failed: ReadTimeout: HTTPSConnectionPool(host='dtupd25.calicotab.com', port=443): Read timed out. (read timeout=15)",
dtupreworlds2025.calicotab.com,dtupreworlds2025,"failed: ReadTimeout: HTTPSConnectionPool(host='dtupreworlds2025.calicotab.com', port=443): Read timed out. (read timeout=15)",
duds.calicotab.com,du_nationals_iv25,"failed: ConnectionError: ('Connection aborted.', RemoteDisconnected('Remote end closed connection without response'))",
mukhtalif2025.calicotab.com,mukhtalif2026,"failed: ReadTimeout: HTTPSConnectionPool(host='mukhtalif2025.calicotab.com', port=443): Read timed out. (read timeout=15)",
7th-vitark.calicotab.com,vitark2022,"failed: ReadTimeout: HTTPSConnectionPool(host='7th-vitark.calicotab.com', port=443): Read timed out. (read timeout=15)",
vitark2024.calicotab.com,vitark2025,already_complete,
bhaavarth2024.calicotab.com,bhaavarthpd24,already_complete,
bhaavarth2024.calicotab.com,bhaavarthpreWUDC,already_complete,
filibusterpd25.calicotab.com,filibusterpd25,already_complete,
manzar2022.calicotab.com,manzar2022,failed: HTTPError: 401 Client Error: Unauthorized for url: https://manzar2022.calicotab.com/api/v1/tournaments/manzar2022/teams,
manzar2023.calicotab.com,manzar2023,already_complete,
manzar2024.calicotab.com,manzar2024,already_complete,
manzar.calicotab.com,Manzar,already_complete,
manzar26.calicotab.com,Manzar_2026,already_complete,
sbs.calicotab.com,sbsbpd22,already_complete,
sbs.calicotab.com,sbsbpd23,already_complete,
sbs.calicotab.com,sbsbpd24,already_complete,
sbs.calicotab.com,sbsbpd25,already_complete,
sbs.calicotab.com,sbsbpd26,already_complete,
logicia2026.calicotab.com,logicia2026,already_complete,
peoplespeak2024.calicotab.com,peoplespeak2024,already_complete,
peoplespeak2025.calicotab.com,peoplespeak2025,already_complete,
rifaaqat.calicotab.com,_,already_complete,
dukeopen2022.calicotab.com,duke2022,already_complete,
durhamiv2021.calicotab.com,iv,already_complete,
durhamiv2022.calicotab.com,_,already_complete,
durhamiv2023.calicotab.com,durhamiv2023,already_complete,
durhamiv2024.calicotab.com,durhamiv2024,already_complete,
durhamiv2025.calicotab.com,durhamiv2025,already_complete,
ddl2024.calicotab.com,DDL,already_complete,
ddl2025.calicotab.com,DDL25,already_complete,
earlsfortopen2021.calicotab.com,earlsfortopen2021,already_complete,
earlsfort2023.calicotab.com,_,already_complete,
earlsfort2024.calicotab.com,earslfort2024,already_complete,
earlsfortopen2025.calicotab.com,earlsfortopen2025,already_complete,
eaudc24.calicotab.com,eaudc24,already_complete,
pratijjav19.calicotab.com,EastIndiaPre-Worlds,already_complete,
muhib.calicotab.com,EMO,already_complete,
debatefoster.calicotab.com,ecoiv2024,already_complete,
tabtastic.calicotab.com,econopen,already_complete,
edinburgh.calicotab.com,edcup22,already_complete,
edcup23.calicotab.com,edcup23,already_complete,
edicup2024.calicotab.com,EdCup2024,already_complete,
edcup25.calicotab.com,_,already_complete,
ednn.calicotab.com,EdNN,already_complete,
edidebates.calicotab.com,edopen23,already_complete,
muhib.calicotab.com,EduceDisdcDebte,already_complete,
eindhovenopen2025.calicotab.com,EindhovenOpen2025,already_complete,
summerwars2022.calicotab.com,EVC2024,already_complete,
inspired.calicotab.com,empire2026,already_complete,
enbp2024.calicotab.com,enbp2024,already_complete,
erasmusnovice2023.calicotab.com,ErasmusNovice2023,already_complete,
ero2023.calicotab.com,_,already_complete,
ero2024.calicotab.com,ERO2024,already_complete,
dialectica.calicotab.com,Eristic2024,already_complete,
argument.calicotab.com,BPpro-am2023,already_complete,
argument.calicotab.com,bpproam2025,already_complete,
argument.calicotab.com,suveaka2025eng,already_complete,
eudc2020.calicotab.com,eudc2020,already_complete,
eudc2021.calicotab.com,eudc2021,already_complete,
eudc2022.calicotab.com,eudc2022,already_complete,
eudc2023.calicotab.com,_,already_complete,
eudc2024.calicotab.com,_,already_complete,
eudc2025.calicotab.com,_,already_complete,
eudc2026.calicotab.com,_,failed: HTTPError: 401 Client Error: Unauthorized for url: https://eudc2026.calicotab.com/api/v1/tournaments/_/teams,
tabtastic.calicotab.com,eudcchallenge2021,already_complete,
zhmasud.calicotab.com,euphorianoviceopen,failed: HTTPError: 401 Client Error: Unauthorized for url: https://zhmasud.calicotab.com/api/v1/tournaments/euphorianoviceopen/rounds/3/pairings,
europeanroundrobin26.calicotab.com,err26,already_complete,
exeinv2025.calicotab.com,ExeInv2025,already_complete,
exeteropen2024.calicotab.com,exeteropen2024,already_complete,
exeteropen2025.calicotab.com,exeteropen2025,already_complete,
exeteropen2026.calicotab.com,exeter2026,already_complete,
fastiv25.calicotab.com,fastivkhi25,already_complete,
guindon2024.calicotab.com,guindon2024,already_complete,
bigboi.calicotab.com,fhdoxbbo-bp,already_complete,
fsopen2023.calicotab.com,FSO2023,failed: HTTPError: 401 Client Error: Unauthorized for url: https://fsopen2023.calicotab.com/api/v1/tournaments/FSO2023/teams,
tshi.calicotab.com,fsopen2024,already_complete,
tshi.calicotab.com,fsiv2025,already_complete,
inspired.calicotab.com,ADSL25,already_complete,
gareebpreabp.calicotab.com,gareebpreabp2026,already_complete,
lucien.calicotab.com,GO2025,failed: HTTPError: 401 Client Error: Unauthorized for url: https://lucien.calicotab.com/api/v1/tournaments/GO2025/teams,
gndc2025.calicotab.com,gndc25,already_complete,
gudc2022.calicotab.com,GUDC2022,already_complete,
knustgudc23.calicotab.com,gudc23,already_complete,
gudc24.calicotab.com,gudc2024,already_complete,
ghnationals.calicotab.com,gudc2025,already_complete,
gikiiv2026.calicotab.com,gikiiv26,already_complete,
gik.calicotab.com,pre-wudc-2025,already_complete,
glasgowancients2022.calicotab.com,2022,already_complete,
guu2023.calicotab.com,ancients2023,already_complete,
glasgowancients24.calicotab.com,_,already_complete,
glasgowancients2025.calicotab.com,glasgowancients2025,already_complete,
glasgowancients2026.calicotab.com,glasgowancients2026,already_complete,
summercup2022.calicotab.com,_,already_complete,
glasgowsummer2023.calicotab.com,_,already_complete,
glasgowsummer2024.calicotab.com,_,already_complete,
glasgowsummercup2025.calicotab.com,glasgowsummercup2025,already_complete,
glasgowsummercup2026.calicotab.com,glasgowsummercup2026,already_complete,
glc2021.calicotab.com,glc2021,already_complete,
theglcdebate.calicotab.com,theglcdebate2023,already_complete,
theglcdebate.calicotab.com,theglcdebate2024,already_complete,
theglcdebate.calicotab.com,theglcdebate2025,already_complete,
theglcdebate.calicotab.com,theglcdebate2026,already_complete,
mace.calicotab.com,globaleslrr2021,already_complete,
tabtastic.calicotab.com,groningen2021,already_complete,
cuhkszedt00.calicotab.com,gdc2022,already_complete,
gdc2023.calicotab.com,gdc2023,already_complete,
gdc2024.calicotab.com,GDC2024,already_complete,
gdc2025.calicotab.com,GDC2025,already_complete,
gurgaon2026.calicotab.com,gurgaon26,already_complete,
habibpreworlds2022.calicotab.com,habibpreworlds2022,already_complete,
hudc2021.calicotab.com,hudc2021,already_complete,
habib2024.calicotab.com,HUDC2024,already_complete,
hudc2025.calicotab.com,HUDC2025,already_complete,
hdo2025.calicotab.com,HDO2025,already_complete,
hadzabe-prewudc.calicotab.com,prewudc22,already_complete,
hrcdeb2021.calicotab.com,hansrajdebate21,already_complete,
hansrajpd2026.calicotab.com,HansrajPD2026,already_complete,
hansrajpd2024.calicotab.com,hansrajpd2024,already_complete,
hhas25.calicotab.com,hhas25,already_complete,
hhiv2020.calicotab.com,hhiv2020,already_complete,
hhiv2021.calicotab.com,HHIV2021,already_complete,
hhiv2022.calicotab.com,hhiv2022,already_complete,
hhiv2023.calicotab.com,hhiv2023,already_complete,
hhiv2024.calicotab.com,_,already_complete,
hhiv25.calicotab.com,hhiv25,already_complete,
hbp22.calicotab.com,hbp2022,already_complete,
mace1996.calicotab.com,heartsafire,already_complete,
mace.calicotab.com,heartsaffire2026,already_complete,
helsinkiopen2021.calicotab.com,helsinki2021,already_complete,
hituiv2025.calicotab.com,hituiv2025,already_complete,
hochiminhdebateopen2024.calicotab.com,hcmdo24,already_complete,
knusthogwarts.calicotab.com,hrr22,already_complete,
knusthogwarts.calicotab.com,hogwarts2023,already_complete,
knusthogwarts.calicotab.com,hogwarts2024,already_complete,
kds.calicotab.com,Hogwarts2k25,"failed: ReadTimeout: HTTPSConnectionPool(host='kds.calicotab.com', port=443): Read timed out. (read timeout=15)",
kds.calicotab.com,HRR2026,already_complete,
hollatzdebates2021.calicotab.com,hollatz2021,already_complete,
hkdc2023.calicotab.com,hkdc2023,already_complete,
hkdc2024.calicotab.com,HKDC-2024,already_complete,
hkdo2024.calicotab.com,hkdo2024,already_complete,
hugill2020.calicotab.com,hugill2020,already_complete,
dnn.calicotab.com,hrd2021,already_complete,
humanities2025.calicotab.com,ho2025,already_complete,
hsda2024.calicotab.com,hsda2024,already_complete,
hwsiv2021.calicotab.com,iv,failed: HTTPError: 401 Client Error: Unauthorized for url: https://hwsiv2021.calicotab.com/api/v1/tournaments/iv/teams,
hwsrr2023.calicotab.com,hwsrr2023,failed: HTTPError: 401 Client Error: Unauthorized for url: https://hwsrr2023.calicotab.com/api/v1/tournaments/hwsrr2023/teams,
hwsrr2024.calicotab.com,hwsrr2024,already_complete,
hwsrr2025.calicotab.com,_,already_complete,
hwsrr2026.calicotab.com,_,failed: HTTPError: 401 Client Error: Unauthorized for url: https://hwsrr2026.calicotab.com/api/v1/tournaments/_/teams,
hypotheticalopen.calicotab.com,_,failed: HTTPError: 401 Client Error: Unauthorized for url: https://hypotheticalopen.calicotab.com/api/v1/tournaments/_/teams,
hypotheticalopen.calicotab.com,2,already_complete,
hypotheticalopen2026.calicotab.com,_,already_complete,
ignite1.calicotab.com,ignite2023,already_complete,
debatefoster.calicotab.com,ignite2024,already_complete,
iimapd24.calicotab.com,iimapd2024,already_complete,
iimapd25.calicotab.com,iimapd25,already_complete,
iima2026.calicotab.com,iimapd,already_complete,
13iitdebate.calicotab.com,13-IITB-Debate,already_complete,
iitbombaydebate2022.calicotab.com,iitbombaydebate2022,failed: HTTPError: 401 Client Error: Unauthorized for url: https://iitbombaydebate2022.calicotab.com/api/v1/tournaments/iitbombaydebate2022/teams,
15thiitbombaydebate.calicotab.com,15thiitbombaydebate2023,already_complete,
16thiitbombaydebate.calicotab.com,16thiitb,already_complete,
17thiitbombaydebate.calicotab.com,17thiitb,already_complete,
18thiitbombaydebate.calicotab.com,18thiitb,already_complete,
19thiitbombaydebate.calicotab.com,19thiitb,already_complete,
iitkpd2026.calicotab.com,iitkpd2026,already_complete,
kgppd2026.calicotab.com,kgppd26,already_complete,
iitmpd.calicotab.com,iitmpd26,already_complete,
iitroorkee.calicotab.com,iitrpd2025,already_complete,
iitbgrandprix.calicotab.com,iitb2024,already_complete,
iitmpd.calicotab.com,iitmpd24,already_complete,
iiuminterschooldebatingchampionship2023.calicotab.com,iiumopen2024,already_complete,
ilnubpd2023.calicotab.com,2023,already_complete,
ilnubpd2024.calicotab.com,ilnubpd,already_complete,
ilnuroundrobin.calicotab.com,ilnurr2025,already_complete,
iniv2022.calicotab.com,iniv2022,already_complete,
mace1996.calicotab.com,expose4,already_complete,
unilorin.calicotab.com,EVC2023,already_complete,
unilorin.calicotab.com,EVC25,already_complete,
unilorin.calicotab.com,WWVI,already_complete,
imperialchatgptopen2024.calicotab.com,chatgpt2024,already_complete,
imperialiv2022.calicotab.com,_,already_complete,
imperialiv24.calicotab.com,impiv24,already_complete,
imperialiv25.calicotab.com,_,already_complete,
imperialiv2026.calicotab.com,imperialiv2026,already_complete,
imperialnovices2022.calicotab.com,_,already_complete,
imperialnovices2025.calicotab.com,imperialnovices2025,already_complete,
imperialonlineopen2025.calicotab.com,imperialonlineopen2025,already_complete,
imperialprewudc.calicotab.com,imperialprewudc2025,already_complete,
dialectica.calicotab.com,indiaabpfundraiser,already_complete,
dialectica.calicotab.com,indiapreabp2026,already_complete,
indiawudcfundraiser.calicotab.com,_,already_complete,
ufd.calicotab.com,ido24,already_complete,
ufd.calicotab.com,autumnbp24,already_complete,
ufd.calicotab.com,indopacificbp24,already_complete,
ufd.calicotab.com,preabp24,already_complete,
ufd.calicotab.com,preabp25,already_complete,
ufd.calicotab.com,ProAm24,already_complete,
nudc2024.au-tab.app,national,already_complete,
saveafather.calicotab.com,innertempleiv2021,already_complete,
inneriv25.calicotab.com,InnerIV25,already_complete,
innertemple26.calicotab.com,harrisonplate,already_complete,
debatnusantara2024.au-tab.app,ind2024,already_complete,
intertext.calicotab.com,inbp2023,already_complete,
intertext.calicotab.com,ipabp2023,already_complete,
intertext.calicotab.com,ipabp2024,already_complete,
intertext.calicotab.com,ipado2023,already_complete,
intertext.calicotab.com,ipa2024,already_complete,
irishnovices25.calicotab.com,_,already_complete,
idltournaments2024.calicotab.com,englishcup24,already_complete,
idltournaments2026.calicotab.com,englishcup25,already_complete,
idltournaments2024.calicotab.com,englishopen2024,already_complete,
idltournaments2024.calicotab.com,engopen2025,already_complete,
idltournaments2026.calicotab.com,englishopen2026,already_complete,
idltournaments2026.calicotab.com,minispringchallenge2026,already_complete,
idltournaments2024.calicotab.com,Newbies2024,already_complete,
idltournaments2026.calicotab.com,newbies2026,already_complete,
idltournaments2026.calicotab.com,NIV2026,already_complete,
istanbulopen30international.calicotab.com,istanbulopen30,already_complete,
tabserverofturkey.calicotab.com,istanbulopen26,already_complete,
tabserverofturkey.calicotab.com,ihuinternationalopen2025,already_complete,
braceytab.calicotab.com,IV2026,already_complete,
japanbp2024.calicotab.com,24jbp,already_complete,
japanbp2025.calicotab.com,_,already_complete,
jindaldebsoc.calicotab.com,jindaldebate2026,already_complete,
johnshopkinsopen2022.calicotab.com,jhu2022,already_complete,
jhuprewudc2023.calicotab.com,jhuprewudc2023,already_complete,
mace.calicotab.com,jr22,already_complete,
jozirumble.calicotab.com,jozirumble2023,already_complete,
jr2024.calicotab.com,jozirumble2024,failed: HTTPError: 500 Server Error: Internal Server Error for url: https://jr2024.calicotab.com/api/v1/tournaments/jozirumble2024/rounds/3/pairings,
jr2025.calicotab.com,jr2025,already_complete,
nix.calicotab.com,JR26,already_complete,
jpduautumn2024.calicotab.com,_,already_complete,
autumntournament.calicotab.com,autumntournament2025,already_complete,
01-rean.calicotab.com,ko-23,already_complete,
2001rean.calicotab.com,KO2024,"failed: ReadTimeout: HTTPSConnectionPool(host='2001rean.calicotab.com', port=443): Read timed out. (read timeout=15)",
debatefoster.calicotab.com,KO2025,already_complete,
inspired.calicotab.com,KO2026,already_complete,
kasiyana.calicotab.com,kasiyana2025,already_complete,
kcliv25.calicotab.com,kcliv25,already_complete,
kingsnovices2024.calicotab.com,kingsnovices2024,already_complete,
kclopen2021.calicotab.com,kclopen2021,already_complete,
kclopen2022.calicotab.com,kclopen,already_complete,
kclopen2024.calicotab.com,kclopen2024,already_complete,
kclopen25.calicotab.com,kclopen25,already_complete,
kclopen2025.calicotab.com,kclpreeudc2025,already_complete,
kclproam2020.calicotab.com,kclproam2020,already_complete,
kclproam.calicotab.com,kclpa21,already_complete,
kclproam2022.calicotab.com,kclpa2022,already_complete,
kdo2026.calicotab.com,kdo2026,already_complete,
keioiv2026.calicotab.com,keioiv2026,already_complete,
khalsapreabp2025.calicotab.com,khalsapreabp25,already_complete,
kudc.calicotab.com,KiambuNairobi25,already_complete,
kidaopen2023.calicotab.com,kidaopen2023,failed: HTTPError: 401 Client Error: Unauthorized for url: https://kidaopen2023.calicotab.com/api/v1/tournaments/kidaopen2023/teams,
kidaopen2024.calicotab.com,kidaopen2024,already_complete,
kinnairdurduopen21.calicotab.com,kcdcenglish22,already_complete,
kinnairdurduopen21.calicotab.com,kcdc23english,already_complete,
kinnairdurduopen21.calicotab.com,Kcdceng2024,failed: HTTPError: 401 Client Error: Unauthorized for url: https://kinnairdurduopen21.calicotab.com/api/v1/tournaments/Kcdceng2024/rounds/7/pairings,
kinnairdurduopen21.calicotab.com,KCDC25,already_complete,
kmcirongiant.calicotab.com,kmcirongiant,already_complete,
knustopen2024.calicotab.com,_,already_complete,
kds.calicotab.com,vcc23,already_complete,
braceytab.calicotab.com,2025VCC,already_complete,
kontrakorapcup.calicotab.com,kkc2025,already_complete,
snudaxhufsknc.calicotab.com,hdsnudaknc2024,already_complete,
kudchydsknc2025.calicotab.com,kudchydsknc2025,already_complete,
mkdsdaeknc2025.calicotab.com,mkdsdaeknc2025,already_complete,
snudaxhdskncap2026.calicotab.com,2026apknc,already_complete,
kdotab.calicotab.com,kdo22,already_complete,
kumasi.calicotab.com,kdo23,already_complete,
kumasi.calicotab.com,kdo24,already_complete,
kumasi.calicotab.com,kdo2025,already_complete,
kumasi.calicotab.com,kdo2026,already_complete,
kyivopen2021.calicotab.com,kyiv,already_complete,
qdo.calicotab.com,qdo2024,already_complete,
stevehunt.calicotab.com,shc25,already_complete,
debatefoster.calicotab.com,LVO2024,already_complete,
unilagdebate.calicotab.com,ldo2023,already_complete,
unilagdebate.calicotab.com,ldo2025,already_complete,
lancasteriv.calicotab.com,lancaster25,already_complete,
lantugi.calicotab.com,novicecup24,already_complete,
lnc.calicotab.com,lnc2025,already_complete,
ldsgoldencup25.calicotab.com,ldsgoldencup25,already_complete,
leidenopen23.calicotab.com,leidenopen23,already_complete,
leidenopen2024.calicotab.com,_,already_complete,
lo2025.calicotab.com,lo2025,already_complete,
lo2026.calicotab.com,LO2026,already_complete,
linkbate-6-2022.calicotab.com,linkbate,already_complete,
linkbate2024.calicotab.com,linkbate,already_complete,
mersey.calicotab.com,LDU,already_complete,
liverpool23.calicotab.com,Liverpool23,already_complete,
liverpooliv2024.calicotab.com,liv24,already_complete,
liverpool25.calicotab.com,liverpool25,already_complete,
liverpooliv2026.calicotab.com,liverpooliv2026,already_complete,
tab.debate.si,lj-iv-22,already_complete,
tab.debate.si,lj-iv-23,already_complete,
tab.debate.si,lj-iv-24,already_complete,
tab.debate.si,lj-pre-wudc-25,already_complete,
lorddorchester.calicotab.com,dorch2024,failed: HTTPError: 401 Client Error: Unauthorized for url: https://lorddorchester.calicotab.com/api/v1/tournaments/dorch2024/teams,
lorddorchester.calicotab.com,dorch2025,already_complete,
dorchestercup2026.calicotab.com,dorchestercup2026,already_complete,
loyoladebateopen2.calicotab.com,loyoladebateopen2,already_complete,
loyoladebateopen3.calicotab.com,loyoladebateopen3,already_complete,
lsetabs.calicotab.com,lseiv2022,already_complete,
lsexiv.calicotab.com,lsexiv,already_complete,
lseiv2024.calicotab.com,_,failed: HTTPError: 401 Client Error: Unauthorized for url: https://lseiv2024.calicotab.com/api/v1/tournaments/_/teams,
lseiv2025.calicotab.com,lseiv2025,already_complete,
lseopen2022.calicotab.com,_,already_complete,
lseopen2023.calicotab.com,_,already_complete,
lseopen2024.calicotab.com,lsexopen2024,already_complete,
lseopen2025.calicotab.com,_,already_complete,
lseopen2026.calicotab.com,_,already_complete,
lsekclnovices.calicotab.com,lsekclnovices25,already_complete,
lums.calicotab.com,lumsiv21,failed: HTTPError: 401 Client Error: Unauthorized for url: https://lums.calicotab.com/api/v1/tournaments/lumsiv21/teams,
lums.calicotab.com,lumsiv2023,already_complete,
lums.calicotab.com,lumsiv24,"failed: ReadTimeout: HTTPSConnectionPool(host='lums.calicotab.com', port=443): Read timed out. (read timeout=15)",
lums.calicotab.com,lumsiv25,already_complete,
lums.calicotab.com,lumsiv2026,already_complete,
lums.calicotab.com,lumspreabp2024,already_complete,
luzonintervarsity.calicotab.com,liv2021,already_complete,
luzonintervarsity.calicotab.com,liv2022,already_complete,
luzonintervarsity.calicotab.com,liv2023,already_complete,
maastricht2025.calicotab.com,maastricht2025,already_complete,
mdo2024.calicotab.com,mdo2024,already_complete,
macaudebateopen2025.calicotab.com,macaudebateopen2025,already_complete,
macaudebateopen26.calicotab.com,macau2026,already_complete,
mactabs2022.calicotab.com,macproam2022,already_complete,
mactabs2025.calicotab.com,macpa2025,already_complete,
mactabs2026.calicotab.com,macproam26,already_complete,
dnn.calicotab.com,ms2021,failed: HTTPError: 401 Client Error: Unauthorized for url: https://dnn.calicotab.com/api/v1/tournaments/ms2021/teams,
dnn.calicotab.com,ms2024,already_complete,
makdo.calicotab.com,makdo2023,already_complete,
midp.calicotab.com,MBP2021,already_complete,
midp.calicotab.com,malaysiabp2022,already_complete,
midp.calicotab.com,malaysiabp2023,already_complete,
midp.calicotab.com,malaysiabp2024,failed: HTTPError: 401 Client Error: Unauthorized for url: https://midp.calicotab.com/api/v1/tournaments/malaysiabp2024/teams,
malaydo2024.calicotab.com,mdo2024,already_complete,
wolce.calicotab.com,mnidc2020,already_complete,
wolce.calicotab.com,mnidc2021,already_complete,
wolce.calicotab.com,mnidc2022,already_complete,
maradebates.calicotab.com,mnidc2023,already_complete,
unimasdebates.calicotab.com,mnidc2024,already_complete,
udosuniten.calicotab.com,mnidc25,already_complete,
modo.calicotab.com,modo2025,already_complete,
mapdebate.calicotab.com,mapwudc2025,already_complete,
manchesteriv2023.calicotab.com,manchesteriv,already_complete,
manchesteriv2024.calicotab.com,Manchester2024,already_complete,
manchesteriv25.calicotab.com,_,already_complete,
manchesteriv2026.calicotab.com,manchesteriv2026,already_complete,
mannov23.calicotab.com,_,failed: HTTPError: 401 Client Error: Unauthorized for url: https://mannov23.calicotab.com/api/v1/tournaments/_/teams,
manchesternovices.calicotab.com,novices2024,already_complete,
manchesternovices2025.calicotab.com,2025,already_complete,
manilaprewudc.calicotab.com,manilaprewudc2025,already_complete,
afterfreedom.calicotab.com,MM25,already_complete,
debatefoster.calicotab.com,masharikdebate2024,already_complete,
mashujaa.calicotab.com,mashujaa09,already_complete,
mashujaa.calicotab.com,mashujaa10,already_complete,
mashujaa.calicotab.com,mashujaa11,already_complete,
mashujaa.calicotab.com,mashujaa122024,already_complete,
mashujaa.calicotab.com,mashujaa132024,already_complete,
mashujaa.calicotab.com,mashujaa142025,already_complete,
mashujaa.calicotab.com,mashujaa152025,already_complete,
mkdsopen.calicotab.com,mkdsopen2026,already_complete,
centralnovs2022.calicotab.com,centralnovs2022,already_complete,
centralnov2024.calicotab.com,centralnov2024,already_complete,
centralnov2025.calicotab.com,centralnov2025,already_complete,
mcgilliv2024.calicotab.com,iv,already_complete,
mdu.calicotab.com,mcgilliv25,already_complete,
mcgilliv26.calicotab.com,mcgilliv26,already_complete,
macproams2021.calicotab.com,proams2022,already_complete,
melbmini2020.calicotab.com,melbmini2020,already_complete,
metaiv2021.calicotab.com,metaiv2021,already_complete,
middiv2024.calicotab.com,middiv24,already_complete,
middiv2026.calicotab.com,middiv2026,already_complete,
mindanaointervarsity.calicotab.com,miv2022,already_complete,
48thmpdc.calicotab.com,48thmpdc,already_complete,
theorangecapitaldebate.calicotab.com,ocd2025,failed: HTTPError: 401 Client Error: Unauthorized for url: https://theorangecapitaldebate.calicotab.com/api/v1/tournaments/ocd2025/motions,
mad2024.calicotab.com,madprewudc2023,already_complete,
monashprewudc.calicotab.com,monashprewudc2025,already_complete,
lnuidccountymeet2024.calicotab.com,mdo2024,already_complete,
moraytaintervarsity2024.calicotab.com,moriv2024,already_complete,
mnbpd2025.calicotab.com,mnbpd2025,already_complete,
mnmpreabp25.calicotab.com,mnbpdpreabp2025,already_complete,
mumbaifundraisers.calicotab.com,mumbaidebateopen26,already_complete,
mumbaiprewudc2025.calicotab.com,mumbaiprewudc25,already_complete,
munichopen2026.calicotab.com,munich2026,already_complete,
nasparopen.calicotab.com,nasparopen2021,already_complete,
naspar2023.calicotab.com,naspar2023,already_complete,
nasparprewudc2023.calicotab.com,nasparprewudc2023,already_complete,
ndo2023.calicotab.com,ndo2023,already_complete,
ayiraacademy.calicotab.com,indaba1024,already_complete,
ayiraacademy.calicotab.com,indaba42025,already_complete,
nalsariv2021.calicotab.com,Nalsariv2021,already_complete,
nalsariv2022.calicotab.com,nalsariv22,already_complete,
nalsariv2023.calicotab.com,nalsariv2023,already_complete,
sbinalsariv2024.calicotab.com,nalsariv2024,already_complete,
thenalsariv.calicotab.com,nalsariv2025,already_complete,
naudc2021.calicotab.com,_,already_complete,
naudc2023.calicotab.com,naudc2023,already_complete,
naudc2024.calicotab.com,naudc2024,already_complete,
naudc2025.calicotab.com,naudc2025,already_complete,
naudc2026.calicotab.com,_,already_complete,
neadc.calicotab.com,neadc,already_complete,
neadc2022.calicotab.com,2022,already_complete,
edudrift.calicotab.com,neadc2023,already_complete,
neadc2024.calicotab.com,neadc2024,already_complete,
edudrift.calicotab.com,neadc2025,already_complete,
ndsa.calicotab.com,ndo2021,already_complete,
nsut.calicotab.com,nsmpd25,already_complete,
nzsbp2025.calicotab.com,nzsbp2025,already_complete,
newmanproam.calicotab.com,_,already_complete,
ngome.calicotab.com,ngtoc2026,already_complete,
nhsdlc.calicotab.com,nhsdlc-bp-2023,already_complete,
thuiv2024.calicotab.com,nhsdlcbpo2024,already_complete,
nhsdlcbpopen.calicotab.com,nhsdlcbp2025,already_complete,
nhsdlcbpopen2025.calicotab.com,dlcbp2025,already_complete,
2026nhsdlcbpopen.calicotab.com,dlcbp2026,already_complete,
nhsdlc2026.calicotab.com,nhsdlcbp2026,already_complete,
ndcopenx.calicotab.com,NDCopenX,failed: HTTPError: 401 Client Error: Unauthorized for url: https://ndcopenx.calicotab.com/api/v1/tournaments/NDCopenX/motions,
ndc-awari2025.calicotab.com,NDCXI,already_complete,
rrngtoc.calicotab.com,rrtoc2024,already_complete,
nijmegen2023.calicotab.com,nijmegen2023,already_complete,
nijmegen2024.calicotab.com,nijmegen2024,already_complete,
xbpdnluo.calicotab.com,XNLUOBPD25,already_complete,
xinluobpd.calicotab.com,NLUOPD26,already_complete,
nordicopen2026.calicotab.com,nordicopen2026,already_complete,
nlbp2024.calicotab.com,nlbp2024,"failed: ConnectionError: ('Connection aborted.', RemoteDisconnected('Remote end closed connection without response'))",
nlid2025.calicotab.com,nlid2025,already_complete,
nsu.calicotab.com,dialogue25,already_complete,
nova2024.calicotab.com,Nova2024,already_complete,
norwichiv2026.calicotab.com,norwichiv2026,already_complete,
norwichmini2025.calicotab.com,norwichmini2025,already_complete,
norwichonline25.calicotab.com,norwichonline25,already_complete,
nottsnovs25.calicotab.com,NottsNovs2025,already_complete,
nualspd2026.calicotab.com,nualspd2026,already_complete,
nuspreworlds.calicotab.com,_,already_complete,
odesa-esl.calicotab.com,odesa2021,failed: HTTPError: 401 Client Error: Unauthorized for url: https://odesa-esl.calicotab.com/api/v1/tournaments/odesa2021/teams,
ukrainedebates.calicotab.com,odesa2023,already_complete,
olympia.calicotab.com,olympiainvitational2023,already_complete,
opencoast.calicotab.com,pre-gudc24,already_complete,
opencoast.calicotab.com,pre-gudc2025,already_complete,
osakaiv2024.calicotab.com,_,already_complete,
eds.calicotab.com,ottawaiv2025,already_complete,
eds.calicotab.com,ottawaiv2026,already_complete,
ottawa27wudc.calicotab.com,ottawaopen2025,already_complete,
eds.calicotab.com,ottawaroundrobin2025,already_complete,
eds.calicotab.com,ottawaroundrobin2026,already_complete,
ottawasummer2026.calicotab.com,_,already_complete,
oxfordcharity25.calicotab.com,_,already_complete,
oxfordcharity26.calicotab.com,_,already_complete,
oxfordcharity26.calicotab.com,iii,already_complete,
oxford2021.calicotab.com,oxfordiv2021,already_complete,
oxfordiv2022.calicotab.com,_,already_complete,
oxfordiv2023.calicotab.com,_,failed: HTTPError: 401 Client Error: Unauthorized for url: https://oxfordiv2023.calicotab.com/api/v1/tournaments/_/teams,
oxiv2024.calicotab.com,_,already_complete,
oxfordiv2025.calicotab.com,_,already_complete,
pakdebateforum.calicotab.com,open2025,already_complete,
awdppakistanopen.calicotab.com,pakdo2021,already_complete,
pakdebateforum.calicotab.com,pakistanpreabp,already_complete,
pdc2023.calicotab.com,_,already_complete,
parliamatebp2025.calicotab.com,parliamatebp2025,already_complete,
mace.calicotab.com,paudc2021,already_complete,
paudc2022.calicotab.com,PAUDC2022,already_complete,
nutifafapaudc.calicotab.com,paudc2023,already_complete,
paudc2024.calicotab.com,paudcK24,already_complete,
lucien.calicotab.com,paudc2025,already_complete,
pearlpd.calicotab.com,pearlbpd2021,already_complete,
pkuproam24.calicotab.com,pkuproam24,already_complete,
pkuproam25.calicotab.com,_,already_complete,
pkuproam26.calicotab.com,_,already_complete,
pennwsdc2024.calicotab.com,ppw2024,already_complete,
pmiv25.calicotab.com,petermaguire25,already_complete,
pidc2021.calicotab.com,pidc2021,failed: HTTPError: 401 Client Error: Unauthorized for url: https://pidc2021.calicotab.com/api/v1/tournaments/pidc2021/teams,
ndcdiliman2022.calicotab.com,NDCDiliman2022,already_complete,
ndc2024.calicotab.com,hermosa,already_complete,
ndc2025.calicotab.com,ndc2025,already_complete,
pipers.calicotab.com,pipers,already_complete,
idc25.calicotab.com,idc2025,already_complete,
poznanopen2026.calicotab.com,poznanopen2026,already_complete,
pragueopen2024.calicotab.com,_,already_complete,
pragueopen2025.calicotab.com,_,already_complete,
prativaad.calicotab.com,prativaad25,already_complete,
preeudcchallenge2024mini.calicotab.com,_,already_complete,
presido2026.calicotab.com,_,already_complete,
ppiv2021.calicotab.com,ppiv2021,already_complete,
stukudebate2025.calicotab.com,stubate2025,already_complete,
stkdebate26.calicotab.com,stuku2026,"failed: ReadTimeout: HTTPSConnectionPool(host='stkdebate26.calicotab.com', port=443): Read timed out. (read timeout=15)",
princetoniv2021.calicotab.com,princetoniv2021,already_complete,
princetoniv2023.calicotab.com,princeton23,already_complete,
princetoniv2024.calicotab.com,princetoniv2024,already_complete,
princetoniv2025.calicotab.com,princetoniv25,already_complete,
paqo2020.calicotab.com,proam,failed: HTTPError: 401 Client Error: Unauthorized for url: https://paqo2020.calicotab.com/api/v1/tournaments/proam/teams,
qdep2526.calicotab.com,qdopenbp2526,already_complete,
tabtastic.calicotab.com,qmiv2021,already_complete,
queenmarytournaments.calicotab.com,qmiv25,already_complete,
qmulopen26.calicotab.com,qmulopen26,already_complete,
qubopen.calicotab.com,qubopen2026,already_complete,
rmlpd2025.calicotab.com,rmlpd26,already_complete,
pakdebateforum.calicotab.com,rdo2024,already_complete,
pakdebateforum.calicotab.com,rdo2025,already_complete,
pakdebateforum.calicotab.com,rdo2026,already_complete,
ramaiah.calicotab.com,RRR21,already_complete,
randompa5.calicotab.com,rpav,already_complete,
rclpd2024.calicotab.com,rclpd24,already_complete,
rclpd2025.calicotab.com,rclpd25,already_complete,
riversstateuniversityopen.calicotab.com,rsuopen2025,already_complete,
rmlbpd23.calicotab.com,rmlbpd2023,already_complete,
rotterdampreeudc.calicotab.com,rotterdampreeudc,already_complete,
rrac22.calicotab.com,rrac2022,already_complete,
samuelayodele.calicotab.com,rrac2023,already_complete,
rrac24.calicotab.com,anniversarycup2024,already_complete,
rrac.calicotab.com,rrac2025,already_complete,
mace.calicotab.com,RPDA2021,already_complete,
mace.calicotab.com,rpdainternals2022,already_complete,
mace.calicotab.com,prepaudc2022,already_complete,
mace.calicotab.com,rpdapre-paudc2023,already_complete,
mace.calicotab.com,pre-paudc24,already_complete,
mace.calicotab.com,rpdapre_paudc2025,already_complete,
rpmd2021.calicotab.com,rpmd21,already_complete,
rvdt.calicotab.com,rvdt2021,already_complete,
rvdt.calicotab.com,rvdt2023,already_complete,
stamesa23.calicotab.com,stamesa23,already_complete,
smdo24.calicotab.com,stamesa24,already_complete,
scotlandpreeudc2026.calicotab.com,scotlandpreeudc2026,already_complete,
scottishmace.calicotab.com,Mace2022,already_complete,
mace2024.calicotab.com,mace24,already_complete,
mace2025.calicotab.com,mace2025,already_complete,
scottishmace2026.calicotab.com,scottishmace2026,already_complete,
seakaysancupii.calicotab.com,kaysancupii,already_complete,
suiv23.calicotab.com,seattleiv2023,already_complete,
suiv24yodl.calicotab.com,suiv24yodl,already_complete,
suiv2025.calicotab.com,suiv2025,already_complete,
suiv2022.calicotab.com,seattleiv2021,already_complete,
seattleiv2022online.calicotab.com,seattleiv22online,already_complete,
suonlinemini23.calicotab.com,suonlinemini2023,already_complete,
seattle2024fri.calicotab.com,seattlefri24,already_complete,
suiv2025.calicotab.com,suiv2025online,already_complete,
siv2025.calicotab.com,seriousiv2025,already_complete,
seriousiv2026.calicotab.com,_,already_complete,
severncup23.calicotab.com,severncup,already_complete,
severn25.calicotab.com,severn25,already_complete,
shahjiwana.calicotab.com,SIDC25,already_complete,
sidc.calicotab.com,sidc,already_complete,
sidc2024.calicotab.com,SIDC2024,already_complete,
sit.calicotab.com,sit2025,already_complete,
sndo2023.calicotab.com,sndo2023,already_complete,
sndo2024.calicotab.com,sndo2024,already_complete,
sndo25.calicotab.com,sndo25,already_complete,
sheffieldiv2023.calicotab.com,sheffieldiv2023,already_complete,
sheffieldnovices23.calicotab.com,sheffieldnovices2023,already_complete,
sheffieldproam26.calicotab.com,sheffield26,already_complete,
shivajienglishpd.calicotab.com,shivajipd26,already_complete,
srcc.calicotab.com,shrirampreabp2021,already_complete,
srcc.calicotab.com,shrirampreabp2022,already_complete,
srbp2023.calicotab.com,srbp2023,already_complete,
srbp2024.calicotab.com,srbp2024,already_complete,
srbp25.calicotab.com,srbp25,already_complete,
debsocsrcc.calicotab.com,srbp2026,already_complete,
shumenonlineopen2026.calicotab.com,_,already_complete,
sido22.calicotab.com,sido22,"failed: ReadTimeout: HTTPSConnectionPool(host='sido22.calicotab.com', port=443): Read timed out. (read timeout=15)",
sido23.calicotab.com,sido2023,already_complete,
sido2024.calicotab.com,sido,failed: HTTPError: 401 Client Error: Unauthorized for url: https://sido2024.calicotab.com/api/v1/tournaments/sido/rounds/10/pairings,
sido2025.calicotab.com,sido2025,already_complete,
sido2026.calicotab.com,sido2026,"failed: ReadTimeout: HTTPSConnectionPool(host='sido2026.calicotab.com', port=443): Read timed out. (read timeout=15)",
sdo2024.calicotab.com,sdo2024,"failed: ReadTimeout: HTTPSConnectionPool(host='sdo2024.calicotab.com', port=443): Read timed out. (read timeout=15)",
sdo2025.calicotab.com,_,"failed: ReadTimeout: HTTPSConnectionPool(host='sdo2025.calicotab.com', port=443): Read timed out. (read timeout=15)",
mofturniri.calicotab.com,skopjeopen2025,"failed: ReadTimeout: HTTPSConnectionPool(host='mofturniri.calicotab.com', port=443): Read timed out. (read timeout=15)",
