motion_id,topic,source,confidence,classified_at
anu.calicotab.com:spring21:11970,Environment,keyword,1.0,2026-09-26T13:52:04.780788+00:00
anu.calicotab.com:spring21:11971,Health,keyword,1.0,2026-09-26T13:52:04.780788+00:00
anu.calicotab.com:spring21:11973,Education,keyword,1.0,2026-09-26T13:52:04.780788+00:00
anu.calicotab.com:spring21:11975,Gender & Feminism,keyword,1.0,2026-09-26T13:52:04.780788+00:00
anu.calicotab.com:spring21:11976,,,,2026-09-26T13:52:04.780788+00:00
anu.calicotab.com:spring21:11977,Education,keyword,1.0,2026-09-26T13:52:04.780788+00:00
spring2022.calicotab.com:_:21142,Gender & Feminism,keyword,1.0,2026-09-26T13:52:04.780788+00:00
spring2022.calicotab.com:_:21143,,,,2026-09-26T13:52:04.780788+00:00
spring2022.calicotab.com:_:21144,,,,2026-09-26T13:52:04.780788+00:00
spring2022.calicotab.com:_:21145,Politics & Governance,keyword,1.0,2026-09-26T13:52:04.780788+00:00
spring2022.calicotab.com:_:21146,,,,2026-09-26T13:52:04.780788+00:00
spring2022.calicotab.com:_:21147,Politics & Governance,keyword,1.0,2026-09-26T13:52:04.780788+00:00
spring2022.calicotab.com:_:21148,,,,2026-09-26T13:52:04.780788+00:00
anuspring2023.calicotab.com:anuspring2023:36135,Education,keyword,1.0,2026-09-26T13:52:04.780788+00:00
anuspring2023.calicotab.com:anuspring2023:36136,Education,keyword,1.0,2026-09-26T13:52:04.780788+00:00
anuspring2023.calicotab.com:anuspring2023:36137,Media & Culture,model,0.834,2026-09-26T13:52:04.780788+00:00
anuspring2023.calicotab.com:anuspring2023:36138,Gender & Feminism,keyword,1.0,2026-09-26T13:52:04.780788+00:00
anuspring2023.calicotab.com:anuspring2023:36139,,,,2026-09-26T13:52:04.780788+00:00
anuspring2023.calicotab.com:anuspring2023:36140,Law & Criminal Justice,keyword,1.0,2026-09-26T13:52:04.780788+00:00
anuspring2025.calicotab.com:anuspring2025:67330,Social Policy & Welfare,keyword,1.0,2026-09-26T13:52:04.780788+00:00
anuspring2025.calicotab.com:anuspring2025:67342,,,,2026-09-26T13:52:04.780788+00:00
anuspring2025.calicotab.com:anuspring2025:67357,,,,2026-09-26T13:52:04.780788+00:00
anuspring2025.calicotab.com:anuspring2025:67511,Media & Culture,keyword,1.0,2026-09-26T13:52:04.780788+00:00
anuspring2025.calicotab.com:anuspring2025:67533,Politics & Governance,keyword,1.0,2026-09-26T13:52:04.780788+00:00
anuwinter22.calicotab.com:anuwinter22:18169,Health,keyword,1.0,2026-09-26T13:52:04.780788+00:00
anuwinter22.calicotab.com:anuwinter22:18170,Health,keyword,1.0,2026-09-26T13:52:04.780788+00:00
anuwinter22.calicotab.com:anuwinter22:18171,Politics & Governance,keyword,1.0,2026-09-26T13:52:04.780788+00:00
anuwinter22.calicotab.com:anuwinter22:18172,,,,2026-09-26T13:52:04.780788+00:00
anuwinter22.calicotab.com:anuwinter22:18173,Economics,keyword,1.0,2026-09-26T13:52:04.780788+00:00
anuwinter22.calicotab.com:anuwinter22:18174,Technology & Science,keyword,1.0,2026-09-26T13:52:04.780788+00:00
aud.calicotab.com:audpreabp2026:81222,Education,keyword,1.0,2026-09-26T13:52:04.780788+00:00
aud.calicotab.com:audpreabp2026:81235,Politics & Governance,keyword,1.0,2026-09-26T13:52:04.780788+00:00
aud.calicotab.com:audpreabp2026:81262,Technology & Science,keyword,1.0,2026-09-26T13:52:04.780788+00:00
aud.calicotab.com:audpreabp2026:81287,Education,keyword,1.0,2026-09-26T13:52:04.780788+00:00
aud.calicotab.com:audpreabp2026:81335,,,,2026-09-26T13:52:04.780788+00:00
aberdeen2024.calicotab.com:aberdeenopen25:65676,,,,2026-09-26T13:52:04.780788+00:00
aberdeen2024.calicotab.com:aberdeenopen25:65694,,,,2026-09-26T13:52:04.780788+00:00
aberdeen2024.calicotab.com:aberdeenopen25:65714,Education,keyword,1.0,2026-09-26T13:52:04.780788+00:00
aberdeen2024.calicotab.com:aberdeenopen25:65791,,,,2026-09-26T13:52:04.780788+00:00
aberdeen2024.calicotab.com:aberdeenopen25:65814,Economics,keyword,1.0,2026-09-26T13:52:04.780788+00:00
aberdeenpreeudc26.calicotab.com:_:83063,,,,2026-09-26T13:52:04.780788+00:00
aberdeenpreeudc26.calicotab.com:_:83091,Economics,keyword,1.0,2026-09-26T13:52:04.780788+00:00
aberdeenpreeudc26.calicotab.com:_:83115,Media & Culture,model,0.47,2026-09-26T13:52:04.780788+00:00
aberdeenpreeudc26.calicotab.com:_:83126,International Relations,keyword,1.0,2026-09-26T13:52:04.780788+00:00
aberdeenpreeudc26.calicotab.com:_:83219,,,,2026-09-26T13:52:04.780788+00:00
aberopen2023.calicotab.com:AberOpen2023:29653,Gender & Feminism,keyword,1.0,2026-09-26T13:52:04.780788+00:00
aberopen2023.calicotab.com:AberOpen2023:29654,,,,2026-09-26T13:52:04.780788+00:00
aberopen2023.calicotab.com:AberOpen2023:29655,Environment,keyword,1.0,2026-09-26T13:52:04.780788+00:00
aberopen2023.calicotab.com:AberOpen2023:29656,,,,2026-09-26T13:52:04.780788+00:00
speechforces.calicotab.com:AOX:6986,,,,2026-09-26T13:52:04.780788+00:00
speechforces.calicotab.com:AOX:6985,Technology & Science,keyword,1.0,2026-09-26T13:52:04.780788+00:00
speechforces.calicotab.com:AOX:6984,,,,2026-09-26T13:52:04.780788+00:00
speechforces.calicotab.com:AOX:6983,International Relations,keyword,1.0,2026-09-26T13:52:04.780788+00:00
speechforces.calicotab.com:AOX:6982,Economics,keyword,1.0,2026-09-26T13:52:04.780788+00:00
speechforces.calicotab.com:AOX:6981,Media & Culture,keyword,1.0,2026-09-26T13:52:04.780788+00:00
speechforces.calicotab.com:AOX:6980,Law & Criminal Justice,keyword,1.0,2026-09-26T13:52:04.780788+00:00
mace.calicotab.com:africaiv2025:50503,,,,2026-09-26T13:52:04.780788+00:00
mace.calicotab.com:africaiv2026:73432,Religion,keyword,1.0,2026-09-26T13:52:04.780788+00:00
mace.calicotab.com:africaiv2026:73646,,,,2026-09-26T13:52:04.780788+00:00
mace.calicotab.com:africaiv2026:73645,Economics,keyword,1.0,2026-09-26T13:52:04.780788+00:00
mace.calicotab.com:africaiv2026:73683,,,,2026-09-26T13:52:04.780788+00:00
mace.calicotab.com:africaiv2026:73647,Media & Culture,model,0.375,2026-09-26T13:52:04.780788+00:00
inspired.calicotab.com:ALRR25:61593,Media & Culture,keyword,1.0,2026-09-26T13:52:04.780788+00:00
inspired.calicotab.com:ALRR25:61603,,,,2026-09-26T13:52:04.780788+00:00
inspired.calicotab.com:ALRR25:61617,Environment,keyword,1.0,2026-09-26T13:52:04.780788+00:00
inspired.calicotab.com:ALRR25:61686,Military & Security,keyword,1.0,2026-09-26T13:52:04.780788+00:00
inspired.calicotab.com:ALRR25:61693,Law & Criminal Justice,keyword,1.0,2026-09-26T13:52:04.780788+00:00
mace1996.calicotab.com:topuniversities2022:10602,Education,keyword,1.0,2026-09-26T13:52:04.780788+00:00
mace1996.calicotab.com:topuniversities2022:10601,Education,keyword,1.0,2026-09-26T13:52:04.780788+00:00
mace1996.calicotab.com:topuniversities2022:10599,,,,2026-09-26T13:52:04.780788+00:00
mace1996.calicotab.com:topuniversities2022:10600,,,,2026-09-26T13:52:04.780788+00:00
mace1996.calicotab.com:topuniversities2022:10598,Media & Culture,keyword,1.0,2026-09-26T13:52:04.780788+00:00
mace1996.calicotab.com:topuniversities2022:10597,Media & Culture,keyword,1.0,2026-09-26T13:52:04.780788+00:00
mace1996.calicotab.com:topuniversities2022:10595,Economics,keyword,1.0,2026-09-26T13:52:04.780788+00:00
mace1996.calicotab.com:topuniversities2022:10596,Economics,keyword,1.0,2026-09-26T13:52:04.780788+00:00
mace1996.calicotab.com:topuniversities2022:10593,Religion,keyword,1.0,2026-09-26T13:52:04.780788+00:00
mace1996.calicotab.com:topuniversities2022:10594,Religion,keyword,1.0,2026-09-26T13:52:04.780788+00:00
mace.calicotab.com:atudc2023:10696,Politics & Governance,keyword,1.0,2026-09-26T13:52:04.780788+00:00
mace.calicotab.com:atudc2023:10695,Politics & Governance,keyword,1.0,2026-09-26T13:52:04.780788+00:00
mace.calicotab.com:atudc2023:10694,Politics & Governance,keyword,1.0,2026-09-26T13:52:04.780788+00:00
mace.calicotab.com:atudc2023:10693,Politics & Governance,keyword,1.0,2026-09-26T13:52:04.780788+00:00
mace.calicotab.com:atudc2023:10692,,,,2026-09-26T13:52:04.780788+00:00
mace.calicotab.com:atudc2023:10691,,,,2026-09-26T13:52:04.780788+00:00
mace.calicotab.com:atudc2023:10689,,,,2026-09-26T13:52:04.780788+00:00
mace.calicotab.com:atudc2023:10690,,,,2026-09-26T13:52:04.780788+00:00
mace.calicotab.com:atudc2024:10883,,,,2026-09-26T13:52:04.780788+00:00
mace.calicotab.com:atudc2024:10882,,,,2026-09-26T13:52:04.780788+00:00
mace.calicotab.com:atudc2024:10881,Law & Criminal Justice,model,0.367,2026-09-26T13:52:04.780788+00:00
mace.calicotab.com:atudc2024:10880,,,,2026-09-26T13:52:04.780788+00:00
mace.calicotab.com:atudc2024:10879,,,,2026-09-26T13:52:04.780788+00:00
mace.calicotab.com:atudc2024:10878,Economics,keyword,1.0,2026-09-26T13:52:04.780788+00:00
mace.calicotab.com:atudc2024:10884,Economics,keyword,1.0,2026-09-26T13:52:04.780788+00:00
mace.calicotab.com:atudc2024:10877,Technology & Science,keyword,1.0,2026-09-26T13:52:04.780788+00:00
mace.calicotab.com:atudc2024:10876,Technology & Science,keyword,1.0,2026-09-26T13:52:04.780788+00:00
mace.calicotab.com:atudc2026:76945,,,,2026-09-26T13:52:04.780788+00:00
mace.calicotab.com:atudc2026:76967,,,,2026-09-26T13:52:04.780788+00:00
mace.calicotab.com:atudc2026:77002,,,,2026-09-26T13:52:04.780788+00:00
mace.calicotab.com:atudc2026:77166,International Relations,keyword,1.0,2026-09-26T13:52:04.780788+00:00
mace.calicotab.com:atudc2026:77209,Gender & Feminism,keyword,1.0,2026-09-26T13:52:04.780788+00:00
mace.calicotab.com:andl2023:10892,Health,keyword,1.0,2026-09-26T13:52:04.780788+00:00
mace.calicotab.com:andl2023:10893,Health,keyword,1.0,2026-09-26T13:52:04.780788+00:00
mace.calicotab.com:andl2023:10890,,,,2026-09-26T13:52:04.780788+00:00
mace.calicotab.com:andl2023:10887,Gender & Feminism,keyword,1.0,2026-09-26T13:52:04.780788+00:00
mace.calicotab.com:andl2023:10888,Gender & Feminism,keyword,1.0,2026-09-26T13:52:04.780788+00:00
mace.calicotab.com:andl2023:10885,Gender & Feminism,keyword,1.0,2026-09-26T13:52:04.780788+00:00
mace.calicotab.com:andl2023:10886,Gender & Feminism,keyword,1.0,2026-09-26T13:52:04.780788+00:00
mace1996.calicotab.com:andl2025:66013,,,,2026-09-26T13:52:04.780788+00:00
mace1996.calicotab.com:andl2025:66054,Media & Culture,keyword,1.0,2026-09-26T13:52:04.780788+00:00
mace1996.calicotab.com:andl2025:66055,Media & Culture,keyword,1.0,2026-09-26T13:52:04.780788+00:00
mace1996.calicotab.com:andl2025:66094,,,,2026-09-26T13:52:04.780788+00:00
mace1996.calicotab.com:andl2025:66093,,,,2026-09-26T13:52:04.780788+00:00
mace1996.calicotab.com:andl2025:66115,,,,2026-09-26T13:52:04.780788+00:00
mace1996.calicotab.com:andl2025:66116,,,,2026-09-26T13:52:04.780788+00:00
mace1996.calicotab.com:andl2025:66208,Economics,keyword,1.0,2026-09-26T13:52:04.780788+00:00
mace1996.calicotab.com:andl2025:66209,Economics,keyword,1.0,2026-09-26T13:52:04.780788+00:00
mace1996.calicotab.com:andl2025:66218,,,,2026-09-26T13:52:04.780788+00:00
mace1996.calicotab.com:andl2025:66219,,,,2026-09-26T13:52:04.780788+00:00
akudc24.calicotab.com:akudc24:46614,Religion,keyword,1.0,2026-09-26T13:52:04.780788+00:00
akudc24.calicotab.com:akudc24:46615,Gender & Feminism,keyword,1.0,2026-09-26T13:52:04.780788+00:00
akudc24.calicotab.com:akudc24:46616,Education,keyword,1.0,2026-09-26T13:52:04.780788+00:00
akudc24.calicotab.com:akudc24:46617,,,,2026-09-26T13:52:04.780788+00:00
akudc24.calicotab.com:akudc24:46618,,,,2026-09-26T13:52:04.780788+00:00
debatefoster.calicotab.com:agonia2024:37699,Law & Criminal Justice,keyword,1.0,2026-09-26T13:52:04.780788+00:00
debatefoster.calicotab.com:agonia2024:37698,,,,2026-09-26T13:52:04.780788+00:00
debatefoster.calicotab.com:agonia2024:37697,Education,keyword,1.0,2026-09-26T13:52:04.780788+00:00
debatefoster.calicotab.com:agonia2024:37696,,,,2026-09-26T13:52:04.780788+00:00
debatefoster.calicotab.com:agonia2024:37695,Media & Culture,keyword,1.0,2026-09-26T13:52:04.780788+00:00
inspired.calicotab.com:Agonia2025:58506,Law & Criminal Justice,keyword,1.0,2026-09-26T13:52:04.780788+00:00
inspired.calicotab.com:Agonia2025:58507,,,,2026-09-26T13:52:04.780788+00:00
inspired.calicotab.com:Agonia2025:58547,Religion,model,0.41,2026-09-26T13:52:04.780788+00:00
inspired.calicotab.com:Agonia2025:58548,Economics,keyword,1.0,2026-09-26T13:52:04.780788+00:00
inspired.calicotab.com:Agonia2025:58549,,,,2026-09-26T13:52:04.780788+00:00
albertaprewudc2026.calicotab.com:albertaprewudc2026:85207,,,,2026-09-26T13:52:04.780788+00:00
albertaprewudc2026.calicotab.com:albertaprewudc2026:85213,Media & Culture,keyword,1.0,2026-09-26T13:52:04.780788+00:00
albertaprewudc2026.calicotab.com:albertaprewudc2026:85217,Environment,keyword,1.0,2026-09-26T13:52:04.780788+00:00
albertaprewudc2026.calicotab.com:albertaprewudc2026:85226,Environment,keyword,1.0,2026-09-26T13:52:04.780788+00:00
albertaprewudc2026.calicotab.com:albertaprewudc2026:85290,Health,keyword,1.0,2026-09-26T13:52:04.780788+00:00
anudc.calicotab.com:anudc2025:62544,,,,2026-09-26T13:52:04.780788+00:00
anudc.calicotab.com:anudc2025:62562,Gender & Feminism,keyword,1.0,2026-09-26T13:52:04.780788+00:00
anudc.calicotab.com:anudc2025:62561,,,,2026-09-26T13:52:04.780788+00:00
anudc.calicotab.com:anudc2025:62563,Religion,keyword,1.0,2026-09-26T13:52:04.780788+00:00
anudc.calicotab.com:anudc2025:62773,Education,keyword,1.0,2026-09-26T13:52:04.780788+00:00
anudc.calicotab.com:anudc2025:62772,,,,2026-09-26T13:52:04.780788+00:00
anudc.calicotab.com:anudc2025:62771,,,,2026-09-26T13:52:04.780788+00:00
mascot10.calicotab.com:anydc2024:33298,Economics,keyword,1.0,2026-09-26T13:52:04.780788+00:00
mascot10.calicotab.com:anydc2024:33299,Politics & Governance,keyword,1.0,2026-09-26T13:52:04.780788+00:00
mascot10.calicotab.com:anydc2024:33301,,,,2026-09-26T13:52:04.780788+00:00
amsterdamopen.calicotab.com:AmsterdamOpen2023:22996,,,,2026-09-26T13:52:04.780788+00:00
amsterdamopen.calicotab.com:AmsterdamOpen2023:22997,,,,2026-09-26T13:52:04.780788+00:00
amsterdamopen.calicotab.com:AmsterdamOpen2023:22998,,,,2026-09-26T13:52:04.780788+00:00
amsterdamopen.calicotab.com:AmsterdamOpen2023:22999,,,,2026-09-26T13:52:04.780788+00:00
amsterdamopen.calicotab.com:AmsterdamOpen2023:23000,,,,2026-09-26T13:52:04.780788+00:00
amsterdamopen2025.calicotab.com:amsterdamopen2025:68601,,,,2026-09-26T13:52:04.780788+00:00
amsterdamopen2025.calicotab.com:amsterdamopen2025:68623,Law & Criminal Justice,keyword,1.0,2026-09-26T13:52:04.780788+00:00
amsterdamopen2025.calicotab.com:amsterdamopen2025:68644,,,,2026-09-26T13:52:04.780788+00:00
amsterdamopen2025.calicotab.com:amsterdamopen2025:68664,,,,2026-09-26T13:52:04.780788+00:00
amsterdamopen2025.calicotab.com:amsterdamopen2025:68731,,,,2026-09-26T13:52:04.780788+00:00
amsterdampre2026.calicotab.com:amsterdampre2026:83479,International Relations,keyword,1.0,2026-09-26T13:52:04.780788+00:00
amsterdampre2026.calicotab.com:amsterdampre2026:83481,,,,2026-09-26T13:52:04.780788+00:00
amsterdampre2026.calicotab.com:amsterdampre2026:83487,Gender & Feminism,keyword,1.0,2026-09-26T13:52:04.780788+00:00
amsterdampre2026.calicotab.com:amsterdampre2026:83493,Economics,keyword,1.0,2026-09-26T13:52:04.780788+00:00
amsterdampre2026.calicotab.com:amsterdampre2026:83562,Environment,keyword,1.0,2026-09-26T13:52:04.780788+00:00
midp.calicotab.com:aedc2021:8681,Media & Culture,keyword,1.0,2026-09-26T13:52:04.780788+00:00
midp.calicotab.com:aedc2021:8682,,,,2026-09-26T13:52:04.780788+00:00
midp.calicotab.com:aedc2021:8680,Media & Culture,keyword,1.0,2026-09-26T13:52:04.780788+00:00
midp.calicotab.com:aedc2021:8677,,,,2026-09-26T13:52:04.780788+00:00
aodcbp22.calicotab.com:aodcbp22:17163,,,,2026-09-26T13:52:04.780788+00:00
aodcbp22.calicotab.com:aodcbp22:17164,,,,2026-09-26T13:52:04.780788+00:00
aodcbp22.calicotab.com:aodcbp22:17165,Politics & Governance,keyword,1.0,2026-09-26T13:52:04.780788+00:00
aodcbp22.calicotab.com:aodcbp22:17166,,,,2026-09-26T13:52:04.780788+00:00
aodcbp22.calicotab.com:aodcbp22:17167,,,,2026-09-26T13:52:04.780788+00:00
aodcbp22.calicotab.com:aodcbp22:17168,,,,2026-09-26T13:52:04.780788+00:00
auw.calicotab.com:auwiv2026:71203,,,,2026-09-26T13:52:04.780788+00:00
auw.calicotab.com:auwiv2026:71223,Law & Criminal Justice,keyword,1.0,2026-09-26T13:52:04.780788+00:00
auw.calicotab.com:auwiv2026:71233,,,,2026-09-26T13:52:04.780788+00:00
auw.calicotab.com:auwiv2026:71238,Technology & Science,keyword,1.0,2026-09-26T13:52:04.780788+00:00
astanaopen.calicotab.com:_:32014,,,,2026-09-26T13:52:04.780788+00:00
astanaopen.calicotab.com:_:32015,Education,keyword,1.0,2026-09-26T13:52:04.780788+00:00
astanaopen.calicotab.com:_:32016,,,,2026-09-26T13:52:04.780788+00:00
astanaopen.calicotab.com:_:32017,,,,2026-09-26T13:52:04.780788+00:00
astanaopen.calicotab.com:_:32018,Economics,keyword,1.0,2026-09-26T13:52:04.780788+00:00
ateneoiv2023.calicotab.com:aiv2023:26718,Economics,keyword,1.0,2026-09-26T13:52:04.780788+00:00
ateneoiv2023.calicotab.com:aiv2023:26719,Technology & Science,keyword,1.0,2026-09-26T13:52:04.780788+00:00
ateneoiv2023.calicotab.com:aiv2023:26720,Politics & Governance,keyword,1.0,2026-09-26T13:52:04.780788+00:00
ateneoiv2023.calicotab.com:aiv2023:26721,International Relations,keyword,1.0,2026-09-26T13:52:04.780788+00:00
aivpreworlds2023.calicotab.com:aivpw2023:36226,,,,2026-09-26T13:52:04.780788+00:00
aivpreworlds2023.calicotab.com:aivpw2023:36227,Law & Criminal Justice,keyword,1.0,2026-09-26T13:52:04.780788+00:00
aivpreworlds2023.calicotab.com:aivpw2023:36228,,,,2026-09-26T13:52:04.780788+00:00
aivpreworlds2023.calicotab.com:aivpw2023:36229,Law & Criminal Justice,keyword,1.0,2026-09-26T13:52:04.780788+00:00
aivpreworlds2023.calicotab.com:aivpw2023:36230,Gender & Feminism,keyword,1.0,2026-09-26T13:52:04.780788+00:00
athena2024.calicotab.com:athena24:48016,Military & Security,keyword,1.0,2026-09-26T13:52:04.780788+00:00
athena2024.calicotab.com:athena24:48017,Law & Criminal Justice,keyword,1.0,2026-09-26T13:52:04.780788+00:00
athena2024.calicotab.com:athena24:48018,Technology & Science,keyword,1.0,2026-09-26T13:52:04.780788+00:00
athena2024.calicotab.com:athena24:48019,Gender & Feminism,keyword,1.0,2026-09-26T13:52:04.780788+00:00
athena2024.calicotab.com:athena24:48020,Economics,keyword,1.0,2026-09-26T13:52:04.780788+00:00
hdf.calicotab.com:academy2025:54115,Education,keyword,1.0,2026-09-26T13:52:04.780788+00:00
hdf.calicotab.com:academy2025:54156,Gender & Feminism,keyword,1.0,2026-09-26T13:52:04.780788+00:00
hdf.calicotab.com:academy2025:54183,Economics,keyword,1.0,2026-09-26T13:52:04.780788+00:00
hdf.calicotab.com:academy2025:54203,Education,keyword,1.0,2026-09-26T13:52:04.780788+00:00
athensiv2024.calicotab.com:athensiv2024:43157,,,,2026-09-26T13:52:04.780788+00:00
athensiv2024.calicotab.com:athensiv2024:43158,Media & Culture,keyword,1.0,2026-09-26T13:52:04.780788+00:00
athensiv2024.calicotab.com:athensiv2024:43159,International Relations,keyword,1.0,2026-09-26T13:52:04.780788+00:00
athensiv2024.calicotab.com:athensiv2024:43160,Health,keyword,1.0,2026-09-26T13:52:04.780788+00:00
athensiv2024.calicotab.com:athensiv2024:43161,Economics,keyword,1.0,2026-09-26T13:52:04.780788+00:00
athensiv2025.calicotab.com:_:69025,,,,2026-09-26T13:52:04.780788+00:00
athensiv2025.calicotab.com:_:69052,Politics & Governance,keyword,1.0,2026-09-26T13:52:04.780788+00:00
athensiv2025.calicotab.com:_:69075,Media & Culture,keyword,1.0,2026-09-26T13:52:04.780788+00:00
athensiv2025.calicotab.com:_:69089,,,,2026-09-26T13:52:04.780788+00:00
athensiv2025.calicotab.com:_:69169,Politics & Governance,keyword,1.0,2026-09-26T13:52:04.780788+00:00
aucklandiv24.calicotab.com:aucklandiv24:48085,Gender & Feminism,keyword,1.0,2026-09-26T13:52:04.780788+00:00
aucklandiv24.calicotab.com:aucklandiv24:48086,,,,2026-09-26T13:52:04.780788+00:00
aucklandiv24.calicotab.com:aucklandiv24:48087,Environment,keyword,1.0,2026-09-26T13:52:04.780788+00:00
aucklandiv24.calicotab.com:aucklandiv24:48088,,,,2026-09-26T13:52:04.780788+00:00
aucklandiv24.calicotab.com:aucklandiv24:48089,Media & Culture,model,0.359,2026-09-26T13:52:04.780788+00:00
aurgumentum.au-tab.app:open2024:1840,Education,keyword,1.0,2026-09-26T13:52:04.780788+00:00
aurgumentum.au-tab.app:open2024:1841,Health,keyword,1.0,2026-09-26T13:52:04.780788+00:00
aurgumentum.au-tab.app:open2024:1842,Education,keyword,1.0,2026-09-26T13:52:04.780788+00:00
aurgumentum.au-tab.app:open2024:1843,,,,2026-09-26T13:52:04.780788+00:00
aurgumentum.au-tab.app:open2024:1844,,,,2026-09-26T13:52:04.780788+00:00
aurgumentum.au-tab.app:proams2024:1931,Politics & Governance,keyword,1.0,2026-09-26T13:52:04.780788+00:00
aurgumentum.au-tab.app:proams2024:1932,,,,2026-09-26T13:52:04.780788+00:00
aurgumentum.au-tab.app:proams2024:1933,Gender & Feminism,keyword,1.0,2026-09-26T13:52:04.780788+00:00
aurgumentum.au-tab.app:proams2024:1935,,,,2026-09-26T13:52:04.780788+00:00
dipo2025.au-tab.app:en:16140,,,,2026-09-26T13:52:04.780788+00:00
dipo2025.au-tab.app:en:16144,Economics,keyword,1.0,2026-09-26T13:52:04.780788+00:00
dipo2025.au-tab.app:en:16147,,,,2026-09-26T13:52:04.780788+00:00
dipo2025.au-tab.app:en:16166,Health,keyword,1.0,2026-09-26T13:52:04.780788+00:00
dipo2025.au-tab.app:en:16233,Economics,keyword,1.0,2026-09-26T13:52:04.780788+00:00
usutabs2022.calicotab.com:abpdc2022:15699,,,,2026-09-26T13:52:04.780788+00:00
usutabs2022.calicotab.com:abpdc2022:15700,,,,2026-09-26T13:52:04.780788+00:00
usutabs2022.calicotab.com:abpdc2022:15701,Education,keyword,1.0,2026-09-26T13:52:04.780788+00:00
usutabs2022.calicotab.com:abpdc2022:15702,Gender & Feminism,keyword,1.0,2026-09-26T13:52:04.780788+00:00
usutabs2022.calicotab.com:abpdc2022:15703,International Relations,keyword,1.0,2026-09-26T13:52:04.780788+00:00
abpdc2023.calicotab.com:abpdc2023:33614,Military & Security,keyword,1.0,2026-09-26T13:52:04.780788+00:00
abpdc2023.calicotab.com:abpdc2023:33615,Education,keyword,1.0,2026-09-26T13:52:04.780788+00:00
abpdc2023.calicotab.com:abpdc2023:33616,Gender & Feminism,keyword,1.0,2026-09-26T13:52:04.780788+00:00
abpdc2023.calicotab.com:abpdc2023:33617,Education,model,0.625,2026-09-26T13:52:04.780788+00:00
abpdc2023.calicotab.com:abpdc2023:33618,,,,2026-09-26T13:52:04.780788+00:00
abpdc2023.calicotab.com:abpdc2023:33619,,,,2026-09-26T13:52:04.780788+00:00
abpdc2024.calicotab.com:abpdc2024:45842,Politics & Governance,keyword,1.0,2026-09-26T13:52:04.780788+00:00
abpdc2024.calicotab.com:abpdc2024:45844,,,,2026-09-26T13:52:04.780788+00:00
abpdc2024.calicotab.com:abpdc2024:45845,,,,2026-09-26T13:52:04.780788+00:00
abpdc2024.calicotab.com:abpdc2024:45846,Religion,keyword,1.0,2026-09-26T13:52:04.780788+00:00
abpdc2024.calicotab.com:abpdc2024:45847,,,,2026-09-26T13:52:04.780788+00:00
abpdc2024.calicotab.com:abpdc2024:45848,,,,2026-09-26T13:52:04.780788+00:00
abpdc25.calicotab.com:abpdc2025:64693,,,,2026-09-26T13:52:04.780788+00:00
abpdc25.calicotab.com:abpdc2025:64720,Politics & Governance,keyword,1.0,2026-09-26T13:52:04.780788+00:00
abpdc25.calicotab.com:abpdc2025:64751,,,,2026-09-26T13:52:04.780788+00:00
abpdc25.calicotab.com:abpdc2025:64829,,,,2026-09-26T13:52:04.780788+00:00
abpdc25.calicotab.com:abpdc2025:64843,Health,keyword,1.0,2026-09-26T13:52:04.780788+00:00
abpdc25.calicotab.com:abpdc2025:64853,Education,keyword,1.0,2026-09-26T13:52:04.780788+00:00
bacdebateclub2023.calicotab.com:bacdo23:32063,Media & Culture,model,0.388,2026-09-26T13:52:04.780788+00:00
bacdebateclub2023.calicotab.com:bacdo23:32064,Religion,keyword,1.0,2026-09-26T13:52:04.780788+00:00
bacdebateclub2023.calicotab.com:bacdo23:32065,Politics & Governance,keyword,1.0,2026-09-26T13:52:04.780788+00:00
bacdebateclub2023.calicotab.com:bacdo23:32066,Environment,keyword,1.0,2026-09-26T13:52:04.780788+00:00
bacdebateclub2023.calicotab.com:bacdo23:32067,,,,2026-09-26T13:52:04.780788+00:00
bdidf-pacific.calicotab.com:regional:1562,,,,2026-09-26T13:52:04.780788+00:00
bdidf-pacific.calicotab.com:regional:1563,,,,2026-09-26T13:52:04.780788+00:00
bdidf-pacific.calicotab.com:regional:1564,Politics & Governance,keyword,1.0,2026-09-26T13:52:04.780788+00:00
bdidf-west.calicotab.com:west:1570,,,,2026-09-26T13:52:04.780788+00:00
bdidf-west.calicotab.com:west:1571,Economics,keyword,1.0,2026-09-26T13:52:04.780788+00:00
bdidf-west.calicotab.com:west:1572,,,,2026-09-26T13:52:04.780788+00:00
bitspilani.calicotab.com:bppd2021:11045,Education,keyword,1.0,2026-09-26T13:52:04.780788+00:00
bitspilani.calicotab.com:bppd2021:11046,Religion,keyword,1.0,2026-09-26T13:52:04.780788+00:00
bitspilani.calicotab.com:bppd2021:11047,,,,2026-09-26T13:52:04.780788+00:00
bitspilani.calicotab.com:bppd2021:11048,,,,2026-09-26T13:52:04.780788+00:00
bitspilanipd.calicotab.com:bppd2023:16494,,,,2026-09-26T13:52:04.780788+00:00
bitspilanipd.calicotab.com:bppd2023:16495,,,,2026-09-26T13:52:04.780788+00:00
bitspilanipd.calicotab.com:bppd2023:16496,Gender & Feminism,keyword,1.0,2026-09-26T13:52:04.780788+00:00
bitspilanipd.calicotab.com:bppd2023:16497,Environment,keyword,1.0,2026-09-26T13:52:04.780788+00:00
bppd2024.calicotab.com:bppd2024:41569,,,,2026-09-26T13:52:04.780788+00:00
bppd2024.calicotab.com:bppd2024:41570,Gender & Feminism,keyword,1.0,2026-09-26T13:52:04.780788+00:00
bppd2024.calicotab.com:bppd2024:41571,Economics,keyword,1.0,2026-09-26T13:52:04.780788+00:00
bppd2024.calicotab.com:bppd2024:41572,Economics,keyword,1.0,2026-09-26T13:52:04.780788+00:00
bppd2024.calicotab.com:bppd2024:41573,,,,2026-09-26T13:52:04.780788+00:00
bppd2025.calicotab.com:bppd2025:53885,,,,2026-09-26T13:52:04.780788+00:00
bppd2025.calicotab.com:bppd2025:53929,Media & Culture,keyword,1.0,2026-09-26T13:52:04.780788+00:00
bppd2025.calicotab.com:bppd2025:53962,Economics,keyword,1.0,2026-09-26T13:52:04.780788+00:00
bppd2025.calicotab.com:bppd2025:54077,,,,2026-09-26T13:52:04.780788+00:00
bppd2025.calicotab.com:bppd2025:54139,,,,2026-09-26T13:52:04.780788+00:00
bitsp.calicotab.com:bppd2026:76263,,,,2026-09-26T13:52:04.780788+00:00
bitsp.calicotab.com:bppd2026:76336,Environment,keyword,1.0,2026-09-26T13:52:04.780788+00:00
bitsp.calicotab.com:bppd2026:76359,Religion,keyword,1.0,2026-09-26T13:52:04.780788+00:00
bitsp.calicotab.com:bppd2026:76375,Health,keyword,1.0,2026-09-26T13:52:04.780788+00:00
bitsp.calicotab.com:bppd2026:76480,Economics,keyword,1.0,2026-09-26T13:52:04.780788+00:00
bracu.calicotab.com:open2024:39521,Environment,keyword,1.0,2026-09-26T13:52:04.780788+00:00
bracu.calicotab.com:open2024:39522,,,,2026-09-26T13:52:04.780788+00:00
bracu.calicotab.com:open2024:39523,Gender & Feminism,keyword,1.0,2026-09-26T13:52:04.780788+00:00
bracu.calicotab.com:open2024:39525,Economics,keyword,1.0,2026-09-26T13:52:04.780788+00:00
edudriftbackup.calicotab.com:abp2022:31167,,,,2026-09-26T13:52:04.780788+00:00
edudriftbackup.calicotab.com:abp2022:31164,Law & Criminal Justice,keyword,1.0,2026-09-26T13:52:04.780788+00:00
edudriftbackup.calicotab.com:abp2022:31168,Gender & Feminism,keyword,1.0,2026-09-26T13:52:04.780788+00:00
edudriftbackup.calicotab.com:abp2022:31169,Politics & Governance,keyword,1.0,2026-09-26T13:52:04.780788+00:00
edudriftbackup.calicotab.com:abp2022:31165,,,,2026-09-26T13:52:04.780788+00:00
edudriftbackup.calicotab.com:abp2022:31166,,,,2026-09-26T13:52:04.780788+00:00
sserigadebating.calicotab.com:balticopen2023:27005,Education,keyword,1.0,2026-09-26T13:52:04.780788+00:00
sserigadebating.calicotab.com:balticopen2023:27006,,,,2026-09-26T13:52:04.780788+00:00
sserigadebating.calicotab.com:balticopen2023:27007,,,,2026-09-26T13:52:04.780788+00:00
sserigadebating.calicotab.com:balticopen2023:27008,,,,2026-09-26T13:52:04.780788+00:00
balticiv24.calicotab.com:balticiv24:42628,,,,2026-09-26T13:52:04.780788+00:00
balticiv24.calicotab.com:balticiv24:42629,Economics,keyword,1.0,2026-09-26T13:52:04.780788+00:00
balticiv24.calicotab.com:balticiv24:42630,Economics,keyword,1.0,2026-09-26T13:52:04.780788+00:00
balticiv24.calicotab.com:balticiv24:42631,Law & Criminal Justice,keyword,1.0,2026-09-26T13:52:04.780788+00:00
balticiv24.calicotab.com:balticiv24:42632,Education,keyword,1.0,2026-09-26T13:52:04.780788+00:00
balticiv25.calicotab.com:balticiv25:55471,Gender & Feminism,keyword,1.0,2026-09-26T13:52:04.780788+00:00
balticiv25.calicotab.com:balticiv25:55499,Economics,keyword,1.0,2026-09-26T13:52:04.780788+00:00
balticiv25.calicotab.com:balticiv25:55525,Gender & Feminism,keyword,1.0,2026-09-26T13:52:04.780788+00:00
balticiv25.calicotab.com:balticiv25:55542,,,,2026-09-26T13:52:04.780788+00:00
balticiv25.calicotab.com:balticiv25:55619,,,,2026-09-26T13:52:04.780788+00:00
balticiv.calicotab.com:BIV:78666,,,,2026-09-26T13:52:04.780788+00:00
balticiv.calicotab.com:BIV:78689,Media & Culture,keyword,1.0,2026-09-26T13:52:04.780788+00:00
balticiv.calicotab.com:BIV:78702,Economics,keyword,1.0,2026-09-26T13:52:04.780788+00:00
balticiv.calicotab.com:BIV:78717,Politics & Governance,keyword,1.0,2026-09-26T13:52:04.780788+00:00
balticiv.calicotab.com:BIV:78800,,,,2026-09-26T13:52:04.780788+00:00
naudc2023.calicotab.com:naudc2023:28405,,,,2026-09-26T13:52:04.780788+00:00
naudc2023.calicotab.com:naudc2023:28406,Politics & Governance,keyword,1.0,2026-09-26T13:52:04.780788+00:00
naudc2023.calicotab.com:naudc2023:28407,,,,2026-09-26T13:52:04.780788+00:00
naudc2023.calicotab.com:naudc2023:28408,Religion,keyword,1.0,2026-09-26T13:52:04.780788+00:00
naudc2023.calicotab.com:naudc2023:28409,,,,2026-09-26T13:52:04.780788+00:00
naudc2023.calicotab.com:naudc2023:28410,Law & Criminal Justice,keyword,1.0,2026-09-26T13:52:04.780788+00:00
opencommunication.calicotab.com:belgradeopen2023:21060,,,,2026-09-26T13:52:04.780788+00:00
opencommunication.calicotab.com:belgradeopen2023:21059,,,,2026-09-26T13:52:04.780788+00:00
opencommunication.calicotab.com:belgradeopen2023:21058,Economics,keyword,1.0,2026-09-26T13:52:04.780788+00:00
opencommunication.calicotab.com:belgradeopen2023:21057,,,,2026-09-26T13:52:04.780788+00:00
opencommunication.calicotab.com:belgradeopen2023:21056,Media & Culture,keyword,1.0,2026-09-26T13:52:04.780788+00:00
open-communication-2024.calicotab.com:belgradeopen2024:39480,Gender & Feminism,keyword,1.0,2026-09-26T13:52:04.780788+00:00
open-communication-2024.calicotab.com:belgradeopen2024:39481,Economics,keyword,1.0,2026-09-26T13:52:04.780788+00:00
open-communication-2024.calicotab.com:belgradeopen2024:39482,,,,2026-09-26T13:52:04.780788+00:00
open-communication-2024.calicotab.com:belgradeopen2024:39483,Religion,keyword,1.0,2026-09-26T13:52:04.780788+00:00
open-communication-2024.calicotab.com:belgradeopen2024:39484,Gender & Feminism,keyword,1.0,2026-09-26T13:52:04.780788+00:00
open-communication-2026.calicotab.com:bgopen2026:79688,Politics & Governance,keyword,1.0,2026-09-26T13:52:04.780788+00:00
open-communication-2026.calicotab.com:bgopen2026:79711,Health,keyword,1.0,2026-09-26T13:52:04.780788+00:00
open-communication-2026.calicotab.com:bgopen2026:79737,Politics & Governance,keyword,1.0,2026-09-26T13:52:04.780788+00:00
open-communication-2026.calicotab.com:bgopen2026:79755,Economics,keyword,1.0,2026-09-26T13:52:04.780788+00:00
open-communication-2026.calicotab.com:bgopen2026:79896,Economics,keyword,1.0,2026-09-26T13:52:04.780788+00:00
berkeleyiv2024.calicotab.com:berkeleyiv24:40504,Education,keyword,1.0,2026-09-26T13:52:04.780788+00:00
berkeleyiv2024.calicotab.com:berkeleyiv24:40505,,,,2026-09-26T13:52:04.780788+00:00
berkeleyiv2024.calicotab.com:berkeleyiv24:40506,,,,2026-09-26T13:52:04.780788+00:00
berkeleyiv2024.calicotab.com:berkeleyiv24:40507,Religion,model,0.381,2026-09-26T13:52:04.780788+00:00
berkeleyiv2024.calicotab.com:berkeleyiv24:40508,Education,keyword,1.0,2026-09-26T13:52:04.780788+00:00
berkeleyiv25.calicotab.com:UCBIV25:51393,,,,2026-09-26T13:52:04.780788+00:00
berkeleyiv25.calicotab.com:UCBIV25:51420,,,,2026-09-26T13:52:04.780788+00:00
berkeleyiv25.calicotab.com:UCBIV25:51427,Economics,keyword,1.0,2026-09-26T13:52:04.780788+00:00
berkeleyiv25.calicotab.com:UCBIV25:51443,Media & Culture,keyword,1.0,2026-09-26T13:52:04.780788+00:00
berkeleyiv25.calicotab.com:UCBIV25:51553,Politics & Governance,keyword,1.0,2026-09-26T13:52:04.780788+00:00
berkeleyiv2026.calicotab.com:berkeleyiv26:76403,,,,2026-09-26T13:52:04.780788+00:00
berkeleyiv2026.calicotab.com:berkeleyiv26:76414,,,,2026-09-26T13:52:04.780788+00:00
berkeleyiv2026.calicotab.com:berkeleyiv26:76423,,,,2026-09-26T13:52:04.780788+00:00
berkeleyiv2026.calicotab.com:berkeleyiv26:76429,,,,2026-09-26T13:52:04.780788+00:00
berkeleyiv2026.calicotab.com:berkeleyiv26:76569,Economics,keyword,1.0,2026-09-26T13:52:04.780788+00:00
bigboi.calicotab.com:bigboi1:16028,Religion,keyword,1.0,2026-09-26T13:52:04.780788+00:00
bigboi.calicotab.com:bigboi1:16029,,,,2026-09-26T13:52:04.780788+00:00
bigboi.calicotab.com:bigboi1:16030,,,,2026-09-26T13:52:04.780788+00:00
bigboi.calicotab.com:bigboi1:16031,Education,keyword,1.0,2026-09-26T13:52:04.780788+00:00
bigboi.calicotab.com:bigboi1:16032,Environment,keyword,1.0,2026-09-26T13:52:04.780788+00:00
birminghamproam26.calicotab.com:BirminghamProAm26:70713,Law & Criminal Justice,keyword,1.0,2026-09-26T13:52:04.780788+00:00
birminghamproam26.calicotab.com:BirminghamProAm26:70870,Education,keyword,1.0,2026-09-26T13:52:04.780788+00:00
birminghamproam26.calicotab.com:BirminghamProAm26:70868,International Relations,keyword,1.0,2026-09-26T13:52:04.780788+00:00
birminghamproam26.calicotab.com:BirminghamProAm26:70714,Education,keyword,1.0,2026-09-26T13:52:04.780788+00:00
birminghamproam26.calicotab.com:BirminghamProAm26:70871,,,,2026-09-26T13:52:04.780788+00:00
eudc2023.calicotab.com:_:32550,,,,2026-09-26T13:52:04.780788+00:00
eudc2023.calicotab.com:_:32551,,,,2026-09-26T13:52:04.780788+00:00
eudc2023.calicotab.com:_:32552,,,,2026-09-26T13:52:04.780788+00:00
eudc2023.calicotab.com:_:32553,Politics & Governance,keyword,1.0,2026-09-26T13:52:04.780788+00:00
eudc2023.calicotab.com:_:32554,,,,2026-09-26T13:52:04.780788+00:00
eudc2023.calicotab.com:_:32555,,,,2026-09-26T13:52:04.780788+00:00
eudc2023.calicotab.com:_:32556,Health,keyword,1.0,2026-09-26T13:52:04.780788+00:00
eudc2023.calicotab.com:_:32557,Economics,keyword,1.0,2026-09-26T13:52:04.780788+00:00
eudc2023.calicotab.com:_:32558,Technology & Science,keyword,1.0,2026-09-26T13:52:04.780788+00:00
aberdebates23.calicotab.com:bogwall23:34932,,,,2026-09-26T13:52:04.780788+00:00
aberdebates23.calicotab.com:bogwall23:34933,,,,2026-09-26T13:52:04.780788+00:00
aberdebates23.calicotab.com:bogwall23:34934,,,,2026-09-26T13:52:04.780788+00:00
aberdebates23.calicotab.com:bogwall23:34935,Politics & Governance,keyword,1.0,2026-09-26T13:52:04.780788+00:00
bogwall24.calicotab.com:bogwall24:47628,,,,2026-09-26T13:52:04.780788+00:00
bogwall24.calicotab.com:bogwall24:47622,,,,2026-09-26T13:52:04.780788+00:00
bogwall24.calicotab.com:bogwall24:47623,,,,2026-09-26T13:52:04.780788+00:00
bogwall24.calicotab.com:bogwall24:47624,,,,2026-09-26T13:52:04.780788+00:00
bogwall2025.calicotab.com:Bogwall2025:65898,,,,2026-09-26T13:52:04.780788+00:00
bogwall2025.calicotab.com:Bogwall2025:65899,Gender & Feminism,keyword,1.0,2026-09-26T13:52:04.780788+00:00
bogwall2025.calicotab.com:Bogwall2025:65900,Law & Criminal Justice,keyword,1.0,2026-09-26T13:52:04.780788+00:00
bogwall2025.calicotab.com:Bogwall2025:65901,Education,keyword,1.0,2026-09-26T13:52:04.780788+00:00
borneodebate.calicotab.com:bbpdc2026:79561,Gender & Feminism,keyword,1.0,2026-09-26T13:52:04.780788+00:00
borneodebate.calicotab.com:bbpdc2026:79562,Economics,keyword,1.0,2026-09-26T13:52:04.780788+00:00
borneodebate.calicotab.com:bbpdc2026:79563,Gender & Feminism,keyword,1.0,2026-09-26T13:52:04.780788+00:00
borneodebate.calicotab.com:bbpdc2026:79564,,,,2026-09-26T13:52:04.780788+00:00
brazilopen2025.calicotab.com:brazilopen2025:57302,,,,2026-09-26T13:52:04.780788+00:00
brazilopen2025.calicotab.com:brazilopen2025:57319,,,,2026-09-26T13:52:04.780788+00:00
brazilopen2025.calicotab.com:brazilopen2025:57333,,,,2026-09-26T13:52:04.780788+00:00
brazilopen2025.calicotab.com:brazilopen2025:57348,,,,2026-09-26T13:52:04.780788+00:00
brazilopen2025.calicotab.com:brazilopen2025:57423,Gender & Feminism,keyword,1.0,2026-09-26T13:52:04.780788+00:00
bristolopen2023.calicotab.com:_:29515,,,,2026-09-26T13:52:04.780788+00:00
bristolopen2023.calicotab.com:_:29516,Religion,keyword,1.0,2026-09-26T13:52:04.780788+00:00
bristolopen2023.calicotab.com:_:29517,Economics,keyword,1.0,2026-09-26T13:52:04.780788+00:00
bristolopen2023.calicotab.com:_:29518,,,,2026-09-26T13:52:04.780788+00:00
bristolopen2023.calicotab.com:_:29519,Politics & Governance,keyword,1.0,2026-09-26T13:52:04.780788+00:00
bristolopen24.calicotab.com:bristolopen24:41578,Religion,keyword,1.0,2026-09-26T13:52:04.780788+00:00
bristolopen24.calicotab.com:bristolopen24:41579,,,,2026-09-26T13:52:04.780788+00:00
bristolopen24.calicotab.com:bristolopen24:41580,,,,2026-09-26T13:52:04.780788+00:00
bristolopen24.calicotab.com:bristolopen24:41581,,,,2026-09-26T13:52:04.780788+00:00
bristolopen24.calicotab.com:bristolopen24:41582,Education,keyword,1.0,2026-09-26T13:52:04.780788+00:00
bristol2025.calicotab.com:_:52850,,,,2026-09-26T13:52:04.780788+00:00
bristol2025.calicotab.com:_:52885,Gender & Feminism,keyword,1.0,2026-09-26T13:52:04.780788+00:00
bristol2025.calicotab.com:_:52905,,,,2026-09-26T13:52:04.780788+00:00
bristol2025.calicotab.com:_:53007,Economics,keyword,1.0,2026-09-26T13:52:04.780788+00:00
bristol2025.calicotab.com:_:53038,,,,2026-09-26T13:52:04.780788+00:00
bpam24.calicotab.com:bristolproam24:46996,Technology & Science,model,0.658,2026-09-26T13:52:04.780788+00:00
bpam24.calicotab.com:bristolproam24:46997,Gender & Feminism,keyword,1.0,2026-09-26T13:52:04.780788+00:00
bpam24.calicotab.com:bristolproam24:46998,,,,2026-09-26T13:52:04.780788+00:00
bpam24.calicotab.com:bristolproam24:46999,,,,2026-09-26T13:52:04.780788+00:00
bpam24.calicotab.com:bristolproam24:47000,,,,2026-09-26T13:52:04.780788+00:00
bristolproam2025.calicotab.com:_:68235,Education,keyword,1.0,2026-09-26T13:52:04.780788+00:00
bristolproam2025.calicotab.com:_:68254,Politics & Governance,keyword,1.0,2026-09-26T13:52:04.780788+00:00
bristolproam2025.calicotab.com:_:68257,International Relations,keyword,1.0,2026-09-26T13:52:04.780788+00:00
bristolproam2025.calicotab.com:_:68374,,,,2026-09-26T13:52:04.780788+00:00
bristolproam2025.calicotab.com:_:68396,,,,2026-09-26T13:52:04.780788+00:00
budapestnovice25.calicotab.com:budapestnovice25:68709,,,,2026-09-26T13:52:04.780788+00:00
budapestnovice25.calicotab.com:budapestnovice25:68710,Economics,keyword,1.0,2026-09-26T13:52:04.780788+00:00
budapestnovice25.calicotab.com:budapestnovice25:68777,,,,2026-09-26T13:52:04.780788+00:00
budapestdebate.calicotab.com:dynamic:19718,,,,2026-09-26T13:52:04.780788+00:00
budapestdebate.calicotab.com:dynamic:19719,,,,2026-09-26T13:52:04.780788+00:00
budapestdebate.calicotab.com:dynamic:19720,Politics & Governance,keyword,1.0,2026-09-26T13:52:04.780788+00:00
budapestdebate.calicotab.com:dynamic:19721,Religion,keyword,1.0,2026-09-26T13:52:04.780788+00:00
budapestdebate.calicotab.com:dynamic:19722,Education,keyword,1.0,2026-09-26T13:52:04.780788+00:00
bo2023.calicotab.com:bo2023:34924,,,,2026-09-26T13:52:04.780788+00:00
bo2023.calicotab.com:bo2023:34925,,,,2026-09-26T13:52:04.780788+00:00
bo2023.calicotab.com:bo2023:34926,,,,2026-09-26T13:52:04.780788+00:00
bo2023.calicotab.com:bo2023:34927,,,,2026-09-26T13:52:04.780788+00:00
bo2023.calicotab.com:bo2023:34928,,,,2026-09-26T13:52:04.780788+00:00
bdpstdebate.calicotab.com:pre-eudc-2025:58226,Gender & Feminism,model,0.383,2026-09-26T13:52:04.780788+00:00
bdpstdebate.calicotab.com:pre-eudc-2025:58227,,,,2026-09-26T13:52:04.780788+00:00
bdpstdebate.calicotab.com:pre-eudc-2025:58228,Politics & Governance,keyword,1.0,2026-09-26T13:52:04.780788+00:00
bdpstdebate.calicotab.com:pre-eudc-2025:58229,,,,2026-09-26T13:52:04.780788+00:00
bdpstdebate.calicotab.com:pre-eudc-2025:58230,,,,2026-09-26T13:52:04.780788+00:00
budapestpreeudc26.calicotab.com:budapest-preeudc-2026:82268,,,,2026-09-26T13:52:04.780788+00:00
budapestpreeudc26.calicotab.com:budapest-preeudc-2026:82269,Politics & Governance,keyword,1.0,2026-09-26T13:52:04.780788+00:00
budapestpreeudc26.calicotab.com:budapest-preeudc-2026:82298,,,,2026-09-26T13:52:04.780788+00:00
budapestpreeudc26.calicotab.com:budapest-preeudc-2026:82299,Law & Criminal Justice,keyword,1.0,2026-09-26T13:52:04.780788+00:00
budapestpreeudc26.calicotab.com:budapest-preeudc-2026:82300,,,,2026-09-26T13:52:04.780788+00:00
bulacaniv2023.calicotab.com:bliv2023:37083,Gender & Feminism,keyword,1.0,2026-09-26T13:52:04.780788+00:00
bulacaniv2023.calicotab.com:bliv2023:37082,Media & Culture,keyword,1.0,2026-09-26T13:52:04.780788+00:00
bulacaniv2023.calicotab.com:bliv2023:37084,,,,2026-09-26T13:52:04.780788+00:00
bulacaniv2023.calicotab.com:bliv2023:37085,Law & Criminal Justice,keyword,1.0,2026-09-26T13:52:04.780788+00:00
bulacaniv2023.calicotab.com:bliv2023:37086,Economics,keyword,1.0,2026-09-26T13:52:04.780788+00:00
cida.calicotab.com:viv23:35792,Economics,keyword,1.0,2026-09-26T13:52:04.780788+00:00
cida.calicotab.com:viv23:35793,Education,keyword,1.0,2026-09-26T13:52:04.780788+00:00
cida.calicotab.com:viv23:35794,Gender & Feminism,keyword,1.0,2026-09-26T13:52:04.780788+00:00
cida.calicotab.com:viv23:35795,Environment,keyword,1.0,2026-09-26T13:52:04.780788+00:00
cmdlp2021.calicotab.com:cmdlp2021:7697,,,,2026-09-26T13:52:04.780788+00:00
cmdlp2021.calicotab.com:cmdlp2021:7698,,,,2026-09-26T13:52:04.780788+00:00
cmdlp2021.calicotab.com:cmdlp2021:7699,Economics,keyword,1.0,2026-09-26T13:52:04.780788+00:00
cmdlp2021.calicotab.com:cmdlp2021:7700,Gender & Feminism,keyword,1.0,2026-09-26T13:52:04.780788+00:00
cmdlp2021.calicotab.com:cmdlp2021:7701,Media & Culture,keyword,1.0,2026-09-26T13:52:04.780788+00:00
cmdlp2021.calicotab.com:cmdlp2021:7702,,,,2026-09-26T13:52:04.780788+00:00
cmdlp2021.calicotab.com:cmdlp2021:7703,,,,2026-09-26T13:52:04.780788+00:00
cmdlp2021.calicotab.com:cmdlp2021:7704,,,,2026-09-26T13:52:04.780788+00:00
cmdlp2021.calicotab.com:cmdlp2021:7706,Economics,keyword,1.0,2026-09-26T13:52:04.780788+00:00
cmude2022.calicotab.com:cmude2022:17443,Education,keyword,1.0,2026-09-26T13:52:04.780788+00:00
cmude2022.calicotab.com:cmude2022:17444,,,,2026-09-26T13:52:04.780788+00:00
cmude2022.calicotab.com:cmude2022:17445,,,,2026-09-26T13:52:04.780788+00:00
cmude2022.calicotab.com:cmude2022:17446,,,,2026-09-26T13:52:04.780788+00:00
cmude2022.calicotab.com:cmude2022:17447,Gender & Feminism,keyword,1.0,2026-09-26T13:52:04.780788+00:00
cmude2022.calicotab.com:cmude2022:17448,Religion,keyword,1.0,2026-09-26T13:52:04.780788+00:00
cmude2022.calicotab.com:cmude2022:17449,,,,2026-09-26T13:52:04.780788+00:00
cmude2022.calicotab.com:cmude2022:17450,,,,2026-09-26T13:52:04.780788+00:00
cmude2022.calicotab.com:cmude2022:17441,,,,2026-09-26T13:52:04.780788+00:00
cmude2023.calicotab.com:cmude2023:27732,,,,2026-09-26T13:52:04.780788+00:00
cmude2023.calicotab.com:cmude2023:27733,Gender & Feminism,keyword,1.0,2026-09-26T13:52:04.780788+00:00
cmude2023.calicotab.com:cmude2023:27734,,,,2026-09-26T13:52:04.780788+00:00
cmude2023.calicotab.com:cmude2023:27735,,,,2026-09-26T13:52:04.780788+00:00
cmude2023.calicotab.com:cmude2023:27736,,,,2026-09-26T13:52:04.780788+00:00
cmude2023.calicotab.com:cmude2023:27737,,,,2026-09-26T13:52:04.780788+00:00
cmude2023.calicotab.com:cmude2023:27738,,,,2026-09-26T13:52:04.780788+00:00
cmude2023.calicotab.com:cmude2023:27739,,,,2026-09-26T13:52:04.780788+00:00
cmude2023.calicotab.com:cmude2023:27740,Military & Security,keyword,1.0,2026-09-26T13:52:04.780788+00:00
cmude2024.calicotab.com:open:38069,,,,2026-09-26T13:52:04.780788+00:00
cmude2024.calicotab.com:open:38070,,,,2026-09-26T13:52:04.780788+00:00
cmude2024.calicotab.com:open:38071,,,,2026-09-26T13:52:04.780788+00:00
cmude2024.calicotab.com:open:38072,,,,2026-09-26T13:52:04.780788+00:00
cmude2024.calicotab.com:open:38073,Economics,keyword,1.0,2026-09-26T13:52:04.780788+00:00
cmude2024.calicotab.com:open:38074,Gender & Feminism,keyword,1.0,2026-09-26T13:52:04.780788+00:00
cmude2024.calicotab.com:open:38076,Economics,keyword,1.0,2026-09-26T13:52:04.780788+00:00
cmude2024.calicotab.com:open:38077,,,,2026-09-26T13:52:04.780788+00:00
cmude2024.calicotab.com:open:38075,,,,2026-09-26T13:52:04.780788+00:00
cmude2025.calicotab.com:open:60182,Economics,keyword,1.0,2026-09-26T13:52:04.780788+00:00
cmude2025.calicotab.com:open:60183,,,,2026-09-26T13:52:04.780788+00:00
cmude2025.calicotab.com:open:60184,,,,2026-09-26T13:52:04.780788+00:00
cmude2025.calicotab.com:open:60193,Education,keyword,1.0,2026-09-26T13:52:04.780788+00:00
cmude2025.calicotab.com:open:60197,Economics,keyword,1.0,2026-09-26T13:52:04.780788+00:00
cmude2025.calicotab.com:open:60200,,,,2026-09-26T13:52:04.780788+00:00
cmude2025.calicotab.com:open:60219,,,,2026-09-26T13:52:04.780788+00:00
cmude2025.calicotab.com:open:60224,Media & Culture,keyword,1.0,2026-09-26T13:52:04.780788+00:00
cmude2025.calicotab.com:open:60234,Gender & Feminism,keyword,1.0,2026-09-26T13:52:04.780788+00:00
cmude2026.calicotab.com:open:84092,Economics,keyword,1.0,2026-09-26T13:52:04.780788+00:00
cmude2026.calicotab.com:open:83711,Economics,keyword,1.0,2026-09-26T13:52:04.780788+00:00
cmude2026.calicotab.com:open:83716,Gender & Feminism,keyword,1.0,2026-09-26T13:52:04.780788+00:00
cmude2026.calicotab.com:open:83717,,,,2026-09-26T13:52:04.780788+00:00
cmude2026.calicotab.com:open:83731,,,,2026-09-26T13:52:04.780788+00:00
cmude2026.calicotab.com:open:83736,Economics,keyword,1.0,2026-09-26T13:52:04.780788+00:00
cmude2026.calicotab.com:open:83737,,,,2026-09-26T13:52:04.780788+00:00
cmude2026.calicotab.com:open:83751,,,,2026-09-26T13:52:04.780788+00:00
cmude2026.calicotab.com:open:83756,,,,2026-09-26T13:52:04.780788+00:00
cmude2026.calicotab.com:open:83757,,,,2026-09-26T13:52:04.780788+00:00
vishcoeptech.calicotab.com:vishbp2025:64264,Education,model,0.528,2026-09-26T13:52:04.780788+00:00
vishcoeptech.calicotab.com:vishbp2025:64323,Media & Culture,keyword,1.0,2026-09-26T13:52:04.780788+00:00
vishcoeptech.calicotab.com:vishbp2025:64376,Gender & Feminism,keyword,1.0,2026-09-26T13:52:04.780788+00:00
vishcoeptech.calicotab.com:vishbp2025:64401,Politics & Governance,keyword,1.0,2026-09-26T13:52:04.780788+00:00
eds.calicotab.com:cusidsrpa2024:34114,Economics,keyword,1.0,2026-09-26T13:52:04.780788+00:00
eds.calicotab.com:cusidsrpa2024:34096,Economics,keyword,1.0,2026-09-26T13:52:04.780788+00:00
eds.calicotab.com:cusidsrpa2024:34113,,,,2026-09-26T13:52:04.780788+00:00
eds.calicotab.com:cusidsrpa2024:34112,,,,2026-09-26T13:52:04.780788+00:00
cambridgeivfinal.calicotab.com:2022:5626,Politics & Governance,keyword,1.0,2026-09-26T13:52:04.780788+00:00
cambridgeivfinal.calicotab.com:2022:5627,,,,2026-09-26T13:52:04.780788+00:00
cambridgeivfinal.calicotab.com:2022:5628,,,,2026-09-26T13:52:04.780788+00:00
cambridgeivfinal.calicotab.com:2022:5629,Economics,keyword,1.0,2026-09-26T13:52:04.780788+00:00
cambridgeivfinal.calicotab.com:2022:5630,,,,2026-09-26T13:52:04.780788+00:00
cambridgeiv2023.calicotab.com:_:35207,,,,2026-09-26T13:52:04.780788+00:00
cambridgeiv2023.calicotab.com:_:35208,Law & Criminal Justice,keyword,1.0,2026-09-26T13:52:04.780788+00:00
cambridgeiv2023.calicotab.com:_:35209,,,,2026-09-26T13:52:04.780788+00:00
cambridgeiv2023.calicotab.com:_:35210,,,,2026-09-26T13:52:04.780788+00:00
cambridgeiv2023.calicotab.com:_:35211,Economics,keyword,1.0,2026-09-26T13:52:04.780788+00:00
cambridge2024.calicotab.com:cambridgeiv2024:48417,Media & Culture,keyword,1.0,2026-09-26T13:52:04.780788+00:00
cambridge2024.calicotab.com:cambridgeiv2024:48418,Law & Criminal Justice,keyword,1.0,2026-09-26T13:52:04.780788+00:00
cambridge2024.calicotab.com:cambridgeiv2024:48419,,,,2026-09-26T13:52:04.780788+00:00
cambridge2024.calicotab.com:cambridgeiv2024:48420,Education,keyword,1.0,2026-09-26T13:52:04.780788+00:00
cambridge2024.calicotab.com:cambridgeiv2024:48421,,,,2026-09-26T13:52:04.780788+00:00
cambridgeiv2025.calicotab.com:_:66896,,,,2026-09-26T13:52:04.780788+00:00
cambridgeiv2025.calicotab.com:_:66920,Social Policy & Welfare,keyword,1.0,2026-09-26T13:52:04.780788+00:00
cambridgeiv2025.calicotab.com:_:66941,Politics & Governance,keyword,1.0,2026-09-26T13:52:04.780788+00:00
cambridgeiv2025.calicotab.com:_:66964,,,,2026-09-26T13:52:04.780788+00:00
cambridgeiv2025.calicotab.com:_:67076,Law & Criminal Justice,keyword,1.0,2026-09-26T13:52:04.780788+00:00
cambridgemini2024.calicotab.com:camini2024:49328,Technology & Science,keyword,1.0,2026-09-26T13:52:04.780788+00:00
cambridgemini2024.calicotab.com:camini2024:49329,,,,2026-09-26T13:52:04.780788+00:00
cambridgemini2024.calicotab.com:camini2024:49330,Politics & Governance,keyword,1.0,2026-09-26T13:52:04.780788+00:00
cambridgemini2024.calicotab.com:camini2024:49331,,,,2026-09-26T13:52:04.780788+00:00
bpchamps2023.calicotab.com:bpchamps2023:35976,Politics & Governance,keyword,1.0,2026-09-26T13:52:04.780788+00:00
bpchamps2023.calicotab.com:bpchamps2023:35977,Environment,keyword,1.0,2026-09-26T13:52:04.780788+00:00
bpchamps2023.calicotab.com:bpchamps2023:35978,Economics,keyword,1.0,2026-09-26T13:52:04.780788+00:00
bpchamps2023.calicotab.com:bpchamps2023:35979,Law & Criminal Justice,keyword,1.0,2026-09-26T13:52:04.780788+00:00
bpchamps2023.calicotab.com:bpchamps2023:35980,,,,2026-09-26T13:52:04.780788+00:00
cudcwaterloo.calicotab.com:cudc2024:48051,,,,2026-09-26T13:52:04.780788+00:00
cudcwaterloo.calicotab.com:cudc2024:48052,Environment,keyword,1.0,2026-09-26T13:52:04.780788+00:00
cudcwaterloo.calicotab.com:cudc2024:48053,Economics,keyword,1.0,2026-09-26T13:52:04.780788+00:00
cudcwaterloo.calicotab.com:cudc2024:48054,,,,2026-09-26T13:52:04.780788+00:00
cudcwaterloo.calicotab.com:cudc2024:48055,,,,2026-09-26T13:52:04.780788+00:00
cudchalifax.calicotab.com:CUDC2025:67883,Education,keyword,1.0,2026-09-26T13:52:04.780788+00:00
cudchalifax.calicotab.com:CUDC2025:67884,,,,2026-09-26T13:52:04.780788+00:00
cudchalifax.calicotab.com:CUDC2025:67885,,,,2026-09-26T13:52:04.780788+00:00
cudchalifax.calicotab.com:CUDC2025:67886,,,,2026-09-26T13:52:04.780788+00:00
cudchalifax.calicotab.com:CUDC2025:67887,Economics,keyword,1.0,2026-09-26T13:52:04.780788+00:00
capitalismiv2024.calicotab.com:capitalismiv2024:48142,,,,2026-09-26T13:52:04.780788+00:00
capitalismiv2024.calicotab.com:capitalismiv2024:48143,Economics,keyword,1.0,2026-09-26T13:52:04.780788+00:00
capitalismiv2024.calicotab.com:capitalismiv2024:48144,Economics,keyword,1.0,2026-09-26T13:52:04.780788+00:00
capitalismiv2024.calicotab.com:capitalismiv2024:48145,,,,2026-09-26T13:52:04.780788+00:00
capitalismiv2024.calicotab.com:capitalismiv2024:48146,,,,2026-09-26T13:52:04.780788+00:00
capitalismiv2024.calicotab.com:capitalismiv2024:48147,Economics,keyword,1.0,2026-09-26T13:52:04.780788+00:00
cardiff2025.calicotab.com:cardiffopen2025:52334,Law & Criminal Justice,keyword,1.0,2026-09-26T13:52:04.780788+00:00
cardiff2025.calicotab.com:cardiffopen2025:52360,Politics & Governance,keyword,1.0,2026-09-26T13:52:04.780788+00:00
cardiff2025.calicotab.com:cardiffopen2025:52399,Religion,keyword,1.0,2026-09-26T13:52:04.780788+00:00
cardiff2025.calicotab.com:cardiffopen2025:52417,Gender & Feminism,keyword,1.0,2026-09-26T13:52:04.780788+00:00
caritasdebate.calicotab.com:caritasdebateopen2025:49785,Politics & Governance,keyword,1.0,2026-09-26T13:52:04.780788+00:00
caritasdebate.calicotab.com:caritasdebateopen2025:49804,Politics & Governance,keyword,1.0,2026-09-26T13:52:04.780788+00:00
caritasdebate.calicotab.com:caritasdebateopen2025:49842,Politics & Governance,keyword,1.0,2026-09-26T13:52:04.780788+00:00
caritasdebate.calicotab.com:caritasdebateopen2025:49969,Gender & Feminism,keyword,1.0,2026-09-26T13:52:04.780788+00:00
cdo2025.calicotab.com:cdo2025:65582,Health,keyword,1.0,2026-09-26T13:52:04.780788+00:00
cdo2025.calicotab.com:cdo2025:65599,Economics,keyword,1.0,2026-09-26T13:52:04.780788+00:00
cdo2025.calicotab.com:cdo2025:65625,International Relations,keyword,1.0,2026-09-26T13:52:04.780788+00:00
cdo2025.calicotab.com:cdo2025:65644,,,,2026-09-26T13:52:04.780788+00:00
cebuproam.calicotab.com:britishparliamentary:52778,Gender & Feminism,keyword,1.0,2026-09-26T13:52:04.780788+00:00
cebuproam.calicotab.com:britishparliamentary:52804,Health,keyword,1.0,2026-09-26T13:52:04.780788+00:00
cebuproam.calicotab.com:britishparliamentary:52811,Economics,keyword,1.0,2026-09-26T13:52:04.780788+00:00
cebuproam.calicotab.com:britishparliamentary:52847,International Relations,keyword,1.0,2026-09-26T13:52:04.780788+00:00
champagneiv2023.calicotab.com:_:28110,Economics,keyword,1.0,2026-09-26T13:52:04.780788+00:00
champagneiv2023.calicotab.com:_:28111,,,,2026-09-26T13:52:04.780788+00:00
champagneiv2023.calicotab.com:_:28112,,,,2026-09-26T13:52:04.780788+00:00
champagneiv2023.calicotab.com:_:28113,,,,2026-09-26T13:52:04.780788+00:00
champagneiv2023.calicotab.com:_:28114,Politics & Governance,keyword,1.0,2026-09-26T13:52:04.780788+00:00
spu.calicotab.com:champagneiv2025:54772,Education,keyword,1.0,2026-09-26T13:52:04.780788+00:00
spu.calicotab.com:champagneiv2025:54786,,,,2026-09-26T13:52:04.780788+00:00
spu.calicotab.com:champagneiv2025:54877,Politics & Governance,keyword,1.0,2026-09-26T13:52:04.780788+00:00
spu.calicotab.com:champagneiv2025:54921,Politics & Governance,keyword,1.0,2026-09-26T13:52:04.780788+00:00
spu.calicotab.com:champagneiv2025:54946,Gender & Feminism,keyword,1.0,2026-09-26T13:52:04.780788+00:00
champagneiv26.calicotab.com:_:77981,Politics & Governance,keyword,1.0,2026-09-26T13:52:04.780788+00:00
champagneiv26.calicotab.com:_:77982,Media & Culture,keyword,1.0,2026-09-26T13:52:04.780788+00:00
champagneiv26.calicotab.com:_:78143,,,,2026-09-26T13:52:04.780788+00:00
champagneiv26.calicotab.com:_:78174,,,,2026-09-26T13:52:04.780788+00:00
champagneiv26.calicotab.com:_:78196,,,,2026-09-26T13:52:04.780788+00:00
chancellorscup2025.calicotab.com:chancellors2025:66837,Economics,keyword,1.0,2026-09-26T13:52:04.780788+00:00
chancellorscup2025.calicotab.com:chancellors2025:66838,,,,2026-09-26T13:52:04.780788+00:00
chancellorscup2025.calicotab.com:chancellors2025:66839,,,,2026-09-26T13:52:04.780788+00:00
chancellorscup2025.calicotab.com:chancellors2025:66840,,,,2026-09-26T13:52:04.780788+00:00
chancellorscup2025.calicotab.com:chancellors2025:66841,Economics,keyword,1.0,2026-09-26T13:52:04.780788+00:00
charchapd.calicotab.com:charchapd25:54845,Media & Culture,keyword,1.0,2026-09-26T13:52:04.780788+00:00
charchapd.calicotab.com:charchapd25:54867,Religion,keyword,1.0,2026-09-26T13:52:04.780788+00:00
charchapd.calicotab.com:charchapd25:54906,,,,2026-09-26T13:52:04.780788+00:00
charchapd.calicotab.com:charchapd25:54939,Law & Criminal Justice,keyword,1.0,2026-09-26T13:52:04.780788+00:00
charchapd.calicotab.com:charchapd25:55027,Media & Culture,keyword,1.0,2026-09-26T13:52:04.780788+00:00
cfo3.calicotab.com:CFO3:34155,Politics & Governance,keyword,1.0,2026-09-26T13:52:04.780788+00:00
cfo3.calicotab.com:CFO3:34156,,,,2026-09-26T13:52:04.780788+00:00
cfo3.calicotab.com:CFO3:34157,Education,keyword,1.0,2026-09-26T13:52:04.780788+00:00
cfo3.calicotab.com:CFO3:34158,,,,2026-09-26T13:52:04.780788+00:00
ccpc.calicotab.com:ctgbp2024:25203,Economics,keyword,1.0,2026-09-26T13:52:04.780788+00:00
ccpc.calicotab.com:ctgbp2024:25204,Education,keyword,1.0,2026-09-26T13:52:04.780788+00:00
ccpc.calicotab.com:ctgbp2024:25205,Environment,keyword,1.0,2026-09-26T13:52:04.780788+00:00
ccpc.calicotab.com:ctgbp2024:25206,,,,2026-09-26T13:52:04.780788+00:00
ccpc.calicotab.com:ctgbp2024:25207,Military & Security,keyword,1.0,2026-09-26T13:52:04.780788+00:00
cbp2021.calicotab.com:chinabp2021:13095,Education,keyword,1.0,2026-09-26T13:52:04.780788+00:00
cbp2021.calicotab.com:chinabp2021:13096,,,,2026-09-26T13:52:04.780788+00:00
cbp2021.calicotab.com:chinabp2021:13097,Education,keyword,1.0,2026-09-26T13:52:04.780788+00:00
cbp2021.calicotab.com:chinabp2021:13098,,,,2026-09-26T13:52:04.780788+00:00
cbp2021.calicotab.com:chinabp2021:13099,,,,2026-09-26T13:52:04.780788+00:00
cbp2021.calicotab.com:chinabp2021:13100,Law & Criminal Justice,keyword,1.0,2026-09-26T13:52:04.780788+00:00
cudc.calicotab.com:cudcnationals22:23017,,,,2026-09-26T13:52:04.780788+00:00
cudc.calicotab.com:cudcnationals22:23018,Education,keyword,1.0,2026-09-26T13:52:04.780788+00:00
cudc.calicotab.com:cudcnationals22:23019,,,,2026-09-26T13:52:04.780788+00:00
cudc.calicotab.com:cudcnationals22:23020,Media & Culture,keyword,1.0,2026-09-26T13:52:04.780788+00:00
cudc.calicotab.com:cudcnationals22:23021,,,,2026-09-26T13:52:04.780788+00:00
supernana.calicotab.com:christmasholidaysiv2025:69398,,,,2026-09-26T13:52:04.780788+00:00
supernana.calicotab.com:christmasholidaysiv2025:69399,,,,2026-09-26T13:52:04.780788+00:00
supernana.calicotab.com:christmasholidaysiv2025:69427,Education,keyword,1.0,2026-09-26T13:52:04.780788+00:00
supernana.calicotab.com:christmasholidaysiv2025:69434,Economics,keyword,1.0,2026-09-26T13:52:04.780788+00:00
supernana.calicotab.com:christmasholidaysiv2025:69491,Gender & Feminism,keyword,1.0,2026-09-26T13:52:04.780788+00:00
debatefoster.calicotab.com:preanydc24:37796,Media & Culture,keyword,1.0,2026-09-26T13:52:04.780788+00:00
debatefoster.calicotab.com:preanydc24:37795,Media & Culture,keyword,1.0,2026-09-26T13:52:04.780788+00:00
debatefoster.calicotab.com:preanydc24:37794,Education,keyword,1.0,2026-09-26T13:52:04.780788+00:00
debatefoster.calicotab.com:preanydc24:37792,Economics,keyword,1.0,2026-09-26T13:52:04.780788+00:00
debatefoster.calicotab.com:preanydc24:37793,Gender & Feminism,keyword,1.0,2026-09-26T13:52:04.780788+00:00
colgateopen2021.calicotab.com:colgateopen2021:10483,Gender & Feminism,keyword,1.0,2026-09-26T13:52:04.780788+00:00
colgateopen2021.calicotab.com:colgateopen2021:10482,,,,2026-09-26T13:52:04.780788+00:00
colgateopen2021.calicotab.com:colgateopen2021:10484,Religion,keyword,1.0,2026-09-26T13:52:04.780788+00:00
colgateopen2021.calicotab.com:colgateopen2021:10485,,,,2026-09-26T13:52:04.780788+00:00
colgateopen2021.calicotab.com:colgateopen2021:10488,Politics & Governance,keyword,1.0,2026-09-26T13:52:04.780788+00:00
colgate2023.calicotab.com:colgate2023:27634,Economics,keyword,1.0,2026-09-26T13:52:04.780788+00:00
colgate2023.calicotab.com:colgate2023:27635,Economics,keyword,1.0,2026-09-26T13:52:04.780788+00:00
colgate2023.calicotab.com:colgate2023:27636,,,,2026-09-26T13:52:04.780788+00:00
colgate2023.calicotab.com:colgate2023:27637,,,,2026-09-26T13:52:04.780788+00:00
colgate2023.calicotab.com:colgate2023:27638,,,,2026-09-26T13:52:04.780788+00:00
colgateopen2024.calicotab.com:colgate2024:41213,Education,keyword,1.0,2026-09-26T13:52:04.780788+00:00
colgateopen2024.calicotab.com:colgate2024:41214,Gender & Feminism,keyword,1.0,2026-09-26T13:52:04.780788+00:00
colgateopen2024.calicotab.com:colgate2024:41215,International Relations,model,0.399,2026-09-26T13:52:04.780788+00:00
colgateopen2024.calicotab.com:colgate2024:41216,Religion,keyword,1.0,2026-09-26T13:52:04.780788+00:00
colgateopen2024.calicotab.com:colgate2024:41217,Politics & Governance,keyword,1.0,2026-09-26T13:52:04.780788+00:00
colgate2025.calicotab.com:_:53992,,,,2026-09-26T13:52:04.780788+00:00
colgate2025.calicotab.com:_:54018,Media & Culture,keyword,1.0,2026-09-26T13:52:04.780788+00:00
colgate2025.calicotab.com:_:54019,,,,2026-09-26T13:52:04.780788+00:00
colgate2025.calicotab.com:_:54020,,,,2026-09-26T13:52:04.780788+00:00
colgate2025.calicotab.com:_:54021,,,,2026-09-26T13:52:04.780788+00:00
columbiaiv2025.calicotab.com:columbiaiv2025:64782,Law & Criminal Justice,keyword,1.0,2026-09-26T13:52:04.780788+00:00
columbiaiv2025.calicotab.com:columbiaiv2025:64783,,,,2026-09-26T13:52:04.780788+00:00
columbiaiv2025.calicotab.com:columbiaiv2025:64784,Politics & Governance,keyword,1.0,2026-09-26T13:52:04.780788+00:00
columbiaiv2025.calicotab.com:columbiaiv2025:64785,Education,keyword,1.0,2026-09-26T13:52:04.780788+00:00
columbiaiv2025.calicotab.com:columbiaiv2025:64910,Economics,keyword,1.0,2026-09-26T13:52:04.780788+00:00
connectionsiv.calicotab.com:connectionsiv25:62894,Politics & Governance,keyword,1.0,2026-09-26T13:52:04.780788+00:00
connectionsiv.calicotab.com:connectionsiv25:62895,Media & Culture,keyword,1.0,2026-09-26T13:52:04.780788+00:00
connectionsiv.calicotab.com:connectionsiv25:62915,Environment,keyword,1.0,2026-09-26T13:52:04.780788+00:00
connectionsiv.calicotab.com:connectionsiv25:62921,,,,2026-09-26T13:52:04.780788+00:00
connectionsiv.calicotab.com:connectionsiv25:62926,Economics,keyword,1.0,2026-09-26T13:52:04.780788+00:00
eudc2025.calicotab.com:_:61402,Law & Criminal Justice,keyword,1.0,2026-09-26T13:52:04.780788+00:00
eudc2025.calicotab.com:_:61405,Economics,keyword,1.0,2026-09-26T13:52:04.780788+00:00
eudc2025.calicotab.com:_:61406,Media & Culture,model,0.522,2026-09-26T13:52:04.780788+00:00
eudc2025.calicotab.com:_:61414,Health,keyword,1.0,2026-09-26T13:52:04.780788+00:00
eudc2025.calicotab.com:_:61417,Education,keyword,1.0,2026-09-26T13:52:04.780788+00:00
eudc2025.calicotab.com:_:61421,,,,2026-09-26T13:52:04.780788+00:00
eudc2025.calicotab.com:_:61432,Gender & Feminism,keyword,1.0,2026-09-26T13:52:04.780788+00:00
eudc2025.calicotab.com:_:61435,Technology & Science,keyword,1.0,2026-09-26T13:52:04.780788+00:00
eudc2025.calicotab.com:_:61440,Military & Security,keyword,1.0,2026-09-26T13:52:04.780788+00:00
copenhagenonline26.calicotab.com:_:71982,Politics & Governance,keyword,1.0,2026-09-26T13:52:04.780788+00:00
copenhagenonline26.calicotab.com:_:72023,Media & Culture,keyword,1.0,2026-09-26T13:52:04.780788+00:00
copenhagenonline26.calicotab.com:_:72042,Economics,keyword,1.0,2026-09-26T13:52:04.780788+00:00
copenhagenonline26.calicotab.com:_:72056,International Relations,keyword,1.0,2026-09-26T13:52:04.780788+00:00
copenhagenonline26.calicotab.com:_:72157,,,,2026-09-26T13:52:04.780788+00:00
copenhagen2024.calicotab.com:copenhagen2024:38512,Education,keyword,1.0,2026-09-26T13:52:04.780788+00:00
copenhagen2024.calicotab.com:copenhagen2024:38513,,,,2026-09-26T13:52:04.780788+00:00
copenhagen2024.calicotab.com:copenhagen2024:38514,,,,2026-09-26T13:52:04.780788+00:00
copenhagen2024.calicotab.com:copenhagen2024:38515,Economics,keyword,1.0,2026-09-26T13:52:04.780788+00:00
copenhagen2024.calicotab.com:copenhagen2024:38516,,,,2026-09-26T13:52:04.780788+00:00
cornelliv.calicotab.com:cornell2022:20497,,,,2026-09-26T13:52:04.780788+00:00
cornelliv.calicotab.com:cornell2022:20498,,,,2026-09-26T13:52:04.780788+00:00
cornelliv.calicotab.com:cornell2022:20499,Health,keyword,1.0,2026-09-26T13:52:04.780788+00:00
cornelliv.calicotab.com:cornell2022:20500,Education,keyword,1.0,2026-09-26T13:52:04.780788+00:00
cornelliv.calicotab.com:cornell2022:20501,Politics & Governance,keyword,1.0,2026-09-26T13:52:04.780788+00:00
novicenats2021.calicotab.com:novicenats2021:1192,Environment,model,0.51,2026-09-26T13:52:04.780788+00:00
novicenats2021.calicotab.com:novicenats2021:1197,Health,keyword,1.0,2026-09-26T13:52:04.780788+00:00
novicenats2021.calicotab.com:novicenats2021:1193,Law & Criminal Justice,keyword,1.0,2026-09-26T13:52:04.780788+00:00
novicenats2021.calicotab.com:novicenats2021:1198,Technology & Science,keyword,1.0,2026-09-26T13:52:04.780788+00:00
novicenats2021.calicotab.com:novicenats2021:1194,,,,2026-09-26T13:52:04.780788+00:00
novicenats2022.calicotab.com:novicenats2022:14383,Gender & Feminism,keyword,1.0,2026-09-26T13:52:04.780788+00:00
novicenats2022.calicotab.com:novicenats2022:14384,,,,2026-09-26T13:52:04.780788+00:00
novicenats2022.calicotab.com:novicenats2022:14387,Education,keyword,1.0,2026-09-26T13:52:04.780788+00:00
novicenats2022.calicotab.com:novicenats2022:14388,,,,2026-09-26T13:52:04.780788+00:00
novicenats2022.calicotab.com:novicenats2022:14389,Politics & Governance,keyword,1.0,2026-09-26T13:52:04.780788+00:00
novicenats2024.calicotab.com:novicenats2024:38566,Religion,keyword,1.0,2026-09-26T13:52:04.780788+00:00
novicenats2024.calicotab.com:novicenats2024:38567,Economics,keyword,1.0,2026-09-26T13:52:04.780788+00:00
novicenats2024.calicotab.com:novicenats2024:38568,,,,2026-09-26T13:52:04.780788+00:00
novicenats2024.calicotab.com:novicenats2024:38569,Religion,keyword,1.0,2026-09-26T13:52:04.780788+00:00
novicenats2024.calicotab.com:novicenats2024:38570,,,,2026-09-26T13:52:04.780788+00:00
novicenats2025.calicotab.com:novicenats2025:50432,Politics & Governance,keyword,1.0,2026-09-26T13:52:04.780788+00:00
novicenats2025.calicotab.com:novicenats2025:50450,Politics & Governance,keyword,1.0,2026-09-26T13:52:04.780788+00:00
novicenats2025.calicotab.com:novicenats2025:50460,Economics,keyword,1.0,2026-09-26T13:52:04.780788+00:00
novicenats2025.calicotab.com:novicenats2025:50464,Environment,keyword,1.0,2026-09-26T13:52:04.780788+00:00
novicenats2025.calicotab.com:novicenats2025:50470,Economics,keyword,1.0,2026-09-26T13:52:04.780788+00:00
novicenats2026.calicotab.com:novicenationals2026:72366,Politics & Governance,keyword,1.0,2026-09-26T13:52:04.780788+00:00
novicenats2026.calicotab.com:novicenationals2026:72367,Environment,keyword,1.0,2026-09-26T13:52:04.780788+00:00
novicenats2026.calicotab.com:novicenationals2026:72368,,,,2026-09-26T13:52:04.780788+00:00
novicenats2026.calicotab.com:novicenationals2026:72369,Economics,keyword,1.0,2026-09-26T13:52:04.780788+00:00
novicenats2026.calicotab.com:novicenationals2026:72370,Technology & Science,keyword,1.0,2026-09-26T13:52:04.780788+00:00
crawford.calicotab.com:Crudi2025:61024,Health,keyword,1.0,2026-09-26T13:52:04.780788+00:00
crawford.calicotab.com:Crudi2025:61025,Religion,keyword,1.0,2026-09-26T13:52:04.780788+00:00
crawford.calicotab.com:Crudi2025:61026,Economics,keyword,1.0,2026-09-26T13:52:04.780788+00:00
crawford.calicotab.com:Crudi2025:61028,Media & Culture,keyword,1.0,2026-09-26T13:52:04.780788+00:00
crawford.calicotab.com:Crudi2025:61065,Military & Security,keyword,1.0,2026-09-26T13:52:04.780788+00:00
curtindebateopen2025.calicotab.com:CDO2025:67792,Education,keyword,1.0,2026-09-26T13:52:04.780788+00:00
curtindebateopen2025.calicotab.com:CDO2025:67791,Gender & Feminism,keyword,1.0,2026-09-26T13:52:04.780788+00:00
curtindebateopen2025.calicotab.com:CDO2025:67804,Social Policy & Welfare,keyword,1.0,2026-09-26T13:52:04.780788+00:00
curtindebateopen2025.calicotab.com:CDO2025:67835,Education,keyword,1.0,2026-09-26T13:52:04.780788+00:00
daicopen.calicotab.com:daicopen:20089,,,,2026-09-26T13:52:04.780788+00:00
daicopen.calicotab.com:daicopen:20090,,,,2026-09-26T13:52:04.780788+00:00
daicopen.calicotab.com:daicopen:20091,,,,2026-09-26T13:52:04.780788+00:00
daicopen.calicotab.com:daicopen:20092,,,,2026-09-26T13:52:04.780788+00:00
daicopen.calicotab.com:daicopen:20093,,,,2026-09-26T13:52:04.780788+00:00
dkwieninvitational.calicotab.com:dkwienmini23:31967,,,,2026-09-26T13:52:04.780788+00:00
dkwieninvitational.calicotab.com:dkwienmini23:31968,Media & Culture,keyword,1.0,2026-09-26T13:52:04.780788+00:00
dkwieninvitational.calicotab.com:dkwienmini23:31969,,,,2026-09-26T13:52:04.780788+00:00
dkwieninvitational.calicotab.com:dkwienmini23:31970,,,,2026-09-26T13:52:04.780788+00:00
jrktpd2024.calicotab.com:jrktpd2024:48305,,,,2026-09-26T13:52:04.780788+00:00
jrktpd2024.calicotab.com:jrktpd2024:48306,Politics & Governance,keyword,1.0,2026-09-26T13:52:04.780788+00:00
jrktpd2024.calicotab.com:jrktpd2024:48307,Law & Criminal Justice,keyword,1.0,2026-09-26T13:52:04.780788+00:00
jrktpd2024.calicotab.com:jrktpd2024:48308,Politics & Governance,keyword,1.0,2026-09-26T13:52:04.780788+00:00
jrktpd2024.calicotab.com:jrktpd2025:66780,Law & Criminal Justice,keyword,1.0,2026-09-26T13:52:04.780788+00:00
jrktpd2024.calicotab.com:jrktpd2025:66794,Health,keyword,1.0,2026-09-26T13:52:04.780788+00:00
jrktpd2024.calicotab.com:jrktpd2025:66860,Politics & Governance,keyword,1.0,2026-09-26T13:52:04.780788+00:00
jrktpd2024.calicotab.com:jrktpd2025:66884,Environment,keyword,1.0,2026-09-26T13:52:04.780788+00:00
jrktpd2024.calicotab.com:jrktpd2025:66912,,,,2026-09-26T13:52:04.780788+00:00
dsdc2021.calicotab.com:dsdc:7062,Media & Culture,keyword,1.0,2026-09-26T13:52:04.780788+00:00
dsdc2021.calicotab.com:dsdc:7063,Politics & Governance,keyword,1.0,2026-09-26T13:52:04.780788+00:00
dsdc2021.calicotab.com:dsdc:7064,,,,2026-09-26T13:52:04.780788+00:00
dsdc2021.calicotab.com:dsdc:7065,,,,2026-09-26T13:52:04.780788+00:00
dtumonsoons2024.calicotab.com:dtumonsoons2024:45493,Religion,keyword,1.0,2026-09-26T13:52:04.780788+00:00
dtumonsoons2024.calicotab.com:dtumonsoons2024:45494,Politics & Governance,keyword,1.0,2026-09-26T13:52:04.780788+00:00
dtumonsoons2024.calicotab.com:dtumonsoons2024:45495,Economics,keyword,1.0,2026-09-26T13:52:04.780788+00:00
dtumonsoons2024.calicotab.com:dtumonsoons2024:45496,Health,keyword,1.0,2026-09-26T13:52:04.780788+00:00
dtumonsoons2024.calicotab.com:dtumonsoons2024:45497,Politics & Governance,keyword,1.0,2026-09-26T13:52:04.780788+00:00
dtumonsoons2025.calicotab.com:dtumonsoons2025:62344,,,,2026-09-26T13:52:04.780788+00:00
dtumonsoons2025.calicotab.com:dtumonsoons2025:62362,,,,2026-09-26T13:52:04.780788+00:00
dtumonsoons2025.calicotab.com:dtumonsoons2025:62380,,,,2026-09-26T13:52:04.780788+00:00
dtumonsoons2025.calicotab.com:dtumonsoons2025:62393,Politics & Governance,keyword,1.0,2026-09-26T13:52:04.780788+00:00
dtumonsoons2025.calicotab.com:dtumonsoons2025:62447,Economics,keyword,1.0,2026-09-26T13:52:04.780788+00:00
dtumonsoons2026.calicotab.com:_:83510,,,,2026-09-26T13:52:04.780788+00:00
dtumonsoons2026.calicotab.com:_:83533,Law & Criminal Justice,keyword,1.0,2026-09-26T13:52:04.780788+00:00
dtumonsoons2026.calicotab.com:_:83558,,,,2026-09-26T13:52:04.780788+00:00
dtumonsoons2026.calicotab.com:_:83578,Education,keyword,1.0,2026-09-26T13:52:04.780788+00:00
dtumonsoons2026.calicotab.com:_:83617,Economics,keyword,1.0,2026-09-26T13:52:04.780788+00:00
dtupd2023.calicotab.com:dtupd2023:24276,Politics & Governance,keyword,1.0,2026-09-26T13:52:04.780788+00:00
dtupd2023.calicotab.com:dtupd2023:24277,Technology & Science,keyword,1.0,2026-09-26T13:52:04.780788+00:00
dtupd2023.calicotab.com:dtupd2023:24278,Military & Security,keyword,1.0,2026-09-26T13:52:04.780788+00:00
dtupd2023.calicotab.com:dtupd2023:24279,,,,2026-09-26T13:52:04.780788+00:00
vitark2024.calicotab.com:vitark2025:52175,Law & Criminal Justice,keyword,1.0,2026-09-26T13:52:04.780788+00:00
vitark2024.calicotab.com:vitark2025:52194,Health,keyword,1.0,2026-09-26T13:52:04.780788+00:00
vitark2024.calicotab.com:vitark2025:52273,Health,keyword,1.0,2026-09-26T13:52:04.780788+00:00
vitark2024.calicotab.com:vitark2025:52306,,,,2026-09-26T13:52:04.780788+00:00
vitark2024.calicotab.com:vitark2025:52354,Economics,keyword,1.0,2026-09-26T13:52:04.780788+00:00
bhaavarth2024.calicotab.com:bhaavarthpreWUDC:65120,,,,2026-09-26T13:52:04.780788+00:00
bhaavarth2024.calicotab.com:bhaavarthpreWUDC:65161,Environment,model,0.549,2026-09-26T13:52:04.780788+00:00
bhaavarth2024.calicotab.com:bhaavarthpreWUDC:65207,,,,2026-09-26T13:52:04.780788+00:00
bhaavarth2024.calicotab.com:bhaavarthpreWUDC:65311,,,,2026-09-26T13:52:04.780788+00:00
bhaavarth2024.calicotab.com:bhaavarthpd24:47049,,,,2026-09-26T13:52:04.780788+00:00
bhaavarth2024.calicotab.com:bhaavarthpd24:47050,,,,2026-09-26T13:52:04.780788+00:00
bhaavarth2024.calicotab.com:bhaavarthpd24:47051,,,,2026-09-26T13:52:04.780788+00:00
bhaavarth2024.calicotab.com:bhaavarthpd24:47052,,,,2026-09-26T13:52:04.780788+00:00
bhaavarth2024.calicotab.com:bhaavarthpd24:47054,Military & Security,keyword,1.0,2026-09-26T13:52:04.780788+00:00
filibusterpd25.calicotab.com:filibusterpd25:52788,,,,2026-09-26T13:52:04.780788+00:00
filibusterpd25.calicotab.com:filibusterpd25:52814,Gender & Feminism,keyword,1.0,2026-09-26T13:52:04.780788+00:00
filibusterpd25.calicotab.com:filibusterpd25:52846,Economics,keyword,1.0,2026-09-26T13:52:04.780788+00:00
filibusterpd25.calicotab.com:filibusterpd25:52869,,,,2026-09-26T13:52:04.780788+00:00
manzar2023.calicotab.com:manzar2023:28271,Education,keyword,1.0,2026-09-26T13:52:04.780788+00:00
manzar2023.calicotab.com:manzar2023:28272,Media & Culture,keyword,1.0,2026-09-26T13:52:04.780788+00:00
manzar2023.calicotab.com:manzar2023:28273,,,,2026-09-26T13:52:04.780788+00:00
manzar2023.calicotab.com:manzar2023:28274,Military & Security,keyword,1.0,2026-09-26T13:52:04.780788+00:00
manzar2023.calicotab.com:manzar2023:28275,Technology & Science,keyword,1.0,2026-09-26T13:52:04.780788+00:00
manzar2024.calicotab.com:manzar2024:40657,Politics & Governance,keyword,1.0,2026-09-26T13:52:04.780788+00:00
manzar2024.calicotab.com:manzar2024:40658,Education,keyword,1.0,2026-09-26T13:52:04.780788+00:00
manzar2024.calicotab.com:manzar2024:40659,,,,2026-09-26T13:52:04.780788+00:00
manzar2024.calicotab.com:manzar2024:40660,Environment,keyword,1.0,2026-09-26T13:52:04.780788+00:00
manzar2024.calicotab.com:manzar2024:40661,,,,2026-09-26T13:52:04.780788+00:00
manzar.calicotab.com:Manzar:50217,,,,2026-09-26T13:52:04.780788+00:00
manzar.calicotab.com:Manzar:50236,,,,2026-09-26T13:52:04.780788+00:00
manzar.calicotab.com:Manzar:50332,Politics & Governance,keyword,1.0,2026-09-26T13:52:04.780788+00:00
manzar.calicotab.com:Manzar:50386,,,,2026-09-26T13:52:04.780788+00:00
manzar.calicotab.com:Manzar:50426,,,,2026-09-26T13:52:04.780788+00:00
manzar26.calicotab.com:Manzar_2026:72978,,,,2026-09-26T13:52:04.780788+00:00
manzar26.calicotab.com:Manzar_2026:73000,Environment,keyword,1.0,2026-09-26T13:52:04.780788+00:00
manzar26.calicotab.com:Manzar_2026:73098,Religion,keyword,1.0,2026-09-26T13:52:04.780788+00:00
manzar26.calicotab.com:Manzar_2026:73139,Politics & Governance,keyword,1.0,2026-09-26T13:52:04.780788+00:00
manzar26.calicotab.com:Manzar_2026:73175,Economics,keyword,1.0,2026-09-26T13:52:04.780788+00:00
sbs.calicotab.com:sbsbpd23:14297,,,,2026-09-26T13:52:04.780788+00:00
sbs.calicotab.com:sbsbpd23:14298,Media & Culture,model,0.398,2026-09-26T13:52:04.780788+00:00
sbs.calicotab.com:sbsbpd23:14299,,,,2026-09-26T13:52:04.780788+00:00
sbs.calicotab.com:sbsbpd23:14300,,,,2026-09-26T13:52:04.780788+00:00
sbs.calicotab.com:sbsbpd23:14301,Technology & Science,keyword,1.0,2026-09-26T13:52:04.780788+00:00
sbs.calicotab.com:sbsbpd24:14305,,,,2026-09-26T13:52:04.780788+00:00
sbs.calicotab.com:sbsbpd24:14306,Economics,keyword,1.0,2026-09-26T13:52:04.780788+00:00
sbs.calicotab.com:sbsbpd24:14307,Gender & Feminism,keyword,1.0,2026-09-26T13:52:04.780788+00:00
sbs.calicotab.com:sbsbpd24:14308,Economics,keyword,1.0,2026-09-26T13:52:04.780788+00:00
sbs.calicotab.com:sbsbpd24:14309,,,,2026-09-26T13:52:04.780788+00:00
sbs.calicotab.com:sbsbpd25:49798,Religion,keyword,1.0,2026-09-26T13:52:04.780788+00:00
sbs.calicotab.com:sbsbpd25:49822,,,,2026-09-26T13:52:04.780788+00:00
sbs.calicotab.com:sbsbpd25:49975,,,,2026-09-26T13:52:04.780788+00:00
sbs.calicotab.com:sbsbpd25:50012,Economics,keyword,1.0,2026-09-26T13:52:04.780788+00:00
sbs.calicotab.com:sbsbpd25:50052,,,,2026-09-26T13:52:04.780788+00:00
sbs.calicotab.com:sbsbpd26:71955,,,,2026-09-26T13:52:04.780788+00:00
sbs.calicotab.com:sbsbpd26:72012,,,,2026-09-26T13:52:04.780788+00:00
sbs.calicotab.com:sbsbpd26:72127,,,,2026-09-26T13:52:04.780788+00:00
sbs.calicotab.com:sbsbpd26:72156,Health,keyword,1.0,2026-09-26T13:52:04.780788+00:00
sbs.calicotab.com:sbsbpd26:72176,Economics,keyword,1.0,2026-09-26T13:52:04.780788+00:00
logicia2026.calicotab.com:logicia2026:78088,,,,2026-09-26T13:52:04.780788+00:00
logicia2026.calicotab.com:logicia2026:78129,Economics,keyword,1.0,2026-09-26T13:52:04.780788+00:00
logicia2026.calicotab.com:logicia2026:78164,Politics & Governance,keyword,1.0,2026-09-26T13:52:04.780788+00:00
logicia2026.calicotab.com:logicia2026:78288,Religion,keyword,1.0,2026-09-26T13:52:04.780788+00:00
peoplespeak2024.calicotab.com:peoplespeak2024:25818,Law & Criminal Justice,keyword,1.0,2026-09-26T13:52:04.780788+00:00
peoplespeak2024.calicotab.com:peoplespeak2024:25819,,,,2026-09-26T13:52:04.780788+00:00
peoplespeak2024.calicotab.com:peoplespeak2024:25820,International Relations,keyword,1.0,2026-09-26T13:52:04.780788+00:00
peoplespeak2024.calicotab.com:peoplespeak2024:25821,International Relations,keyword,1.0,2026-09-26T13:52:04.780788+00:00
peoplespeak2024.calicotab.com:peoplespeak2024:25822,,,,2026-09-26T13:52:04.780788+00:00
peoplespeak2025.calicotab.com:peoplespeak2025:34487,,,,2026-09-26T13:52:04.780788+00:00
peoplespeak2025.calicotab.com:peoplespeak2025:34517,,,,2026-09-26T13:52:04.780788+00:00
peoplespeak2025.calicotab.com:peoplespeak2025:34556,Economics,keyword,1.0,2026-09-26T13:52:04.780788+00:00
peoplespeak2025.calicotab.com:peoplespeak2025:34576,,,,2026-09-26T13:52:04.780788+00:00
peoplespeak2025.calicotab.com:peoplespeak2025:34609,,,,2026-09-26T13:52:04.780788+00:00
rifaaqat.calicotab.com:_:66790,,,,2026-09-26T13:52:04.780788+00:00
rifaaqat.calicotab.com:_:66876,Education,keyword,1.0,2026-09-26T13:52:04.780788+00:00
rifaaqat.calicotab.com:_:66902,Religion,keyword,1.0,2026-09-26T13:52:04.780788+00:00
rifaaqat.calicotab.com:_:66924,,,,2026-09-26T13:52:04.780788+00:00
debatesymposium.calicotab.com:summerdebatesymposium2025:58988,,,,2026-09-26T13:52:04.780788+00:00
debatesymposium.calicotab.com:summerdebatesymposium2025:59014,Religion,keyword,1.0,2026-09-26T13:52:04.780788+00:00
debatesymposium.calicotab.com:summerdebatesymposium2025:59048,,,,2026-09-26T13:52:04.780788+00:00
debatesymposium.calicotab.com:summerdebatesymposium2025:59066,Economics,keyword,1.0,2026-09-26T13:52:04.780788+00:00
debatesymposium.calicotab.com:summerdebatesymposium2025:59098,Military & Security,model,0.624,2026-09-26T13:52:04.780788+00:00
debatesymposium.calicotab.com:winterdebatesymposium2025:49585,,,,2026-09-26T13:52:04.780788+00:00
debatesymposium.calicotab.com:winterdebatesymposium2025:49586,Law & Criminal Justice,keyword,1.0,2026-09-26T13:52:04.780788+00:00
debatesymposium.calicotab.com:winterdebatesymposium2025:49587,,,,2026-09-26T13:52:04.780788+00:00
debatesymposium.calicotab.com:winterdebatesymposium2025:49588,,,,2026-09-26T13:52:04.780788+00:00
debatesymposium.calicotab.com:wds2026:72464,Media & Culture,keyword,1.0,2026-09-26T13:52:04.780788+00:00
debatesymposium.calicotab.com:wds2026:72499,Economics,keyword,1.0,2026-09-26T13:52:04.780788+00:00
debatesymposium.calicotab.com:wds2026:72535,Gender & Feminism,keyword,1.0,2026-09-26T13:52:04.780788+00:00
debatesymposium.calicotab.com:wds2026:72648,,,,2026-09-26T13:52:04.780788+00:00
debatesymposium.calicotab.com:wds2026:72698,,,,2026-09-26T13:52:04.780788+00:00
dmd2020.calicotab.com:derozio2020:9084,,,,2026-09-26T13:52:04.780788+00:00
dmd2020.calicotab.com:derozio2020:9083,,,,2026-09-26T13:52:04.780788+00:00
dmd2020.calicotab.com:derozio2020:9085,Politics & Governance,keyword,1.0,2026-09-26T13:52:04.780788+00:00
dmd2020.calicotab.com:derozio2020:9086,,,,2026-09-26T13:52:04.780788+00:00
dmd2020.calicotab.com:derozio2020:9087,Politics & Governance,keyword,1.0,2026-09-26T13:52:04.780788+00:00
dmd2020.calicotab.com:derozio2020:9088,Education,keyword,1.0,2026-09-26T13:52:04.780788+00:00
dialectica.calicotab.com:dialecticabpd2025:54432,Economics,keyword,1.0,2026-09-26T13:52:04.780788+00:00
dialectica.calicotab.com:dialecticabpd2025:54455,,,,2026-09-26T13:52:04.780788+00:00
dialectica.calicotab.com:dialecticabpd2025:54499,Gender & Feminism,keyword,1.0,2026-09-26T13:52:04.780788+00:00
dialectica.calicotab.com:dialecticabpd2025:54556,Gender & Feminism,keyword,1.0,2026-09-26T13:52:04.780788+00:00
vaagyudh2024.calicotab.com:dialectica2024:40722,,,,2026-09-26T13:52:04.780788+00:00
vaagyudh2024.calicotab.com:dialectica2024:40723,,,,2026-09-26T13:52:04.780788+00:00
vaagyudh2024.calicotab.com:dialectica2024:40726,,,,2026-09-26T13:52:04.780788+00:00
vaagyudh2024.calicotab.com:dialectica2024:40727,Technology & Science,keyword,1.0,2026-09-26T13:52:04.780788+00:00
vaagyudh2024.calicotab.com:dialectica2024:40728,,,,2026-09-26T13:52:04.780788+00:00
dialectixproam2023.calicotab.com:proam22:29462,,,,2026-09-26T13:52:04.780788+00:00
dialectixproam2023.calicotab.com:proam22:29463,Politics & Governance,keyword,1.0,2026-09-26T13:52:04.780788+00:00
dialectixproam2023.calicotab.com:proam22:29466,Technology & Science,keyword,1.0,2026-09-26T13:52:04.780788+00:00
dialectixproam2023.calicotab.com:proam22:29464,,,,2026-09-26T13:52:04.780788+00:00
ddopw.calicotab.com:ddopw2025:69362,Law & Criminal Justice,keyword,1.0,2026-09-26T13:52:04.780788+00:00
ddopw.calicotab.com:ddopw2025:69378,Religion,keyword,1.0,2026-09-26T13:52:04.780788+00:00
ddopw.calicotab.com:ddopw2025:69391,Economics,keyword,1.0,2026-09-26T13:52:04.780788+00:00
ddopw.calicotab.com:ddopw2025:69416,Economics,keyword,1.0,2026-09-26T13:52:04.780788+00:00
ddopw.calicotab.com:ddopw2025:69453,,,,2026-09-26T13:52:04.780788+00:00
dilimandebateopen.calicotab.com:ddo2022:23301,Gender & Feminism,model,0.572,2026-09-26T13:52:04.780788+00:00
dilimandebateopen.calicotab.com:ddo2022:23302,,,,2026-09-26T13:52:04.780788+00:00
dilimandebateopen.calicotab.com:ddo2022:23303,Economics,keyword,1.0,2026-09-26T13:52:04.780788+00:00
dilimandebateopen.calicotab.com:ddo2022:23304,Gender & Feminism,keyword,1.0,2026-09-26T13:52:04.780788+00:00
dilimandebateopen.calicotab.com:ddo23:23310,Military & Security,model,0.354,2026-09-26T13:52:04.780788+00:00
dilimandebateopen.calicotab.com:ddo23:23311,Gender & Feminism,keyword,1.0,2026-09-26T13:52:04.780788+00:00
dilimandebateopen.calicotab.com:ddo23:23313,Economics,keyword,1.0,2026-09-26T13:52:04.780788+00:00
dilimandebateopen.calicotab.com:ddo23:23314,Law & Criminal Justice,keyword,1.0,2026-09-26T13:52:04.780788+00:00
dilimandebateopen.calicotab.com:ddo23:23315,,,,2026-09-26T13:52:04.780788+00:00
dilimanintervarsity.calicotab.com:2024:49051,,,,2026-09-26T13:52:04.780788+00:00
dilimanintervarsity.calicotab.com:2024:49052,,,,2026-09-26T13:52:04.780788+00:00
dilimanintervarsity.calicotab.com:2024:49053,,,,2026-09-26T13:52:04.780788+00:00
dilimanintervarsity.calicotab.com:2024:49054,Economics,keyword,1.0,2026-09-26T13:52:04.780788+00:00
dilimanintervarsity.calicotab.com:2024:49055,,,,2026-09-26T13:52:04.780788+00:00
dilimandebating.calicotab.com:dilimanpreabp23:32190,Economics,keyword,1.0,2026-09-26T13:52:04.780788+00:00
dilimandebating.calicotab.com:dilimanpreabp23:32181,International Relations,model,0.4,2026-09-26T13:52:04.780788+00:00
dilimandebating.calicotab.com:dilimanpreabp23:32182,,,,2026-09-26T13:52:04.780788+00:00
dilimandebating.calicotab.com:dilimanpreabp23:32183,Politics & Governance,keyword,1.0,2026-09-26T13:52:04.780788+00:00
dilimandebating.calicotab.com:dilimanpreabp23:32184,Gender & Feminism,keyword,1.0,2026-09-26T13:52:04.780788+00:00
dilimanpreabp25.calicotab.com:dilimanpreabp25:62319,Education,keyword,1.0,2026-09-26T13:52:04.780788+00:00
dilimanpreabp25.calicotab.com:dilimanpreabp25:62343,,,,2026-09-26T13:52:04.780788+00:00
dilimanpreabp25.calicotab.com:dilimanpreabp25:62367,Health,keyword,1.0,2026-09-26T13:52:04.780788+00:00
dilimanpreabp25.calicotab.com:dilimanpreabp25:62382,Politics & Governance,keyword,1.0,2026-09-26T13:52:04.780788+00:00
dilimanpreabp25.calicotab.com:dilimanpreabp25:62430,Education,keyword,1.0,2026-09-26T13:52:04.780788+00:00
dpwudc2025.calicotab.com:dpwudc2025:68161,,,,2026-09-26T13:52:04.780788+00:00
dpwudc2025.calicotab.com:dpwudc2025:68184,Religion,keyword,1.0,2026-09-26T13:52:04.780788+00:00
dpwudc2025.calicotab.com:dpwudc2025:68216,Economics,keyword,1.0,2026-09-26T13:52:04.780788+00:00
dpwudc2025.calicotab.com:dpwudc2025:68239,Education,keyword,1.0,2026-09-26T13:52:04.780788+00:00
dpwudc2025.calicotab.com:dpwudc2025:68322,,,,2026-09-26T13:52:04.780788+00:00
doxbridge-four.calicotab.com:doxbridge4:1588,Economics,keyword,1.0,2026-09-26T13:52:04.780788+00:00
doxbridge-four.calicotab.com:doxbridge4:1589,,,,2026-09-26T13:52:04.780788+00:00
doxbridge-four.calicotab.com:doxbridge4:1590,Economics,keyword,1.0,2026-09-26T13:52:04.780788+00:00
doxbridge-four.calicotab.com:doxbridge4:1591,Religion,keyword,1.0,2026-09-26T13:52:04.780788+00:00
doxbridge-four.calicotab.com:doxbridge4:1592,Economics,keyword,1.0,2026-09-26T13:52:04.780788+00:00
doxbridge-prewudc.calicotab.com:prewudc:1649,Media & Culture,keyword,1.0,2026-09-26T13:52:04.780788+00:00
doxbridge-prewudc.calicotab.com:prewudc:1650,Technology & Science,keyword,1.0,2026-09-26T13:52:04.780788+00:00
doxbridge-prewudc.calicotab.com:prewudc:1651,Religion,keyword,1.0,2026-09-26T13:52:04.780788+00:00
doxbridge-prewudc.calicotab.com:prewudc:1652,,,,2026-09-26T13:52:04.780788+00:00
doxbridge-prewudc.calicotab.com:prewudc:1653,Education,keyword,1.0,2026-09-26T13:52:04.780788+00:00
drexelopen2023.calicotab.com:_:31973,,,,2026-09-26T13:52:04.780788+00:00
drexelopen2023.calicotab.com:_:31974,Education,keyword,1.0,2026-09-26T13:52:04.780788+00:00
drexelopen2023.calicotab.com:_:31975,Politics & Governance,keyword,1.0,2026-09-26T13:52:04.780788+00:00
drexelopen2023.calicotab.com:_:31976,Politics & Governance,keyword,1.0,2026-09-26T13:52:04.780788+00:00
drexelopen2023.calicotab.com:_:31977,Politics & Governance,keyword,1.0,2026-09-26T13:52:04.780788+00:00
drexel2024.calicotab.com:drexel2024:43830,,,,2026-09-26T13:52:04.780788+00:00
drexel2024.calicotab.com:drexel2024:43831,Economics,keyword,1.0,2026-09-26T13:52:04.780788+00:00
drexel2024.calicotab.com:drexel2024:43832,Politics & Governance,keyword,1.0,2026-09-26T13:52:04.780788+00:00
drexel2024.calicotab.com:drexel2024:43833,Religion,keyword,1.0,2026-09-26T13:52:04.780788+00:00
drexel2024.calicotab.com:drexel2024:43834,,,,2026-09-26T13:52:04.780788+00:00
drexelopen2025.calicotab.com:drexel25:52371,Education,keyword,1.0,2026-09-26T13:52:04.780788+00:00
drexelopen2025.calicotab.com:drexel25:52401,,,,2026-09-26T13:52:04.780788+00:00
drexelopen2025.calicotab.com:drexel25:52424,,,,2026-09-26T13:52:04.780788+00:00
drexelopen2025.calicotab.com:drexel25:52439,,,,2026-09-26T13:52:04.780788+00:00
drexelopen2025.calicotab.com:drexel25:52564,,,,2026-09-26T13:52:04.780788+00:00
drexelopen2026.calicotab.com:_:80225,,,,2026-09-26T13:52:04.780788+00:00
drexelopen2026.calicotab.com:_:80232,Religion,keyword,1.0,2026-09-26T13:52:04.780788+00:00
drexelopen2026.calicotab.com:_:80244,Politics & Governance,keyword,1.0,2026-09-26T13:52:04.780788+00:00
drexelopen2026.calicotab.com:_:80251,,,,2026-09-26T13:52:04.780788+00:00
drexelopen2026.calicotab.com:_:80359,Economics,keyword,1.0,2026-09-26T13:52:04.780788+00:00
drexelprewudc2025.calicotab.com:_:62401,Law & Criminal Justice,keyword,1.0,2026-09-26T13:52:04.780788+00:00
drexelprewudc2025.calicotab.com:_:62409,,,,2026-09-26T13:52:04.780788+00:00
drexelprewudc2025.calicotab.com:_:62413,Religion,keyword,1.0,2026-09-26T13:52:04.780788+00:00
drexelprewudc2025.calicotab.com:_:62414,,,,2026-09-26T13:52:04.780788+00:00
drexelprewudc2025.calicotab.com:_:62491,Education,keyword,1.0,2026-09-26T13:52:04.780788+00:00
durhamiv2021.calicotab.com:iv:13044,,,,2026-09-26T13:52:04.780788+00:00
durhamiv2021.calicotab.com:iv:13045,,,,2026-09-26T13:52:04.780788+00:00
durhamiv2021.calicotab.com:iv:13046,Education,keyword,1.0,2026-09-26T13:52:04.780788+00:00
durhamiv2021.calicotab.com:iv:13047,,,,2026-09-26T13:52:04.780788+00:00
durhamiv2021.calicotab.com:iv:13048,Economics,keyword,1.0,2026-09-26T13:52:04.780788+00:00
durhamiv2022.calicotab.com:_:22653,,,,2026-09-26T13:52:04.780788+00:00
durhamiv2022.calicotab.com:_:22654,Health,keyword,1.0,2026-09-26T13:52:04.780788+00:00
durhamiv2022.calicotab.com:_:22655,Media & Culture,keyword,1.0,2026-09-26T13:52:04.780788+00:00
durhamiv2022.calicotab.com:_:22656,Politics & Governance,keyword,1.0,2026-09-26T13:52:04.780788+00:00
durhamiv2022.calicotab.com:_:22657,Military & Security,keyword,1.0,2026-09-26T13:52:04.780788+00:00
durhamiv2023.calicotab.com:durhamiv2023:36357,Religion,keyword,1.0,2026-09-26T13:52:04.780788+00:00
durhamiv2023.calicotab.com:durhamiv2023:36356,,,,2026-09-26T13:52:04.780788+00:00
durhamiv2023.calicotab.com:durhamiv2023:36358,Economics,keyword,1.0,2026-09-26T13:52:04.780788+00:00
durhamiv2023.calicotab.com:durhamiv2023:36359,,,,2026-09-26T13:52:04.780788+00:00
durhamiv2023.calicotab.com:durhamiv2023:36360,Education,keyword,1.0,2026-09-26T13:52:04.780788+00:00
durhamiv2024.calicotab.com:durhamiv2024:48649,,,,2026-09-26T13:52:04.780788+00:00
durhamiv2024.calicotab.com:durhamiv2024:48650,,,,2026-09-26T13:52:04.780788+00:00
durhamiv2024.calicotab.com:durhamiv2024:48651,,,,2026-09-26T13:52:04.780788+00:00
durhamiv2024.calicotab.com:durhamiv2024:48652,,,,2026-09-26T13:52:04.780788+00:00
durhamiv2024.calicotab.com:durhamiv2024:48653,,,,2026-09-26T13:52:04.780788+00:00
durhamiv2025.calicotab.com:durhamiv2025:68234,Media & Culture,keyword,1.0,2026-09-26T13:52:04.780788+00:00
durhamiv2025.calicotab.com:durhamiv2025:68251,Economics,keyword,1.0,2026-09-26T13:52:04.780788+00:00
durhamiv2025.calicotab.com:durhamiv2025:68283,Gender & Feminism,keyword,1.0,2026-09-26T13:52:04.780788+00:00
durhamiv2025.calicotab.com:durhamiv2025:68300,Politics & Governance,keyword,1.0,2026-09-26T13:52:04.780788+00:00
durhamiv2025.calicotab.com:durhamiv2025:68380,Economics,keyword,1.0,2026-09-26T13:52:04.780788+00:00
tabtastic.calicotab.com:eudcchallenge2021:5871,Media & Culture,keyword,1.0,2026-09-26T13:52:04.780788+00:00
tabtastic.calicotab.com:eudcchallenge2021:5872,Economics,keyword,1.0,2026-09-26T13:52:04.780788+00:00
tabtastic.calicotab.com:eudcchallenge2021:5873,Religion,keyword,1.0,2026-09-26T13:52:04.780788+00:00
earlsfortopen2021.calicotab.com:earlsfortopen2021:2296,Environment,keyword,1.0,2026-09-26T13:52:04.780788+00:00
earlsfortopen2021.calicotab.com:earlsfortopen2021:2297,,,,2026-09-26T13:52:04.780788+00:00
earlsfortopen2021.calicotab.com:earlsfortopen2021:2298,,,,2026-09-26T13:52:04.780788+00:00
earlsfortopen2021.calicotab.com:earlsfortopen2021:2299,Politics & Governance,keyword,1.0,2026-09-26T13:52:04.780788+00:00
earlsfort2023.calicotab.com:_:31409,Religion,keyword,1.0,2026-09-26T13:52:04.780788+00:00
earlsfort2023.calicotab.com:_:31410,,,,2026-09-26T13:52:04.780788+00:00
earlsfort2023.calicotab.com:_:31411,,,,2026-09-26T13:52:04.780788+00:00
earlsfort2023.calicotab.com:_:31412,,,,2026-09-26T13:52:04.780788+00:00
earlsfort2023.calicotab.com:_:31413,Economics,keyword,1.0,2026-09-26T13:52:04.780788+00:00
earlsfort2024.calicotab.com:earslfort2024:46795,Education,keyword,1.0,2026-09-26T13:52:04.780788+00:00
earlsfort2024.calicotab.com:earslfort2024:46796,,,,2026-09-26T13:52:04.780788+00:00
earlsfort2024.calicotab.com:earslfort2024:46797,Education,keyword,1.0,2026-09-26T13:52:04.780788+00:00
earlsfort2024.calicotab.com:earslfort2024:46798,,,,2026-09-26T13:52:04.780788+00:00
earlsfort2024.calicotab.com:earslfort2024:46799,Law & Criminal Justice,keyword,1.0,2026-09-26T13:52:04.780788+00:00
earlsfortopen2025.calicotab.com:earlsfortopen2025:66016,,,,2026-09-26T13:52:04.780788+00:00
earlsfortopen2025.calicotab.com:earlsfortopen2025:66045,Technology & Science,keyword,1.0,2026-09-26T13:52:04.780788+00:00
earlsfortopen2025.calicotab.com:earlsfortopen2025:66089,Economics,keyword,1.0,2026-09-26T13:52:04.780788+00:00
earlsfortopen2025.calicotab.com:earlsfortopen2025:66111,Politics & Governance,keyword,1.0,2026-09-26T13:52:04.780788+00:00
earlsfortopen2025.calicotab.com:earlsfortopen2025:66192,,,,2026-09-26T13:52:04.780788+00:00
pratijjav19.calicotab.com:EastIndiaPre-Worlds:68171,,,,2026-09-26T13:52:04.780788+00:00
pratijjav19.calicotab.com:EastIndiaPre-Worlds:68172,Technology & Science,keyword,1.0,2026-09-26T13:52:04.780788+00:00
pratijjav19.calicotab.com:EastIndiaPre-Worlds:68173,Religion,keyword,1.0,2026-09-26T13:52:04.780788+00:00
pratijjav19.calicotab.com:EastIndiaPre-Worlds:68174,,,,2026-09-26T13:52:04.780788+00:00
pratijjav19.calicotab.com:EastIndiaPre-Worlds:68175,Economics,keyword,1.0,2026-09-26T13:52:04.780788+00:00
muhib.calicotab.com:EMO:36805,,,,2026-09-26T13:52:04.780788+00:00
muhib.calicotab.com:EMO:36806,,,,2026-09-26T13:52:04.780788+00:00
muhib.calicotab.com:EMO:36807,,,,2026-09-26T13:52:04.780788+00:00
muhib.calicotab.com:EMO:36808,Military & Security,keyword,1.0,2026-09-26T13:52:04.780788+00:00
edcup23.calicotab.com:edcup23:34330,,,,2026-09-26T13:52:04.780788+00:00
edcup23.calicotab.com:edcup23:34331,,,,2026-09-26T13:52:04.780788+00:00
edcup23.calicotab.com:edcup23:34332,Politics & Governance,keyword,1.0,2026-09-26T13:52:04.780788+00:00
edcup23.calicotab.com:edcup23:34333,Education,keyword,1.0,2026-09-26T13:52:04.780788+00:00
edcup23.calicotab.com:edcup23:34334,,,,2026-09-26T13:52:04.780788+00:00
edicup2024.calicotab.com:EdCup2024:46549,,,,2026-09-26T13:52:04.780788+00:00
edicup2024.calicotab.com:EdCup2024:46550,,,,2026-09-26T13:52:04.780788+00:00
edicup2024.calicotab.com:EdCup2024:46551,,,,2026-09-26T13:52:04.780788+00:00
edicup2024.calicotab.com:EdCup2024:46552,,,,2026-09-26T13:52:04.780788+00:00
edicup2024.calicotab.com:EdCup2024:46553,Economics,keyword,1.0,2026-09-26T13:52:04.780788+00:00
edcup25.calicotab.com:_:65187,Media & Culture,keyword,1.0,2026-09-26T13:52:04.780788+00:00
edcup25.calicotab.com:_:65214,Law & Criminal Justice,keyword,1.0,2026-09-26T13:52:04.780788+00:00
edcup25.calicotab.com:_:65234,,,,2026-09-26T13:52:04.780788+00:00
edcup25.calicotab.com:_:65252,Religion,keyword,1.0,2026-09-26T13:52:04.780788+00:00
edcup25.calicotab.com:_:65386,,,,2026-09-26T13:52:04.780788+00:00
ednn.calicotab.com:EdNN:41223,,,,2026-09-26T13:52:04.780788+00:00
ednn.calicotab.com:EdNN:41224,Economics,keyword,1.0,2026-09-26T13:52:04.780788+00:00
ednn.calicotab.com:EdNN:41225,Gender & Feminism,keyword,1.0,2026-09-26T13:52:04.780788+00:00
edidebates.calicotab.com:edopen23:27991,,,,2026-09-26T13:52:04.780788+00:00
edidebates.calicotab.com:edopen23:27992,Education,keyword,1.0,2026-09-26T13:52:04.780788+00:00
edidebates.calicotab.com:edopen23:27993,Gender & Feminism,keyword,1.0,2026-09-26T13:52:04.780788+00:00
edidebates.calicotab.com:edopen23:27994,Law & Criminal Justice,keyword,1.0,2026-09-26T13:52:04.780788+00:00
edidebates.calicotab.com:edopen23:27995,,,,2026-09-26T13:52:04.780788+00:00
eindhovenopen2025.calicotab.com:EindhovenOpen2025:52838,Politics & Governance,keyword,1.0,2026-09-26T13:52:04.780788+00:00
eindhovenopen2025.calicotab.com:EindhovenOpen2025:52884,Economics,keyword,1.0,2026-09-26T13:52:04.780788+00:00
eindhovenopen2025.calicotab.com:EindhovenOpen2025:52903,,,,2026-09-26T13:52:04.780788+00:00
eindhovenopen2025.calicotab.com:EindhovenOpen2025:52918,Gender & Feminism,keyword,1.0,2026-09-26T13:52:04.780788+00:00
eindhovenopen2025.calicotab.com:EindhovenOpen2025:52995,Gender & Feminism,keyword,1.0,2026-09-26T13:52:04.780788+00:00
summerwars2022.calicotab.com:EVC2024:21982,Politics & Governance,keyword,1.0,2026-09-26T13:52:04.780788+00:00
summerwars2022.calicotab.com:EVC2024:21983,Politics & Governance,keyword,1.0,2026-09-26T13:52:04.780788+00:00
summerwars2022.calicotab.com:EVC2024:21984,,,,2026-09-26T13:52:04.780788+00:00
summerwars2022.calicotab.com:EVC2024:21985,International Relations,keyword,1.0,2026-09-26T13:52:04.780788+00:00
summerwars2022.calicotab.com:EVC2024:21986,,,,2026-09-26T13:52:04.780788+00:00
inspired.calicotab.com:empire2026:70314,International Relations,model,0.565,2026-09-26T13:52:04.780788+00:00
inspired.calicotab.com:empire2026:70385,,,,2026-09-26T13:52:04.780788+00:00
inspired.calicotab.com:empire2026:70410,Economics,keyword,1.0,2026-09-26T13:52:04.780788+00:00
inspired.calicotab.com:empire2026:70435,Law & Criminal Justice,keyword,1.0,2026-09-26T13:52:04.780788+00:00
inspired.calicotab.com:empire2026:70443,,,,2026-09-26T13:52:04.780788+00:00
inspired.calicotab.com:empire2026:70460,Economics,keyword,1.0,2026-09-26T13:52:04.780788+00:00
inspired.calicotab.com:empire2026:70559,,,,2026-09-26T13:52:04.780788+00:00
enbp2024.calicotab.com:enbp2024:45360,Technology & Science,keyword,1.0,2026-09-26T13:52:04.780788+00:00
enbp2024.calicotab.com:enbp2024:45361,Health,keyword,1.0,2026-09-26T13:52:04.780788+00:00
enbp2024.calicotab.com:enbp2024:45362,Politics & Governance,keyword,1.0,2026-09-26T13:52:04.780788+00:00
enbp2024.calicotab.com:enbp2024:45363,,,,2026-09-26T13:52:04.780788+00:00
ero2023.calicotab.com:_:29432,,,,2026-09-26T13:52:04.780788+00:00
ero2023.calicotab.com:_:29433,Law & Criminal Justice,keyword,1.0,2026-09-26T13:52:04.780788+00:00
ero2023.calicotab.com:_:29434,Technology & Science,keyword,1.0,2026-09-26T13:52:04.780788+00:00
ero2023.calicotab.com:_:29435,,,,2026-09-26T13:52:04.780788+00:00
ero2023.calicotab.com:_:29436,Economics,keyword,1.0,2026-09-26T13:52:04.780788+00:00
ero2024.calicotab.com:ERO2024:43512,Economics,keyword,1.0,2026-09-26T13:52:04.780788+00:00
ero2024.calicotab.com:ERO2024:43513,Politics & Governance,keyword,1.0,2026-09-26T13:52:04.780788+00:00
ero2024.calicotab.com:ERO2024:43514,,,,2026-09-26T13:52:04.780788+00:00
ero2024.calicotab.com:ERO2024:43515,Media & Culture,keyword,1.0,2026-09-26T13:52:04.780788+00:00
ero2024.calicotab.com:ERO2024:43516,Technology & Science,keyword,1.0,2026-09-26T13:52:04.780788+00:00
dialectica.calicotab.com:Eristic2024:47805,,,,2026-09-26T13:52:04.780788+00:00
dialectica.calicotab.com:Eristic2024:47806,Health,keyword,1.0,2026-09-26T13:52:04.780788+00:00
dialectica.calicotab.com:Eristic2024:47807,Technology & Science,keyword,1.0,2026-09-26T13:52:04.780788+00:00
dialectica.calicotab.com:Eristic2024:47808,,,,2026-09-26T13:52:04.780788+00:00
dialectica.calicotab.com:Eristic2024:47809,Gender & Feminism,keyword,1.0,2026-09-26T13:52:04.780788+00:00
europeanroundrobin26.calicotab.com:err26:80544,Military & Security,keyword,1.0,2026-09-26T13:52:04.780788+00:00
europeanroundrobin26.calicotab.com:err26:80556,,,,2026-09-26T13:52:04.780788+00:00
europeanroundrobin26.calicotab.com:err26:80569,,,,2026-09-26T13:52:04.780788+00:00
europeanroundrobin26.calicotab.com:err26:80577,Economics,keyword,1.0,2026-09-26T13:52:04.780788+00:00
europeanroundrobin26.calicotab.com:err26:80644,,,,2026-09-26T13:52:04.780788+00:00
exeteropen2024.calicotab.com:exeteropen2024:40551,Gender & Feminism,keyword,1.0,2026-09-26T13:52:04.780788+00:00
exeteropen2024.calicotab.com:exeteropen2024:40552,Economics,keyword,1.0,2026-09-26T13:52:04.780788+00:00
exeteropen2024.calicotab.com:exeteropen2024:40553,,,,2026-09-26T13:52:04.780788+00:00
exeteropen2024.calicotab.com:exeteropen2024:40554,,,,2026-09-26T13:52:04.780788+00:00
exeteropen2025.calicotab.com:exeteropen2025:55275,Media & Culture,keyword,1.0,2026-09-26T13:52:04.780788+00:00
exeteropen2025.calicotab.com:exeteropen2025:55276,Economics,keyword,1.0,2026-09-26T13:52:04.780788+00:00
exeteropen2025.calicotab.com:exeteropen2025:55277,,,,2026-09-26T13:52:04.780788+00:00
exeteropen2025.calicotab.com:exeteropen2025:55278,International Relations,keyword,1.0,2026-09-26T13:52:04.780788+00:00
exeteropen2026.calicotab.com:exeter2026:75250,Religion,keyword,1.0,2026-09-26T13:52:04.780788+00:00
exeteropen2026.calicotab.com:exeter2026:75271,Economics,keyword,1.0,2026-09-26T13:52:04.780788+00:00
exeteropen2026.calicotab.com:exeter2026:75279,,,,2026-09-26T13:52:04.780788+00:00
exeteropen2026.calicotab.com:exeter2026:75280,Gender & Feminism,keyword,1.0,2026-09-26T13:52:04.780788+00:00
bigboi.calicotab.com:fhdoxbbo-bp:16013,Environment,keyword,1.0,2026-09-26T13:52:04.780788+00:00
bigboi.calicotab.com:fhdoxbbo-bp:16014,Media & Culture,model,0.42,2026-09-26T13:52:04.780788+00:00
bigboi.calicotab.com:fhdoxbbo-bp:16015,Law & Criminal Justice,keyword,1.0,2026-09-26T13:52:04.780788+00:00
bigboi.calicotab.com:fhdoxbbo-bp:16016,Education,keyword,1.0,2026-09-26T13:52:04.780788+00:00
bigboi.calicotab.com:fhdoxbbo-bp:16017,Education,keyword,1.0,2026-09-26T13:52:04.780788+00:00
fastiv25.calicotab.com:fastivkhi25:54431,,,,2026-09-26T13:52:04.780788+00:00
fastiv25.calicotab.com:fastivkhi25:54462,Health,keyword,1.0,2026-09-26T13:52:04.780788+00:00
fastiv25.calicotab.com:fastivkhi25:54492,Law & Criminal Justice,keyword,1.0,2026-09-26T13:52:04.780788+00:00
fastiv25.calicotab.com:fastivkhi25:54510,Military & Security,keyword,1.0,2026-09-26T13:52:04.780788+00:00
guindon2024.calicotab.com:guindon2024:38353,Social Policy & Welfare,keyword,1.0,2026-09-26T13:52:04.780788+00:00
guindon2024.calicotab.com:guindon2024:38354,Technology & Science,keyword,1.0,2026-09-26T13:52:04.780788+00:00
guindon2024.calicotab.com:guindon2024:38355,Politics & Governance,keyword,1.0,2026-09-26T13:52:04.780788+00:00
guindon2024.calicotab.com:guindon2024:38356,,,,2026-09-26T13:52:04.780788+00:00
guindon2024.calicotab.com:guindon2024:38357,Politics & Governance,keyword,1.0,2026-09-26T13:52:04.780788+00:00
inspired.calicotab.com:ADSL25:60302,Military & Security,keyword,1.0,2026-09-26T13:52:04.780788+00:00
inspired.calicotab.com:ADSL25:60734,Politics & Governance,keyword,1.0,2026-09-26T13:52:04.780788+00:00
inspired.calicotab.com:ADSL25:60736,,,,2026-09-26T13:52:04.780788+00:00
inspired.calicotab.com:ADSL25:60988,,,,2026-09-26T13:52:04.780788+00:00
inspired.calicotab.com:ADSL25:61126,Economics,keyword,1.0,2026-09-26T13:52:04.780788+00:00
inspired.calicotab.com:ADSL25:61127,,,,2026-09-26T13:52:04.780788+00:00
inspired.calicotab.com:ADSL25:61833,Technology & Science,keyword,1.0,2026-09-26T13:52:04.780788+00:00
inspired.calicotab.com:ADSL25:61837,,,,2026-09-26T13:52:04.780788+00:00
inspired.calicotab.com:ADSL25:62116,Gender & Feminism,keyword,1.0,2026-09-26T13:52:04.780788+00:00
inspired.calicotab.com:ADSL25:62306,Economics,keyword,1.0,2026-09-26T13:52:04.780788+00:00
inspired.calicotab.com:ADSL25:62308,,,,2026-09-26T13:52:04.780788+00:00
inspired.calicotab.com:ADSL25:62759,Politics & Governance,keyword,1.0,2026-09-26T13:52:04.780788+00:00
inspired.calicotab.com:ADSL25:62763,,,,2026-09-26T13:52:04.780788+00:00
inspired.calicotab.com:ADSL25:63786,,,,2026-09-26T13:52:04.780788+00:00
inspired.calicotab.com:ADSL25:64220,Politics & Governance,keyword,1.0,2026-09-26T13:52:04.780788+00:00
inspired.calicotab.com:ADSL25:64221,,,,2026-09-26T13:52:04.780788+00:00
inspired.calicotab.com:ADSL25:64582,,,,2026-09-26T13:52:04.780788+00:00
inspired.calicotab.com:ADSL25:64683,Technology & Science,keyword,1.0,2026-09-26T13:52:04.780788+00:00
inspired.calicotab.com:ADSL25:64685,Education,keyword,1.0,2026-09-26T13:52:04.780788+00:00
inspired.calicotab.com:ADSL25:65069,,,,2026-09-26T13:52:04.780788+00:00
inspired.calicotab.com:ADSL25:65071,Law & Criminal Justice,keyword,1.0,2026-09-26T13:52:04.780788+00:00
inspired.calicotab.com:ADSL25:65411,,,,2026-09-26T13:52:04.780788+00:00
inspired.calicotab.com:ADSL25:65572,,,,2026-09-26T13:52:04.780788+00:00
inspired.calicotab.com:ADSL25:65573,,,,2026-09-26T13:52:04.780788+00:00
inspired.calicotab.com:ADSL25:65965,Technology & Science,keyword,1.0,2026-09-26T13:52:04.780788+00:00
inspired.calicotab.com:ADSL25:65967,,,,2026-09-26T13:52:04.780788+00:00
gikiiv2026.calicotab.com:gikiiv26:84266,Health,keyword,1.0,2026-09-26T13:52:04.780788+00:00
gikiiv2026.calicotab.com:gikiiv26:84310,Economics,keyword,1.0,2026-09-26T13:52:04.780788+00:00
gikiiv2026.calicotab.com:gikiiv26:84526,Politics & Governance,keyword,1.0,2026-09-26T13:52:04.780788+00:00
gikiiv2026.calicotab.com:gikiiv26:84528,,,,2026-09-26T13:52:04.780788+00:00
gikiiv2026.calicotab.com:gikiiv26:84429,Environment,keyword,1.0,2026-09-26T13:52:04.780788+00:00
gik.calicotab.com:pre-wudc-2025:63175,Health,keyword,1.0,2026-09-26T13:52:04.780788+00:00
gik.calicotab.com:pre-wudc-2025:63194,Politics & Governance,keyword,1.0,2026-09-26T13:52:04.780788+00:00
gik.calicotab.com:pre-wudc-2025:63210,,,,2026-09-26T13:52:04.780788+00:00
gik.calicotab.com:pre-wudc-2025:63240,Gender & Feminism,keyword,1.0,2026-09-26T13:52:04.780788+00:00
gik.calicotab.com:pre-wudc-2025:63294,,,,2026-09-26T13:52:04.780788+00:00
theglcdebate.calicotab.com:theglcdebate2023:17355,,,,2026-09-26T13:52:04.780788+00:00
theglcdebate.calicotab.com:theglcdebate2023:17356,,,,2026-09-26T13:52:04.780788+00:00
theglcdebate.calicotab.com:theglcdebate2023:17357,,,,2026-09-26T13:52:04.780788+00:00
theglcdebate.calicotab.com:theglcdebate2023:17358,International Relations,keyword,1.0,2026-09-26T13:52:04.780788+00:00
theglcdebate.calicotab.com:theglcdebate2023:17359,Economics,keyword,1.0,2026-09-26T13:52:04.780788+00:00
theglcdebate.calicotab.com:theglcdebate2024:17363,,,,2026-09-26T13:52:04.780788+00:00
theglcdebate.calicotab.com:theglcdebate2024:17364,,,,2026-09-26T13:52:04.780788+00:00
theglcdebate.calicotab.com:theglcdebate2024:17365,Politics & Governance,keyword,1.0,2026-09-26T13:52:04.780788+00:00
theglcdebate.calicotab.com:theglcdebate2024:17366,,,,2026-09-26T13:52:04.780788+00:00
theglcdebate.calicotab.com:theglcdebate2024:17367,Military & Security,keyword,1.0,2026-09-26T13:52:04.780788+00:00
theglcdebate.calicotab.com:theglcdebate2025:52172,,,,2026-09-26T13:52:04.780788+00:00
theglcdebate.calicotab.com:theglcdebate2025:52192,,,,2026-09-26T13:52:04.780788+00:00
theglcdebate.calicotab.com:theglcdebate2025:52208,Gender & Feminism,keyword,1.0,2026-09-26T13:52:04.780788+00:00
theglcdebate.calicotab.com:theglcdebate2025:52218,International Relations,keyword,1.0,2026-09-26T13:52:04.780788+00:00
theglcdebate.calicotab.com:theglcdebate2025:52270,,,,2026-09-26T13:52:04.780788+00:00
theglcdebate.calicotab.com:theglcdebate2026:76237,International Relations,keyword,1.0,2026-09-26T13:52:04.780788+00:00
theglcdebate.calicotab.com:theglcdebate2026:76244,,,,2026-09-26T13:52:04.780788+00:00
theglcdebate.calicotab.com:theglcdebate2026:76265,International Relations,keyword,1.0,2026-09-26T13:52:04.780788+00:00
theglcdebate.calicotab.com:theglcdebate2026:76266,Politics & Governance,keyword,1.0,2026-09-26T13:52:04.780788+00:00
theglcdebate.calicotab.com:theglcdebate2026:76318,,,,2026-09-26T13:52:04.780788+00:00
gareebpreabp.calicotab.com:gareebpreabp2026:81581,,,,2026-09-26T13:52:04.780788+00:00
gareebpreabp.calicotab.com:gareebpreabp2026:81604,Law & Criminal Justice,keyword,1.0,2026-09-26T13:52:04.780788+00:00
gareebpreabp.calicotab.com:gareebpreabp2026:81623,Economics,keyword,1.0,2026-09-26T13:52:04.780788+00:00
gareebpreabp.calicotab.com:gareebpreabp2026:81643,Gender & Feminism,keyword,1.0,2026-09-26T13:52:04.780788+00:00
gareebpreabp.calicotab.com:gareebpreabp2026:81715,Economics,keyword,1.0,2026-09-26T13:52:04.780788+00:00
gndc2025.calicotab.com:gndc25:63749,,,,2026-09-26T13:52:04.780788+00:00
gndc2025.calicotab.com:gndc25:63792,,,,2026-09-26T13:52:04.780788+00:00
gndc2025.calicotab.com:gndc25:63880,Education,keyword,1.0,2026-09-26T13:52:04.780788+00:00
gndc2025.calicotab.com:gndc25:63908,Education,keyword,1.0,2026-09-26T13:52:04.780788+00:00
gndc2025.calicotab.com:gndc25:63919,,,,2026-09-26T13:52:04.780788+00:00
gndc2025.calicotab.com:gndc25:63920,Education,keyword,1.0,2026-09-26T13:52:04.780788+00:00
gndc2025.calicotab.com:gndc25:63922,Media & Culture,model,0.573,2026-09-26T13:52:04.780788+00:00
glasgowancients2022.calicotab.com:2022:2716,Education,keyword,1.0,2026-09-26T13:52:04.780788+00:00
glasgowancients2022.calicotab.com:2022:2717,,,,2026-09-26T13:52:04.780788+00:00
glasgowancients2022.calicotab.com:2022:2718,Economics,keyword,1.0,2026-09-26T13:52:04.780788+00:00
glasgowancients2022.calicotab.com:2022:2719,International Relations,keyword,1.0,2026-09-26T13:52:04.780788+00:00
glasgowancients2022.calicotab.com:2022:2720,,,,2026-09-26T13:52:04.780788+00:00
guu2023.calicotab.com:ancients2023:28565,Gender & Feminism,keyword,1.0,2026-09-26T13:52:04.780788+00:00
guu2023.calicotab.com:ancients2023:28566,,,,2026-09-26T13:52:04.780788+00:00
guu2023.calicotab.com:ancients2023:28567,,,,2026-09-26T13:52:04.780788+00:00
guu2023.calicotab.com:ancients2023:28568,Economics,keyword,1.0,2026-09-26T13:52:04.780788+00:00
guu2023.calicotab.com:ancients2023:28569,Health,keyword,1.0,2026-09-26T13:52:04.780788+00:00
glasgowancients24.calicotab.com:_:41796,Economics,keyword,1.0,2026-09-26T13:52:04.780788+00:00
glasgowancients24.calicotab.com:_:41797,,,,2026-09-26T13:52:04.780788+00:00
glasgowancients24.calicotab.com:_:41798,Media & Culture,keyword,1.0,2026-09-26T13:52:04.780788+00:00
glasgowancients24.calicotab.com:_:41799,Religion,keyword,1.0,2026-09-26T13:52:04.780788+00:00
glasgowancients24.calicotab.com:_:41800,,,,2026-09-26T13:52:04.780788+00:00
glasgowancients2025.calicotab.com:glasgowancients2025:53803,Politics & Governance,keyword,1.0,2026-09-26T13:52:04.780788+00:00
glasgowancients2025.calicotab.com:glasgowancients2025:53811,,,,2026-09-26T13:52:04.780788+00:00
glasgowancients2025.calicotab.com:glasgowancients2025:53928,Politics & Governance,keyword,1.0,2026-09-26T13:52:04.780788+00:00
glasgowancients2025.calicotab.com:glasgowancients2025:53959,Gender & Feminism,keyword,1.0,2026-09-26T13:52:04.780788+00:00
glasgowancients2025.calicotab.com:glasgowancients2025:53987,Economics,keyword,1.0,2026-09-26T13:52:04.780788+00:00
glasgowancients2026.calicotab.com:glasgowancients2026:76768,,,,2026-09-26T13:52:04.780788+00:00
glasgowancients2026.calicotab.com:glasgowancients2026:76786,International Relations,keyword,1.0,2026-09-26T13:52:04.780788+00:00
glasgowancients2026.calicotab.com:glasgowancients2026:76921,,,,2026-09-26T13:52:04.780788+00:00
glasgowancients2026.calicotab.com:glasgowancients2026:76957,Politics & Governance,keyword,1.0,2026-09-26T13:52:04.780788+00:00
glasgowancients2026.calicotab.com:glasgowancients2026:76982,Religion,keyword,1.0,2026-09-26T13:52:04.780788+00:00
eudc2024.calicotab.com:_:44812,,,,2026-09-26T13:52:04.780788+00:00
eudc2024.calicotab.com:_:44814,,,,2026-09-26T13:52:04.780788+00:00
eudc2024.calicotab.com:_:44820,,,,2026-09-26T13:52:04.780788+00:00
eudc2024.calicotab.com:_:44821,,,,2026-09-26T13:52:04.780788+00:00
eudc2024.calicotab.com:_:44813,,,,2026-09-26T13:52:04.780788+00:00
eudc2024.calicotab.com:_:44815,,,,2026-09-26T13:52:04.780788+00:00
eudc2024.calicotab.com:_:44822,Economics,keyword,1.0,2026-09-26T13:52:04.780788+00:00
eudc2024.calicotab.com:_:44816,Politics & Governance,keyword,1.0,2026-09-26T13:52:04.780788+00:00
eudc2024.calicotab.com:_:44817,,,,2026-09-26T13:52:04.780788+00:00
summercup2022.calicotab.com:_:17398,Politics & Governance,keyword,1.0,2026-09-26T13:52:04.780788+00:00
summercup2022.calicotab.com:_:17399,,,,2026-09-26T13:52:04.780788+00:00
summercup2022.calicotab.com:_:17400,Gender & Feminism,keyword,1.0,2026-09-26T13:52:04.780788+00:00
summercup2022.calicotab.com:_:17401,,,,2026-09-26T13:52:04.780788+00:00
summercup2022.calicotab.com:_:17402,,,,2026-09-26T13:52:04.780788+00:00
glasgowsummer2023.calicotab.com:_:31304,,,,2026-09-26T13:52:04.780788+00:00
glasgowsummer2023.calicotab.com:_:31305,Law & Criminal Justice,keyword,1.0,2026-09-26T13:52:04.780788+00:00
glasgowsummer2023.calicotab.com:_:31306,Economics,keyword,1.0,2026-09-26T13:52:04.780788+00:00
glasgowsummer2023.calicotab.com:_:31307,,,,2026-09-26T13:52:04.780788+00:00
glasgowsummer2023.calicotab.com:_:31308,,,,2026-09-26T13:52:04.780788+00:00
glasgowsummer2024.calicotab.com:_:44525,Media & Culture,keyword,1.0,2026-09-26T13:52:04.780788+00:00
glasgowsummer2024.calicotab.com:_:44526,,,,2026-09-26T13:52:04.780788+00:00
glasgowsummer2024.calicotab.com:_:44527,,,,2026-09-26T13:52:04.780788+00:00
glasgowsummer2024.calicotab.com:_:44528,Media & Culture,keyword,1.0,2026-09-26T13:52:04.780788+00:00
glasgowsummer2024.calicotab.com:_:44529,Economics,keyword,1.0,2026-09-26T13:52:04.780788+00:00
glasgowsummercup2025.calicotab.com:glasgowsummercup2025:60349,Technology & Science,keyword,1.0,2026-09-26T13:52:04.780788+00:00
glasgowsummercup2025.calicotab.com:glasgowsummercup2025:60361,,,,2026-09-26T13:52:04.780788+00:00
glasgowsummercup2025.calicotab.com:glasgowsummercup2025:60375,,,,2026-09-26T13:52:04.780788+00:00
glasgowsummercup2025.calicotab.com:glasgowsummercup2025:60390,,,,2026-09-26T13:52:04.780788+00:00
glasgowsummercup2025.calicotab.com:glasgowsummercup2025:60454,,,,2026-09-26T13:52:04.780788+00:00
glasgowsummercup2026.calicotab.com:glasgowsummercup2026:80538,,,,2026-09-26T13:52:04.780788+00:00
glasgowsummercup2026.calicotab.com:glasgowsummercup2026:80551,Politics & Governance,keyword,1.0,2026-09-26T13:52:04.780788+00:00
glasgowsummercup2026.calicotab.com:glasgowsummercup2026:80564,Education,keyword,1.0,2026-09-26T13:52:04.780788+00:00
glasgowsummercup2026.calicotab.com:glasgowsummercup2026:80572,Gender & Feminism,keyword,1.0,2026-09-26T13:52:04.780788+00:00
glasgowsummercup2026.calicotab.com:glasgowsummercup2026:80646,,,,2026-09-26T13:52:04.780788+00:00
mace.calicotab.com:globaleslrr2021:10535,,,,2026-09-26T13:52:04.780788+00:00
mace.calicotab.com:globaleslrr2021:10532,Gender & Feminism,keyword,1.0,2026-09-26T13:52:04.780788+00:00
mace.calicotab.com:globaleslrr2021:10533,Law & Criminal Justice,keyword,1.0,2026-09-26T13:52:04.780788+00:00
mace.calicotab.com:globaleslrr2021:10534,,,,2026-09-26T13:52:04.780788+00:00
mace.calicotab.com:globaleslrr2021:10531,,,,2026-09-26T13:52:04.780788+00:00
gdc2023.calicotab.com:gdc2023:25438,,,,2026-09-26T13:52:04.780788+00:00
gdc2023.calicotab.com:gdc2023:25439,,,,2026-09-26T13:52:04.780788+00:00
gdc2023.calicotab.com:gdc2023:25440,Law & Criminal Justice,keyword,1.0,2026-09-26T13:52:04.780788+00:00
gdc2023.calicotab.com:gdc2023:25441,,,,2026-09-26T13:52:04.780788+00:00
gdc2023.calicotab.com:gdc2023:25442,,,,2026-09-26T13:52:04.780788+00:00
edudrift.calicotab.com:neadc2023:7257,Education,keyword,1.0,2026-09-26T13:52:04.780788+00:00
edudrift.calicotab.com:neadc2023:7261,,,,2026-09-26T13:52:04.780788+00:00
edudrift.calicotab.com:neadc2023:7262,Gender & Feminism,keyword,1.0,2026-09-26T13:52:04.780788+00:00
edudrift.calicotab.com:neadc2023:7259,International Relations,keyword,1.0,2026-09-26T13:52:04.780788+00:00
edudrift.calicotab.com:neadc2023:7260,Technology & Science,keyword,1.0,2026-09-26T13:52:04.780788+00:00
edudrift.calicotab.com:neadc2023:7255,Health,keyword,1.0,2026-09-26T13:52:04.780788+00:00
gurgaon2026.calicotab.com:gurgaon26:73387,Politics & Governance,keyword,1.0,2026-09-26T13:52:04.780788+00:00
gurgaon2026.calicotab.com:gurgaon26:73422,,,,2026-09-26T13:52:04.780788+00:00
gurgaon2026.calicotab.com:gurgaon26:73468,,,,2026-09-26T13:52:04.780788+00:00
gurgaon2026.calicotab.com:gurgaon26:73486,,,,2026-09-26T13:52:04.780788+00:00
gurgaon2026.calicotab.com:gurgaon26:73597,,,,2026-09-26T13:52:04.780788+00:00
hwsrr2024.calicotab.com:hwsrr2024:41512,Military & Security,keyword,1.0,2026-09-26T13:52:04.780788+00:00
hwsrr2024.calicotab.com:hwsrr2024:41513,,,,2026-09-26T13:52:04.780788+00:00
hwsrr2024.calicotab.com:hwsrr2024:41514,,,,2026-09-26T13:52:04.780788+00:00
hwsrr2024.calicotab.com:hwsrr2024:41515,Environment,keyword,1.0,2026-09-26T13:52:04.780788+00:00
hwsrr2024.calicotab.com:hwsrr2024:41516,Gender & Feminism,keyword,1.0,2026-09-26T13:52:04.780788+00:00
hwsrr2024.calicotab.com:hwsrr2024:41517,,,,2026-09-26T13:52:04.780788+00:00
hwsrr2024.calicotab.com:hwsrr2024:41518,Politics & Governance,keyword,1.0,2026-09-26T13:52:04.780788+00:00
hwsrr2024.calicotab.com:hwsrr2024:41519,,,,2026-09-26T13:52:04.780788+00:00
hwsrr2024.calicotab.com:hwsrr2024:41520,International Relations,keyword,1.0,2026-09-26T13:52:04.780788+00:00
hwsrr2025.calicotab.com:_:53389,Media & Culture,keyword,1.0,2026-09-26T13:52:04.780788+00:00
hwsrr2025.calicotab.com:_:53399,,,,2026-09-26T13:52:04.780788+00:00
hwsrr2025.calicotab.com:_:53436,Social Policy & Welfare,keyword,1.0,2026-09-26T13:52:04.780788+00:00
hwsrr2025.calicotab.com:_:53609,,,,2026-09-26T13:52:04.780788+00:00
hwsrr2025.calicotab.com:_:53623,Politics & Governance,keyword,1.0,2026-09-26T13:52:04.780788+00:00
habibpreworlds2022.calicotab.com:habibpreworlds2022:18025,,,,2026-09-26T13:52:04.780788+00:00
habibpreworlds2022.calicotab.com:habibpreworlds2022:18026,Environment,keyword,1.0,2026-09-26T13:52:04.780788+00:00
habibpreworlds2022.calicotab.com:habibpreworlds2022:18027,Education,keyword,1.0,2026-09-26T13:52:04.780788+00:00
habibpreworlds2022.calicotab.com:habibpreworlds2022:18028,,,,2026-09-26T13:52:04.780788+00:00
habibpreworlds2022.calicotab.com:habibpreworlds2022:18029,,,,2026-09-26T13:52:04.780788+00:00
hudc2021.calicotab.com:hudc2021:12003,Politics & Governance,keyword,1.0,2026-09-26T13:52:04.780788+00:00
hudc2021.calicotab.com:hudc2021:12004,,,,2026-09-26T13:52:04.780788+00:00
hudc2021.calicotab.com:hudc2021:12005,Media & Culture,keyword,1.0,2026-09-26T13:52:04.780788+00:00
hudc2021.calicotab.com:hudc2021:12006,,,,2026-09-26T13:52:04.780788+00:00
hudc2021.calicotab.com:hudc2021:12007,Religion,keyword,1.0,2026-09-26T13:52:04.780788+00:00
habib2024.calicotab.com:HUDC2024:44949,Gender & Feminism,keyword,1.0,2026-09-26T13:52:04.780788+00:00
habib2024.calicotab.com:HUDC2024:44950,,,,2026-09-26T13:52:04.780788+00:00
habib2024.calicotab.com:HUDC2024:44951,,,,2026-09-26T13:52:04.780788+00:00
habib2024.calicotab.com:HUDC2024:44952,,,,2026-09-26T13:52:04.780788+00:00
habib2024.calicotab.com:HUDC2024:44953,Politics & Governance,keyword,1.0,2026-09-26T13:52:04.780788+00:00
hudc2025.calicotab.com:HUDC2025:60653,Education,keyword,1.0,2026-09-26T13:52:04.780788+00:00
hudc2025.calicotab.com:HUDC2025:60654,Law & Criminal Justice,keyword,1.0,2026-09-26T13:52:04.780788+00:00
hudc2025.calicotab.com:HUDC2025:60655,Law & Criminal Justice,keyword,1.0,2026-09-26T13:52:04.780788+00:00
hudc2025.calicotab.com:HUDC2025:60656,Technology & Science,keyword,1.0,2026-09-26T13:52:04.780788+00:00
hudc2025.calicotab.com:HUDC2025:60657,International Relations,keyword,1.0,2026-09-26T13:52:04.780788+00:00
hadzabe-prewudc.calicotab.com:prewudc22:18182,Media & Culture,keyword,1.0,2026-09-26T13:52:04.780788+00:00
hadzabe-prewudc.calicotab.com:prewudc22:18183,Health,keyword,1.0,2026-09-26T13:52:04.780788+00:00
hadzabe-prewudc.calicotab.com:prewudc22:18184,,,,2026-09-26T13:52:04.780788+00:00
hadzabe-prewudc.calicotab.com:prewudc22:18185,,,,2026-09-26T13:52:04.780788+00:00
hadzabe-prewudc.calicotab.com:prewudc22:18186,,,,2026-09-26T13:52:04.780788+00:00
edudrift.calicotab.com:neadc2025:67261,Education,keyword,1.0,2026-09-26T13:52:04.780788+00:00
edudrift.calicotab.com:neadc2025:67262,Health,keyword,1.0,2026-09-26T13:52:04.780788+00:00
edudrift.calicotab.com:neadc2025:67334,Law & Criminal Justice,keyword,1.0,2026-09-26T13:52:04.780788+00:00
edudrift.calicotab.com:neadc2025:67343,Gender & Feminism,keyword,1.0,2026-09-26T13:52:04.780788+00:00
edudrift.calicotab.com:neadc2025:67369,,,,2026-09-26T13:52:04.780788+00:00
edudrift.calicotab.com:neadc2025:67410,Religion,keyword,1.0,2026-09-26T13:52:04.780788+00:00
abp2026.calicotab.com:abp2026:85244,,,,2026-09-26T13:52:04.780788+00:00
abp2026.calicotab.com:abp2026:85267,Technology & Science,keyword,1.0,2026-09-26T13:52:04.780788+00:00
abp2026.calicotab.com:abp2026:85305,Economics,keyword,1.0,2026-09-26T13:52:04.780788+00:00
abp2026.calicotab.com:abp2026:85306,,,,2026-09-26T13:52:04.780788+00:00
abp2026.calicotab.com:abp2026:85309,Politics & Governance,keyword,1.0,2026-09-26T13:52:04.780788+00:00
abp2026.calicotab.com:abp2026:85317,Gender & Feminism,keyword,1.0,2026-09-26T13:52:04.780788+00:00
abp2026.calicotab.com:abp2026:85318,,,,2026-09-26T13:52:04.780788+00:00
abp2026.calicotab.com:abp2026:85319,Politics & Governance,keyword,1.0,2026-09-26T13:52:04.780788+00:00
hansrajpd2026.calicotab.com:HansrajPD2026:76642,Environment,keyword,1.0,2026-09-26T13:52:04.780788+00:00
hansrajpd2026.calicotab.com:HansrajPD2026:76647,,,,2026-09-26T13:52:04.780788+00:00
hansrajpd2026.calicotab.com:HansrajPD2026:76652,,,,2026-09-26T13:52:04.780788+00:00
hansrajpd2026.calicotab.com:HansrajPD2026:76684,Politics & Governance,keyword,1.0,2026-09-26T13:52:04.780788+00:00
hansrajpd2024.calicotab.com:hansrajpd2024:40928,Education,keyword,1.0,2026-09-26T13:52:04.780788+00:00
hansrajpd2024.calicotab.com:hansrajpd2024:40929,Politics & Governance,keyword,1.0,2026-09-26T13:52:04.780788+00:00
hansrajpd2024.calicotab.com:hansrajpd2024:40930,,,,2026-09-26T13:52:04.780788+00:00
hansrajpd2024.calicotab.com:hansrajpd2024:40931,,,,2026-09-26T13:52:04.780788+00:00
hansrajpd2024.calicotab.com:hansrajpd2024:40932,,,,2026-09-26T13:52:04.780788+00:00
hhas25.calicotab.com:hhas25:67319,,,,2026-09-26T13:52:04.780788+00:00
hhas25.calicotab.com:hhas25:67320,Media & Culture,model,0.39,2026-09-26T13:52:04.780788+00:00
hhas25.calicotab.com:hhas25:67323,,,,2026-09-26T13:52:04.780788+00:00
hhas25.calicotab.com:hhas25:67321,,,,2026-09-26T13:52:04.780788+00:00
hhiv2020.calicotab.com:hhiv2020:760,,,,2026-09-26T13:52:04.780788+00:00
hhiv2020.calicotab.com:hhiv2020:761,Law & Criminal Justice,keyword,1.0,2026-09-26T13:52:04.780788+00:00
hhiv2020.calicotab.com:hhiv2020:762,,,,2026-09-26T13:52:04.780788+00:00
hhiv2020.calicotab.com:hhiv2020:758,Religion,keyword,1.0,2026-09-26T13:52:04.780788+00:00
hhiv2020.calicotab.com:hhiv2020:759,Economics,keyword,1.0,2026-09-26T13:52:04.780788+00:00
hhiv2023.calicotab.com:hhiv2023:33978,Education,keyword,1.0,2026-09-26T13:52:04.780788+00:00
hhiv2023.calicotab.com:hhiv2023:33979,Politics & Governance,keyword,1.0,2026-09-26T13:52:04.780788+00:00
hhiv2023.calicotab.com:hhiv2023:33980,,,,2026-09-26T13:52:04.780788+00:00
hhiv2023.calicotab.com:hhiv2023:33981,Religion,keyword,1.0,2026-09-26T13:52:04.780788+00:00
hhiv2023.calicotab.com:hhiv2023:33982,Law & Criminal Justice,keyword,1.0,2026-09-26T13:52:04.780788+00:00
hhiv2024.calicotab.com:_:47167,Gender & Feminism,keyword,1.0,2026-09-26T13:52:04.780788+00:00
hhiv2024.calicotab.com:_:47168,,,,2026-09-26T13:52:04.780788+00:00
hhiv2024.calicotab.com:_:47169,Economics,keyword,1.0,2026-09-26T13:52:04.780788+00:00
hhiv2024.calicotab.com:_:47170,Health,keyword,1.0,2026-09-26T13:52:04.780788+00:00
hhiv2024.calicotab.com:_:47171,Media & Culture,model,0.358,2026-09-26T13:52:04.780788+00:00
hhiv25.calicotab.com:hhiv25:65579,Media & Culture,keyword,1.0,2026-09-26T13:52:04.780788+00:00
hhiv25.calicotab.com:hhiv25:65581,,,,2026-09-26T13:52:04.780788+00:00
hhiv25.calicotab.com:hhiv25:65681,Economics,keyword,1.0,2026-09-26T13:52:04.780788+00:00
hhiv25.calicotab.com:hhiv25:65711,Economics,keyword,1.0,2026-09-26T13:52:04.780788+00:00
hhiv25.calicotab.com:hhiv25:65727,Health,keyword,1.0,2026-09-26T13:52:04.780788+00:00
mace.calicotab.com:heartsaffire2026:72486,,,,2026-09-26T13:52:04.780788+00:00
mace.calicotab.com:heartsaffire2026:72514,Education,keyword,1.0,2026-09-26T13:52:04.780788+00:00
mace.calicotab.com:heartsaffire2026:72554,Technology & Science,keyword,1.0,2026-09-26T13:52:04.780788+00:00
mace.calicotab.com:heartsaffire2026:72689,,,,2026-09-26T13:52:04.780788+00:00
hituiv2025.calicotab.com:hituiv2025:66398,Gender & Feminism,keyword,1.0,2026-09-26T13:52:04.780788+00:00
hituiv2025.calicotab.com:hituiv2025:66406,Education,keyword,1.0,2026-09-26T13:52:04.780788+00:00
hituiv2025.calicotab.com:hituiv2025:66419,Politics & Governance,keyword,1.0,2026-09-26T13:52:04.780788+00:00
hituiv2025.calicotab.com:hituiv2025:66445,Health,keyword,1.0,2026-09-26T13:52:04.780788+00:00
hituiv2025.calicotab.com:hituiv2025:66558,Economics,keyword,1.0,2026-09-26T13:52:04.780788+00:00
knusthogwarts.calicotab.com:hogwarts2023:17836,,,,2026-09-26T13:52:04.780788+00:00
knusthogwarts.calicotab.com:hogwarts2023:17831,Technology & Science,keyword,1.0,2026-09-26T13:52:04.780788+00:00
knusthogwarts.calicotab.com:hogwarts2023:17832,Technology & Science,keyword,1.0,2026-09-26T13:52:04.780788+00:00
knusthogwarts.calicotab.com:hogwarts2023:17833,,,,2026-09-26T13:52:04.780788+00:00
knusthogwarts.calicotab.com:hogwarts2023:17834,,,,2026-09-26T13:52:04.780788+00:00
knusthogwarts.calicotab.com:hogwarts2023:17837,Technology & Science,keyword,1.0,2026-09-26T13:52:04.780788+00:00
knusthogwarts.calicotab.com:hogwarts2023:17838,Technology & Science,keyword,1.0,2026-09-26T13:52:04.780788+00:00
knusthogwarts.calicotab.com:hogwarts2023:17839,Education,keyword,1.0,2026-09-26T13:52:04.780788+00:00
knusthogwarts.calicotab.com:hogwarts2023:17840,Education,keyword,1.0,2026-09-26T13:52:04.780788+00:00
knusthogwarts.calicotab.com:hogwarts2024:17842,,,,2026-09-26T13:52:04.780788+00:00
knusthogwarts.calicotab.com:hogwarts2024:17843,,,,2026-09-26T13:52:04.780788+00:00
knusthogwarts.calicotab.com:hogwarts2024:17845,Politics & Governance,keyword,1.0,2026-09-26T13:52:04.780788+00:00
knusthogwarts.calicotab.com:hogwarts2024:17844,Politics & Governance,keyword,1.0,2026-09-26T13:52:04.780788+00:00
knusthogwarts.calicotab.com:hogwarts2024:17846,,,,2026-09-26T13:52:04.780788+00:00
knusthogwarts.calicotab.com:hogwarts2024:17847,,,,2026-09-26T13:52:04.780788+00:00
knusthogwarts.calicotab.com:hogwarts2024:17848,,,,2026-09-26T13:52:04.780788+00:00
knusthogwarts.calicotab.com:hogwarts2024:17849,,,,2026-09-26T13:52:04.780788+00:00
knusthogwarts.calicotab.com:hogwarts2024:17851,,,,2026-09-26T13:52:04.780788+00:00
knusthogwarts.calicotab.com:hogwarts2024:17850,,,,2026-09-26T13:52:04.780788+00:00
kds.calicotab.com:HRR2026:79218,Politics & Governance,keyword,1.0,2026-09-26T13:52:04.780788+00:00
kds.calicotab.com:HRR2026:79217,Politics & Governance,keyword,1.0,2026-09-26T13:52:04.780788+00:00
kds.calicotab.com:HRR2026:79383,Religion,keyword,1.0,2026-09-26T13:52:04.780788+00:00
kds.calicotab.com:HRR2026:79238,Religion,keyword,1.0,2026-09-26T13:52:04.780788+00:00
kds.calicotab.com:HRR2026:79380,Politics & Governance,keyword,1.0,2026-09-26T13:52:04.780788+00:00
kds.calicotab.com:HRR2026:79253,Politics & Governance,keyword,1.0,2026-09-26T13:52:04.780788+00:00
kds.calicotab.com:HRR2026:79348,,,,2026-09-26T13:52:04.780788+00:00
kds.calicotab.com:HRR2026:79381,,,,2026-09-26T13:52:04.780788+00:00
kds.calicotab.com:HRR2026:79382,,,,2026-09-26T13:52:04.780788+00:00
kds.calicotab.com:HRR2026:79358,,,,2026-09-26T13:52:04.780788+00:00
hollatzdebates2021.calicotab.com:hollatz2021:7214,Politics & Governance,keyword,1.0,2026-09-26T13:52:04.780788+00:00
hollatzdebates2021.calicotab.com:hollatz2021:7215,Politics & Governance,keyword,1.0,2026-09-26T13:52:04.780788+00:00
hollatzdebates2021.calicotab.com:hollatz2021:7216,Law & Criminal Justice,keyword,1.0,2026-09-26T13:52:04.780788+00:00
hollatzdebates2021.calicotab.com:hollatz2021:7217,International Relations,keyword,1.0,2026-09-26T13:52:04.780788+00:00
hkdc2023.calicotab.com:hkdc2023:28101,,,,2026-09-26T13:52:04.780788+00:00
hkdc2023.calicotab.com:hkdc2023:28102,,,,2026-09-26T13:52:04.780788+00:00
hkdc2023.calicotab.com:hkdc2023:28103,,,,2026-09-26T13:52:04.780788+00:00
hkdc2023.calicotab.com:hkdc2023:28104,International Relations,keyword,1.0,2026-09-26T13:52:04.780788+00:00
hkdc2024.calicotab.com:HKDC-2024:38434,Gender & Feminism,keyword,1.0,2026-09-26T13:52:04.780788+00:00
hkdc2024.calicotab.com:HKDC-2024:38435,Media & Culture,keyword,1.0,2026-09-26T13:52:04.780788+00:00
hkdc2024.calicotab.com:HKDC-2024:38439,Health,keyword,1.0,2026-09-26T13:52:04.780788+00:00
hkdc2024.calicotab.com:HKDC-2024:38440,Gender & Feminism,keyword,1.0,2026-09-26T13:52:04.780788+00:00
hkdc2024.calicotab.com:HKDC-2024:38441,,,,2026-09-26T13:52:04.780788+00:00
humanities2025.calicotab.com:ho2025:60761,,,,2026-09-26T13:52:04.780788+00:00
humanities2025.calicotab.com:ho2025:60775,,,,2026-09-26T13:52:04.780788+00:00
humanities2025.calicotab.com:ho2025:60800,,,,2026-09-26T13:52:04.780788+00:00
humanities2025.calicotab.com:ho2025:60881,Religion,keyword,1.0,2026-09-26T13:52:04.780788+00:00
hsda2024.calicotab.com:hsda2024:48844,International Relations,keyword,1.0,2026-09-26T13:52:04.780788+00:00
hsda2024.calicotab.com:hsda2024:48845,Gender & Feminism,keyword,1.0,2026-09-26T13:52:04.780788+00:00
hsda2024.calicotab.com:hsda2024:48846,Economics,keyword,1.0,2026-09-26T13:52:04.780788+00:00
hsda2024.calicotab.com:hsda2024:48847,Education,keyword,1.0,2026-09-26T13:52:04.780788+00:00
hsda2024.calicotab.com:hsda2024:48848,,,,2026-09-26T13:52:04.780788+00:00
hypotheticalopen.calicotab.com:2:24618,Economics,keyword,1.0,2026-09-26T13:52:04.780788+00:00
hypotheticalopen.calicotab.com:2:24619,,,,2026-09-26T13:52:04.780788+00:00
hypotheticalopen.calicotab.com:2:24620,,,,2026-09-26T13:52:04.780788+00:00
hypotheticalopen.calicotab.com:2:24621,,,,2026-09-26T13:52:04.780788+00:00
neadc2022.calicotab.com:2022:22403,Education,keyword,1.0,2026-09-26T13:52:04.780788+00:00
neadc2022.calicotab.com:2022:22406,,,,2026-09-26T13:52:04.780788+00:00
neadc2022.calicotab.com:2022:22407,,,,2026-09-26T13:52:04.780788+00:00
neadc2022.calicotab.com:2022:22408,,,,2026-09-26T13:52:04.780788+00:00
neadc2022.calicotab.com:2022:22409,Religion,keyword,1.0,2026-09-26T13:52:04.780788+00:00
neadc2022.calicotab.com:2022:22410,Economics,keyword,1.0,2026-09-26T13:52:04.780788+00:00
iimapd24.calicotab.com:iimapd2024:37630,Education,keyword,1.0,2026-09-26T13:52:04.780788+00:00
iimapd24.calicotab.com:iimapd2024:37631,,,,2026-09-26T13:52:04.780788+00:00
iimapd24.calicotab.com:iimapd2024:37632,Education,keyword,1.0,2026-09-26T13:52:04.780788+00:00
iimapd24.calicotab.com:iimapd2024:37633,Law & Criminal Justice,keyword,1.0,2026-09-26T13:52:04.780788+00:00
iimapd24.calicotab.com:iimapd2024:37634,,,,2026-09-26T13:52:04.780788+00:00
iima2026.calicotab.com:iimapd:70297,Education,keyword,1.0,2026-09-26T13:52:04.780788+00:00
iima2026.calicotab.com:iimapd:70386,Politics & Governance,keyword,1.0,2026-09-26T13:52:04.780788+00:00
iima2026.calicotab.com:iimapd:70419,Politics & Governance,keyword,1.0,2026-09-26T13:52:04.780788+00:00
13iitdebate.calicotab.com:13-IITB-Debate:12452,,,,2026-09-26T13:52:04.780788+00:00
13iitdebate.calicotab.com:13-IITB-Debate:12453,,,,2026-09-26T13:52:04.780788+00:00
13iitdebate.calicotab.com:13-IITB-Debate:12454,,,,2026-09-26T13:52:04.780788+00:00
13iitdebate.calicotab.com:13-IITB-Debate:12457,Economics,keyword,1.0,2026-09-26T13:52:04.780788+00:00
13iitdebate.calicotab.com:13-IITB-Debate:12458,Gender & Feminism,keyword,1.0,2026-09-26T13:52:04.780788+00:00
15thiitbombaydebate.calicotab.com:15thiitbombaydebate2023:24853,Politics & Governance,keyword,1.0,2026-09-26T13:52:04.780788+00:00
15thiitbombaydebate.calicotab.com:15thiitbombaydebate2023:24854,Education,keyword,1.0,2026-09-26T13:52:04.780788+00:00
15thiitbombaydebate.calicotab.com:15thiitbombaydebate2023:24855,Economics,keyword,1.0,2026-09-26T13:52:04.780788+00:00
15thiitbombaydebate.calicotab.com:15thiitbombaydebate2023:24856,Gender & Feminism,keyword,1.0,2026-09-26T13:52:04.780788+00:00
15thiitbombaydebate.calicotab.com:15thiitbombaydebate2023:24857,,,,2026-09-26T13:52:04.780788+00:00
16thiitbombaydebate.calicotab.com:16thiitb:35521,Law & Criminal Justice,keyword,1.0,2026-09-26T13:52:04.780788+00:00
16thiitbombaydebate.calicotab.com:16thiitb:35522,,,,2026-09-26T13:52:04.780788+00:00
16thiitbombaydebate.calicotab.com:16thiitb:35523,Religion,keyword,1.0,2026-09-26T13:52:04.780788+00:00
16thiitbombaydebate.calicotab.com:16thiitb:35524,Economics,keyword,1.0,2026-09-26T13:52:04.780788+00:00
16thiitbombaydebate.calicotab.com:16thiitb:35525,,,,2026-09-26T13:52:04.780788+00:00
17thiitbombaydebate.calicotab.com:17thiitb:47193,,,,2026-09-26T13:52:04.780788+00:00
17thiitbombaydebate.calicotab.com:17thiitb:47194,Technology & Science,keyword,1.0,2026-09-26T13:52:04.780788+00:00
17thiitbombaydebate.calicotab.com:17thiitb:47195,,,,2026-09-26T13:52:04.780788+00:00
17thiitbombaydebate.calicotab.com:17thiitb:47196,Education,keyword,1.0,2026-09-26T13:52:04.780788+00:00
17thiitbombaydebate.calicotab.com:17thiitb:47197,International Relations,keyword,1.0,2026-09-26T13:52:04.780788+00:00
18thiitbombaydebate.calicotab.com:18thiitb:49823,,,,2026-09-26T13:52:04.780788+00:00
18thiitbombaydebate.calicotab.com:18thiitb:49873,Religion,keyword,1.0,2026-09-26T13:52:04.780788+00:00
18thiitbombaydebate.calicotab.com:18thiitb:49898,,,,2026-09-26T13:52:04.780788+00:00
18thiitbombaydebate.calicotab.com:18thiitb:49938,,,,2026-09-26T13:52:04.780788+00:00
18thiitbombaydebate.calicotab.com:18thiitb:50011,Media & Culture,keyword,1.0,2026-09-26T13:52:04.780788+00:00
19thiitbombaydebate.calicotab.com:19thiitb:64682,Law & Criminal Justice,keyword,1.0,2026-09-26T13:52:04.780788+00:00
19thiitbombaydebate.calicotab.com:19thiitb:64722,,,,2026-09-26T13:52:04.780788+00:00
19thiitbombaydebate.calicotab.com:19thiitb:64756,Economics,keyword,1.0,2026-09-26T13:52:04.780788+00:00
19thiitbombaydebate.calicotab.com:19thiitb:64775,,,,2026-09-26T13:52:04.780788+00:00
19thiitbombaydebate.calicotab.com:19thiitb:64797,Media & Culture,keyword,1.0,2026-09-26T13:52:04.780788+00:00
iitkpd2026.calicotab.com:iitkpd2026:73943,,,,2026-09-26T13:52:04.780788+00:00
iitkpd2026.calicotab.com:iitkpd2026:73976,Economics,keyword,1.0,2026-09-26T13:52:04.780788+00:00
iitkpd2026.calicotab.com:iitkpd2026:74015,,,,2026-09-26T13:52:04.780788+00:00
iitkpd2026.calicotab.com:iitkpd2026:74111,,,,2026-09-26T13:52:04.780788+00:00
kgppd2026.calicotab.com:kgppd26:73284,,,,2026-09-26T13:52:04.780788+00:00
kgppd2026.calicotab.com:kgppd26:73367,Media & Culture,keyword,1.0,2026-09-26T13:52:04.780788+00:00
kgppd2026.calicotab.com:kgppd26:73410,Law & Criminal Justice,keyword,1.0,2026-09-26T13:52:04.780788+00:00
kgppd2026.calicotab.com:kgppd26:73452,Politics & Governance,keyword,1.0,2026-09-26T13:52:04.780788+00:00
kgppd2026.calicotab.com:kgppd26:73480,Gender & Feminism,keyword,1.0,2026-09-26T13:52:04.780788+00:00
iitmpd.calicotab.com:iitmpd26:71864,,,,2026-09-26T13:52:04.780788+00:00
iitmpd.calicotab.com:iitmpd26:71941,Gender & Feminism,model,0.502,2026-09-26T13:52:04.780788+00:00
iitmpd.calicotab.com:iitmpd26:71964,Law & Criminal Justice,keyword,1.0,2026-09-26T13:52:04.780788+00:00
iitmpd.calicotab.com:iitmpd26:72018,International Relations,keyword,1.0,2026-09-26T13:52:04.780788+00:00
iitmpd.calicotab.com:iitmpd26:72024,Economics,keyword,1.0,2026-09-26T13:52:04.780788+00:00
iitroorkee.calicotab.com:iitrpd2025:52274,Gender & Feminism,keyword,1.0,2026-09-26T13:52:04.780788+00:00
iitroorkee.calicotab.com:iitrpd2025:52307,Politics & Governance,keyword,1.0,2026-09-26T13:52:04.780788+00:00
iitroorkee.calicotab.com:iitrpd2025:52349,,,,2026-09-26T13:52:04.780788+00:00
iitroorkee.calicotab.com:iitrpd2025:52390,Politics & Governance,keyword,1.0,2026-09-26T13:52:04.780788+00:00
iitroorkee.calicotab.com:iitrpd2025:52475,Environment,keyword,1.0,2026-09-26T13:52:04.780788+00:00
iitbgrandprix.calicotab.com:iitb2024:38867,Media & Culture,keyword,1.0,2026-09-26T13:52:04.780788+00:00
iitbgrandprix.calicotab.com:iitb2024:38868,Media & Culture,keyword,1.0,2026-09-26T13:52:04.780788+00:00
iitbgrandprix.calicotab.com:iitb2024:38869,Media & Culture,keyword,1.0,2026-09-26T13:52:04.780788+00:00
iitbgrandprix.calicotab.com:iitb2024:38870,Politics & Governance,keyword,1.0,2026-09-26T13:52:04.780788+00:00
iitbgrandprix.calicotab.com:iitb2024:38871,,,,2026-09-26T13:52:04.780788+00:00
iiuminterschooldebatingchampionship2023.calicotab.com:iiumopen2024:34219,Education,keyword,1.0,2026-09-26T13:52:04.780788+00:00
iiuminterschooldebatingchampionship2023.calicotab.com:iiumopen2024:34220,Politics & Governance,keyword,1.0,2026-09-26T13:52:04.780788+00:00
iiuminterschooldebatingchampionship2023.calicotab.com:iiumopen2024:34221,Economics,keyword,1.0,2026-09-26T13:52:04.780788+00:00
iiuminterschooldebatingchampionship2023.calicotab.com:iiumopen2024:34222,Education,keyword,1.0,2026-09-26T13:52:04.780788+00:00
ilnubpd2023.calicotab.com:2023:25974,,,,2026-09-26T13:52:04.780788+00:00
ilnubpd2023.calicotab.com:2023:25975,Economics,keyword,1.0,2026-09-26T13:52:04.780788+00:00
ilnubpd2023.calicotab.com:2023:25976,Politics & Governance,keyword,1.0,2026-09-26T13:52:04.780788+00:00
ilnubpd2023.calicotab.com:2023:25977,Religion,keyword,1.0,2026-09-26T13:52:04.780788+00:00
ilnubpd2023.calicotab.com:2023:25978,Economics,keyword,1.0,2026-09-26T13:52:04.780788+00:00
ilnubpd2024.calicotab.com:ilnubpd:38943,Military & Security,keyword,1.0,2026-09-26T13:52:04.780788+00:00
ilnubpd2024.calicotab.com:ilnubpd:38944,,,,2026-09-26T13:52:04.780788+00:00
ilnubpd2024.calicotab.com:ilnubpd:38945,,,,2026-09-26T13:52:04.780788+00:00
ilnubpd2024.calicotab.com:ilnubpd:38946,Politics & Governance,keyword,1.0,2026-09-26T13:52:04.780788+00:00
ilnubpd2024.calicotab.com:ilnubpd:38947,Gender & Feminism,keyword,1.0,2026-09-26T13:52:04.780788+00:00
ilnuroundrobin.calicotab.com:ilnurr2025:53648,Law & Criminal Justice,keyword,1.0,2026-09-26T13:52:04.780788+00:00
ilnuroundrobin.calicotab.com:ilnurr2025:53347,International Relations,keyword,1.0,2026-09-26T13:52:04.780788+00:00
ilnuroundrobin.calicotab.com:ilnurr2025:53377,Law & Criminal Justice,keyword,1.0,2026-09-26T13:52:04.780788+00:00
ilnuroundrobin.calicotab.com:ilnurr2025:53541,,,,2026-09-26T13:52:04.780788+00:00
ilnuroundrobin.calicotab.com:ilnurr2025:53587,,,,2026-09-26T13:52:04.780788+00:00
ignite1.calicotab.com:ignite2023:26859,Gender & Feminism,keyword,1.0,2026-09-26T13:52:04.780788+00:00
ignite1.calicotab.com:ignite2023:26860,,,,2026-09-26T13:52:04.780788+00:00
ignite1.calicotab.com:ignite2023:26861,Economics,keyword,1.0,2026-09-26T13:52:04.780788+00:00
ignite1.calicotab.com:ignite2023:26863,International Relations,model,0.49,2026-09-26T13:52:04.780788+00:00
ignite1.calicotab.com:ignite2023:26864,,,,2026-09-26T13:52:04.780788+00:00
debatefoster.calicotab.com:ignite2024:37723,,,,2026-09-26T13:52:04.780788+00:00
debatefoster.calicotab.com:ignite2024:37722,Politics & Governance,keyword,1.0,2026-09-26T13:52:04.780788+00:00
debatefoster.calicotab.com:ignite2024:37724,,,,2026-09-26T13:52:04.780788+00:00
debatefoster.calicotab.com:ignite2024:37725,,,,2026-09-26T13:52:04.780788+00:00
debatefoster.calicotab.com:ignite2024:37721,,,,2026-09-26T13:52:04.780788+00:00
mace1996.calicotab.com:expose4:10730,Media & Culture,keyword,1.0,2026-09-26T13:52:04.780788+00:00
mace1996.calicotab.com:expose4:10733,Education,keyword,1.0,2026-09-26T13:52:04.780788+00:00
mace1996.calicotab.com:expose4:10731,,,,2026-09-26T13:52:04.780788+00:00
mace1996.calicotab.com:expose4:10732,Religion,keyword,1.0,2026-09-26T13:52:04.780788+00:00
mace1996.calicotab.com:expose4:10729,Religion,keyword,1.0,2026-09-26T13:52:04.780788+00:00
imperialchatgptopen2024.calicotab.com:chatgpt2024:42552,,,,2026-09-26T13:52:04.780788+00:00
imperialchatgptopen2024.calicotab.com:chatgpt2024:42553,Media & Culture,keyword,1.0,2026-09-26T13:52:04.780788+00:00
imperialchatgptopen2024.calicotab.com:chatgpt2024:42554,Law & Criminal Justice,keyword,1.0,2026-09-26T13:52:04.780788+00:00
imperialchatgptopen2024.calicotab.com:chatgpt2024:42555,,,,2026-09-26T13:52:04.780788+00:00
imperialchatgptopen2024.calicotab.com:chatgpt2024:42556,,,,2026-09-26T13:52:04.780788+00:00
imperialiv2022.calicotab.com:_:18199,Politics & Governance,keyword,1.0,2026-09-26T13:52:04.780788+00:00
imperialiv2022.calicotab.com:_:18200,Gender & Feminism,model,0.604,2026-09-26T13:52:04.780788+00:00
imperialiv2022.calicotab.com:_:18201,,,,2026-09-26T13:52:04.780788+00:00
imperialiv2022.calicotab.com:_:18202,Economics,keyword,1.0,2026-09-26T13:52:04.780788+00:00
imperialiv2022.calicotab.com:_:18203,Politics & Governance,keyword,1.0,2026-09-26T13:52:04.780788+00:00
imperialiv24.calicotab.com:impiv24:44805,,,,2026-09-26T13:52:04.780788+00:00
imperialiv24.calicotab.com:impiv24:44806,Law & Criminal Justice,keyword,1.0,2026-09-26T13:52:04.780788+00:00
imperialiv24.calicotab.com:impiv24:44807,Economics,keyword,1.0,2026-09-26T13:52:04.780788+00:00
imperialiv24.calicotab.com:impiv24:44808,Technology & Science,keyword,1.0,2026-09-26T13:52:04.780788+00:00
imperialiv24.calicotab.com:impiv24:44809,,,,2026-09-26T13:52:04.780788+00:00
imperialiv25.calicotab.com:_:60817,,,,2026-09-26T13:52:04.780788+00:00
imperialiv25.calicotab.com:_:60840,,,,2026-09-26T13:52:04.780788+00:00
imperialiv25.calicotab.com:_:60853,Economics,keyword,1.0,2026-09-26T13:52:04.780788+00:00
imperialiv25.calicotab.com:_:60863,Media & Culture,keyword,1.0,2026-09-26T13:52:04.780788+00:00
imperialiv25.calicotab.com:_:60936,Law & Criminal Justice,keyword,1.0,2026-09-26T13:52:04.780788+00:00
imperialiv2026.calicotab.com:imperialiv2026:83082,Education,keyword,1.0,2026-09-26T13:52:04.780788+00:00
imperialiv2026.calicotab.com:imperialiv2026:83107,,,,2026-09-26T13:52:04.780788+00:00
imperialiv2026.calicotab.com:imperialiv2026:83117,Politics & Governance,keyword,1.0,2026-09-26T13:52:04.780788+00:00
imperialiv2026.calicotab.com:imperialiv2026:83134,Health,keyword,1.0,2026-09-26T13:52:04.780788+00:00
imperialiv2026.calicotab.com:imperialiv2026:83231,,,,2026-09-26T13:52:04.780788+00:00
imperialnovices2022.calicotab.com:_:20719,,,,2026-09-26T13:52:04.780788+00:00
imperialnovices2022.calicotab.com:_:20720,Politics & Governance,keyword,1.0,2026-09-26T13:52:04.780788+00:00
imperialnovices2022.calicotab.com:_:20721,Law & Criminal Justice,keyword,1.0,2026-09-26T13:52:04.780788+00:00
imperialonlineopen2025.calicotab.com:imperialonlineopen2025:54262,Economics,keyword,1.0,2026-09-26T13:52:04.780788+00:00
imperialonlineopen2025.calicotab.com:imperialonlineopen2025:54449,Law & Criminal Justice,keyword,1.0,2026-09-26T13:52:04.780788+00:00
imperialonlineopen2025.calicotab.com:imperialonlineopen2025:54450,,,,2026-09-26T13:52:04.780788+00:00
imperialonlineopen2025.calicotab.com:imperialonlineopen2025:54454,Military & Security,keyword,1.0,2026-09-26T13:52:04.780788+00:00
imperialonlineopen2025.calicotab.com:imperialonlineopen2025:54525,Politics & Governance,keyword,1.0,2026-09-26T13:52:04.780788+00:00
imperialprewudc.calicotab.com:imperialprewudc2025:68229,Politics & Governance,keyword,1.0,2026-09-26T13:52:04.780788+00:00
imperialprewudc.calicotab.com:imperialprewudc2025:68253,Education,keyword,1.0,2026-09-26T13:52:04.780788+00:00
imperialprewudc.calicotab.com:imperialprewudc2025:68286,,,,2026-09-26T13:52:04.780788+00:00
imperialprewudc.calicotab.com:imperialprewudc2025:68301,Media & Culture,keyword,1.0,2026-09-26T13:52:04.780788+00:00
imperialprewudc.calicotab.com:imperialprewudc2025:68370,,,,2026-09-26T13:52:04.780788+00:00
dialectica.calicotab.com:indiaabpfundraiser:62817,Education,keyword,1.0,2026-09-26T13:52:04.780788+00:00
dialectica.calicotab.com:indiaabpfundraiser:62835,Economics,keyword,1.0,2026-09-26T13:52:04.780788+00:00
dialectica.calicotab.com:indiaabpfundraiser:62867,,,,2026-09-26T13:52:04.780788+00:00
dialectica.calicotab.com:indiaabpfundraiser:62890,,,,2026-09-26T13:52:04.780788+00:00
dialectica.calicotab.com:indiaabpfundraiser:62939,,,,2026-09-26T13:52:04.780788+00:00
dialectica.calicotab.com:indiapreabp2026:84236,,,,2026-09-26T13:52:04.780788+00:00
dialectica.calicotab.com:indiapreabp2026:84256,Education,keyword,1.0,2026-09-26T13:52:04.780788+00:00
dialectica.calicotab.com:indiapreabp2026:84306,,,,2026-09-26T13:52:04.780788+00:00
dialectica.calicotab.com:indiapreabp2026:84311,Politics & Governance,keyword,1.0,2026-09-26T13:52:04.780788+00:00
dialectica.calicotab.com:indiapreabp2026:84486,Politics & Governance,keyword,1.0,2026-09-26T13:52:04.780788+00:00
ufd.calicotab.com:ido24:37521,Politics & Governance,keyword,1.0,2026-09-26T13:52:04.780788+00:00
ufd.calicotab.com:autumnbp24:37541,,,,2026-09-26T13:52:04.780788+00:00
ufd.calicotab.com:autumnbp24:37540,Religion,keyword,1.0,2026-09-26T13:52:04.780788+00:00
ufd.calicotab.com:autumnbp24:37539,,,,2026-09-26T13:52:04.780788+00:00
ufd.calicotab.com:autumnbp24:37538,,,,2026-09-26T13:52:04.780788+00:00
ufd.calicotab.com:autumnbp24:37537,International Relations,keyword,1.0,2026-09-26T13:52:04.780788+00:00
ufd.calicotab.com:indopacificbp24:37498,Economics,keyword,1.0,2026-09-26T13:52:04.780788+00:00
ufd.calicotab.com:indopacificbp24:37497,,,,2026-09-26T13:52:04.780788+00:00
ufd.calicotab.com:indopacificbp24:37496,Social Policy & Welfare,keyword,1.0,2026-09-26T13:52:04.780788+00:00
ufd.calicotab.com:indopacificbp24:37495,Law & Criminal Justice,keyword,1.0,2026-09-26T13:52:04.780788+00:00
ufd.calicotab.com:preabp24:37534,,,,2026-09-26T13:52:04.780788+00:00
ufd.calicotab.com:preabp24:37533,Law & Criminal Justice,keyword,1.0,2026-09-26T13:52:04.780788+00:00
ufd.calicotab.com:preabp24:37532,,,,2026-09-26T13:52:04.780788+00:00
ufd.calicotab.com:preabp24:37531,,,,2026-09-26T13:52:04.780788+00:00
ufd.calicotab.com:preabp24:37530,,,,2026-09-26T13:52:04.780788+00:00
ufd.calicotab.com:preabp25:60310,,,,2026-09-26T13:52:04.780788+00:00
ufd.calicotab.com:preabp25:60311,Education,keyword,1.0,2026-09-26T13:52:04.780788+00:00
ufd.calicotab.com:preabp25:60320,,,,2026-09-26T13:52:04.780788+00:00
ufd.calicotab.com:preabp25:60321,,,,2026-09-26T13:52:04.780788+00:00
ufd.calicotab.com:preabp25:60322,Religion,keyword,1.0,2026-09-26T13:52:04.780788+00:00
ufd.calicotab.com:ProAm24:37516,Politics & Governance,keyword,1.0,2026-09-26T13:52:04.780788+00:00
ufd.calicotab.com:ProAm24:37514,Economics,keyword,1.0,2026-09-26T13:52:04.780788+00:00
ufd.calicotab.com:ProAm24:37513,Law & Criminal Justice,keyword,1.0,2026-09-26T13:52:04.780788+00:00
nudc2024.au-tab.app:national:4799,,,,2026-09-26T13:52:04.780788+00:00
nudc2024.au-tab.app:national:4800,Economics,keyword,1.0,2026-09-26T13:52:04.780788+00:00
nudc2024.au-tab.app:national:4801,Gender & Feminism,keyword,1.0,2026-09-26T13:52:04.780788+00:00
nudc2024.au-tab.app:national:4802,Health,keyword,1.0,2026-09-26T13:52:04.780788+00:00
nudc2024.au-tab.app:national:4803,Education,keyword,1.0,2026-09-26T13:52:04.780788+00:00
nudc2024.au-tab.app:national:4804,Politics & Governance,keyword,1.0,2026-09-26T13:52:04.780788+00:00
nudc2024.au-tab.app:national:4805,,,,2026-09-26T13:52:04.780788+00:00
nudc2024.au-tab.app:national:4806,Environment,keyword,1.0,2026-09-26T13:52:04.780788+00:00
nudc2024.au-tab.app:national:4807,,,,2026-09-26T13:52:04.780788+00:00
inneriv25.calicotab.com:InnerIV25:5924,Health,keyword,1.0,2026-09-26T13:52:04.780788+00:00
inneriv25.calicotab.com:InnerIV25:5927,,,,2026-09-26T13:52:04.780788+00:00
inneriv25.calicotab.com:InnerIV25:5930,Politics & Governance,keyword,1.0,2026-09-26T13:52:04.780788+00:00
inneriv25.calicotab.com:InnerIV25:5944,Media & Culture,keyword,1.0,2026-09-26T13:52:04.780788+00:00
innertemple26.calicotab.com:harrisonplate:71377,Religion,keyword,1.0,2026-09-26T13:52:04.780788+00:00
innertemple26.calicotab.com:harrisonplate:71412,Law & Criminal Justice,keyword,1.0,2026-09-26T13:52:04.780788+00:00
innertemple26.calicotab.com:harrisonplate:71440,Economics,keyword,1.0,2026-09-26T13:52:04.780788+00:00
innertemple26.calicotab.com:harrisonplate:71445,,,,2026-09-26T13:52:04.780788+00:00
irishnovices25.calicotab.com:_:68378,,,,2026-09-26T13:52:04.780788+00:00
irishnovices25.calicotab.com:_:68395,Politics & Governance,keyword,1.0,2026-09-26T13:52:04.780788+00:00
irishnovices25.calicotab.com:_:68417,Media & Culture,keyword,1.0,2026-09-26T13:52:04.780788+00:00
idltournaments2024.calicotab.com:englishcup24:32659,International Relations,keyword,1.0,2026-09-26T13:52:04.780788+00:00
idltournaments2024.calicotab.com:englishcup24:32658,Economics,keyword,1.0,2026-09-26T13:52:04.780788+00:00
idltournaments2024.calicotab.com:englishcup24:32657,,,,2026-09-26T13:52:04.780788+00:00
idltournaments2024.calicotab.com:englishopen2024:32630,,,,2026-09-26T13:52:04.780788+00:00
idltournaments2024.calicotab.com:englishopen2024:32629,Politics & Governance,keyword,1.0,2026-09-26T13:52:04.780788+00:00
idltournaments2024.calicotab.com:englishopen2024:32628,,,,2026-09-26T13:52:04.780788+00:00
idltournaments2024.calicotab.com:engopen2025:59252,Gender & Feminism,keyword,1.0,2026-09-26T13:52:04.780788+00:00
idltournaments2024.calicotab.com:engopen2025:59260,,,,2026-09-26T13:52:04.780788+00:00
idltournaments2024.calicotab.com:engopen2025:59271,Economics,keyword,1.0,2026-09-26T13:52:04.780788+00:00
idltournaments2026.calicotab.com:englishopen2026:82883,,,,2026-09-26T13:52:04.780788+00:00
idltournaments2026.calicotab.com:englishopen2026:82887,Politics & Governance,keyword,1.0,2026-09-26T13:52:04.780788+00:00
idltournaments2026.calicotab.com:englishopen2026:82889,,,,2026-09-26T13:52:04.780788+00:00
idltournaments2026.calicotab.com:minispringchallenge2026:74556,Law & Criminal Justice,keyword,1.0,2026-09-26T13:52:04.780788+00:00
idltournaments2026.calicotab.com:minispringchallenge2026:74593,Media & Culture,keyword,1.0,2026-09-26T13:52:04.780788+00:00
idltournaments2026.calicotab.com:minispringchallenge2026:74622,Politics & Governance,keyword,1.0,2026-09-26T13:52:04.780788+00:00
idltournaments2026.calicotab.com:minispringchallenge2026:74642,Gender & Feminism,keyword,1.0,2026-09-26T13:52:04.780788+00:00
idltournaments2024.calicotab.com:Newbies2024:32634,,,,2026-09-26T13:52:04.780788+00:00
idltournaments2024.calicotab.com:Newbies2024:32633,Religion,keyword,1.0,2026-09-26T13:52:04.780788+00:00
idltournaments2024.calicotab.com:Newbies2024:32632,Economics,keyword,1.0,2026-09-26T13:52:04.780788+00:00
idltournaments2026.calicotab.com:newbies2026:82564,Gender & Feminism,keyword,1.0,2026-09-26T13:52:04.780788+00:00
idltournaments2026.calicotab.com:newbies2026:82568,Military & Security,keyword,1.0,2026-09-26T13:52:04.780788+00:00
idltournaments2026.calicotab.com:newbies2026:82572,Economics,keyword,1.0,2026-09-26T13:52:04.780788+00:00
idltournaments2026.calicotab.com:NIV2026:72322,Law & Criminal Justice,keyword,1.0,2026-09-26T13:52:04.780788+00:00
idltournaments2026.calicotab.com:NIV2026:72323,,,,2026-09-26T13:52:04.780788+00:00
idltournaments2026.calicotab.com:NIV2026:72339,,,,2026-09-26T13:52:04.780788+00:00
istanbulopen30international.calicotab.com:istanbulopen30:44772,Law & Criminal Justice,keyword,1.0,2026-09-26T13:52:04.780788+00:00
istanbulopen30international.calicotab.com:istanbulopen30:44773,Environment,keyword,1.0,2026-09-26T13:52:04.780788+00:00
istanbulopen30international.calicotab.com:istanbulopen30:44774,,,,2026-09-26T13:52:04.780788+00:00
istanbulopen30international.calicotab.com:istanbulopen30:44775,,,,2026-09-26T13:52:04.780788+00:00
istanbulopen30international.calicotab.com:istanbulopen30:44776,Politics & Governance,keyword,1.0,2026-09-26T13:52:04.780788+00:00
tabserverofturkey.calicotab.com:istanbulopen26:72969,,,,2026-09-26T13:52:04.780788+00:00
tabserverofturkey.calicotab.com:istanbulopen26:72991,,,,2026-09-26T13:52:04.780788+00:00
tabserverofturkey.calicotab.com:istanbulopen26:73017,,,,2026-09-26T13:52:04.780788+00:00
tabserverofturkey.calicotab.com:istanbulopen26:73033,Law & Criminal Justice,keyword,1.0,2026-09-26T13:52:04.780788+00:00
tabserverofturkey.calicotab.com:istanbulopen26:73132,Economics,keyword,1.0,2026-09-26T13:52:04.780788+00:00
tabserverofturkey.calicotab.com:ihuinternationalopen2025:52872,,,,2026-09-26T13:52:04.780788+00:00
tabserverofturkey.calicotab.com:ihuinternationalopen2025:52904,,,,2026-09-26T13:52:04.780788+00:00
tabserverofturkey.calicotab.com:ihuinternationalopen2025:53029,Military & Security,model,0.356,2026-09-26T13:52:04.780788+00:00
braceytab.calicotab.com:IV2026:69691,Economics,keyword,1.0,2026-09-26T13:52:04.780788+00:00
braceytab.calicotab.com:IV2026:69690,,,,2026-09-26T13:52:04.780788+00:00
braceytab.calicotab.com:IV2026:69734,Gender & Feminism,model,0.423,2026-09-26T13:52:04.780788+00:00
braceytab.calicotab.com:IV2026:69745,Economics,keyword,1.0,2026-09-26T13:52:04.780788+00:00
braceytab.calicotab.com:IV2026:69753,,,,2026-09-26T13:52:04.780788+00:00
jpduautumn2024.calicotab.com:_:47232,,,,2026-09-26T13:52:04.780788+00:00
jpduautumn2024.calicotab.com:_:47233,,,,2026-09-26T13:52:04.780788+00:00
jpduautumn2024.calicotab.com:_:47234,Politics & Governance,keyword,1.0,2026-09-26T13:52:04.780788+00:00
jpduautumn2024.calicotab.com:_:47235,,,,2026-09-26T13:52:04.780788+00:00
autumntournament.calicotab.com:autumntournament2025:65584,Gender & Feminism,keyword,1.0,2026-09-26T13:52:04.780788+00:00
autumntournament.calicotab.com:autumntournament2025:65592,Economics,keyword,1.0,2026-09-26T13:52:04.780788+00:00
autumntournament.calicotab.com:autumntournament2025:65634,,,,2026-09-26T13:52:04.780788+00:00
autumntournament.calicotab.com:autumntournament2025:65646,Politics & Governance,keyword,1.0,2026-09-26T13:52:04.780788+00:00
japanbp2025.calicotab.com:_:68538,Politics & Governance,keyword,1.0,2026-09-26T13:52:04.780788+00:00
japanbp2025.calicotab.com:_:68557,,,,2026-09-26T13:52:04.780788+00:00
japanbp2025.calicotab.com:_:68569,Military & Security,keyword,1.0,2026-09-26T13:52:04.780788+00:00
japanbp2025.calicotab.com:_:68573,Media & Culture,keyword,1.0,2026-09-26T13:52:04.780788+00:00
japanbp2025.calicotab.com:_:68574,Law & Criminal Justice,keyword,1.0,2026-09-26T13:52:04.780788+00:00
jindaldebsoc.calicotab.com:jindaldebate2026:73983,Economics,keyword,1.0,2026-09-26T13:52:04.780788+00:00
jindaldebsoc.calicotab.com:jindaldebate2026:74013,Military & Security,keyword,1.0,2026-09-26T13:52:04.780788+00:00
jindaldebsoc.calicotab.com:jindaldebate2026:74043,Education,keyword,1.0,2026-09-26T13:52:04.780788+00:00
jindaldebsoc.calicotab.com:jindaldebate2026:74153,Environment,keyword,1.0,2026-09-26T13:52:04.780788+00:00
johnshopkinsopen2022.calicotab.com:jhu2022:17871,,,,2026-09-26T13:52:04.780788+00:00
johnshopkinsopen2022.calicotab.com:jhu2022:17872,International Relations,keyword,1.0,2026-09-26T13:52:04.780788+00:00
johnshopkinsopen2022.calicotab.com:jhu2022:17873,Gender & Feminism,keyword,1.0,2026-09-26T13:52:04.780788+00:00
johnshopkinsopen2022.calicotab.com:jhu2022:17874,,,,2026-09-26T13:52:04.780788+00:00
johnshopkinsopen2022.calicotab.com:jhu2022:17875,Health,keyword,1.0,2026-09-26T13:52:04.780788+00:00
jhuprewudc2023.calicotab.com:jhuprewudc2023:36584,Technology & Science,keyword,1.0,2026-09-26T13:52:04.780788+00:00
jhuprewudc2023.calicotab.com:jhuprewudc2023:36585,Politics & Governance,keyword,1.0,2026-09-26T13:52:04.780788+00:00
jhuprewudc2023.calicotab.com:jhuprewudc2023:36586,Economics,keyword,1.0,2026-09-26T13:52:04.780788+00:00
jhuprewudc2023.calicotab.com:jhuprewudc2023:36587,Religion,keyword,1.0,2026-09-26T13:52:04.780788+00:00
jhuprewudc2023.calicotab.com:jhuprewudc2023:36588,,,,2026-09-26T13:52:04.780788+00:00
lucien.calicotab.com:paudc2025:68448,,,,2026-09-26T13:52:04.780788+00:00
lucien.calicotab.com:paudc2025:68452,Economics,keyword,1.0,2026-09-26T13:52:04.780788+00:00
lucien.calicotab.com:paudc2025:68465,,,,2026-09-26T13:52:04.780788+00:00
lucien.calicotab.com:paudc2025:68472,,,,2026-09-26T13:52:04.780788+00:00
lucien.calicotab.com:paudc2025:68474,Gender & Feminism,keyword,1.0,2026-09-26T13:52:04.780788+00:00
lucien.calicotab.com:paudc2025:68485,Media & Culture,keyword,1.0,2026-09-26T13:52:04.780788+00:00
lucien.calicotab.com:paudc2025:68495,,,,2026-09-26T13:52:04.780788+00:00
lucien.calicotab.com:paudc2025:68502,Economics,keyword,1.0,2026-09-26T13:52:04.780788+00:00
lucien.calicotab.com:paudc2025:68506,,,,2026-09-26T13:52:04.780788+00:00
mace.calicotab.com:jr22:10714,Politics & Governance,keyword,1.0,2026-09-26T13:52:04.780788+00:00
mace.calicotab.com:jr22:10713,,,,2026-09-26T13:52:04.780788+00:00
mace.calicotab.com:jr22:10712,Politics & Governance,keyword,1.0,2026-09-26T13:52:04.780788+00:00
mace.calicotab.com:jr22:10711,,,,2026-09-26T13:52:04.780788+00:00
mace.calicotab.com:jr22:10710,Politics & Governance,keyword,1.0,2026-09-26T13:52:04.780788+00:00
nix.calicotab.com:JR26:76260,,,,2026-09-26T13:52:04.780788+00:00
nix.calicotab.com:JR26:76269,Politics & Governance,keyword,1.0,2026-09-26T13:52:04.780788+00:00
nix.calicotab.com:JR26:76342,,,,2026-09-26T13:52:04.780788+00:00
nix.calicotab.com:JR26:76369,Technology & Science,keyword,1.0,2026-09-26T13:52:04.780788+00:00
nix.calicotab.com:JR26:76390,Gender & Feminism,keyword,1.0,2026-09-26T13:52:04.780788+00:00
nix.calicotab.com:JR26:76412,,,,2026-09-26T13:52:04.780788+00:00
kcliv25.calicotab.com:kcliv25:66458,Economics,keyword,1.0,2026-09-26T13:52:04.780788+00:00
kcliv25.calicotab.com:kcliv25:66477,,,,2026-09-26T13:52:04.780788+00:00
kcliv25.calicotab.com:kcliv25:66507,,,,2026-09-26T13:52:04.780788+00:00
kcliv25.calicotab.com:kcliv25:66525,,,,2026-09-26T13:52:04.780788+00:00
kcliv25.calicotab.com:kcliv25:66603,Environment,keyword,1.0,2026-09-26T13:52:04.780788+00:00
kingsnovices2024.calicotab.com:kingsnovices2024:46902,,,,2026-09-26T13:52:04.780788+00:00
kingsnovices2024.calicotab.com:kingsnovices2024:46903,,,,2026-09-26T13:52:04.780788+00:00
kingsnovices2024.calicotab.com:kingsnovices2024:46904,,,,2026-09-26T13:52:04.780788+00:00
kingsnovices2024.calicotab.com:kingsnovices2024:46905,Economics,keyword,1.0,2026-09-26T13:52:04.780788+00:00
kclopen2021.calicotab.com:kclopen2021:2501,,,,2026-09-26T13:52:04.780788+00:00
kclopen2021.calicotab.com:kclopen2021:2502,International Relations,keyword,1.0,2026-09-26T13:52:04.780788+00:00
kclopen2021.calicotab.com:kclopen2021:2503,Economics,keyword,1.0,2026-09-26T13:52:04.780788+00:00
kclopen2021.calicotab.com:kclopen2021:2504,Health,keyword,1.0,2026-09-26T13:52:04.780788+00:00
kclopen2021.calicotab.com:kclopen2021:2505,,,,2026-09-26T13:52:04.780788+00:00
kclopen2022.calicotab.com:kclopen:2483,Politics & Governance,keyword,1.0,2026-09-26T13:52:04.780788+00:00
kclopen2022.calicotab.com:kclopen:2484,Gender & Feminism,keyword,1.0,2026-09-26T13:52:04.780788+00:00
kclopen2022.calicotab.com:kclopen:2485,,,,2026-09-26T13:52:04.780788+00:00
kclopen2022.calicotab.com:kclopen:2486,,,,2026-09-26T13:52:04.780788+00:00
kclopen2022.calicotab.com:kclopen:2487,,,,2026-09-26T13:52:04.780788+00:00
kclopen2024.calicotab.com:kclopen2024:38928,Social Policy & Welfare,keyword,1.0,2026-09-26T13:52:04.780788+00:00
kclopen2024.calicotab.com:kclopen2024:38929,Economics,keyword,1.0,2026-09-26T13:52:04.780788+00:00
kclopen2024.calicotab.com:kclopen2024:38930,Health,keyword,1.0,2026-09-26T13:52:04.780788+00:00
kclopen2024.calicotab.com:kclopen2024:38931,Religion,keyword,1.0,2026-09-26T13:52:04.780788+00:00
kclopen2024.calicotab.com:kclopen2024:38932,,,,2026-09-26T13:52:04.780788+00:00
kclopen25.calicotab.com:kclopen25:53325,,,,2026-09-26T13:52:04.780788+00:00
kclopen25.calicotab.com:kclopen25:53360,Religion,keyword,1.0,2026-09-26T13:52:04.780788+00:00
kclopen25.calicotab.com:kclopen25:53388,Economics,keyword,1.0,2026-09-26T13:52:04.780788+00:00
kclopen25.calicotab.com:kclopen25:53396,,,,2026-09-26T13:52:04.780788+00:00
kclopen25.calicotab.com:kclopen25:53554,Education,keyword,1.0,2026-09-26T13:52:04.780788+00:00
kclopen2025.calicotab.com:kclpreeudc2025:56894,,,,2026-09-26T13:52:04.780788+00:00
kclopen2025.calicotab.com:kclpreeudc2025:56926,Gender & Feminism,model,0.497,2026-09-26T13:52:04.780788+00:00
kclopen2025.calicotab.com:kclpreeudc2025:56941,Health,keyword,1.0,2026-09-26T13:52:04.780788+00:00
kclopen2025.calicotab.com:kclpreeudc2025:56956,Economics,keyword,1.0,2026-09-26T13:52:04.780788+00:00
kclopen2025.calicotab.com:kclpreeudc2025:57083,Military & Security,keyword,1.0,2026-09-26T13:52:04.780788+00:00
kclproam.calicotab.com:kclpa21:2469,,,,2026-09-26T13:52:04.780788+00:00
kclproam.calicotab.com:kclpa21:2470,Economics,keyword,1.0,2026-09-26T13:52:04.780788+00:00
kclproam.calicotab.com:kclpa21:2471,International Relations,keyword,1.0,2026-09-26T13:52:04.780788+00:00
kclproam2022.calicotab.com:kclpa2022:22118,,,,2026-09-26T13:52:04.780788+00:00
kclproam2022.calicotab.com:kclpa2022:22119,,,,2026-09-26T13:52:04.780788+00:00
kclproam2022.calicotab.com:kclpa2022:22120,,,,2026-09-26T13:52:04.780788+00:00
kclproam2022.calicotab.com:kclpa2022:22121,Law & Criminal Justice,keyword,1.0,2026-09-26T13:52:04.780788+00:00
kidaopen2024.calicotab.com:kidaopen2024:45450,,,,2026-09-26T13:52:04.780788+00:00
kidaopen2024.calicotab.com:kidaopen2024:45451,Military & Security,keyword,1.0,2026-09-26T13:52:04.780788+00:00
kidaopen2024.calicotab.com:kidaopen2024:45452,Gender & Feminism,keyword,1.0,2026-09-26T13:52:04.780788+00:00
kidaopen2024.calicotab.com:kidaopen2024:45453,Technology & Science,keyword,1.0,2026-09-26T13:52:04.780788+00:00
knustopen2024.calicotab.com:_:47318,,,,2026-09-26T13:52:04.780788+00:00
knustopen2024.calicotab.com:_:47319,,,,2026-09-26T13:52:04.780788+00:00
knustopen2024.calicotab.com:_:47320,Economics,keyword,1.0,2026-09-26T13:52:04.780788+00:00
knustopen2024.calicotab.com:_:47321,Media & Culture,keyword,1.0,2026-09-26T13:52:04.780788+00:00
knustopen2024.calicotab.com:_:47322,Economics,keyword,1.0,2026-09-26T13:52:04.780788+00:00
kds.calicotab.com:vcc23:6478,,,,2026-09-26T13:52:04.780788+00:00
kds.calicotab.com:vcc23:6476,,,,2026-09-26T13:52:04.780788+00:00
kds.calicotab.com:vcc23:6475,Environment,keyword,1.0,2026-09-26T13:52:04.780788+00:00
kasiyana.calicotab.com:kasiyana2025:61866,Economics,keyword,1.0,2026-09-26T13:52:04.780788+00:00
kasiyana.calicotab.com:kasiyana2025:61869,,,,2026-09-26T13:52:04.780788+00:00
kasiyana.calicotab.com:kasiyana2025:61870,Environment,keyword,1.0,2026-09-26T13:52:04.780788+00:00
kasiyana.calicotab.com:kasiyana2025:61871,,,,2026-09-26T13:52:04.780788+00:00
khalsapreabp2025.calicotab.com:khalsapreabp25:61646,Politics & Governance,keyword,1.0,2026-09-26T13:52:04.780788+00:00
khalsapreabp2025.calicotab.com:khalsapreabp25:61673,,,,2026-09-26T13:52:04.780788+00:00
khalsapreabp2025.calicotab.com:khalsapreabp25:61685,International Relations,keyword,1.0,2026-09-26T13:52:04.780788+00:00
khalsapreabp2025.calicotab.com:khalsapreabp25:61694,Politics & Governance,keyword,1.0,2026-09-26T13:52:04.780788+00:00
khalsapreabp2025.calicotab.com:khalsapreabp25:61727,Technology & Science,keyword,1.0,2026-09-26T13:52:04.780788+00:00
kudc.calicotab.com:KiambuNairobi25:59021,International Relations,keyword,1.0,2026-09-26T13:52:04.780788+00:00
kudc.calicotab.com:KiambuNairobi25:59064,,,,2026-09-26T13:52:04.780788+00:00
kinnairdurduopen21.calicotab.com:KCDC25:11364,Education,model,0.582,2026-09-26T13:52:04.780788+00:00
kinnairdurduopen21.calicotab.com:KCDC25:11365,,,,2026-09-26T13:52:04.780788+00:00
kmcirongiant.calicotab.com:kmcirongiant:41356,,,,2026-09-26T13:52:04.780788+00:00
kmcirongiant.calicotab.com:kmcirongiant:41357,Religion,keyword,1.0,2026-09-26T13:52:04.780788+00:00
kmcirongiant.calicotab.com:kmcirongiant:41358,,,,2026-09-26T13:52:04.780788+00:00
kmcirongiant.calicotab.com:kmcirongiant:41359,Health,keyword,1.0,2026-09-26T13:52:04.780788+00:00
kmcirongiant.calicotab.com:kmcirongiant:41360,Technology & Science,keyword,1.0,2026-09-26T13:52:04.780788+00:00
mkdsdaeknc2025.calicotab.com:mkdsdaeknc2025:67739,Education,keyword,1.0,2026-09-26T13:52:04.780788+00:00
mkdsdaeknc2025.calicotab.com:mkdsdaeknc2025:67782,,,,2026-09-26T13:52:04.780788+00:00
mkdsdaeknc2025.calicotab.com:mkdsdaeknc2025:67794,Politics & Governance,keyword,1.0,2026-09-26T13:52:04.780788+00:00
mkdsdaeknc2025.calicotab.com:mkdsdaeknc2025:67814,,,,2026-09-26T13:52:04.780788+00:00
mkdsdaeknc2025.calicotab.com:mkdsdaeknc2025:67841,,,,2026-09-26T13:52:04.780788+00:00
edudrift.calicotab.com:abp2024:7661,,,,2026-09-26T13:52:04.780788+00:00
edudrift.calicotab.com:abp2024:7660,Law & Criminal Justice,keyword,1.0,2026-09-26T13:52:04.780788+00:00
edudrift.calicotab.com:abp2024:7655,Economics,keyword,1.0,2026-09-26T13:52:04.780788+00:00
edudrift.calicotab.com:abp2024:7654,,,,2026-09-26T13:52:04.780788+00:00
edudrift.calicotab.com:abp2024:7653,Politics & Governance,keyword,1.0,2026-09-26T13:52:04.780788+00:00
edudrift.calicotab.com:abp2024:7652,,,,2026-09-26T13:52:04.780788+00:00
iiumedc.calicotab.com:abp2025:63525,Law & Criminal Justice,keyword,1.0,2026-09-26T13:52:04.780788+00:00
iiumedc.calicotab.com:abp2025:63546,Education,keyword,1.0,2026-09-26T13:52:04.780788+00:00
iiumedc.calicotab.com:abp2025:63592,Politics & Governance,model,0.356,2026-09-26T13:52:04.780788+00:00
iiumedc.calicotab.com:abp2025:63601,Economics,keyword,1.0,2026-09-26T13:52:04.780788+00:00
iiumedc.calicotab.com:abp2025:63611,Religion,keyword,1.0,2026-09-26T13:52:04.780788+00:00
iiumedc.calicotab.com:abp2025:63624,,,,2026-09-26T13:52:04.780788+00:00
neadc2024.calicotab.com:neadc2024:46082,,,,2026-09-26T13:52:04.780788+00:00
neadc2024.calicotab.com:neadc2024:46083,Economics,keyword,1.0,2026-09-26T13:52:04.780788+00:00
neadc2024.calicotab.com:neadc2024:46084,Gender & Feminism,keyword,1.0,2026-09-26T13:52:04.780788+00:00
neadc2024.calicotab.com:neadc2024:46085,,,,2026-09-26T13:52:04.780788+00:00
neadc2024.calicotab.com:neadc2024:46086,,,,2026-09-26T13:52:04.780788+00:00
neadc2024.calicotab.com:neadc2024:46087,Education,keyword,1.0,2026-09-26T13:52:04.780788+00:00
kumasi.calicotab.com:kdo24:28629,,,,2026-09-26T13:52:04.780788+00:00
kumasi.calicotab.com:kdo24:28630,,,,2026-09-26T13:52:04.780788+00:00
kumasi.calicotab.com:kdo24:28631,,,,2026-09-26T13:52:04.780788+00:00
kumasi.calicotab.com:kdo24:28633,Military & Security,keyword,1.0,2026-09-26T13:52:04.780788+00:00
kumasi.calicotab.com:kdo24:28634,Health,keyword,1.0,2026-09-26T13:52:04.780788+00:00
kumasi.calicotab.com:kdo2025:56713,Education,keyword,1.0,2026-09-26T13:52:04.780788+00:00
kumasi.calicotab.com:kdo2025:56714,Economics,keyword,1.0,2026-09-26T13:52:04.780788+00:00
kumasi.calicotab.com:kdo2025:56723,,,,2026-09-26T13:52:04.780788+00:00
kumasi.calicotab.com:kdo2025:56726,Technology & Science,keyword,1.0,2026-09-26T13:52:04.780788+00:00
kumasi.calicotab.com:kdo2025:56727,Economics,keyword,1.0,2026-09-26T13:52:04.780788+00:00
kumasi.calicotab.com:kdo2025:56735,,,,2026-09-26T13:52:04.780788+00:00
kumasi.calicotab.com:kdo2025:56775,,,,2026-09-26T13:52:04.780788+00:00
kumasi.calicotab.com:kdo2026:79410,,,,2026-09-26T13:52:04.780788+00:00
kumasi.calicotab.com:kdo2026:79411,,,,2026-09-26T13:52:04.780788+00:00
kumasi.calicotab.com:kdo2026:79439,Gender & Feminism,keyword,1.0,2026-09-26T13:52:04.780788+00:00
kumasi.calicotab.com:kdo2026:79440,Politics & Governance,keyword,1.0,2026-09-26T13:52:04.780788+00:00
kumasi.calicotab.com:kdo2026:79442,,,,2026-09-26T13:52:04.780788+00:00
kumasi.calicotab.com:kdo2026:79452,Religion,keyword,1.0,2026-09-26T13:52:04.780788+00:00
kumasi.calicotab.com:kdo2026:79453,,,,2026-09-26T13:52:04.780788+00:00
kyivopen2021.calicotab.com:kyiv:12678,,,,2026-09-26T13:52:04.780788+00:00
kyivopen2021.calicotab.com:kyiv:12679,,,,2026-09-26T13:52:04.780788+00:00
kyivopen2021.calicotab.com:kyiv:12680,Health,keyword,1.0,2026-09-26T13:52:04.780788+00:00
kyivopen2021.calicotab.com:kyiv:12681,Law & Criminal Justice,keyword,1.0,2026-09-26T13:52:04.780788+00:00
kyivopen2021.calicotab.com:kyiv:12682,Religion,keyword,1.0,2026-09-26T13:52:04.780788+00:00
stevehunt.calicotab.com:shc25:65260,,,,2026-09-26T13:52:04.780788+00:00
stevehunt.calicotab.com:shc25:65273,Politics & Governance,keyword,1.0,2026-09-26T13:52:04.780788+00:00
stevehunt.calicotab.com:shc25:65280,,,,2026-09-26T13:52:04.780788+00:00
stevehunt.calicotab.com:shc25:65281,Education,keyword,1.0,2026-09-26T13:52:04.780788+00:00
stevehunt.calicotab.com:shc25:65282,Environment,keyword,1.0,2026-09-26T13:52:04.780788+00:00
lsetabs.calicotab.com:lseiv2022:21424,International Relations,keyword,1.0,2026-09-26T13:52:04.780788+00:00
lsetabs.calicotab.com:lseiv2022:21425,Law & Criminal Justice,keyword,1.0,2026-09-26T13:52:04.780788+00:00
lsetabs.calicotab.com:lseiv2022:21426,,,,2026-09-26T13:52:04.780788+00:00
lsetabs.calicotab.com:lseiv2022:21427,Politics & Governance,keyword,1.0,2026-09-26T13:52:04.780788+00:00
lsetabs.calicotab.com:lseiv2022:21428,Technology & Science,keyword,1.0,2026-09-26T13:52:04.780788+00:00
lsexiv.calicotab.com:lsexiv:35654,Politics & Governance,keyword,1.0,2026-09-26T13:52:04.780788+00:00
lsexiv.calicotab.com:lsexiv:35655,Health,keyword,1.0,2026-09-26T13:52:04.780788+00:00
lsexiv.calicotab.com:lsexiv:35656,International Relations,keyword,1.0,2026-09-26T13:52:04.780788+00:00
lsexiv.calicotab.com:lsexiv:35657,Gender & Feminism,model,0.614,2026-09-26T13:52:04.780788+00:00
lsexiv.calicotab.com:lsexiv:35658,,,,2026-09-26T13:52:04.780788+00:00
lseiv2025.calicotab.com:lseiv2025:67837,,,,2026-09-26T13:52:04.780788+00:00
lseiv2025.calicotab.com:lseiv2025:67864,Economics,keyword,1.0,2026-09-26T13:52:04.780788+00:00
lseiv2025.calicotab.com:lseiv2025:67892,,,,2026-09-26T13:52:04.780788+00:00
lseiv2025.calicotab.com:lseiv2025:67912,,,,2026-09-26T13:52:04.780788+00:00
lseiv2025.calicotab.com:lseiv2025:67997,Gender & Feminism,keyword,1.0,2026-09-26T13:52:04.780788+00:00
lseopen2022.calicotab.com:_:16120,Media & Culture,keyword,1.0,2026-09-26T13:52:04.780788+00:00
lseopen2022.calicotab.com:_:16121,Economics,keyword,1.0,2026-09-26T13:52:04.780788+00:00
lseopen2022.calicotab.com:_:16122,Law & Criminal Justice,keyword,1.0,2026-09-26T13:52:04.780788+00:00
lseopen2022.calicotab.com:_:16123,,,,2026-09-26T13:52:04.780788+00:00
lseopen2022.calicotab.com:_:16124,Economics,keyword,1.0,2026-09-26T13:52:04.780788+00:00
lseopen2023.calicotab.com:_:26216,Politics & Governance,keyword,1.0,2026-09-26T13:52:04.780788+00:00
lseopen2023.calicotab.com:_:26217,Politics & Governance,keyword,1.0,2026-09-26T13:52:04.780788+00:00
lseopen2023.calicotab.com:_:26218,Economics,keyword,1.0,2026-09-26T13:52:04.780788+00:00
lseopen2023.calicotab.com:_:26219,Politics & Governance,keyword,1.0,2026-09-26T13:52:04.780788+00:00
lseopen2023.calicotab.com:_:26220,,,,2026-09-26T13:52:04.780788+00:00
lseopen2024.calicotab.com:lsexopen2024:39745,Education,keyword,1.0,2026-09-26T13:52:04.780788+00:00
lseopen2024.calicotab.com:lsexopen2024:39747,Law & Criminal Justice,keyword,1.0,2026-09-26T13:52:04.780788+00:00
lseopen2024.calicotab.com:lsexopen2024:39746,International Relations,keyword,1.0,2026-09-26T13:52:04.780788+00:00
lseopen2024.calicotab.com:lsexopen2024:39748,Gender & Feminism,keyword,1.0,2026-09-26T13:52:04.780788+00:00
lseopen2024.calicotab.com:lsexopen2024:39749,,,,2026-09-26T13:52:04.780788+00:00
lseopen2025.calicotab.com:_:51320,Law & Criminal Justice,keyword,1.0,2026-09-26T13:52:04.780788+00:00
lseopen2025.calicotab.com:_:51361,,,,2026-09-26T13:52:04.780788+00:00
lseopen2025.calicotab.com:_:51387,Economics,keyword,1.0,2026-09-26T13:52:04.780788+00:00
lseopen2025.calicotab.com:_:51403,Gender & Feminism,keyword,1.0,2026-09-26T13:52:04.780788+00:00
lseopen2025.calicotab.com:_:51498,Law & Criminal Justice,keyword,1.0,2026-09-26T13:52:04.780788+00:00
lseopen2026.calicotab.com:_:74001,,,,2026-09-26T13:52:04.780788+00:00
lseopen2026.calicotab.com:_:74023,Politics & Governance,keyword,1.0,2026-09-26T13:52:04.780788+00:00
lseopen2026.calicotab.com:_:74052,Economics,keyword,1.0,2026-09-26T13:52:04.780788+00:00
lseopen2026.calicotab.com:_:74066,,,,2026-09-26T13:52:04.780788+00:00
lseopen2026.calicotab.com:_:74164,Politics & Governance,keyword,1.0,2026-09-26T13:52:04.780788+00:00
lsekclnovices.calicotab.com:lsekclnovices25:66188,,,,2026-09-26T13:52:04.780788+00:00
lsekclnovices.calicotab.com:lsekclnovices25:66202,Law & Criminal Justice,keyword,1.0,2026-09-26T13:52:04.780788+00:00
lsekclnovices.calicotab.com:lsekclnovices25:66217,Religion,keyword,1.0,2026-09-26T13:52:04.780788+00:00
lsekclnovices.calicotab.com:lsekclnovices25:66223,,,,2026-09-26T13:52:04.780788+00:00
lums.calicotab.com:lumsiv2023:10018,,,,2026-09-26T13:52:04.780788+00:00
lums.calicotab.com:lumsiv2023:10019,Education,keyword,1.0,2026-09-26T13:52:04.780788+00:00
lums.calicotab.com:lumsiv2023:10020,Law & Criminal Justice,keyword,1.0,2026-09-26T13:52:04.780788+00:00
lums.calicotab.com:lumsiv2023:10021,,,,2026-09-26T13:52:04.780788+00:00
lums.calicotab.com:lumsiv2026:71342,,,,2026-09-26T13:52:04.780788+00:00
lums.calicotab.com:lumsiv2026:71647,Environment,keyword,1.0,2026-09-26T13:52:04.780788+00:00
lums.calicotab.com:lumsiv2026:71419,,,,2026-09-26T13:52:04.780788+00:00
lums.calicotab.com:lumsiv2026:71441,Education,keyword,1.0,2026-09-26T13:52:04.780788+00:00
lums.calicotab.com:lumsiv2026:71561,Media & Culture,keyword,1.0,2026-09-26T13:52:04.780788+00:00
lums.calicotab.com:lumspreabp2024:10064,Media & Culture,model,0.353,2026-09-26T13:52:04.780788+00:00
lums.calicotab.com:lumspreabp2024:10065,Politics & Governance,keyword,1.0,2026-09-26T13:52:04.780788+00:00
lums.calicotab.com:lumspreabp2024:10066,Politics & Governance,keyword,1.0,2026-09-26T13:52:04.780788+00:00
lums.calicotab.com:lumspreabp2024:10067,,,,2026-09-26T13:52:04.780788+00:00
lums.calicotab.com:lumspreabp2024:10069,,,,2026-09-26T13:52:04.780788+00:00
debatefoster.calicotab.com:LVO2024:37940,Health,keyword,1.0,2026-09-26T13:52:04.780788+00:00
debatefoster.calicotab.com:LVO2024:37939,Health,keyword,1.0,2026-09-26T13:52:04.780788+00:00
debatefoster.calicotab.com:LVO2024:37941,Technology & Science,keyword,1.0,2026-09-26T13:52:04.780788+00:00
debatefoster.calicotab.com:LVO2024:37938,Health,keyword,1.0,2026-09-26T13:52:04.780788+00:00
debatefoster.calicotab.com:LVO2024:37937,,,,2026-09-26T13:52:04.780788+00:00
lancasteriv.calicotab.com:lancaster25:50790,Gender & Feminism,keyword,1.0,2026-09-26T13:52:04.780788+00:00
lancasteriv.calicotab.com:lancaster25:50791,Technology & Science,keyword,1.0,2026-09-26T13:52:04.780788+00:00
lancasteriv.calicotab.com:lancaster25:50792,Economics,keyword,1.0,2026-09-26T13:52:04.780788+00:00
lancasteriv.calicotab.com:lancaster25:50793,,,,2026-09-26T13:52:04.780788+00:00
lantugi.calicotab.com:novicecup24:46604,Gender & Feminism,keyword,1.0,2026-09-26T13:52:04.780788+00:00
lantugi.calicotab.com:novicecup24:46605,Religion,model,0.378,2026-09-26T13:52:04.780788+00:00
lantugi.calicotab.com:novicecup24:46606,Economics,keyword,1.0,2026-09-26T13:52:04.780788+00:00
lantugi.calicotab.com:novicecup24:46607,Education,keyword,1.0,2026-09-26T13:52:04.780788+00:00
lnc.calicotab.com:lnc2025:62809,,,,2026-09-26T13:52:04.780788+00:00
lnc.calicotab.com:lnc2025:62829,Politics & Governance,keyword,1.0,2026-09-26T13:52:04.780788+00:00
lnc.calicotab.com:lnc2025:62857,,,,2026-09-26T13:52:04.780788+00:00
lnc.calicotab.com:lnc2025:62878,,,,2026-09-26T13:52:04.780788+00:00
ldsgoldencup25.calicotab.com:ldsgoldencup25:68222,Economics,keyword,1.0,2026-09-26T13:52:04.780788+00:00
ldsgoldencup25.calicotab.com:ldsgoldencup25:68223,,,,2026-09-26T13:52:04.780788+00:00
ldsgoldencup25.calicotab.com:ldsgoldencup25:68224,Gender & Feminism,keyword,1.0,2026-09-26T13:52:04.780788+00:00
ldsgoldencup25.calicotab.com:ldsgoldencup25:68225,,,,2026-09-26T13:52:04.780788+00:00
ldsgoldencup25.calicotab.com:ldsgoldencup25:68419,Economics,keyword,1.0,2026-09-26T13:52:04.780788+00:00
leidenopen23.calicotab.com:leidenopen23:26838,,,,2026-09-26T13:52:04.780788+00:00
leidenopen23.calicotab.com:leidenopen23:26839,Media & Culture,keyword,1.0,2026-09-26T13:52:04.780788+00:00
leidenopen23.calicotab.com:leidenopen23:26840,Politics & Governance,keyword,1.0,2026-09-26T13:52:04.780788+00:00
leidenopen23.calicotab.com:leidenopen23:26841,Economics,keyword,1.0,2026-09-26T13:52:04.780788+00:00
leidenopen23.calicotab.com:leidenopen23:26842,,,,2026-09-26T13:52:04.780788+00:00
leidenopen2024.calicotab.com:_:41100,,,,2026-09-26T13:52:04.780788+00:00
leidenopen2024.calicotab.com:_:41101,Politics & Governance,keyword,1.0,2026-09-26T13:52:04.780788+00:00
leidenopen2024.calicotab.com:_:41102,,,,2026-09-26T13:52:04.780788+00:00
leidenopen2024.calicotab.com:_:41103,Religion,keyword,1.0,2026-09-26T13:52:04.780788+00:00
leidenopen2024.calicotab.com:_:41104,Economics,keyword,1.0,2026-09-26T13:52:04.780788+00:00
lo2026.calicotab.com:LO2026:73453,,,,2026-09-26T13:52:04.780788+00:00
lo2026.calicotab.com:LO2026:73475,,,,2026-09-26T13:52:04.780788+00:00
lo2026.calicotab.com:LO2026:73494,Gender & Feminism,model,0.66,2026-09-26T13:52:04.780788+00:00
lo2026.calicotab.com:LO2026:73515,,,,2026-09-26T13:52:04.780788+00:00
lo2026.calicotab.com:LO2026:73675,Economics,keyword,1.0,2026-09-26T13:52:04.780788+00:00
linkbate-6-2022.calicotab.com:linkbate:14315,,,,2026-09-26T13:52:04.780788+00:00
linkbate-6-2022.calicotab.com:linkbate:14316,Gender & Feminism,model,0.504,2026-09-26T13:52:04.780788+00:00
linkbate-6-2022.calicotab.com:linkbate:14317,International Relations,model,0.372,2026-09-26T13:52:04.780788+00:00
linkbate-6-2022.calicotab.com:linkbate:14318,,,,2026-09-26T13:52:04.780788+00:00
linkbate2024.calicotab.com:linkbate:38396,,,,2026-09-26T13:52:04.780788+00:00
linkbate2024.calicotab.com:linkbate:38397,Economics,keyword,1.0,2026-09-26T13:52:04.780788+00:00
linkbate2024.calicotab.com:linkbate:38400,Politics & Governance,keyword,1.0,2026-09-26T13:52:04.780788+00:00
linkbate2024.calicotab.com:linkbate:38401,,,,2026-09-26T13:52:04.780788+00:00
linkbate2024.calicotab.com:linkbate:38402,Politics & Governance,keyword,1.0,2026-09-26T13:52:04.780788+00:00
liverpool23.calicotab.com:Liverpool23:27519,Gender & Feminism,keyword,1.0,2026-09-26T13:52:04.780788+00:00
liverpool23.calicotab.com:Liverpool23:27520,Technology & Science,keyword,1.0,2026-09-26T13:52:04.780788+00:00
liverpool23.calicotab.com:Liverpool23:27521,Gender & Feminism,keyword,1.0,2026-09-26T13:52:04.780788+00:00
liverpool23.calicotab.com:Liverpool23:27522,International Relations,keyword,1.0,2026-09-26T13:52:04.780788+00:00
liverpool25.calicotab.com:liverpool25:55993,Economics,keyword,1.0,2026-09-26T13:52:04.780788+00:00
liverpool25.calicotab.com:liverpool25:55994,Education,keyword,1.0,2026-09-26T13:52:04.780788+00:00
liverpool25.calicotab.com:liverpool25:56049,Politics & Governance,keyword,1.0,2026-09-26T13:52:04.780788+00:00
liverpool25.calicotab.com:liverpool25:56050,Economics,keyword,1.0,2026-09-26T13:52:04.780788+00:00
liverpooliv2026.calicotab.com:liverpooliv2026:79178,,,,2026-09-26T13:52:04.780788+00:00
liverpooliv2026.calicotab.com:liverpooliv2026:79219,International Relations,model,0.359,2026-09-26T13:52:04.780788+00:00
liverpooliv2026.calicotab.com:liverpooliv2026:79237,,,,2026-09-26T13:52:04.780788+00:00
liverpooliv2026.calicotab.com:liverpooliv2026:79249,Economics,keyword,1.0,2026-09-26T13:52:04.780788+00:00
mersey.calicotab.com:LDU:66485,,,,2026-09-26T13:52:04.780788+00:00
mersey.calicotab.com:LDU:66509,Environment,keyword,1.0,2026-09-26T13:52:04.780788+00:00
mersey.calicotab.com:LDU:66524,,,,2026-09-26T13:52:04.780788+00:00
tab.debate.si:lj-iv-23:183,,,,2026-09-26T13:52:04.780788+00:00
tab.debate.si:lj-iv-23:184,,,,2026-09-26T13:52:04.780788+00:00
tab.debate.si:lj-iv-23:185,Law & Criminal Justice,keyword,1.0,2026-09-26T13:52:04.780788+00:00
tab.debate.si:lj-iv-23:186,,,,2026-09-26T13:52:04.780788+00:00
tab.debate.si:lj-iv-23:187,,,,2026-09-26T13:52:04.780788+00:00
tab.debate.si:lj-iv-24:259,,,,2026-09-26T13:52:04.780788+00:00
tab.debate.si:lj-iv-24:260,Gender & Feminism,model,0.473,2026-09-26T13:52:04.780788+00:00
tab.debate.si:lj-iv-24:261,,,,2026-09-26T13:52:04.780788+00:00
tab.debate.si:lj-iv-24:262,Economics,keyword,1.0,2026-09-26T13:52:04.780788+00:00
tab.debate.si:lj-iv-24:263,Politics & Governance,keyword,1.0,2026-09-26T13:52:04.780788+00:00
tab.debate.si:lj-pre-wudc-25:285,Religion,keyword,1.0,2026-09-26T13:52:04.780788+00:00
tab.debate.si:lj-pre-wudc-25:286,,,,2026-09-26T13:52:04.780788+00:00
tab.debate.si:lj-pre-wudc-25:287,,,,2026-09-26T13:52:04.780788+00:00
tab.debate.si:lj-pre-wudc-25:288,Politics & Governance,keyword,1.0,2026-09-26T13:52:04.780788+00:00
tab.debate.si:lj-pre-wudc-25:289,Politics & Governance,keyword,1.0,2026-09-26T13:52:04.780788+00:00
dorchestercup2026.calicotab.com:dorchestercup2026:73253,Religion,keyword,1.0,2026-09-26T13:52:04.780788+00:00
dorchestercup2026.calicotab.com:dorchestercup2026:73254,,,,2026-09-26T13:52:04.780788+00:00
dorchestercup2026.calicotab.com:dorchestercup2026:73255,Politics & Governance,keyword,1.0,2026-09-26T13:52:04.780788+00:00
dorchestercup2026.calicotab.com:dorchestercup2026:73256,,,,2026-09-26T13:52:04.780788+00:00
dorchestercup2026.calicotab.com:dorchestercup2026:73257,Education,keyword,1.0,2026-09-26T13:52:04.780788+00:00
loyoladebateopen2.calicotab.com:loyoladebateopen2:21328,,,,2026-09-26T13:52:04.780788+00:00
loyoladebateopen2.calicotab.com:loyoladebateopen2:21329,Media & Culture,keyword,1.0,2026-09-26T13:52:04.780788+00:00
loyoladebateopen2.calicotab.com:loyoladebateopen2:21330,,,,2026-09-26T13:52:04.780788+00:00
loyoladebateopen2.calicotab.com:loyoladebateopen2:21331,Law & Criminal Justice,keyword,1.0,2026-09-26T13:52:04.780788+00:00
loyoladebateopen2.calicotab.com:loyoladebateopen2:21332,,,,2026-09-26T13:52:04.780788+00:00
loyoladebateopen3.calicotab.com:loyoladebateopen3:44881,,,,2026-09-26T13:52:04.780788+00:00
loyoladebateopen3.calicotab.com:loyoladebateopen3:44882,,,,2026-09-26T13:52:04.780788+00:00
loyoladebateopen3.calicotab.com:loyoladebateopen3:44883,,,,2026-09-26T13:52:04.780788+00:00
loyoladebateopen3.calicotab.com:loyoladebateopen3:44884,,,,2026-09-26T13:52:04.780788+00:00
loyoladebateopen3.calicotab.com:loyoladebateopen3:44885,Religion,model,0.441,2026-09-26T13:52:04.780788+00:00
luzonintervarsity.calicotab.com:liv2021:12583,Religion,keyword,1.0,2026-09-26T13:52:04.780788+00:00
luzonintervarsity.calicotab.com:liv2021:12570,,,,2026-09-26T13:52:04.780788+00:00
luzonintervarsity.calicotab.com:liv2021:12572,International Relations,keyword,1.0,2026-09-26T13:52:04.780788+00:00
luzonintervarsity.calicotab.com:liv2021:12571,Media & Culture,keyword,1.0,2026-09-26T13:52:04.780788+00:00
luzonintervarsity.calicotab.com:liv2021:12575,Social Policy & Welfare,keyword,1.0,2026-09-26T13:52:04.780788+00:00
luzonintervarsity.calicotab.com:liv2021:12576,,,,2026-09-26T13:52:04.780788+00:00
luzonintervarsity.calicotab.com:liv2022:12586,,,,2026-09-26T13:52:04.780788+00:00
luzonintervarsity.calicotab.com:liv2022:12587,Environment,keyword,1.0,2026-09-26T13:52:04.780788+00:00
luzonintervarsity.calicotab.com:liv2022:12592,Gender & Feminism,keyword,1.0,2026-09-26T13:52:04.780788+00:00
luzonintervarsity.calicotab.com:liv2022:12588,,,,2026-09-26T13:52:04.780788+00:00
luzonintervarsity.calicotab.com:liv2023:12593,,,,2026-09-26T13:52:04.780788+00:00
luzonintervarsity.calicotab.com:liv2023:12594,Environment,keyword,1.0,2026-09-26T13:52:04.780788+00:00
luzonintervarsity.calicotab.com:liv2023:12595,Economics,keyword,1.0,2026-09-26T13:52:04.780788+00:00
luzonintervarsity.calicotab.com:liv2023:12596,Religion,keyword,1.0,2026-09-26T13:52:04.780788+00:00
maastricht2025.calicotab.com:maastricht2025:52315,Health,keyword,1.0,2026-09-26T13:52:04.780788+00:00
maastricht2025.calicotab.com:maastricht2025:52355,,,,2026-09-26T13:52:04.780788+00:00
maastricht2025.calicotab.com:maastricht2025:52394,International Relations,keyword,1.0,2026-09-26T13:52:04.780788+00:00
maastricht2025.calicotab.com:maastricht2025:52416,,,,2026-09-26T13:52:04.780788+00:00
maastricht2025.calicotab.com:maastricht2025:52544,Gender & Feminism,keyword,1.0,2026-09-26T13:52:04.780788+00:00
macaudebateopen2025.calicotab.com:macaudebateopen2025:49745,Economics,keyword,1.0,2026-09-26T13:52:04.780788+00:00
macaudebateopen2025.calicotab.com:macaudebateopen2025:49746,,,,2026-09-26T13:52:04.780788+00:00
macaudebateopen2025.calicotab.com:macaudebateopen2025:49747,,,,2026-09-26T13:52:04.780788+00:00
macaudebateopen2025.calicotab.com:macaudebateopen2025:49843,,,,2026-09-26T13:52:04.780788+00:00
macaudebateopen2025.calicotab.com:macaudebateopen2025:49749,Gender & Feminism,keyword,1.0,2026-09-26T13:52:04.780788+00:00
macaudebateopen26.calicotab.com:macau2026:76301,International Relations,keyword,1.0,2026-09-26T13:52:04.780788+00:00
macaudebateopen26.calicotab.com:macau2026:76328,,,,2026-09-26T13:52:04.780788+00:00
macaudebateopen26.calicotab.com:macau2026:76345,Economics,keyword,1.0,2026-09-26T13:52:04.780788+00:00
macaudebateopen26.calicotab.com:macau2026:76350,,,,2026-09-26T13:52:04.780788+00:00
macaudebateopen26.calicotab.com:macau2026:76436,,,,2026-09-26T13:52:04.780788+00:00
mactabs2022.calicotab.com:macproam2022:14660,,,,2026-09-26T13:52:04.780788+00:00
mactabs2022.calicotab.com:macproam2022:14661,,,,2026-09-26T13:52:04.780788+00:00
mactabs2022.calicotab.com:macproam2022:14662,,,,2026-09-26T13:52:04.780788+00:00
mactabs2022.calicotab.com:macproam2022:14663,,,,2026-09-26T13:52:04.780788+00:00
mactabs2022.calicotab.com:macproam2022:14664,Technology & Science,keyword,1.0,2026-09-26T13:52:04.780788+00:00
mactabs2025.calicotab.com:macpa2025:65580,,,,2026-09-26T13:52:04.780788+00:00
mactabs2025.calicotab.com:macpa2025:65587,,,,2026-09-26T13:52:04.780788+00:00
mactabs2025.calicotab.com:macpa2025:65603,Health,keyword,1.0,2026-09-26T13:52:04.780788+00:00
mactabs2025.calicotab.com:macpa2025:65736,,,,2026-09-26T13:52:04.780788+00:00
mactabs2025.calicotab.com:macpa2025:65741,Economics,keyword,1.0,2026-09-26T13:52:04.780788+00:00
mactabs2026.calicotab.com:macproam26:83851,,,,2026-09-26T13:52:04.780788+00:00
mactabs2026.calicotab.com:macproam26:83852,,,,2026-09-26T13:52:04.780788+00:00
mactabs2026.calicotab.com:macproam26:83853,Politics & Governance,keyword,1.0,2026-09-26T13:52:04.780788+00:00
mactabs2026.calicotab.com:macproam26:83854,International Relations,keyword,1.0,2026-09-26T13:52:04.780788+00:00
mactabs2026.calicotab.com:macproam26:83855,Politics & Governance,keyword,1.0,2026-09-26T13:52:04.780788+00:00
dnn.calicotab.com:ms2024:11923,,,,2026-09-26T13:52:04.780788+00:00
dnn.calicotab.com:ms2024:11922,,,,2026-09-26T13:52:04.780788+00:00
dnn.calicotab.com:ms2024:11927,Economics,keyword,1.0,2026-09-26T13:52:04.780788+00:00
dnn.calicotab.com:ms2024:11921,Technology & Science,keyword,1.0,2026-09-26T13:52:04.780788+00:00
dnn.calicotab.com:ms2024:11926,Environment,keyword,1.0,2026-09-26T13:52:04.780788+00:00
makdo.calicotab.com:makdo2023:32574,,,,2026-09-26T13:52:04.780788+00:00
makdo.calicotab.com:makdo2023:32575,Law & Criminal Justice,keyword,1.0,2026-09-26T13:52:04.780788+00:00
makdo.calicotab.com:makdo2023:32576,,,,2026-09-26T13:52:04.780788+00:00
makdo.calicotab.com:makdo2023:32578,,,,2026-09-26T13:52:04.780788+00:00
midp.calicotab.com:mabp2023:8372,Education,keyword,1.0,2026-09-26T13:52:04.780788+00:00
midp.calicotab.com:mabp2023:8371,,,,2026-09-26T13:52:04.780788+00:00
midp.calicotab.com:mabp2023:8370,Health,keyword,1.0,2026-09-26T13:52:04.780788+00:00
midp.calicotab.com:mabp2023:8369,International Relations,keyword,1.0,2026-09-26T13:52:04.780788+00:00
midp.calicotab.com:mabp2023:8368,International Relations,keyword,1.0,2026-09-26T13:52:04.780788+00:00
midp.calicotab.com:mabp2023:8367,Gender & Feminism,keyword,1.0,2026-09-26T13:52:04.780788+00:00
midp.calicotab.com:MBP2021:8846,Education,keyword,1.0,2026-09-26T13:52:04.780788+00:00
midp.calicotab.com:MBP2021:8843,,,,2026-09-26T13:52:04.780788+00:00
midp.calicotab.com:malaysiabp2022:8565,,,,2026-09-26T13:52:04.780788+00:00
midp.calicotab.com:malaysiabp2022:8564,,,,2026-09-26T13:52:04.780788+00:00
midp.calicotab.com:malaysiabp2022:8563,Politics & Governance,keyword,1.0,2026-09-26T13:52:04.780788+00:00
midp.calicotab.com:malaysiabp2022:8562,,,,2026-09-26T13:52:04.780788+00:00
midp.calicotab.com:malaysiabp2023:8630,,,,2026-09-26T13:52:04.780788+00:00
midp.calicotab.com:malaysiabp2023:8629,Economics,keyword,1.0,2026-09-26T13:52:04.780788+00:00
midp.calicotab.com:malaysiabp2023:8628,,,,2026-09-26T13:52:04.780788+00:00
malaydo2024.calicotab.com:mdo2024:45720,Education,keyword,1.0,2026-09-26T13:52:04.780788+00:00
malaydo2024.calicotab.com:mdo2024:45721,Gender & Feminism,keyword,1.0,2026-09-26T13:52:04.780788+00:00
malaydo2024.calicotab.com:mdo2024:45722,,,,2026-09-26T13:52:04.780788+00:00
malaydo2024.calicotab.com:mdo2024:45723,,,,2026-09-26T13:52:04.780788+00:00
wolce.calicotab.com:mnidc2021:7993,Gender & Feminism,keyword,1.0,2026-09-26T13:52:04.780788+00:00
wolce.calicotab.com:mnidc2021:7995,Environment,keyword,1.0,2026-09-26T13:52:04.780788+00:00
wolce.calicotab.com:mnidc2021:7997,Military & Security,model,0.522,2026-09-26T13:52:04.780788+00:00
wolce.calicotab.com:mnidc2021:7996,,,,2026-09-26T13:52:04.780788+00:00
wolce.calicotab.com:mnidc2022:8186,,,,2026-09-26T13:52:04.780788+00:00
wolce.calicotab.com:mnidc2022:8173,,,,2026-09-26T13:52:04.780788+00:00
wolce.calicotab.com:mnidc2022:8176,International Relations,keyword,1.0,2026-09-26T13:52:04.780788+00:00
wolce.calicotab.com:mnidc2022:8177,Economics,keyword,1.0,2026-09-26T13:52:04.780788+00:00
maradebates.calicotab.com:mnidc2023:23974,,,,2026-09-26T13:52:04.780788+00:00
maradebates.calicotab.com:mnidc2023:23975,Gender & Feminism,keyword,1.0,2026-09-26T13:52:04.780788+00:00
maradebates.calicotab.com:mnidc2023:23976,Education,keyword,1.0,2026-09-26T13:52:04.780788+00:00
maradebates.calicotab.com:mnidc2023:23977,Education,keyword,1.0,2026-09-26T13:52:04.780788+00:00
unimasdebates.calicotab.com:mnidc2024:47708,,,,2026-09-26T13:52:04.780788+00:00
unimasdebates.calicotab.com:mnidc2024:47710,Gender & Feminism,keyword,1.0,2026-09-26T13:52:04.780788+00:00
unimasdebates.calicotab.com:mnidc2024:47709,,,,2026-09-26T13:52:04.780788+00:00
unimasdebates.calicotab.com:mnidc2024:47711,Politics & Governance,keyword,1.0,2026-09-26T13:52:04.780788+00:00
udosuniten.calicotab.com:mnidc25:64705,Politics & Governance,keyword,1.0,2026-09-26T13:52:04.780788+00:00
udosuniten.calicotab.com:mnidc25:64718,,,,2026-09-26T13:52:04.780788+00:00
udosuniten.calicotab.com:mnidc25:64749,Politics & Governance,keyword,1.0,2026-09-26T13:52:04.780788+00:00
udosuniten.calicotab.com:mnidc25:64770,Gender & Feminism,keyword,1.0,2026-09-26T13:52:04.780788+00:00
modo.calicotab.com:modo2025:51256,,,,2026-09-26T13:52:04.780788+00:00
modo.calicotab.com:modo2025:51277,Education,keyword,1.0,2026-09-26T13:52:04.780788+00:00
modo.calicotab.com:modo2025:51302,Gender & Feminism,keyword,1.0,2026-09-26T13:52:04.780788+00:00
modo.calicotab.com:modo2025:51351,Media & Culture,keyword,1.0,2026-09-26T13:52:04.780788+00:00
mapdebate.calicotab.com:mapwudc2025:65583,,,,2026-09-26T13:52:04.780788+00:00
mapdebate.calicotab.com:mapwudc2025:65602,,,,2026-09-26T13:52:04.780788+00:00
mapdebate.calicotab.com:mapwudc2025:65638,,,,2026-09-26T13:52:04.780788+00:00
mapdebate.calicotab.com:mapwudc2025:65655,Gender & Feminism,keyword,1.0,2026-09-26T13:52:04.780788+00:00
mapdebate.calicotab.com:mapwudc2025:65744,Politics & Governance,keyword,1.0,2026-09-26T13:52:04.780788+00:00
manchesteriv2023.calicotab.com:manchesteriv:26120,Economics,keyword,1.0,2026-09-26T13:52:04.780788+00:00
manchesteriv2023.calicotab.com:manchesteriv:26123,Law & Criminal Justice,keyword,1.0,2026-09-26T13:52:04.780788+00:00
manchesteriv2023.calicotab.com:manchesteriv:26124,Economics,keyword,1.0,2026-09-26T13:52:04.780788+00:00
manchesteriv2023.calicotab.com:manchesteriv:26125,,,,2026-09-26T13:52:04.780788+00:00
manchesteriv2023.calicotab.com:manchesteriv:26126,Media & Culture,keyword,1.0,2026-09-26T13:52:04.780788+00:00
manchesteriv2024.calicotab.com:Manchester2024:39377,,,,2026-09-26T13:52:04.780788+00:00
manchesteriv2024.calicotab.com:Manchester2024:39378,Media & Culture,keyword,1.0,2026-09-26T13:52:04.780788+00:00
manchesteriv2024.calicotab.com:Manchester2024:39379,Economics,keyword,1.0,2026-09-26T13:52:04.780788+00:00
manchesteriv2024.calicotab.com:Manchester2024:39380,Health,keyword,1.0,2026-09-26T13:52:04.780788+00:00
manchesteriv2024.calicotab.com:Manchester2024:39381,,,,2026-09-26T13:52:04.780788+00:00
manchesteriv25.calicotab.com:_:50412,,,,2026-09-26T13:52:04.780788+00:00
manchesteriv25.calicotab.com:_:50433,,,,2026-09-26T13:52:04.780788+00:00
manchesteriv25.calicotab.com:_:50197,,,,2026-09-26T13:52:04.780788+00:00
manchesteriv25.calicotab.com:_:50452,Economics,keyword,1.0,2026-09-26T13:52:04.780788+00:00
manchesteriv25.calicotab.com:_:50599,,,,2026-09-26T13:52:04.780788+00:00
manchesteriv2026.calicotab.com:manchesteriv2026:73007,,,,2026-09-26T13:52:04.780788+00:00
manchesteriv2026.calicotab.com:manchesteriv2026:73024,Gender & Feminism,keyword,1.0,2026-09-26T13:52:04.780788+00:00
manchesteriv2026.calicotab.com:manchesteriv2026:73039,,,,2026-09-26T13:52:04.780788+00:00
manchesteriv2026.calicotab.com:manchesteriv2026:73050,Religion,keyword,1.0,2026-09-26T13:52:04.780788+00:00
manchesteriv2026.calicotab.com:manchesteriv2026:73174,,,,2026-09-26T13:52:04.780788+00:00
manchesternovices.calicotab.com:novices2024:47251,Law & Criminal Justice,keyword,1.0,2026-09-26T13:52:04.780788+00:00
manchesternovices.calicotab.com:novices2024:47252,Economics,keyword,1.0,2026-09-26T13:52:04.780788+00:00
manchesternovices.calicotab.com:novices2024:47253,Media & Culture,keyword,1.0,2026-09-26T13:52:04.780788+00:00
manchesternovices.calicotab.com:novices2024:47254,,,,2026-09-26T13:52:04.780788+00:00
manchesternovices2025.calicotab.com:2025:68605,Law & Criminal Justice,keyword,1.0,2026-09-26T13:52:04.780788+00:00
manchesternovices2025.calicotab.com:2025:68606,,,,2026-09-26T13:52:04.780788+00:00
manchesternovices2025.calicotab.com:2025:68607,,,,2026-09-26T13:52:04.780788+00:00
manchesternovices2025.calicotab.com:2025:68608,Gender & Feminism,keyword,1.0,2026-09-26T13:52:04.780788+00:00
manilaprewudc.calicotab.com:manilaprewudc2025:65974,,,,2026-09-26T13:52:04.780788+00:00
manilaprewudc.calicotab.com:manilaprewudc2025:65986,Law & Criminal Justice,keyword,1.0,2026-09-26T13:52:04.780788+00:00
manilaprewudc.calicotab.com:manilaprewudc2025:66014,,,,2026-09-26T13:52:04.780788+00:00
manilaprewudc.calicotab.com:manilaprewudc2025:66043,Economics,keyword,1.0,2026-09-26T13:52:04.780788+00:00
debatefoster.calicotab.com:masharikdebate2024:37972,Environment,keyword,1.0,2026-09-26T13:52:04.780788+00:00
debatefoster.calicotab.com:masharikdebate2024:37971,Politics & Governance,keyword,1.0,2026-09-26T13:52:04.780788+00:00
debatefoster.calicotab.com:masharikdebate2024:37970,Environment,model,0.787,2026-09-26T13:52:04.780788+00:00
debatefoster.calicotab.com:masharikdebate2024:37969,Politics & Governance,keyword,1.0,2026-09-26T13:52:04.780788+00:00
debatefoster.calicotab.com:masharikdebate2024:37968,,,,2026-09-26T13:52:04.780788+00:00
mashujaa.calicotab.com:mashujaa10:15052,Law & Criminal Justice,keyword,1.0,2026-09-26T13:52:04.780788+00:00
mashujaa.calicotab.com:mashujaa10:15051,Law & Criminal Justice,keyword,1.0,2026-09-26T13:52:04.780788+00:00
mashujaa.calicotab.com:mashujaa10:15050,Economics,keyword,1.0,2026-09-26T13:52:04.780788+00:00
mashujaa.calicotab.com:mashujaa10:15049,,,,2026-09-26T13:52:04.780788+00:00
mashujaa.calicotab.com:mashujaa10:15048,Media & Culture,keyword,1.0,2026-09-26T13:52:04.780788+00:00
mashujaa.calicotab.com:mashujaa11:15068,,,,2026-09-26T13:52:04.780788+00:00
mashujaa.calicotab.com:mashujaa11:15067,Health,keyword,1.0,2026-09-26T13:52:04.780788+00:00
mashujaa.calicotab.com:mashujaa11:15066,Economics,keyword,1.0,2026-09-26T13:52:04.780788+00:00
mashujaa.calicotab.com:mashujaa11:15065,,,,2026-09-26T13:52:04.780788+00:00
mashujaa.calicotab.com:mashujaa11:15064,,,,2026-09-26T13:52:04.780788+00:00
mashujaa.calicotab.com:mashujaa09:15043,Technology & Science,keyword,1.0,2026-09-26T13:52:04.780788+00:00
mashujaa.calicotab.com:mashujaa09:15042,Law & Criminal Justice,keyword,1.0,2026-09-26T13:52:04.780788+00:00
mashujaa.calicotab.com:mashujaa09:15041,Economics,keyword,1.0,2026-09-26T13:52:04.780788+00:00
mashujaa.calicotab.com:mashujaa09:15040,Law & Criminal Justice,keyword,1.0,2026-09-26T13:52:04.780788+00:00
mashujaa.calicotab.com:mashujaa09:15039,Technology & Science,keyword,1.0,2026-09-26T13:52:04.780788+00:00
mkdsopen.calicotab.com:mkdsopen2026:74489,Education,keyword,1.0,2026-09-26T13:52:04.780788+00:00
mkdsopen.calicotab.com:mkdsopen2026:74506,Religion,keyword,1.0,2026-09-26T13:52:04.780788+00:00
mkdsopen.calicotab.com:mkdsopen2026:74550,,,,2026-09-26T13:52:04.780788+00:00
mkdsopen.calicotab.com:mkdsopen2026:74560,,,,2026-09-26T13:52:04.780788+00:00
mkdsopen.calicotab.com:mkdsopen2026:74635,,,,2026-09-26T13:52:04.780788+00:00
centralnovs2022.calicotab.com:centralnovs2022:20564,Health,keyword,1.0,2026-09-26T13:52:04.780788+00:00
centralnovs2022.calicotab.com:centralnovs2022:20565,Politics & Governance,keyword,1.0,2026-09-26T13:52:04.780788+00:00
centralnovs2022.calicotab.com:centralnovs2022:20566,Social Policy & Welfare,keyword,1.0,2026-09-26T13:52:04.780788+00:00
centralnovs2022.calicotab.com:centralnovs2022:20567,Gender & Feminism,keyword,1.0,2026-09-26T13:52:04.780788+00:00
centralnovs2022.calicotab.com:centralnovs2022:20568,,,,2026-09-26T13:52:04.780788+00:00
centralnovs2022.calicotab.com:centralnovs2022:20570,Education,keyword,1.0,2026-09-26T13:52:04.780788+00:00
centralnov2024.calicotab.com:centralnov2024:46522,Media & Culture,keyword,1.0,2026-09-26T13:52:04.780788+00:00
centralnov2024.calicotab.com:centralnov2024:46523,Economics,keyword,1.0,2026-09-26T13:52:04.780788+00:00
centralnov2024.calicotab.com:centralnov2024:46524,Technology & Science,keyword,1.0,2026-09-26T13:52:04.780788+00:00
centralnov2024.calicotab.com:centralnov2024:46525,Gender & Feminism,keyword,1.0,2026-09-26T13:52:04.780788+00:00
centralnov2025.calicotab.com:centralnov2025:64111,,,,2026-09-26T13:52:04.780788+00:00
centralnov2025.calicotab.com:centralnov2025:64112,Health,keyword,1.0,2026-09-26T13:52:04.780788+00:00
centralnov2025.calicotab.com:centralnov2025:64113,,,,2026-09-26T13:52:04.780788+00:00
centralnov2025.calicotab.com:centralnov2025:64114,,,,2026-09-26T13:52:04.780788+00:00
mcgilliv2024.calicotab.com:iv:39956,,,,2026-09-26T13:52:04.780788+00:00
mcgilliv2024.calicotab.com:iv:39957,Economics,keyword,1.0,2026-09-26T13:52:04.780788+00:00
mcgilliv2024.calicotab.com:iv:39958,Health,keyword,1.0,2026-09-26T13:52:04.780788+00:00
mcgilliv2024.calicotab.com:iv:39959,Gender & Feminism,keyword,1.0,2026-09-26T13:52:04.780788+00:00
mcgilliv2024.calicotab.com:iv:39960,Economics,keyword,1.0,2026-09-26T13:52:04.780788+00:00
mdu.calicotab.com:mcgilliv25:51774,,,,2026-09-26T13:52:04.780788+00:00
mdu.calicotab.com:mcgilliv25:51777,Health,keyword,1.0,2026-09-26T13:52:04.780788+00:00
mdu.calicotab.com:mcgilliv25:51895,Politics & Governance,keyword,1.0,2026-09-26T13:52:04.780788+00:00
mdu.calicotab.com:mcgilliv25:51931,,,,2026-09-26T13:52:04.780788+00:00
mdu.calicotab.com:mcgilliv25:51942,,,,2026-09-26T13:52:04.780788+00:00
mcgilliv26.calicotab.com:mcgilliv26:71884,,,,2026-09-26T13:52:04.780788+00:00
mcgilliv26.calicotab.com:mcgilliv26:71893,Health,keyword,1.0,2026-09-26T13:52:04.780788+00:00
mcgilliv26.calicotab.com:mcgilliv26:71894,Technology & Science,model,0.47,2026-09-26T13:52:04.780788+00:00
mcgilliv26.calicotab.com:mcgilliv26:71895,,,,2026-09-26T13:52:04.780788+00:00
mcgilliv26.calicotab.com:mcgilliv26:71896,,,,2026-09-26T13:52:04.780788+00:00
melbmini2020.calicotab.com:melbmini2020:9149,Economics,keyword,1.0,2026-09-26T13:52:04.780788+00:00
melbmini2020.calicotab.com:melbmini2020:9150,,,,2026-09-26T13:52:04.780788+00:00
melbmini2020.calicotab.com:melbmini2020:9151,,,,2026-09-26T13:52:04.780788+00:00
melbmini2020.calicotab.com:melbmini2020:9152,Politics & Governance,keyword,1.0,2026-09-26T13:52:04.780788+00:00
melbmini2020.calicotab.com:melbmini2020:9153,Religion,keyword,1.0,2026-09-26T13:52:04.780788+00:00
naudc2024.calicotab.com:naudc2024:261,Education,keyword,1.0,2026-09-26T13:52:04.780788+00:00
naudc2024.calicotab.com:naudc2024:267,Gender & Feminism,keyword,1.0,2026-09-26T13:52:04.780788+00:00
naudc2024.calicotab.com:naudc2024:257,Military & Security,keyword,1.0,2026-09-26T13:52:04.780788+00:00
naudc2024.calicotab.com:naudc2024:262,,,,2026-09-26T13:52:04.780788+00:00
naudc2024.calicotab.com:naudc2024:258,,,,2026-09-26T13:52:04.780788+00:00
naudc2024.calicotab.com:naudc2024:260,,,,2026-09-26T13:52:04.780788+00:00
naudc2024.calicotab.com:naudc2024:259,,,,2026-09-26T13:52:04.780788+00:00
naudc2024.calicotab.com:naudc2024:268,Economics,keyword,1.0,2026-09-26T13:52:04.780788+00:00
naudc2024.calicotab.com:naudc2024:266,Law & Criminal Justice,keyword,1.0,2026-09-26T13:52:04.780788+00:00
middiv2024.calicotab.com:middiv24:41955,,,,2026-09-26T13:52:04.780788+00:00
middiv2024.calicotab.com:middiv24:41956,,,,2026-09-26T13:52:04.780788+00:00
middiv2024.calicotab.com:middiv24:41957,,,,2026-09-26T13:52:04.780788+00:00
middiv2024.calicotab.com:middiv24:41958,,,,2026-09-26T13:52:04.780788+00:00
middiv2024.calicotab.com:middiv24:41959,,,,2026-09-26T13:52:04.780788+00:00
middiv2026.calicotab.com:middiv2026:76388,Religion,keyword,1.0,2026-09-26T13:52:04.780788+00:00
middiv2026.calicotab.com:middiv2026:76401,Law & Criminal Justice,keyword,1.0,2026-09-26T13:52:04.780788+00:00
middiv2026.calicotab.com:middiv2026:76410,,,,2026-09-26T13:52:04.780788+00:00
middiv2026.calicotab.com:middiv2026:76415,Economics,keyword,1.0,2026-09-26T13:52:04.780788+00:00
middiv2026.calicotab.com:middiv2026:76552,,,,2026-09-26T13:52:04.780788+00:00
mindanaointervarsity.calicotab.com:miv2022:22384,Politics & Governance,keyword,1.0,2026-09-26T13:52:04.780788+00:00
mindanaointervarsity.calicotab.com:miv2022:22385,,,,2026-09-26T13:52:04.780788+00:00
mindanaointervarsity.calicotab.com:miv2022:22386,Health,keyword,1.0,2026-09-26T13:52:04.780788+00:00
mindanaointervarsity.calicotab.com:miv2022:22387,International Relations,keyword,1.0,2026-09-26T13:52:04.780788+00:00
mindanaointervarsity.calicotab.com:miv2022:22388,,,,2026-09-26T13:52:04.780788+00:00
48thmpdc.calicotab.com:48thmpdc:44310,,,,2026-09-26T13:52:04.780788+00:00
48thmpdc.calicotab.com:48thmpdc:44311,Environment,keyword,1.0,2026-09-26T13:52:04.780788+00:00
48thmpdc.calicotab.com:48thmpdc:44312,,,,2026-09-26T13:52:04.780788+00:00
48thmpdc.calicotab.com:48thmpdc:44313,Gender & Feminism,keyword,1.0,2026-09-26T13:52:04.780788+00:00
mad2024.calicotab.com:madprewudc2023:35984,Education,keyword,1.0,2026-09-26T13:52:04.780788+00:00
mad2024.calicotab.com:madprewudc2023:35985,,,,2026-09-26T13:52:04.780788+00:00
mad2024.calicotab.com:madprewudc2023:35986,Law & Criminal Justice,keyword,1.0,2026-09-26T13:52:04.780788+00:00
mad2024.calicotab.com:madprewudc2023:35987,,,,2026-09-26T13:52:04.780788+00:00
mad2024.calicotab.com:madprewudc2023:35988,Economics,keyword,1.0,2026-09-26T13:52:04.780788+00:00
monashprewudc.calicotab.com:monashprewudc2025:67771,Politics & Governance,keyword,1.0,2026-09-26T13:52:04.780788+00:00
monashprewudc.calicotab.com:monashprewudc2025:67785,Religion,keyword,1.0,2026-09-26T13:52:04.780788+00:00
monashprewudc.calicotab.com:monashprewudc2025:67793,Health,keyword,1.0,2026-09-26T13:52:04.780788+00:00
monashprewudc.calicotab.com:monashprewudc2025:67812,Education,keyword,1.0,2026-09-26T13:52:04.780788+00:00
monashprewudc.calicotab.com:monashprewudc2025:67935,International Relations,keyword,1.0,2026-09-26T13:52:04.780788+00:00
moraytaintervarsity2024.calicotab.com:moriv2024:48269,Education,keyword,1.0,2026-09-26T13:52:04.780788+00:00
moraytaintervarsity2024.calicotab.com:moriv2024:48270,Gender & Feminism,keyword,1.0,2026-09-26T13:52:04.780788+00:00
moraytaintervarsity2024.calicotab.com:moriv2024:48271,,,,2026-09-26T13:52:04.780788+00:00
moraytaintervarsity2024.calicotab.com:moriv2024:48272,Politics & Governance,keyword,1.0,2026-09-26T13:52:04.780788+00:00
mnmpreabp25.calicotab.com:mnbpdpreabp2025:58983,Media & Culture,keyword,1.0,2026-09-26T13:52:04.780788+00:00
mnmpreabp25.calicotab.com:mnbpdpreabp2025:58998,Politics & Governance,keyword,1.0,2026-09-26T13:52:04.780788+00:00
mnmpreabp25.calicotab.com:mnbpdpreabp2025:59031,Education,keyword,1.0,2026-09-26T13:52:04.780788+00:00
mnmpreabp25.calicotab.com:mnbpdpreabp2025:59058,,,,2026-09-26T13:52:04.780788+00:00
mumbaifundraisers.calicotab.com:mumbaidebateopen26:74993,Politics & Governance,keyword,1.0,2026-09-26T13:52:04.780788+00:00
mumbaifundraisers.calicotab.com:mumbaidebateopen26:74994,,,,2026-09-26T13:52:04.780788+00:00
mumbaifundraisers.calicotab.com:mumbaidebateopen26:74995,International Relations,keyword,1.0,2026-09-26T13:52:04.780788+00:00
mumbaifundraisers.calicotab.com:mumbaidebateopen26:74996,Gender & Feminism,keyword,1.0,2026-09-26T13:52:04.780788+00:00
mumbaifundraisers.calicotab.com:mumbaidebateopen26:74997,,,,2026-09-26T13:52:04.780788+00:00
mumbaiprewudc2025.calicotab.com:mumbaiprewudc25:69005,,,,2026-09-26T13:52:04.780788+00:00
mumbaiprewudc2025.calicotab.com:mumbaiprewudc25:69006,,,,2026-09-26T13:52:04.780788+00:00
mumbaiprewudc2025.calicotab.com:mumbaiprewudc25:69007,,,,2026-09-26T13:52:04.780788+00:00
mumbaiprewudc2025.calicotab.com:mumbaiprewudc25:69008,Health,keyword,1.0,2026-09-26T13:52:04.780788+00:00
mumbaiprewudc2025.calicotab.com:mumbaiprewudc25:69009,Law & Criminal Justice,keyword,1.0,2026-09-26T13:52:04.780788+00:00
munichopen2026.calicotab.com:munich2026:79182,Media & Culture,keyword,1.0,2026-09-26T13:52:04.780788+00:00
munichopen2026.calicotab.com:munich2026:79216,Health,keyword,1.0,2026-09-26T13:52:04.780788+00:00
munichopen2026.calicotab.com:munich2026:79236,Gender & Feminism,keyword,1.0,2026-09-26T13:52:04.780788+00:00
munichopen2026.calicotab.com:munich2026:79248,,,,2026-09-26T13:52:04.780788+00:00
munichopen2026.calicotab.com:munich2026:79327,Politics & Governance,keyword,1.0,2026-09-26T13:52:04.780788+00:00
nasparopen.calicotab.com:nasparopen2021:10510,,,,2026-09-26T13:52:04.780788+00:00
nasparopen.calicotab.com:nasparopen2021:10513,,,,2026-09-26T13:52:04.780788+00:00
nasparopen.calicotab.com:nasparopen2021:10514,,,,2026-09-26T13:52:04.780788+00:00
nasparopen.calicotab.com:nasparopen2021:10516,,,,2026-09-26T13:52:04.780788+00:00
nasparopen.calicotab.com:nasparopen2021:10512,,,,2026-09-26T13:52:04.780788+00:00
naspar2023.calicotab.com:naspar2023:33267,,,,2026-09-26T13:52:04.780788+00:00
naspar2023.calicotab.com:naspar2023:33268,Politics & Governance,keyword,1.0,2026-09-26T13:52:04.780788+00:00
naspar2023.calicotab.com:naspar2023:33269,Law & Criminal Justice,keyword,1.0,2026-09-26T13:52:04.780788+00:00
naspar2023.calicotab.com:naspar2023:33270,Education,keyword,1.0,2026-09-26T13:52:04.780788+00:00
naspar2023.calicotab.com:naspar2023:33271,,,,2026-09-26T13:52:04.780788+00:00
nasparprewudc2023.calicotab.com:nasparprewudc2023:37110,Economics,keyword,1.0,2026-09-26T13:52:04.780788+00:00
nasparprewudc2023.calicotab.com:nasparprewudc2023:37111,Politics & Governance,keyword,1.0,2026-09-26T13:52:04.780788+00:00
nasparprewudc2023.calicotab.com:nasparprewudc2023:37112,,,,2026-09-26T13:52:04.780788+00:00
nasparprewudc2023.calicotab.com:nasparprewudc2023:37113,,,,2026-09-26T13:52:04.780788+00:00
nasparprewudc2023.calicotab.com:nasparprewudc2023:37114,Religion,keyword,1.0,2026-09-26T13:52:04.780788+00:00
nalsariv2021.calicotab.com:Nalsariv2021:7726,Environment,keyword,1.0,2026-09-26T13:52:04.780788+00:00
nalsariv2021.calicotab.com:Nalsariv2021:7727,Education,keyword,1.0,2026-09-26T13:52:04.780788+00:00
nalsariv2021.calicotab.com:Nalsariv2021:7728,,,,2026-09-26T13:52:04.780788+00:00
nalsariv2021.calicotab.com:Nalsariv2021:7729,Economics,keyword,1.0,2026-09-26T13:52:04.780788+00:00
nalsariv2021.calicotab.com:Nalsariv2021:7730,,,,2026-09-26T13:52:04.780788+00:00
nalsariv2022.calicotab.com:nalsariv22:20132,,,,2026-09-26T13:52:04.780788+00:00
nalsariv2022.calicotab.com:nalsariv22:20133,Law & Criminal Justice,keyword,1.0,2026-09-26T13:52:04.780788+00:00
nalsariv2022.calicotab.com:nalsariv22:20134,Politics & Governance,keyword,1.0,2026-09-26T13:52:04.780788+00:00
nalsariv2022.calicotab.com:nalsariv22:20135,Politics & Governance,keyword,1.0,2026-09-26T13:52:04.780788+00:00
nalsariv2022.calicotab.com:nalsariv22:20136,,,,2026-09-26T13:52:04.780788+00:00
nalsariv2023.calicotab.com:nalsariv2023:33674,,,,2026-09-26T13:52:04.780788+00:00
nalsariv2023.calicotab.com:nalsariv2023:33675,,,,2026-09-26T13:52:04.780788+00:00
nalsariv2023.calicotab.com:nalsariv2023:33676,Politics & Governance,keyword,1.0,2026-09-26T13:52:04.780788+00:00
nalsariv2023.calicotab.com:nalsariv2023:33677,Economics,keyword,1.0,2026-09-26T13:52:04.780788+00:00
nalsariv2023.calicotab.com:nalsariv2023:33680,Education,keyword,1.0,2026-09-26T13:52:04.780788+00:00
sbinalsariv2024.calicotab.com:nalsariv2024:46434,Education,keyword,1.0,2026-09-26T13:52:04.780788+00:00
sbinalsariv2024.calicotab.com:nalsariv2024:46435,Gender & Feminism,keyword,1.0,2026-09-26T13:52:04.780788+00:00
sbinalsariv2024.calicotab.com:nalsariv2024:46436,Economics,keyword,1.0,2026-09-26T13:52:04.780788+00:00
sbinalsariv2024.calicotab.com:nalsariv2024:46438,Media & Culture,keyword,1.0,2026-09-26T13:52:04.780788+00:00
sbinalsariv2024.calicotab.com:nalsariv2024:46439,Religion,keyword,1.0,2026-09-26T13:52:04.780788+00:00
thenalsariv.calicotab.com:nalsariv2025:63121,Politics & Governance,keyword,1.0,2026-09-26T13:52:04.780788+00:00
thenalsariv.calicotab.com:nalsariv2025:63165,Gender & Feminism,keyword,1.0,2026-09-26T13:52:04.780788+00:00
thenalsariv.calicotab.com:nalsariv2025:63183,Economics,keyword,1.0,2026-09-26T13:52:04.780788+00:00
thenalsariv.calicotab.com:nalsariv2025:63202,Politics & Governance,keyword,1.0,2026-09-26T13:52:04.780788+00:00
thenalsariv.calicotab.com:nalsariv2025:63222,,,,2026-09-26T13:52:04.780788+00:00
naudc2025.calicotab.com:naudc2025:52766,,,,2026-09-26T13:52:04.780788+00:00
naudc2025.calicotab.com:naudc2025:52891,Health,keyword,1.0,2026-09-26T13:52:04.780788+00:00
naudc2025.calicotab.com:naudc2025:52913,Gender & Feminism,keyword,1.0,2026-09-26T13:52:04.780788+00:00
naudc2025.calicotab.com:naudc2025:52925,Economics,keyword,1.0,2026-09-26T13:52:04.780788+00:00
naudc2025.calicotab.com:naudc2025:53052,,,,2026-09-26T13:52:04.780788+00:00
naudc2025.calicotab.com:naudc2025:53069,,,,2026-09-26T13:52:04.780788+00:00
naudc2025.calicotab.com:naudc2025:53073,Economics,keyword,1.0,2026-09-26T13:52:04.780788+00:00
naudc2026.calicotab.com:_:73897,,,,2026-09-26T13:52:04.780788+00:00
naudc2026.calicotab.com:_:73898,,,,2026-09-26T13:52:04.780788+00:00
naudc2026.calicotab.com:_:74045,,,,2026-09-26T13:52:04.780788+00:00
naudc2026.calicotab.com:_:74047,Education,keyword,1.0,2026-09-26T13:52:04.780788+00:00
naudc2026.calicotab.com:_:74071,,,,2026-09-26T13:52:04.780788+00:00
naudc2026.calicotab.com:_:74081,,,,2026-09-26T13:52:04.780788+00:00
naudc2026.calicotab.com:_:74200,Economics,keyword,1.0,2026-09-26T13:52:04.780788+00:00
nhsdlc2026.calicotab.com:nhsdlcbp2026:84383,Media & Culture,keyword,1.0,2026-09-26T13:52:04.780788+00:00
nhsdlc2026.calicotab.com:nhsdlcbp2026:84384,Media & Culture,keyword,1.0,2026-09-26T13:52:04.780788+00:00
nhsdlc2026.calicotab.com:nhsdlcbp2026:84454,,,,2026-09-26T13:52:04.780788+00:00
nhsdlc2026.calicotab.com:nhsdlcbp2026:84461,Health,keyword,1.0,2026-09-26T13:52:04.780788+00:00
nhsdlc2026.calicotab.com:nhsdlcbp2026:84518,,,,2026-09-26T13:52:04.780788+00:00
nhsdlcbpopen2025.calicotab.com:dlcbp2025:56816,,,,2026-09-26T13:52:04.780788+00:00
nhsdlcbpopen2025.calicotab.com:dlcbp2025:56833,Education,keyword,1.0,2026-09-26T13:52:04.780788+00:00
nhsdlcbpopen2025.calicotab.com:dlcbp2025:56870,Economics,keyword,1.0,2026-09-26T13:52:04.780788+00:00
nhsdlcbpopen2025.calicotab.com:dlcbp2025:56992,,,,2026-09-26T13:52:04.780788+00:00
nhsdlc.calicotab.com:nhsdlc-bp-2023:33032,,,,2026-09-26T13:52:04.780788+00:00
nhsdlc.calicotab.com:nhsdlc-bp-2023:33033,International Relations,model,0.421,2026-09-26T13:52:04.780788+00:00
nhsdlc.calicotab.com:nhsdlc-bp-2023:33034,,,,2026-09-26T13:52:04.780788+00:00
nhsdlc.calicotab.com:nhsdlc-bp-2023:33036,,,,2026-09-26T13:52:04.780788+00:00
thuiv2024.calicotab.com:nhsdlcbpo2024:42976,,,,2026-09-26T13:52:04.780788+00:00
thuiv2024.calicotab.com:nhsdlcbpo2024:42987,Technology & Science,keyword,1.0,2026-09-26T13:52:04.780788+00:00
thuiv2024.calicotab.com:nhsdlcbpo2024:42977,,,,2026-09-26T13:52:04.780788+00:00
thuiv2024.calicotab.com:nhsdlcbpo2024:42978,,,,2026-09-26T13:52:04.780788+00:00
thuiv2024.calicotab.com:nhsdlcbpo2024:42979,,,,2026-09-26T13:52:04.780788+00:00
2026nhsdlcbpopen.calicotab.com:dlcbp2026:71897,,,,2026-09-26T13:52:04.780788+00:00
2026nhsdlcbpopen.calicotab.com:dlcbp2026:71932,,,,2026-09-26T13:52:04.780788+00:00
2026nhsdlcbpopen.calicotab.com:dlcbp2026:71960,,,,2026-09-26T13:52:04.780788+00:00
2026nhsdlcbpopen.calicotab.com:dlcbp2026:71988,International Relations,keyword,1.0,2026-09-26T13:52:04.780788+00:00
2026nhsdlcbpopen.calicotab.com:dlcbp2026:72080,Politics & Governance,keyword,1.0,2026-09-26T13:52:04.780788+00:00
xbpdnluo.calicotab.com:XNLUOBPD25:53262,Education,keyword,1.0,2026-09-26T13:52:04.780788+00:00
xbpdnluo.calicotab.com:XNLUOBPD25:53322,,,,2026-09-26T13:52:04.780788+00:00
xbpdnluo.calicotab.com:XNLUOBPD25:53367,Media & Culture,keyword,1.0,2026-09-26T13:52:04.780788+00:00
xbpdnluo.calicotab.com:XNLUOBPD25:53390,,,,2026-09-26T13:52:04.780788+00:00
xbpdnluo.calicotab.com:XNLUOBPD25:53516,,,,2026-09-26T13:52:04.780788+00:00
xinluobpd.calicotab.com:NLUOPD26:75722,,,,2026-09-26T13:52:04.780788+00:00
xinluobpd.calicotab.com:NLUOPD26:75755,Law & Criminal Justice,keyword,1.0,2026-09-26T13:52:04.780788+00:00
xinluobpd.calicotab.com:NLUOPD26:75803,Economics,keyword,1.0,2026-09-26T13:52:04.780788+00:00
xinluobpd.calicotab.com:NLUOPD26:75821,Economics,keyword,1.0,2026-09-26T13:52:04.780788+00:00
xinluobpd.calicotab.com:NLUOPD26:75908,,,,2026-09-26T13:52:04.780788+00:00
nualspd2026.calicotab.com:nualspd2026:73828,,,,2026-09-26T13:52:04.780788+00:00
nualspd2026.calicotab.com:nualspd2026:73939,Health,keyword,1.0,2026-09-26T13:52:04.780788+00:00
nualspd2026.calicotab.com:nualspd2026:73970,Economics,keyword,1.0,2026-09-26T13:52:04.780788+00:00
nualspd2026.calicotab.com:nualspd2026:74007,,,,2026-09-26T13:52:04.780788+00:00
nualspd2026.calicotab.com:nualspd2026:74034,,,,2026-09-26T13:52:04.780788+00:00
nuspreworlds.calicotab.com:_:37054,Economics,keyword,1.0,2026-09-26T13:52:04.780788+00:00
nuspreworlds.calicotab.com:_:37055,,,,2026-09-26T13:52:04.780788+00:00
nuspreworlds.calicotab.com:_:37056,Politics & Governance,keyword,1.0,2026-09-26T13:52:04.780788+00:00
nuspreworlds.calicotab.com:_:37057,Education,keyword,1.0,2026-09-26T13:52:04.780788+00:00
nuspreworlds.calicotab.com:_:37058,Law & Criminal Justice,keyword,1.0,2026-09-26T13:52:04.780788+00:00
ndsa.calicotab.com:ndo2021:11126,International Relations,keyword,1.0,2026-09-26T13:52:04.780788+00:00
ndsa.calicotab.com:ndo2021:11135,,,,2026-09-26T13:52:04.780788+00:00
ndsa.calicotab.com:ndo2021:11134,,,,2026-09-26T13:52:04.780788+00:00
ndsa.calicotab.com:ndo2021:11133,,,,2026-09-26T13:52:04.780788+00:00
ndsa.calicotab.com:ndo2021:11132,,,,2026-09-26T13:52:04.780788+00:00
ndsa.calicotab.com:ndo2021:11131,,,,2026-09-26T13:52:04.780788+00:00
newmanproam.calicotab.com:_:36184,Politics & Governance,model,0.354,2026-09-26T13:52:04.780788+00:00
newmanproam.calicotab.com:_:36185,Economics,keyword,1.0,2026-09-26T13:52:04.780788+00:00
newmanproam.calicotab.com:_:36186,Education,keyword,1.0,2026-09-26T13:52:04.780788+00:00
newmanproam.calicotab.com:_:36187,Religion,keyword,1.0,2026-09-26T13:52:04.780788+00:00
newmanproam.calicotab.com:_:36188,Law & Criminal Justice,keyword,1.0,2026-09-26T13:52:04.780788+00:00
ngome.calicotab.com:ngtoc2026:77605,,,,2026-09-26T13:52:04.780788+00:00
ngome.calicotab.com:ngtoc2026:77606,,,,2026-09-26T13:52:04.780788+00:00
ngome.calicotab.com:ngtoc2026:77638,Politics & Governance,keyword,1.0,2026-09-26T13:52:04.780788+00:00
ngome.calicotab.com:ngtoc2026:77665,Gender & Feminism,keyword,1.0,2026-09-26T13:52:04.780788+00:00
ngome.calicotab.com:ngtoc2026:77784,Technology & Science,keyword,1.0,2026-09-26T13:52:04.780788+00:00
ngome.calicotab.com:ngtoc2026:77746,Military & Security,keyword,1.0,2026-09-26T13:52:04.780788+00:00
ngome.calicotab.com:ngtoc2026:77747,Military & Security,keyword,1.0,2026-09-26T13:52:04.780788+00:00
ngome.calicotab.com:ngtoc2026:77795,,,,2026-09-26T13:52:04.780788+00:00
ndc-awari2025.calicotab.com:NDCXI:60539,Politics & Governance,keyword,1.0,2026-09-26T13:52:04.780788+00:00
ndc-awari2025.calicotab.com:NDCXI:60540,Environment,keyword,1.0,2026-09-26T13:52:04.780788+00:00
ndc-awari2025.calicotab.com:NDCXI:60541,International Relations,keyword,1.0,2026-09-26T13:52:04.780788+00:00
ndc-awari2025.calicotab.com:NDCXI:60542,Military & Security,keyword,1.0,2026-09-26T13:52:04.780788+00:00
ndc-awari2025.calicotab.com:NDCXI:60543,Gender & Feminism,keyword,1.0,2026-09-26T13:52:04.780788+00:00
ndc-awari2025.calicotab.com:NDCXI:60544,,,,2026-09-26T13:52:04.780788+00:00
ndc-awari2025.calicotab.com:NDCXI:60545,Politics & Governance,keyword,1.0,2026-09-26T13:52:04.780788+00:00
rrngtoc.calicotab.com:rrtoc2024:47269,Law & Criminal Justice,keyword,1.0,2026-09-26T13:52:04.780788+00:00
rrngtoc.calicotab.com:rrtoc2024:47270,,,,2026-09-26T13:52:04.780788+00:00
rrngtoc.calicotab.com:rrtoc2024:47271,,,,2026-09-26T13:52:04.780788+00:00
nijmegen2023.calicotab.com:nijmegen2023:36009,Education,keyword,1.0,2026-09-26T13:52:04.780788+00:00
nijmegen2023.calicotab.com:nijmegen2023:36010,,,,2026-09-26T13:52:04.780788+00:00
nijmegen2023.calicotab.com:nijmegen2023:36011,Law & Criminal Justice,keyword,1.0,2026-09-26T13:52:04.780788+00:00
nijmegen2023.calicotab.com:nijmegen2023:36013,,,,2026-09-26T13:52:04.780788+00:00
nordicopen2026.calicotab.com:nordicopen2026:71350,,,,2026-09-26T13:52:04.780788+00:00
nordicopen2026.calicotab.com:nordicopen2026:71353,,,,2026-09-26T13:52:04.780788+00:00
nordicopen2026.calicotab.com:nordicopen2026:71439,Economics,keyword,1.0,2026-09-26T13:52:04.780788+00:00
nordicopen2026.calicotab.com:nordicopen2026:71452,,,,2026-09-26T13:52:04.780788+00:00
nordicopen2026.calicotab.com:nordicopen2026:71587,International Relations,keyword,1.0,2026-09-26T13:52:04.780788+00:00
nlid2025.calicotab.com:nlid2025:60309,Gender & Feminism,keyword,1.0,2026-09-26T13:52:04.780788+00:00
nlid2025.calicotab.com:nlid2025:60337,,,,2026-09-26T13:52:04.780788+00:00
nlid2025.calicotab.com:nlid2025:60336,,,,2026-09-26T13:52:04.780788+00:00
nlid2025.calicotab.com:nlid2025:60338,,,,2026-09-26T13:52:04.780788+00:00
norwichiv2026.calicotab.com:norwichiv2026:75798,,,,2026-09-26T13:52:04.780788+00:00
norwichiv2026.calicotab.com:norwichiv2026:75827,Politics & Governance,keyword,1.0,2026-09-26T13:52:04.780788+00:00
norwichiv2026.calicotab.com:norwichiv2026:75842,Media & Culture,keyword,1.0,2026-09-26T13:52:04.780788+00:00
norwichiv2026.calicotab.com:norwichiv2026:75856,,,,2026-09-26T13:52:04.780788+00:00
norwichiv2026.calicotab.com:norwichiv2026:75965,,,,2026-09-26T13:52:04.780788+00:00
norwichmini2025.calicotab.com:norwichmini2025:67206,,,,2026-09-26T13:52:04.780788+00:00
norwichmini2025.calicotab.com:norwichmini2025:67207,,,,2026-09-26T13:52:04.780788+00:00
norwichmini2025.calicotab.com:norwichmini2025:67208,Media & Culture,keyword,1.0,2026-09-26T13:52:04.780788+00:00
norwichmini2025.calicotab.com:norwichmini2025:67209,Health,keyword,1.0,2026-09-26T13:52:04.780788+00:00
norwichonline25.calicotab.com:norwichonline25:58236,,,,2026-09-26T13:52:04.780788+00:00
norwichonline25.calicotab.com:norwichonline25:58237,Media & Culture,keyword,1.0,2026-09-26T13:52:04.780788+00:00
norwichonline25.calicotab.com:norwichonline25:58238,Economics,keyword,1.0,2026-09-26T13:52:04.780788+00:00
norwichonline25.calicotab.com:norwichonline25:58240,,,,2026-09-26T13:52:04.780788+00:00
norwichonline25.calicotab.com:norwichonline25:58241,Gender & Feminism,keyword,1.0,2026-09-26T13:52:04.780788+00:00
olympia.calicotab.com:olympiainvitational2023:13752,Gender & Feminism,keyword,1.0,2026-09-26T13:52:04.780788+00:00
olympia.calicotab.com:olympiainvitational2023:13751,Law & Criminal Justice,keyword,1.0,2026-09-26T13:52:04.780788+00:00
olympia.calicotab.com:olympiainvitational2023:13750,Religion,keyword,1.0,2026-09-26T13:52:04.780788+00:00
olympia.calicotab.com:olympiainvitational2023:13749,,,,2026-09-26T13:52:04.780788+00:00
olympia.calicotab.com:olympiainvitational2023:13748,Economics,keyword,1.0,2026-09-26T13:52:04.780788+00:00
olympia.calicotab.com:olympiainvitational2023:13747,,,,2026-09-26T13:52:04.780788+00:00
olympia.calicotab.com:olympiainvitational2023:13746,Media & Culture,keyword,1.0,2026-09-26T13:52:04.780788+00:00
olympia.calicotab.com:olympiainvitational2023:13745,International Relations,keyword,1.0,2026-09-26T13:52:04.780788+00:00
olympia.calicotab.com:olympiainvitational2023:13744,Gender & Feminism,keyword,1.0,2026-09-26T13:52:04.780788+00:00
opencoast.calicotab.com:pre-gudc24:44591,,,,2026-09-26T13:52:04.780788+00:00
opencoast.calicotab.com:pre-gudc24:44592,,,,2026-09-26T13:52:04.780788+00:00
opencoast.calicotab.com:pre-gudc24:44593,Technology & Science,keyword,1.0,2026-09-26T13:52:04.780788+00:00
opencoast.calicotab.com:pre-gudc24:44594,Education,keyword,1.0,2026-09-26T13:52:04.780788+00:00
opencoast.calicotab.com:pre-gudc24:44595,Politics & Governance,keyword,1.0,2026-09-26T13:52:04.780788+00:00
osakaiv2024.calicotab.com:_:46046,Gender & Feminism,keyword,1.0,2026-09-26T13:52:04.780788+00:00
osakaiv2024.calicotab.com:_:46047,,,,2026-09-26T13:52:04.780788+00:00
osakaiv2024.calicotab.com:_:46048,,,,2026-09-26T13:52:04.780788+00:00
osakaiv2024.calicotab.com:_:46049,Military & Security,keyword,1.0,2026-09-26T13:52:04.780788+00:00
osakaiv2024.calicotab.com:_:46050,Religion,keyword,1.0,2026-09-26T13:52:04.780788+00:00
eds.calicotab.com:ottawaiv2025:34115,,,,2026-09-26T13:52:04.780788+00:00
eds.calicotab.com:ottawaiv2025:34116,Technology & Science,model,0.433,2026-09-26T13:52:04.780788+00:00
eds.calicotab.com:ottawaiv2025:34117,Economics,keyword,1.0,2026-09-26T13:52:04.780788+00:00
eds.calicotab.com:ottawaiv2025:34118,Economics,keyword,1.0,2026-09-26T13:52:04.780788+00:00
eds.calicotab.com:ottawaiv2025:34119,Technology & Science,keyword,1.0,2026-09-26T13:52:04.780788+00:00
eds.calicotab.com:ottawaiv2026:71435,Environment,keyword,1.0,2026-09-26T13:52:04.780788+00:00
eds.calicotab.com:ottawaiv2026:71437,Politics & Governance,keyword,1.0,2026-09-26T13:52:04.780788+00:00
eds.calicotab.com:ottawaiv2026:71475,Law & Criminal Justice,model,0.577,2026-09-26T13:52:04.780788+00:00
eds.calicotab.com:ottawaiv2026:71495,,,,2026-09-26T13:52:04.780788+00:00
eds.calicotab.com:ottawaiv2026:71658,,,,2026-09-26T13:52:04.780788+00:00
ottawa27wudc.calicotab.com:ottawaopen2025:60371,,,,2026-09-26T13:52:04.780788+00:00
ottawa27wudc.calicotab.com:ottawaopen2025:60383,,,,2026-09-26T13:52:04.780788+00:00
ottawa27wudc.calicotab.com:ottawaopen2025:60403,Gender & Feminism,keyword,1.0,2026-09-26T13:52:04.780788+00:00
ottawa27wudc.calicotab.com:ottawaopen2025:60405,,,,2026-09-26T13:52:04.780788+00:00
ottawa27wudc.calicotab.com:ottawaopen2025:60471,,,,2026-09-26T13:52:04.780788+00:00
eds.calicotab.com:ottawaroundrobin2025:54955,Politics & Governance,keyword,1.0,2026-09-26T13:52:04.780788+00:00
eds.calicotab.com:ottawaroundrobin2025:54971,Gender & Feminism,keyword,1.0,2026-09-26T13:52:04.780788+00:00
eds.calicotab.com:ottawaroundrobin2025:54983,Religion,keyword,1.0,2026-09-26T13:52:04.780788+00:00
eds.calicotab.com:ottawaroundrobin2025:54984,Religion,keyword,1.0,2026-09-26T13:52:04.780788+00:00
eds.calicotab.com:ottawaroundrobin2025:55157,Economics,keyword,1.0,2026-09-26T13:52:04.780788+00:00
eds.calicotab.com:ottawaroundrobin2025:55162,Economics,keyword,1.0,2026-09-26T13:52:04.780788+00:00
eds.calicotab.com:ottawaroundrobin2025:55167,Religion,keyword,1.0,2026-09-26T13:52:04.780788+00:00
eds.calicotab.com:ottawaroundrobin2026:78714,,,,2026-09-26T13:52:04.780788+00:00
eds.calicotab.com:ottawaroundrobin2026:78723,,,,2026-09-26T13:52:04.780788+00:00
eds.calicotab.com:ottawaroundrobin2026:78715,Technology & Science,keyword,1.0,2026-09-26T13:52:04.780788+00:00
eds.calicotab.com:ottawaroundrobin2026:78730,Technology & Science,keyword,1.0,2026-09-26T13:52:04.780788+00:00
eds.calicotab.com:ottawaroundrobin2026:78716,Health,keyword,1.0,2026-09-26T13:52:04.780788+00:00
eds.calicotab.com:ottawaroundrobin2026:78744,Health,keyword,1.0,2026-09-26T13:52:04.780788+00:00
eds.calicotab.com:ottawaroundrobin2026:78854,,,,2026-09-26T13:52:04.780788+00:00
eds.calicotab.com:ottawaroundrobin2026:78866,,,,2026-09-26T13:52:04.780788+00:00
eds.calicotab.com:ottawaroundrobin2026:78855,,,,2026-09-26T13:52:04.780788+00:00
eds.calicotab.com:ottawaroundrobin2026:78869,,,,2026-09-26T13:52:04.780788+00:00
ottawasummer2026.calicotab.com:_:81958,,,,2026-09-26T13:52:04.780788+00:00
ottawasummer2026.calicotab.com:_:81967,,,,2026-09-26T13:52:04.780788+00:00
ottawasummer2026.calicotab.com:_:82009,,,,2026-09-26T13:52:04.780788+00:00
ottawasummer2026.calicotab.com:_:82029,Media & Culture,model,0.493,2026-09-26T13:52:04.780788+00:00
ottawasummer2026.calicotab.com:_:82060,Politics & Governance,keyword,1.0,2026-09-26T13:52:04.780788+00:00
ottawasummer2026.calicotab.com:_:82076,Economics,keyword,1.0,2026-09-26T13:52:04.780788+00:00
ottawasummer2026.calicotab.com:_:82090,Education,keyword,1.0,2026-09-26T13:52:04.780788+00:00
oxfordcharity26.calicotab.com:iii:81242,,,,2026-09-26T13:52:04.780788+00:00
oxfordcharity26.calicotab.com:iii:81265,Technology & Science,keyword,1.0,2026-09-26T13:52:04.780788+00:00
oxfordcharity26.calicotab.com:iii:81298,,,,2026-09-26T13:52:04.780788+00:00
oxfordcharity26.calicotab.com:iii:81312,,,,2026-09-26T13:52:04.780788+00:00
oxfordcharity26.calicotab.com:iii:81378,,,,2026-09-26T13:52:04.780788+00:00
oxfordcharity25.calicotab.com:_:65788,,,,2026-09-26T13:52:04.780788+00:00
oxfordcharity25.calicotab.com:_:65804,Politics & Governance,keyword,1.0,2026-09-26T13:52:04.780788+00:00
oxfordcharity25.calicotab.com:_:65823,Economics,keyword,1.0,2026-09-26T13:52:04.780788+00:00
oxfordcharity25.calicotab.com:_:65836,Law & Criminal Justice,keyword,1.0,2026-09-26T13:52:04.780788+00:00
oxfordcharity26.calicotab.com:_:72657,,,,2026-09-26T13:52:04.780788+00:00
oxfordcharity26.calicotab.com:_:72697,Economics,keyword,1.0,2026-09-26T13:52:04.780788+00:00
oxfordcharity26.calicotab.com:_:72713,Politics & Governance,keyword,1.0,2026-09-26T13:52:04.780788+00:00
oxfordcharity26.calicotab.com:_:72727,Economics,keyword,1.0,2026-09-26T13:52:04.780788+00:00
oxford2021.calicotab.com:oxfordiv2021:13071,Economics,keyword,1.0,2026-09-26T13:52:04.780788+00:00
oxford2021.calicotab.com:oxfordiv2021:13072,Education,keyword,1.0,2026-09-26T13:52:04.780788+00:00
oxford2021.calicotab.com:oxfordiv2021:13073,Religion,keyword,1.0,2026-09-26T13:52:04.780788+00:00
oxford2021.calicotab.com:oxfordiv2021:13074,,,,2026-09-26T13:52:04.780788+00:00
oxford2021.calicotab.com:oxfordiv2021:13075,Education,keyword,1.0,2026-09-26T13:52:04.780788+00:00
oxfordiv2022.calicotab.com:_:22002,Education,keyword,1.0,2026-09-26T13:52:04.780788+00:00
oxfordiv2022.calicotab.com:_:22003,,,,2026-09-26T13:52:04.780788+00:00
oxfordiv2022.calicotab.com:_:22004,,,,2026-09-26T13:52:04.780788+00:00
oxfordiv2022.calicotab.com:_:22005,Military & Security,keyword,1.0,2026-09-26T13:52:04.780788+00:00
oxfordiv2022.calicotab.com:_:22006,Education,keyword,1.0,2026-09-26T13:52:04.780788+00:00
oxiv2024.calicotab.com:_:47943,,,,2026-09-26T13:52:04.780788+00:00
oxiv2024.calicotab.com:_:47944,Politics & Governance,keyword,1.0,2026-09-26T13:52:04.780788+00:00
oxiv2024.calicotab.com:_:47945,Education,keyword,1.0,2026-09-26T13:52:04.780788+00:00
oxiv2024.calicotab.com:_:47946,Politics & Governance,keyword,1.0,2026-09-26T13:52:04.780788+00:00
oxiv2024.calicotab.com:_:47947,,,,2026-09-26T13:52:04.780788+00:00
oxfordiv2025.calicotab.com:_:67404,Politics & Governance,keyword,1.0,2026-09-26T13:52:04.780788+00:00
oxfordiv2025.calicotab.com:_:67448,,,,2026-09-26T13:52:04.780788+00:00
oxfordiv2025.calicotab.com:_:67471,,,,2026-09-26T13:52:04.780788+00:00
oxfordiv2025.calicotab.com:_:67495,,,,2026-09-26T13:52:04.780788+00:00
oxfordiv2025.calicotab.com:_:67590,,,,2026-09-26T13:52:04.780788+00:00
paudc2022.calicotab.com:PAUDC2022:23335,,,,2026-09-26T13:52:04.780788+00:00
paudc2022.calicotab.com:PAUDC2022:23336,,,,2026-09-26T13:52:04.780788+00:00
paudc2022.calicotab.com:PAUDC2022:23337,Education,keyword,1.0,2026-09-26T13:52:04.780788+00:00
paudc2022.calicotab.com:PAUDC2022:23338,,,,2026-09-26T13:52:04.780788+00:00
paudc2022.calicotab.com:PAUDC2022:23339,,,,2026-09-26T13:52:04.780788+00:00
paudc2022.calicotab.com:PAUDC2022:23340,,,,2026-09-26T13:52:04.780788+00:00
paudc2022.calicotab.com:PAUDC2022:23341,Law & Criminal Justice,keyword,1.0,2026-09-26T13:52:04.780788+00:00
paudc2022.calicotab.com:PAUDC2022:23342,,,,2026-09-26T13:52:04.780788+00:00
paudc2022.calicotab.com:PAUDC2022:23343,,,,2026-09-26T13:52:04.780788+00:00
pakdebateforum.calicotab.com:open2025:60812,,,,2026-09-26T13:52:04.780788+00:00
pakdebateforum.calicotab.com:open2025:60830,Education,keyword,1.0,2026-09-26T13:52:04.780788+00:00
pakdebateforum.calicotab.com:open2025:60847,Religion,keyword,1.0,2026-09-26T13:52:04.780788+00:00
pakdebateforum.calicotab.com:open2025:60854,,,,2026-09-26T13:52:04.780788+00:00
pakdebateforum.calicotab.com:open2025:60927,Politics & Governance,keyword,1.0,2026-09-26T13:52:04.780788+00:00
pakdebateforum.calicotab.com:pakistanpreabp:40396,Media & Culture,keyword,1.0,2026-09-26T13:52:04.780788+00:00
pakdebateforum.calicotab.com:pakistanpreabp:40397,Technology & Science,keyword,1.0,2026-09-26T13:52:04.780788+00:00
pakdebateforum.calicotab.com:pakistanpreabp:40398,Economics,keyword,1.0,2026-09-26T13:52:04.780788+00:00
pakdebateforum.calicotab.com:pakistanpreabp:40399,Politics & Governance,keyword,1.0,2026-09-26T13:52:04.780788+00:00
pakdebateforum.calicotab.com:pakistanpreabp:40400,Environment,keyword,1.0,2026-09-26T13:52:04.780788+00:00
wudc2025.calicotab.com:open:27712,Education,keyword,1.0,2026-09-26T13:52:04.780788+00:00
wudc2025.calicotab.com:open:27714,,,,2026-09-26T13:52:04.780788+00:00
wudc2025.calicotab.com:open:27716,,,,2026-09-26T13:52:04.780788+00:00
wudc2025.calicotab.com:open:27717,,,,2026-09-26T13:52:04.780788+00:00
wudc2025.calicotab.com:open:27718,Politics & Governance,keyword,1.0,2026-09-26T13:52:04.780788+00:00
wudc2025.calicotab.com:open:27719,,,,2026-09-26T13:52:04.780788+00:00
wudc2025.calicotab.com:open:27720,Economics,keyword,1.0,2026-09-26T13:52:04.780788+00:00
wudc2025.calicotab.com:open:27721,Law & Criminal Justice,keyword,1.0,2026-09-26T13:52:04.780788+00:00
wudc2025.calicotab.com:open:27713,,,,2026-09-26T13:52:04.780788+00:00
pdc2023.calicotab.com:_:30057,,,,2026-09-26T13:52:04.780788+00:00
pdc2023.calicotab.com:_:30058,Politics & Governance,keyword,1.0,2026-09-26T13:52:04.780788+00:00
pdc2023.calicotab.com:_:30059,Technology & Science,keyword,1.0,2026-09-26T13:52:04.780788+00:00
pdc2023.calicotab.com:_:30060,Gender & Feminism,keyword,1.0,2026-09-26T13:52:04.780788+00:00
parliamatebp2025.calicotab.com:parliamatebp2025:63772,Education,keyword,1.0,2026-09-26T13:52:04.780788+00:00
parliamatebp2025.calicotab.com:parliamatebp2025:63815,Technology & Science,keyword,1.0,2026-09-26T13:52:04.780788+00:00
parliamatebp2025.calicotab.com:parliamatebp2025:63837,,,,2026-09-26T13:52:04.780788+00:00
pearlpd.calicotab.com:pearlbpd2021:7736,Education,keyword,1.0,2026-09-26T13:52:04.780788+00:00
pearlpd.calicotab.com:pearlbpd2021:7737,Environment,keyword,1.0,2026-09-26T13:52:04.780788+00:00
pearlpd.calicotab.com:pearlbpd2021:7738,International Relations,keyword,1.0,2026-09-26T13:52:04.780788+00:00
pearlpd.calicotab.com:pearlbpd2021:7739,Gender & Feminism,keyword,1.0,2026-09-26T13:52:04.780788+00:00
pearlpd.calicotab.com:pearlbpd2021:7740,Law & Criminal Justice,keyword,1.0,2026-09-26T13:52:04.780788+00:00
pkuproam24.calicotab.com:pkuproam24:43225,Politics & Governance,keyword,1.0,2026-09-26T13:52:04.780788+00:00
pkuproam24.calicotab.com:pkuproam24:43226,Education,keyword,1.0,2026-09-26T13:52:04.780788+00:00
pkuproam24.calicotab.com:pkuproam24:43227,Economics,keyword,1.0,2026-09-26T13:52:04.780788+00:00
pkuproam24.calicotab.com:pkuproam24:43228,,,,2026-09-26T13:52:04.780788+00:00
pkuproam24.calicotab.com:pkuproam24:43229,Education,keyword,1.0,2026-09-26T13:52:04.780788+00:00
pkuproam25.calicotab.com:_:61147,,,,2026-09-26T13:52:04.780788+00:00
pkuproam25.calicotab.com:_:61157,,,,2026-09-26T13:52:04.780788+00:00
pkuproam25.calicotab.com:_:61158,,,,2026-09-26T13:52:04.780788+00:00
pkuproam25.calicotab.com:_:61159,,,,2026-09-26T13:52:04.780788+00:00
pkuproam25.calicotab.com:_:61160,Health,keyword,1.0,2026-09-26T13:52:04.780788+00:00
pkuproam26.calicotab.com:_:83888,Education,keyword,1.0,2026-09-26T13:52:04.780788+00:00
pkuproam26.calicotab.com:_:83896,,,,2026-09-26T13:52:04.780788+00:00
pkuproam26.calicotab.com:_:83928,Politics & Governance,keyword,1.0,2026-09-26T13:52:04.780788+00:00
pkuproam26.calicotab.com:_:83945,Media & Culture,keyword,1.0,2026-09-26T13:52:04.780788+00:00
pkuproam26.calicotab.com:_:83999,,,,2026-09-26T13:52:04.780788+00:00
pennwsdc2024.calicotab.com:ppw2024:41390,,,,2026-09-26T13:52:04.780788+00:00
pennwsdc2024.calicotab.com:ppw2024:41391,,,,2026-09-26T13:52:04.780788+00:00
pennwsdc2024.calicotab.com:ppw2024:41392,Politics & Governance,keyword,1.0,2026-09-26T13:52:04.780788+00:00
pennwsdc2024.calicotab.com:ppw2024:41393,,,,2026-09-26T13:52:04.780788+00:00
pennwsdc2024.calicotab.com:ppw2024:41394,Social Policy & Welfare,keyword,1.0,2026-09-26T13:52:04.780788+00:00
pmiv25.calicotab.com:petermaguire25:64771,,,,2026-09-26T13:52:04.780788+00:00
pmiv25.calicotab.com:petermaguire25:64794,Politics & Governance,keyword,1.0,2026-09-26T13:52:04.780788+00:00
pmiv25.calicotab.com:petermaguire25:64802,,,,2026-09-26T13:52:04.780788+00:00
pmiv25.calicotab.com:petermaguire25:64902,,,,2026-09-26T13:52:04.780788+00:00
pmiv25.calicotab.com:petermaguire25:64908,,,,2026-09-26T13:52:04.780788+00:00
ndcdiliman2022.calicotab.com:NDCDiliman2022:14242,Education,keyword,1.0,2026-09-26T13:52:04.780788+00:00
ndcdiliman2022.calicotab.com:NDCDiliman2022:14243,Gender & Feminism,keyword,1.0,2026-09-26T13:52:04.780788+00:00
ndcdiliman2022.calicotab.com:NDCDiliman2022:14244,Economics,keyword,1.0,2026-09-26T13:52:04.780788+00:00
ndcdiliman2022.calicotab.com:NDCDiliman2022:14245,,,,2026-09-26T13:52:04.780788+00:00
ndcdiliman2022.calicotab.com:NDCDiliman2022:14246,Education,keyword,1.0,2026-09-26T13:52:04.780788+00:00
ndcdiliman2022.calicotab.com:NDCDiliman2022:14247,Environment,keyword,1.0,2026-09-26T13:52:04.780788+00:00
ndcdiliman2022.calicotab.com:NDCDiliman2022:14248,Politics & Governance,keyword,1.0,2026-09-26T13:52:04.780788+00:00
ndc2024.calicotab.com:hermosa:48129,Gender & Feminism,keyword,1.0,2026-09-26T13:52:04.780788+00:00
ndc2024.calicotab.com:hermosa:48130,International Relations,keyword,1.0,2026-09-26T13:52:04.780788+00:00
ndc2024.calicotab.com:hermosa:48131,Technology & Science,model,0.409,2026-09-26T13:52:04.780788+00:00
ndc2024.calicotab.com:hermosa:48132,,,,2026-09-26T13:52:04.780788+00:00
ndc2024.calicotab.com:hermosa:48133,Economics,keyword,1.0,2026-09-26T13:52:04.780788+00:00
ndc2024.calicotab.com:hermosa:48135,Economics,keyword,1.0,2026-09-26T13:52:04.780788+00:00
ndc2024.calicotab.com:hermosa:48136,,,,2026-09-26T13:52:04.780788+00:00
ndc2025.calicotab.com:ndc2025:70733,Education,keyword,1.0,2026-09-26T13:52:04.780788+00:00
ndc2025.calicotab.com:ndc2025:70786,Economics,keyword,1.0,2026-09-26T13:52:04.780788+00:00
ndc2025.calicotab.com:ndc2025:70850,Religion,keyword,1.0,2026-09-26T13:52:04.780788+00:00
ndc2025.calicotab.com:ndc2025:70878,Economics,keyword,1.0,2026-09-26T13:52:04.780788+00:00
ndc2025.calicotab.com:ndc2025:70981,,,,2026-09-26T13:52:04.780788+00:00
ndc2025.calicotab.com:ndc2025:71006,Law & Criminal Justice,keyword,1.0,2026-09-26T13:52:04.780788+00:00
ndc2025.calicotab.com:ndc2025:71069,Gender & Feminism,keyword,1.0,2026-09-26T13:52:04.780788+00:00
pipers.calicotab.com:pipers:22855,Technology & Science,keyword,1.0,2026-09-26T13:52:04.780788+00:00
pipers.calicotab.com:pipers:22856,,,,2026-09-26T13:52:04.780788+00:00
pipers.calicotab.com:pipers:22857,Education,keyword,1.0,2026-09-26T13:52:04.780788+00:00
pipers.calicotab.com:pipers:22858,Health,keyword,1.0,2026-09-26T13:52:04.780788+00:00
pipers.calicotab.com:pipers:22859,,,,2026-09-26T13:52:04.780788+00:00
idc25.calicotab.com:idc2025:60348,Education,keyword,1.0,2026-09-26T13:52:04.780788+00:00
idc25.calicotab.com:idc2025:60363,Gender & Feminism,keyword,1.0,2026-09-26T13:52:04.780788+00:00
idc25.calicotab.com:idc2025:60379,Economics,keyword,1.0,2026-09-26T13:52:04.780788+00:00
idc25.calicotab.com:idc2025:60391,,,,2026-09-26T13:52:04.780788+00:00
idc25.calicotab.com:idc2025:60457,Law & Criminal Justice,keyword,1.0,2026-09-26T13:52:04.780788+00:00
poznanopen2026.calicotab.com:poznanopen2026:80187,,,,2026-09-26T13:52:04.780788+00:00
poznanopen2026.calicotab.com:poznanopen2026:80213,Environment,keyword,1.0,2026-09-26T13:52:04.780788+00:00
poznanopen2026.calicotab.com:poznanopen2026:80219,,,,2026-09-26T13:52:04.780788+00:00
poznanopen2026.calicotab.com:poznanopen2026:80230,Politics & Governance,keyword,1.0,2026-09-26T13:52:04.780788+00:00
poznanopen2026.calicotab.com:poznanopen2026:80330,,,,2026-09-26T13:52:04.780788+00:00
pragueopen2024.calicotab.com:_:46393,,,,2026-09-26T13:52:04.780788+00:00
pragueopen2024.calicotab.com:_:46394,,,,2026-09-26T13:52:04.780788+00:00
pragueopen2024.calicotab.com:_:46395,Law & Criminal Justice,keyword,1.0,2026-09-26T13:52:04.780788+00:00
pragueopen2024.calicotab.com:_:46396,,,,2026-09-26T13:52:04.780788+00:00
pragueopen2024.calicotab.com:_:46397,Education,keyword,1.0,2026-09-26T13:52:04.780788+00:00
pragueopen2025.calicotab.com:_:66451,Technology & Science,keyword,1.0,2026-09-26T13:52:04.780788+00:00
pragueopen2025.calicotab.com:_:66475,International Relations,keyword,1.0,2026-09-26T13:52:04.780788+00:00
pragueopen2025.calicotab.com:_:66504,Education,keyword,1.0,2026-09-26T13:52:04.780788+00:00
pragueopen2025.calicotab.com:_:66523,Religion,keyword,1.0,2026-09-26T13:52:04.780788+00:00
pragueopen2025.calicotab.com:_:66589,Technology & Science,keyword,1.0,2026-09-26T13:52:04.780788+00:00
prativaad.calicotab.com:prativaad25:49402,International Relations,keyword,1.0,2026-09-26T13:52:04.780788+00:00
prativaad.calicotab.com:prativaad25:49403,Economics,keyword,1.0,2026-09-26T13:52:04.780788+00:00
prativaad.calicotab.com:prativaad25:49404,Economics,keyword,1.0,2026-09-26T13:52:04.780788+00:00
prativaad.calicotab.com:prativaad25:49405,,,,2026-09-26T13:52:04.780788+00:00
prativaad.calicotab.com:prativaad25:49406,Politics & Governance,keyword,1.0,2026-09-26T13:52:04.780788+00:00
preeudcchallenge2024mini.calicotab.com:_:44869,,,,2026-09-26T13:52:04.780788+00:00
preeudcchallenge2024mini.calicotab.com:_:44870,Social Policy & Welfare,keyword,1.0,2026-09-26T13:52:04.780788+00:00
preeudcchallenge2024mini.calicotab.com:_:44871,,,,2026-09-26T13:52:04.780788+00:00
preeudcchallenge2024mini.calicotab.com:_:44872,Economics,keyword,1.0,2026-09-26T13:52:04.780788+00:00
presido2026.calicotab.com:_:74405,Technology & Science,keyword,1.0,2026-09-26T13:52:04.780788+00:00
presido2026.calicotab.com:_:74406,,,,2026-09-26T13:52:04.780788+00:00
presido2026.calicotab.com:_:74407,,,,2026-09-26T13:52:04.780788+00:00
presido2026.calicotab.com:_:74408,Education,keyword,1.0,2026-09-26T13:52:04.780788+00:00
presido2026.calicotab.com:_:74695,Media & Culture,keyword,1.0,2026-09-26T13:52:04.780788+00:00
ppiv2021.calicotab.com:ppiv2021:1398,Media & Culture,keyword,1.0,2026-09-26T13:52:04.780788+00:00
ppiv2021.calicotab.com:ppiv2021:1399,Law & Criminal Justice,keyword,1.0,2026-09-26T13:52:04.780788+00:00
ppiv2021.calicotab.com:ppiv2021:1400,Politics & Governance,keyword,1.0,2026-09-26T13:52:04.780788+00:00
ppiv2021.calicotab.com:ppiv2021:1401,Politics & Governance,keyword,1.0,2026-09-26T13:52:04.780788+00:00
ppiv2021.calicotab.com:ppiv2021:1402,Economics,keyword,1.0,2026-09-26T13:52:04.780788+00:00
stukudebate2025.calicotab.com:stubate2025:56231,Economics,keyword,1.0,2026-09-26T13:52:04.780788+00:00
stukudebate2025.calicotab.com:stubate2025:56264,,,,2026-09-26T13:52:04.780788+00:00
stukudebate2025.calicotab.com:stubate2025:56267,Politics & Governance,keyword,1.0,2026-09-26T13:52:04.780788+00:00
stukudebate2025.calicotab.com:stubate2025:56335,,,,2026-09-26T13:52:04.780788+00:00
princetoniv2023.calicotab.com:princeton23:31945,Military & Security,keyword,1.0,2026-09-26T13:52:04.780788+00:00
princetoniv2023.calicotab.com:princeton23:31946,,,,2026-09-26T13:52:04.780788+00:00
princetoniv2023.calicotab.com:princeton23:31947,Politics & Governance,keyword,1.0,2026-09-26T13:52:04.780788+00:00
princetoniv2023.calicotab.com:princeton23:31948,Gender & Feminism,keyword,1.0,2026-09-26T13:52:04.780788+00:00
princetoniv2023.calicotab.com:princeton23:31949,Religion,keyword,1.0,2026-09-26T13:52:04.780788+00:00
princetoniv2024.calicotab.com:princetoniv2024:46318,,,,2026-09-26T13:52:04.780788+00:00
princetoniv2024.calicotab.com:princetoniv2024:46319,Health,keyword,1.0,2026-09-26T13:52:04.780788+00:00
princetoniv2024.calicotab.com:princetoniv2024:46320,Law & Criminal Justice,keyword,1.0,2026-09-26T13:52:04.780788+00:00
princetoniv2024.calicotab.com:princetoniv2024:46321,Economics,keyword,1.0,2026-09-26T13:52:04.780788+00:00
princetoniv2024.calicotab.com:princetoniv2024:46322,,,,2026-09-26T13:52:04.780788+00:00
princetoniv2025.calicotab.com:princetoniv25:63892,,,,2026-09-26T13:52:04.780788+00:00
princetoniv2025.calicotab.com:princetoniv25:63906,Gender & Feminism,keyword,1.0,2026-09-26T13:52:04.780788+00:00
princetoniv2025.calicotab.com:princetoniv25:63918,International Relations,keyword,1.0,2026-09-26T13:52:04.780788+00:00
princetoniv2025.calicotab.com:princetoniv25:63924,Economics,keyword,1.0,2026-09-26T13:52:04.780788+00:00
princetoniv2025.calicotab.com:princetoniv25:64027,,,,2026-09-26T13:52:04.780788+00:00
tabtastic.calicotab.com:qmiv2021:5814,Media & Culture,keyword,1.0,2026-09-26T13:52:04.780788+00:00
tabtastic.calicotab.com:qmiv2021:5813,Politics & Governance,keyword,1.0,2026-09-26T13:52:04.780788+00:00
tabtastic.calicotab.com:qmiv2021:5815,Technology & Science,keyword,1.0,2026-09-26T13:52:04.780788+00:00
tabtastic.calicotab.com:qmiv2021:5816,Law & Criminal Justice,keyword,1.0,2026-09-26T13:52:04.780788+00:00
queenmarytournaments.calicotab.com:qmiv25:50871,,,,2026-09-26T13:52:04.780788+00:00
queenmarytournaments.calicotab.com:qmiv25:50902,,,,2026-09-26T13:52:04.780788+00:00
queenmarytournaments.calicotab.com:qmiv25:50920,,,,2026-09-26T13:52:04.780788+00:00
queenmarytournaments.calicotab.com:qmiv25:50932,International Relations,keyword,1.0,2026-09-26T13:52:04.780788+00:00
qmulopen26.calicotab.com:qmulopen26:73442,,,,2026-09-26T13:52:04.780788+00:00
qmulopen26.calicotab.com:qmulopen26:73470,,,,2026-09-26T13:52:04.780788+00:00
qmulopen26.calicotab.com:qmulopen26:73492,Technology & Science,keyword,1.0,2026-09-26T13:52:04.780788+00:00
qmulopen26.calicotab.com:qmulopen26:73509,Military & Security,keyword,1.0,2026-09-26T13:52:04.780788+00:00
qubopen.calicotab.com:qubopen2026:73434,,,,2026-09-26T13:52:04.780788+00:00
qubopen.calicotab.com:qubopen2026:73435,,,,2026-09-26T13:52:04.780788+00:00
qubopen.calicotab.com:qubopen2026:73436,Law & Criminal Justice,keyword,1.0,2026-09-26T13:52:04.780788+00:00
qubopen.calicotab.com:qubopen2026:73439,Technology & Science,keyword,1.0,2026-09-26T13:52:04.780788+00:00
qubopen.calicotab.com:qubopen2026:73443,,,,2026-09-26T13:52:04.780788+00:00
rclpd2024.calicotab.com:rclpd24:45336,,,,2026-09-26T13:52:04.780788+00:00
rclpd2024.calicotab.com:rclpd24:45337,,,,2026-09-26T13:52:04.780788+00:00
rclpd2024.calicotab.com:rclpd24:45338,Economics,keyword,1.0,2026-09-26T13:52:04.780788+00:00
rclpd2024.calicotab.com:rclpd24:45339,,,,2026-09-26T13:52:04.780788+00:00
rclpd2024.calicotab.com:rclpd24:45340,Religion,keyword,1.0,2026-09-26T13:52:04.780788+00:00
rclpd2025.calicotab.com:rclpd25:68946,Education,keyword,1.0,2026-09-26T13:52:04.780788+00:00
rclpd2025.calicotab.com:rclpd25:68993,,,,2026-09-26T13:52:04.780788+00:00
rclpd2025.calicotab.com:rclpd25:68995,Religion,keyword,1.0,2026-09-26T13:52:04.780788+00:00
rclpd2025.calicotab.com:rclpd25:68994,Politics & Governance,keyword,1.0,2026-09-26T13:52:04.780788+00:00
rclpd2025.calicotab.com:rclpd25:68997,International Relations,keyword,1.0,2026-09-26T13:52:04.780788+00:00
rmlbpd23.calicotab.com:rmlbpd2023:34786,,,,2026-09-26T13:52:04.780788+00:00
rmlbpd23.calicotab.com:rmlbpd2023:34787,Health,keyword,1.0,2026-09-26T13:52:04.780788+00:00
rmlbpd23.calicotab.com:rmlbpd2023:34788,,,,2026-09-26T13:52:04.780788+00:00
rmlbpd23.calicotab.com:rmlbpd2023:34791,International Relations,keyword,1.0,2026-09-26T13:52:04.780788+00:00
rmlbpd23.calicotab.com:rmlbpd2023:34792,Social Policy & Welfare,keyword,1.0,2026-09-26T13:52:04.780788+00:00
mace.calicotab.com:rpdainternals2022:10722,Technology & Science,keyword,1.0,2026-09-26T13:52:04.780788+00:00
mace.calicotab.com:prepaudc2022:10813,,,,2026-09-26T13:52:04.780788+00:00
mace.calicotab.com:prepaudc2022:10812,,,,2026-09-26T13:52:04.780788+00:00
mace.calicotab.com:prepaudc2022:10811,Politics & Governance,keyword,1.0,2026-09-26T13:52:04.780788+00:00
mace.calicotab.com:prepaudc2022:10810,Economics,keyword,1.0,2026-09-26T13:52:04.780788+00:00
mace.calicotab.com:prepaudc2022:10809,Economics,keyword,1.0,2026-09-26T13:52:04.780788+00:00
mace.calicotab.com:rpdapre-paudc2023:10906,,,,2026-09-26T13:52:04.780788+00:00
mace.calicotab.com:rpdapre-paudc2023:10905,International Relations,keyword,1.0,2026-09-26T13:52:04.780788+00:00
mace.calicotab.com:rpdapre-paudc2023:10904,Religion,keyword,1.0,2026-09-26T13:52:04.780788+00:00
mace.calicotab.com:rpdapre-paudc2023:10903,Economics,keyword,1.0,2026-09-26T13:52:04.780788+00:00
mace.calicotab.com:rpdapre-paudc2023:10902,Economics,keyword,1.0,2026-09-26T13:52:04.780788+00:00
mace.calicotab.com:pre-paudc24:10976,,,,2026-09-26T13:52:04.780788+00:00
mace.calicotab.com:pre-paudc24:10972,,,,2026-09-26T13:52:04.780788+00:00
mace.calicotab.com:pre-paudc24:10973,Gender & Feminism,keyword,1.0,2026-09-26T13:52:04.780788+00:00
mace.calicotab.com:pre-paudc24:10974,,,,2026-09-26T13:52:04.780788+00:00
mace.calicotab.com:pre-paudc24:10975,Environment,keyword,1.0,2026-09-26T13:52:04.780788+00:00
mace.calicotab.com:rpdapre_paudc2025:67302,Gender & Feminism,model,0.415,2026-09-26T13:52:04.780788+00:00
mace.calicotab.com:rpdapre_paudc2025:67405,Religion,keyword,1.0,2026-09-26T13:52:04.780788+00:00
mace.calicotab.com:rpdapre_paudc2025:67443,Military & Security,keyword,1.0,2026-09-26T13:52:04.780788+00:00
mace.calicotab.com:rpdapre_paudc2025:67498,Economics,keyword,1.0,2026-09-26T13:52:04.780788+00:00
mace.calicotab.com:rpdapre_paudc2025:67497,,,,2026-09-26T13:52:04.780788+00:00
rpmd2021.calicotab.com:rpmd21:11704,,,,2026-09-26T13:52:04.780788+00:00
rpmd2021.calicotab.com:rpmd21:11694,,,,2026-09-26T13:52:04.780788+00:00
rpmd2021.calicotab.com:rpmd21:11697,Media & Culture,keyword,1.0,2026-09-26T13:52:04.780788+00:00
rpmd2021.calicotab.com:rpmd21:11699,Health,keyword,1.0,2026-09-26T13:52:04.780788+00:00
rpmd2021.calicotab.com:rpmd21:11700,,,,2026-09-26T13:52:04.780788+00:00
rvdt.calicotab.com:rvdt2021:11727,Education,keyword,1.0,2026-09-26T13:52:04.780788+00:00
rvdt.calicotab.com:rvdt2021:11726,Law & Criminal Justice,keyword,1.0,2026-09-26T13:52:04.780788+00:00
rvdt.calicotab.com:rvdt2021:11725,Economics,keyword,1.0,2026-09-26T13:52:04.780788+00:00
rvdt.calicotab.com:rvdt2021:11724,,,,2026-09-26T13:52:04.780788+00:00
rvdt.calicotab.com:rvdt2021:11723,Economics,keyword,1.0,2026-09-26T13:52:04.780788+00:00
rvdt.calicotab.com:rvdt2023:11757,,,,2026-09-26T13:52:04.780788+00:00
rvdt.calicotab.com:rvdt2023:11758,,,,2026-09-26T13:52:04.780788+00:00
rvdt.calicotab.com:rvdt2023:11756,Law & Criminal Justice,keyword,1.0,2026-09-26T13:52:04.780788+00:00
rvdt.calicotab.com:rvdt2023:11755,,,,2026-09-26T13:52:04.780788+00:00
rmlpd2025.calicotab.com:rmlpd26:76749,Education,keyword,1.0,2026-09-26T13:52:04.780788+00:00
rmlpd2025.calicotab.com:rmlpd26:76769,,,,2026-09-26T13:52:04.780788+00:00
rmlpd2025.calicotab.com:rmlpd26:76860,Economics,keyword,1.0,2026-09-26T13:52:04.780788+00:00
rmlpd2025.calicotab.com:rmlpd26:76920,Politics & Governance,keyword,1.0,2026-09-26T13:52:04.780788+00:00
rmlpd2025.calicotab.com:rmlpd26:76973,Health,keyword,1.0,2026-09-26T13:52:04.780788+00:00
pakdebateforum.calicotab.com:rdo2024:40370,Environment,keyword,1.0,2026-09-26T13:52:04.780788+00:00
pakdebateforum.calicotab.com:rdo2024:40371,Economics,keyword,1.0,2026-09-26T13:52:04.780788+00:00
pakdebateforum.calicotab.com:rdo2024:40372,Environment,keyword,1.0,2026-09-26T13:52:04.780788+00:00
pakdebateforum.calicotab.com:rdo2024:40373,International Relations,keyword,1.0,2026-09-26T13:52:04.780788+00:00
pakdebateforum.calicotab.com:rdo2025:52150,,,,2026-09-26T13:52:04.780788+00:00
pakdebateforum.calicotab.com:rdo2025:52151,,,,2026-09-26T13:52:04.780788+00:00
pakdebateforum.calicotab.com:rdo2025:52152,Health,keyword,1.0,2026-09-26T13:52:04.780788+00:00
pakdebateforum.calicotab.com:rdo2025:52153,Religion,keyword,1.0,2026-09-26T13:52:04.780788+00:00
pakdebateforum.calicotab.com:rdo2026:74426,Politics & Governance,keyword,1.0,2026-09-26T13:52:04.780788+00:00
pakdebateforum.calicotab.com:rdo2026:74449,Media & Culture,keyword,1.0,2026-09-26T13:52:04.780788+00:00
pakdebateforum.calicotab.com:rdo2026:74637,,,,2026-09-26T13:52:04.780788+00:00
pakdebateforum.calicotab.com:rdo2026:74661,Economics,keyword,1.0,2026-09-26T13:52:04.780788+00:00
randompa5.calicotab.com:rpav:25922,,,,2026-09-26T13:52:04.780788+00:00
randompa5.calicotab.com:rpav:25923,Economics,keyword,1.0,2026-09-26T13:52:04.780788+00:00
randompa5.calicotab.com:rpav:25925,Technology & Science,keyword,1.0,2026-09-26T13:52:04.780788+00:00
rotterdampreeudc.calicotab.com:rotterdampreeudc:57652,Social Policy & Welfare,keyword,1.0,2026-09-26T13:52:04.780788+00:00
rotterdampreeudc.calicotab.com:rotterdampreeudc:57663,Economics,keyword,1.0,2026-09-26T13:52:04.780788+00:00
rotterdampreeudc.calicotab.com:rotterdampreeudc:57674,Law & Criminal Justice,keyword,1.0,2026-09-26T13:52:04.780788+00:00
rotterdampreeudc.calicotab.com:rotterdampreeudc:57684,,,,2026-09-26T13:52:04.780788+00:00
rotterdampreeudc.calicotab.com:rotterdampreeudc:57754,,,,2026-09-26T13:52:04.780788+00:00
rrac22.calicotab.com:rrac2022:13585,Education,keyword,1.0,2026-09-26T13:52:04.780788+00:00
rrac22.calicotab.com:rrac2022:13586,Gender & Feminism,keyword,1.0,2026-09-26T13:52:04.780788+00:00
rrac22.calicotab.com:rrac2022:13587,,,,2026-09-26T13:52:04.780788+00:00
rrac22.calicotab.com:rrac2022:13589,Environment,keyword,1.0,2026-09-26T13:52:04.780788+00:00
rrac22.calicotab.com:rrac2022:13588,,,,2026-09-26T13:52:04.780788+00:00
rrac24.calicotab.com:anniversarycup2024:37344,,,,2026-09-26T13:52:04.780788+00:00
rrac24.calicotab.com:anniversarycup2024:37345,Economics,keyword,1.0,2026-09-26T13:52:04.780788+00:00
rrac24.calicotab.com:anniversarycup2024:37346,,,,2026-09-26T13:52:04.780788+00:00
rrac24.calicotab.com:anniversarycup2024:37347,Technology & Science,keyword,1.0,2026-09-26T13:52:04.780788+00:00
rrac24.calicotab.com:anniversarycup2024:37348,,,,2026-09-26T13:52:04.780788+00:00
smdo24.calicotab.com:stamesa24:39494,Education,keyword,1.0,2026-09-26T13:52:04.780788+00:00
smdo24.calicotab.com:stamesa24:39495,Economics,keyword,1.0,2026-09-26T13:52:04.780788+00:00
smdo24.calicotab.com:stamesa24:39497,Gender & Feminism,keyword,1.0,2026-09-26T13:52:04.780788+00:00
smdo24.calicotab.com:stamesa24:39498,Technology & Science,keyword,1.0,2026-09-26T13:52:04.780788+00:00
smdo24.calicotab.com:stamesa24:39499,Economics,keyword,1.0,2026-09-26T13:52:04.780788+00:00
scotlandpreeudc2026.calicotab.com:scotlandpreeudc2026:82413,,,,2026-09-26T13:52:04.780788+00:00
scotlandpreeudc2026.calicotab.com:scotlandpreeudc2026:82425,International Relations,keyword,1.0,2026-09-26T13:52:04.780788+00:00
scotlandpreeudc2026.calicotab.com:scotlandpreeudc2026:82438,,,,2026-09-26T13:52:04.780788+00:00
scotlandpreeudc2026.calicotab.com:scotlandpreeudc2026:82447,Economics,keyword,1.0,2026-09-26T13:52:04.780788+00:00
scotlandpreeudc2026.calicotab.com:scotlandpreeudc2026:82495,Politics & Governance,keyword,1.0,2026-09-26T13:52:04.780788+00:00
scottishmace.calicotab.com:Mace2022:14189,Economics,keyword,1.0,2026-09-26T13:52:04.780788+00:00
scottishmace.calicotab.com:Mace2022:14190,Media & Culture,keyword,1.0,2026-09-26T13:52:04.780788+00:00
scottishmace.calicotab.com:Mace2022:14191,International Relations,keyword,1.0,2026-09-26T13:52:04.780788+00:00
scottishmace.calicotab.com:Mace2022:14192,Religion,keyword,1.0,2026-09-26T13:52:04.780788+00:00
scottishmace.calicotab.com:Mace2022:14193,Gender & Feminism,keyword,1.0,2026-09-26T13:52:04.780788+00:00
mace2024.calicotab.com:mace24:38610,Media & Culture,model,0.501,2026-09-26T13:52:04.780788+00:00
mace2024.calicotab.com:mace24:38611,Politics & Governance,keyword,1.0,2026-09-26T13:52:04.780788+00:00
mace2024.calicotab.com:mace24:38612,Religion,keyword,1.0,2026-09-26T13:52:04.780788+00:00
mace2024.calicotab.com:mace24:38613,Economics,keyword,1.0,2026-09-26T13:52:04.780788+00:00
mace2024.calicotab.com:mace24:38614,Law & Criminal Justice,keyword,1.0,2026-09-26T13:52:04.780788+00:00
mace2025.calicotab.com:mace2025:50876,Politics & Governance,keyword,1.0,2026-09-26T13:52:04.780788+00:00
mace2025.calicotab.com:mace2025:50904,,,,2026-09-26T13:52:04.780788+00:00
mace2025.calicotab.com:mace2025:50911,International Relations,keyword,1.0,2026-09-26T13:52:04.780788+00:00
mace2025.calicotab.com:mace2025:51066,Technology & Science,model,0.424,2026-09-26T13:52:04.780788+00:00
mace2025.calicotab.com:mace2025:51082,Economics,keyword,1.0,2026-09-26T13:52:04.780788+00:00
scottishmace2026.calicotab.com:scottishmace2026:72515,Education,keyword,1.0,2026-09-26T13:52:04.780788+00:00
scottishmace2026.calicotab.com:scottishmace2026:72520,Religion,model,0.68,2026-09-26T13:52:04.780788+00:00
scottishmace2026.calicotab.com:scottishmace2026:72556,,,,2026-09-26T13:52:04.780788+00:00
scottishmace2026.calicotab.com:scottishmace2026:72560,Education,keyword,1.0,2026-09-26T13:52:04.780788+00:00
scottishmace2026.calicotab.com:scottishmace2026:72701,,,,2026-09-26T13:52:04.780788+00:00
suiv23.calicotab.com:seattleiv2023:34311,Education,keyword,1.0,2026-09-26T13:52:04.780788+00:00
suiv23.calicotab.com:seattleiv2023:34312,Economics,keyword,1.0,2026-09-26T13:52:04.780788+00:00
suiv23.calicotab.com:seattleiv2023:34313,Politics & Governance,keyword,1.0,2026-09-26T13:52:04.780788+00:00
suiv23.calicotab.com:seattleiv2023:34314,,,,2026-09-26T13:52:04.780788+00:00
suiv23.calicotab.com:seattleiv2023:34315,,,,2026-09-26T13:52:04.780788+00:00
suiv2025.calicotab.com:suiv2025:68663,,,,2026-09-26T13:52:04.780788+00:00
suiv2025.calicotab.com:suiv2025:68668,,,,2026-09-26T13:52:04.780788+00:00
suiv2025.calicotab.com:suiv2025:68672,,,,2026-09-26T13:52:04.780788+00:00
suiv2025.calicotab.com:suiv2025:68684,,,,2026-09-26T13:52:04.780788+00:00
suiv2025.calicotab.com:suiv2025:68791,,,,2026-09-26T13:52:04.780788+00:00
seattle2024fri.calicotab.com:seattlefri24:49000,Law & Criminal Justice,keyword,1.0,2026-09-26T13:52:04.780788+00:00
seattle2024fri.calicotab.com:seattlefri24:49001,Law & Criminal Justice,keyword,1.0,2026-09-26T13:52:04.780788+00:00
seattle2024fri.calicotab.com:seattlefri24:49002,Health,keyword,1.0,2026-09-26T13:52:04.780788+00:00
seattle2024fri.calicotab.com:seattlefri24:49003,,,,2026-09-26T13:52:04.780788+00:00
suiv2025.calicotab.com:suiv2025online:68492,,,,2026-09-26T13:52:04.780788+00:00
suiv2025.calicotab.com:suiv2025online:68520,International Relations,keyword,1.0,2026-09-26T13:52:04.780788+00:00
suiv2025.calicotab.com:suiv2025online:68532,Technology & Science,keyword,1.0,2026-09-26T13:52:04.780788+00:00
suiv2025.calicotab.com:suiv2025online:68539,Politics & Governance,keyword,1.0,2026-09-26T13:52:04.780788+00:00
siv2025.calicotab.com:seriousiv2025:34454,Gender & Feminism,keyword,1.0,2026-09-26T13:52:04.780788+00:00
siv2025.calicotab.com:seriousiv2025:34453,Law & Criminal Justice,keyword,1.0,2026-09-26T13:52:04.780788+00:00
siv2025.calicotab.com:seriousiv2025:34455,,,,2026-09-26T13:52:04.780788+00:00
siv2025.calicotab.com:seriousiv2025:34456,Politics & Governance,keyword,1.0,2026-09-26T13:52:04.780788+00:00
siv2025.calicotab.com:seriousiv2025:34457,Economics,keyword,1.0,2026-09-26T13:52:04.780788+00:00
seriousiv2026.calicotab.com:_:75683,Economics,keyword,1.0,2026-09-26T13:52:04.780788+00:00
seriousiv2026.calicotab.com:_:75684,,,,2026-09-26T13:52:04.780788+00:00
seriousiv2026.calicotab.com:_:75685,Economics,keyword,1.0,2026-09-26T13:52:04.780788+00:00
seriousiv2026.calicotab.com:_:75686,,,,2026-09-26T13:52:04.780788+00:00
seriousiv2026.calicotab.com:_:75826,Politics & Governance,keyword,1.0,2026-09-26T13:52:04.780788+00:00
severncup23.calicotab.com:severncup:35964,,,,2026-09-26T13:52:04.780788+00:00
severncup23.calicotab.com:severncup:35965,Environment,keyword,1.0,2026-09-26T13:52:04.780788+00:00
severncup23.calicotab.com:severncup:35966,Gender & Feminism,keyword,1.0,2026-09-26T13:52:04.780788+00:00
severncup23.calicotab.com:severncup:35967,Media & Culture,keyword,1.0,2026-09-26T13:52:04.780788+00:00
severn25.calicotab.com:severn25:65176,Politics & Governance,keyword,1.0,2026-09-26T13:52:04.780788+00:00
severn25.calicotab.com:severn25:65178,,,,2026-09-26T13:52:04.780788+00:00
severn25.calicotab.com:severn25:65179,,,,2026-09-26T13:52:04.780788+00:00
severn25.calicotab.com:severn25:65180,,,,2026-09-26T13:52:04.780788+00:00
sidc2024.calicotab.com:SIDC2024:48877,,,,2026-09-26T13:52:04.780788+00:00
sidc2024.calicotab.com:SIDC2024:48878,Education,keyword,1.0,2026-09-26T13:52:04.780788+00:00
sidc2024.calicotab.com:SIDC2024:48879,,,,2026-09-26T13:52:04.780788+00:00
sidc2024.calicotab.com:SIDC2024:48880,,,,2026-09-26T13:52:04.780788+00:00
sidc2024.calicotab.com:SIDC2024:48881,Media & Culture,keyword,1.0,2026-09-26T13:52:04.780788+00:00
sit.calicotab.com:sit2025:55417,Education,keyword,1.0,2026-09-26T13:52:04.780788+00:00
sit.calicotab.com:sit2025:55444,,,,2026-09-26T13:52:04.780788+00:00
sndo2024.calicotab.com:sndo2024:48500,Politics & Governance,keyword,1.0,2026-09-26T13:52:04.780788+00:00
sndo2024.calicotab.com:sndo2024:48501,Economics,keyword,1.0,2026-09-26T13:52:04.780788+00:00
sndo2024.calicotab.com:sndo2024:48502,Environment,keyword,1.0,2026-09-26T13:52:04.780788+00:00
sndo2024.calicotab.com:sndo2024:48503,,,,2026-09-26T13:52:04.780788+00:00
sndo25.calicotab.com:sndo25:65105,,,,2026-09-26T13:52:04.780788+00:00
sndo25.calicotab.com:sndo25:65112,,,,2026-09-26T13:52:04.780788+00:00
sndo25.calicotab.com:sndo25:65152,,,,2026-09-26T13:52:04.780788+00:00
sndo25.calicotab.com:sndo25:65191,Technology & Science,keyword,1.0,2026-09-26T13:52:04.780788+00:00
sheffieldiv2023.calicotab.com:sheffieldiv2023:30714,Education,keyword,1.0,2026-09-26T13:52:04.780788+00:00
sheffieldiv2023.calicotab.com:sheffieldiv2023:30715,Media & Culture,keyword,1.0,2026-09-26T13:52:04.780788+00:00
sheffieldiv2023.calicotab.com:sheffieldiv2023:30716,Military & Security,keyword,1.0,2026-09-26T13:52:04.780788+00:00
sheffieldiv2023.calicotab.com:sheffieldiv2023:30717,,,,2026-09-26T13:52:04.780788+00:00
sheffieldproam26.calicotab.com:sheffield26:78672,Media & Culture,keyword,1.0,2026-09-26T13:52:04.780788+00:00
sheffieldproam26.calicotab.com:sheffield26:78693,,,,2026-09-26T13:52:04.780788+00:00
sheffieldproam26.calicotab.com:sheffield26:78707,Gender & Feminism,keyword,1.0,2026-09-26T13:52:04.780788+00:00
sheffieldproam26.calicotab.com:sheffield26:78720,,,,2026-09-26T13:52:04.780788+00:00
shivajienglishpd.calicotab.com:shivajipd26:70400,,,,2026-09-26T13:52:04.780788+00:00
shivajienglishpd.calicotab.com:shivajipd26:70424,Education,keyword,1.0,2026-09-26T13:52:04.780788+00:00
shivajienglishpd.calicotab.com:shivajipd26:70555,,,,2026-09-26T13:52:04.780788+00:00
shivajienglishpd.calicotab.com:shivajipd26:70588,International Relations,keyword,1.0,2026-09-26T13:52:04.780788+00:00
shivajienglishpd.calicotab.com:shivajipd26:70609,Gender & Feminism,keyword,1.0,2026-09-26T13:52:04.780788+00:00
srbp2024.calicotab.com:srbp2024:46302,,,,2026-09-26T13:52:04.780788+00:00
srbp2024.calicotab.com:srbp2024:46303,,,,2026-09-26T13:52:04.780788+00:00
srbp2024.calicotab.com:srbp2024:46304,Technology & Science,keyword,1.0,2026-09-26T13:52:04.780788+00:00
srbp2024.calicotab.com:srbp2024:46305,,,,2026-09-26T13:52:04.780788+00:00
srbp2024.calicotab.com:srbp2024:46306,,,,2026-09-26T13:52:04.780788+00:00
srbp25.calicotab.com:srbp25:61904,Politics & Governance,keyword,1.0,2026-09-26T13:52:04.780788+00:00
srbp25.calicotab.com:srbp25:61937,Media & Culture,keyword,1.0,2026-09-26T13:52:04.780788+00:00
srbp25.calicotab.com:srbp25:61961,Law & Criminal Justice,keyword,1.0,2026-09-26T13:52:04.780788+00:00
srbp25.calicotab.com:srbp25:61979,Religion,keyword,1.0,2026-09-26T13:52:04.780788+00:00
srbp25.calicotab.com:srbp25:62035,,,,2026-09-26T13:52:04.780788+00:00
debsocsrcc.calicotab.com:srbp2026:84678,Health,keyword,1.0,2026-09-26T13:52:04.780788+00:00
debsocsrcc.calicotab.com:srbp2026:84709,Gender & Feminism,keyword,1.0,2026-09-26T13:52:04.780788+00:00
debsocsrcc.calicotab.com:srbp2026:84730,Law & Criminal Justice,keyword,1.0,2026-09-26T13:52:04.780788+00:00
debsocsrcc.calicotab.com:srbp2026:84743,Politics & Governance,keyword,1.0,2026-09-26T13:52:04.780788+00:00
debsocsrcc.calicotab.com:srbp2026:84805,Education,keyword,1.0,2026-09-26T13:52:04.780788+00:00
shumenonlineopen2026.calicotab.com:_:80196,,,,2026-09-26T13:52:04.780788+00:00
shumenonlineopen2026.calicotab.com:_:80216,,,,2026-09-26T13:52:04.780788+00:00
shumenonlineopen2026.calicotab.com:_:80227,Health,keyword,1.0,2026-09-26T13:52:04.780788+00:00
shumenonlineopen2026.calicotab.com:_:80235,Religion,keyword,1.0,2026-09-26T13:52:04.780788+00:00
shumenonlineopen2026.calicotab.com:_:80328,,,,2026-09-26T13:52:04.780788+00:00
neadc.calicotab.com:neadc:13082,Politics & Governance,keyword,1.0,2026-09-26T13:52:04.780788+00:00
neadc.calicotab.com:neadc:13083,,,,2026-09-26T13:52:04.780788+00:00
neadc.calicotab.com:neadc:13084,,,,2026-09-26T13:52:04.780788+00:00
neadc.calicotab.com:neadc:13085,Environment,keyword,1.0,2026-09-26T13:52:04.780788+00:00
neadc.calicotab.com:neadc:13086,Health,keyword,1.0,2026-09-26T13:52:04.780788+00:00
neadc.calicotab.com:neadc:13087,,,,2026-09-26T13:52:04.780788+00:00
eudc2022.calicotab.com:eudc2022:2806,,,,2026-09-26T13:52:04.780788+00:00
eudc2022.calicotab.com:eudc2022:2807,Military & Security,keyword,1.0,2026-09-26T13:52:04.780788+00:00
eudc2022.calicotab.com:eudc2022:2808,Politics & Governance,keyword,1.0,2026-09-26T13:52:04.780788+00:00
eudc2022.calicotab.com:eudc2022:2809,,,,2026-09-26T13:52:04.780788+00:00
eudc2022.calicotab.com:eudc2022:2810,Economics,keyword,1.0,2026-09-26T13:52:04.780788+00:00
eudc2022.calicotab.com:eudc2022:2811,Media & Culture,keyword,1.0,2026-09-26T13:52:04.780788+00:00
eudc2022.calicotab.com:eudc2022:2812,,,,2026-09-26T13:52:04.780788+00:00
eudc2022.calicotab.com:eudc2022:2813,Media & Culture,keyword,1.0,2026-09-26T13:52:04.780788+00:00
eudc2022.calicotab.com:eudc2022:2814,Economics,keyword,1.0,2026-09-26T13:52:04.780788+00:00
