tournament,home_url,year,date,after_wudc,language,format,tournament_name,is_premier_regional_major,level,mode,region,country,source,std_ssheet_tab,is_ineligible,to_skip,comments,no_teams1,no_teams2,no_wbr_speakers,no_79.11plus_speakers,no_qual_speakers,pts_speaking,speaking_class,categories_ttab,categories_outs,category_info,no_adjs2,no_wbr_adjs,pts_judging,judging_class,no_adjcore,adjcore,speaking_achievements_comment,judging_achievements_comment,no_prelims,no_speakers1,no_speakers2
Afro APD 2026,https://sejake.calicotab.com/afro-apd-2026/,2026,,TRUE,English,AP,Afro APD,FALSE,University,,Africa,,self,,,,,80,67,0,2,1,147.3,S-D,['Schools'],"['Schools', 'Open']","{'Schools': {'is_highest_non_open_cat': True, 'no_wbr_speakers': np.int64(0), 'no_79.11plus_speakers': 0, 'no_qual_speakers': np.float64(0.0), 'no_teams2': 11, 'pts_speaking': np.float64(22.0), 'speaking_class': 'S-E'}}",55,0,55,J-D,4,,success,success,5,240,189
Ashoka PD 2025,https://ashokapd.calicotab.com/ashokapd2025/,2025,,TRUE,English,AP,Ashoka PD,FALSE,University,In person,Asia,India,public,,,,,115,112,0,0,0,38.0,S-E,['ESL'],[],{},20,0,20,J-E,3,,success,success,5,229,223
Ateneo DO Pre-UADC 2025,https://ado2025.calicotab.com/ado2025/,2025,,TRUE,English,AP,Ateneo DO Pre-UADC,FALSE,University,Online,Asia,Philippines,public,,,,,52,51,2,6,5,168.7,S-B,['Schools'],['Schools'],"{'Schools': {'is_highest_non_open_cat': True, 'no_wbr_speakers': np.int64(0), 'no_79.11plus_speakers': 0, 'no_qual_speakers': np.float64(0.0), 'no_teams2': 22, 'pts_speaking': np.float64(44.0), 'speaking_class': 'S-E'}}",34,0,34,J-E,4,,success,success,5,157,149
Bangalore Pre-UADC 2026,https://bangalorepreuadc26.calicotab.com/bangalorepd26/,2026,,TRUE,English,AP,Bangalore Pre-UADC,FALSE,University,Online,Asia,India,public,,,,,23,22,0,0,0,42.0,S-E,['Novice'],"['Open', 'Novice']","{'Novice': {'is_highest_non_open_cat': True, 'no_wbr_speakers': np.int64(0), 'no_79.11plus_speakers': 0, 'no_qual_speakers': np.float64(0.0), 'no_teams2': 7, 'pts_speaking': np.float64(14.0), 'speaking_class': 'S-E'}}",29,1,47,J-C,4,,success,success,4,69,64
BHU Vaagyudh AP 2024,https://vaagyudh2024.calicotab.com/vaagyudh2024/,2024,,TRUE,English,AP,BHU Vaagyudh AP,FALSE,University,,Asia,,self,,,,,48,44,0,0,0,88.0,S-D,['NOVICE'],"['NOVICE', 'Open']","{'NOVICE': {'is_highest_non_open_cat': True, 'no_wbr_speakers': np.int64(0), 'no_79.11plus_speakers': 0, 'no_qual_speakers': np.float64(0.0), 'no_teams2': 27, 'pts_speaking': np.float64(54.0), 'speaking_class': 'S-E'}}",45,0,45,J-D,2,,success,success,4,143,131
Bicol IV (8th) 2024,https://8thbiv.calicotab.com/biv24/,2024,,TRUE,English,AP,Bicol IV,FALSE,University,,Asia,Philippines,self,,,,,57,56,3,1,3.5,158.7,S-C,['High School'],['High School'],"{'High School': {'is_highest_non_open_cat': True, 'no_wbr_speakers': np.int64(1), 'no_79.11plus_speakers': 0, 'no_qual_speakers': np.float64(1.0), 'no_teams2': 25, 'pts_speaking': np.float64(63.333333333333336), 'speaking_class': 'S-D'}}",44,0,44,J-E,3,,success,success,5,171,168
BITS Pilani Niqash 2022,https://bitspilanipd.calicotab.com/niqash-22/,2022,,TRUE,English,AP,BITS Pilani Niqash,FALSE,University,Online,Asia,India,public,,,,,50,47,0,0,0,94.0,S-D,[],[],{},41,0,41,J-E,4,,success,success,5,149,139
BITS Pilani QED 2023,https://bitsqed2023.calicotab.com/qed23/,2023,,TRUE,English,AP,BITS Pilani QED,FALSE,University,Online,Asia,India,public,,,,,88,82,0,0,0,164.0,S-D,[],[],{},105,0,105,J-D,4,,success,success,5,263,245
Borneo AP DC 2026,https://borneodebate.calicotab.com/bapdc2026/,2026,,TRUE,English,AP,Borneo AP DC,FALSE,University,Online,Asia,,public,,,,,54,51,4,0,4,155.3,S-C,['School'],"['Open', 'School']","{'School': {'is_highest_non_open_cat': True, 'no_wbr_speakers': np.int64(0), 'no_79.11plus_speakers': 0, 'no_qual_speakers': np.float64(0.0), 'no_teams2': 30, 'pts_speaking': np.float64(60.0), 'speaking_class': 'S-D'}}",33,1,51,J-C,4,,success,success,4,162,153
Brahmaputra Open 2026,https://brahmaputraopen2026.calicotab.com/brahmaputra2026/,2026,2026-05-16,TRUE,English,AP,Brahmaputra Open,FALSE,University,,Asia,India,self,,,,,33,30,0,0,0,60.0,S-D,[],['Open'],{},41,0,41,J-E,3,,success,success,4,98,90
Calcutta Open 2025,https://calopen25.calicotab.com/kolkatadebates25/,2025,2025-09-20,TRUE,English,AP,Calcutta Open,FALSE,University,Online,Asia,India,self,,,,,55,54,0,0,0,108.0,S-D,['Novice'],['Novice'],"{'Novice': {'is_highest_non_open_cat': True, 'no_wbr_speakers': np.int64(0), 'no_79.11plus_speakers': 0, 'no_qual_speakers': np.float64(0.0), 'no_teams2': 25, 'pts_speaking': np.float64(50.0), 'speaking_class': 'S-E'}}",59,0,59,J-D,4,,success,success,4,165,161
Chanakya NLU PD (16th) 2025,https://cnlupd25.calicotab.com/cnlupd25/,2025,2025-09-26,TRUE,English,AP,Chanakya NLU PD,FALSE,University,In person,Asia,India,public,,,,,19,15,0,0,0,30.0,S-E,['Novice'],['Novice'],"{'Novice': {'is_highest_non_open_cat': True, 'no_wbr_speakers': np.int64(0), 'no_79.11plus_speakers': 0, 'no_qual_speakers': np.float64(0.0), 'no_teams2': 11, 'pts_speaking': np.float64(22.0), 'speaking_class': 'S-E'}}",22,0,22,J-E,4,,success,success,5,57,44
Chitkara U Muntazar APD 2024,https://muntazar2024.calicotab.com/muntazar24/,2024,,TRUE,English,AP,Chitkara U Muntazar APD,FALSE,University,Online,Asia,,public,,,,,67,62,1,0,1,137.3,S-D,['Novice'],['Novice'],"{'Novice': {'is_highest_non_open_cat': True, 'no_wbr_speakers': np.int64(0), 'no_79.11plus_speakers': 0, 'no_qual_speakers': np.float64(0.0), 'no_teams2': 43, 'pts_speaking': np.float64(86.0), 'speaking_class': 'S-D'}}",80,0,80,J-D,5,,success,success,5,201,185
Christ University PD 2022,https://cupd2022.calicotab.com/cupd2022/,2022,,FALSE,English,AP,Christ University PD,FALSE,University,,Asia,India,self,,,,,40,38,0,1,0.5,82.7,S-D,['Novice'],"['Novice', 'Open']","{'Novice': {'is_highest_non_open_cat': True, 'no_wbr_speakers': np.int64(0), 'no_79.11plus_speakers': 0, 'no_qual_speakers': np.float64(0.0), 'no_teams2': 22, 'pts_speaking': np.float64(44.0), 'speaking_class': 'S-E'}}",30,2,66,J-C,5,,success,success,5,119,114
Christ University PD 2023,https://cupd2023.calicotab.com/cupd2023/,2023,,TRUE,English,AP,Christ University PD,FALSE,University,,Asia,India,self,,,,,50,50,0,7,3.5,146.7,S-C,['Novice'],"['Novice', 'Open']","{'Novice': {'is_highest_non_open_cat': True, 'no_wbr_speakers': np.int64(0), 'no_79.11plus_speakers': 0, 'no_qual_speakers': np.float64(0.0), 'no_teams2': 25, 'pts_speaking': np.float64(50.0), 'speaking_class': 'S-E'}}",57,8,201,J-A+,3,,success,success,5,150,150
Christ University PD 2024,https://cupd2024.calicotab.com/cupd2024/,2024,,TRUE,English,AP,Christ University PD,FALSE,University,,Asia,India,public,,,,,33,32,0,1,0.5,70.7,S-D,['Novice'],"['Open', 'Novice']","{'Novice': {'is_highest_non_open_cat': True, 'no_wbr_speakers': np.int64(0), 'no_79.11plus_speakers': 0, 'no_qual_speakers': np.float64(0.0), 'no_teams2': 18, 'pts_speaking': np.float64(36.0), 'speaking_class': 'S-E'}}",27,2,63,J-C,3,,success,success,4,99,96
Christ University PD 2025,https://cupd2025.calicotab.com/cupd25/,2025,,TRUE,English,AP,Christ University PD,FALSE,University,In person,Asia,India,public,,,,,48,48,0,0,0,96.0,S-D,['Novice'],['Novice'],"{'Novice': {'is_highest_non_open_cat': True, 'no_wbr_speakers': np.int64(0), 'no_79.11plus_speakers': 0, 'no_qual_speakers': np.float64(0.0), 'no_teams2': 33, 'pts_speaking': np.float64(66.0), 'speaking_class': 'S-D'}}",55,1,73,J-C,3,,success,success,5,144,144
Christ University PD (18th) 2026,https://cupd26.calicotab.com/_/,2026,2026-01-16,TRUE,English,AP,Christ University PD,FALSE,University,,Asia,India,public,,,,,60,54,0,3,1.5,128.0,S-D,['Novice'],"['Open', 'Novice']","{'Novice': {'is_highest_non_open_cat': True, 'no_wbr_speakers': np.int64(0), 'no_79.11plus_speakers': 0, 'no_qual_speakers': np.float64(0.0), 'no_teams2': 39, 'pts_speaking': np.float64(78.0), 'speaking_class': 'S-D'}}",46,1,64,J-C,5,,success,success,5,179,160
Debatable Open 2024,https://dope2024.calicotab.com/dope2024/,2024,,TRUE,English,AP,Debatable Open,FALSE,University,Online,Asia,,public,,,,,69,68,0,0,0,136.0,S-D,[],['Novice'],{'Novice': {'is_highest_non_open_cat': True}},50,0,50,J-D,1,,success,success,4,206,204
Debatable Open 2025,https://dope2025.calicotab.com/dope2025/,2025,2025-04-12,TRUE,English,AP,Debatable Open,FALSE,University,Online,Asia,Philippines,public,,,,,32,31,1,0,1,75.3,S-D,"['Novice', 'Schools']","['Novice', 'Schools']","{'Novice': {'is_highest_non_open_cat': True, 'no_wbr_speakers': np.int64(0), 'no_79.11plus_speakers': 0, 'no_qual_speakers': np.float64(0.0), 'no_teams2': 16, 'pts_speaking': np.float64(32.0), 'speaking_class': 'S-E'}, 'Schools': {'is_highest_non_open_cat': False, 'no_wbr_speakers': np.int64(0), 'no_79.11plus_speakers': 0, 'no_qual_speakers': np.float64(0.0), 'no_teams2': 4, 'pts_speaking': np.float64(8.0), 'speaking_class': 'S-E'}}",21,0,21,J-E,3,,success,success,4,95,90
Dialectica Pre-UADC 2026,https://dialectica.calicotab.com/dialectica2026/,2026,,TRUE,English,AP,Dialectica Pre-UADC,FALSE,University,,Asia,,self,,,,,83,76,4,8,8,258.7,S-B,['Novice'],"['Novice', 'Open']","{'Novice': {'is_highest_non_open_cat': True, 'no_wbr_speakers': np.int64(0), 'no_79.11plus_speakers': 0, 'no_qual_speakers': np.float64(0.0), 'no_teams2': 40, 'pts_speaking': np.float64(80.0), 'speaking_class': 'S-D'}}",97,2,133,J-C,5,,success,success,5,248,228
Diliman AP 2025,https://dilimanap2025.calicotab.com/dilimanap2025/,2025,2025-05-24,TRUE,English,AP,Diliman AP,FALSE,University,Online,Asia,Philippines,public,,,,,47,45,3,9,7.5,190.0,S-B,"['Under-18', 'Novice']","['Under-18', 'Novice']","{'Under-18': {'is_highest_non_open_cat': False, 'no_wbr_speakers': np.int64(0), 'no_79.11plus_speakers': 0, 'no_qual_speakers': np.float64(0.0), 'no_teams2': 8, 'pts_speaking': np.float64(16.0), 'speaking_class': 'S-E'}, 'Novice': {'is_highest_non_open_cat': True, 'no_wbr_speakers': np.int64(0), 'no_79.11plus_speakers': 0, 'no_qual_speakers': np.float64(0.0), 'no_teams2': 7, 'pts_speaking': np.float64(14.0), 'speaking_class': 'S-E'}}",37,0,37,J-E,4,,success,success,5,139,133
Diliman Debate Open 2021,https://diliman2021.calicotab.com/DIDO2021/,2021,,TRUE,English,AP,Diliman Debate Open,FALSE,University,,Asia,Philippines,self,,,,,45,44,0,0,0,88.0,S-D,"['ESL', 'Novice']","['ESL', 'Novice', 'Open']","{'ESL': {'is_highest_non_open_cat': True, 'no_wbr_speakers': np.int64(0), 'no_79.11plus_speakers': 0, 'no_qual_speakers': np.float64(0.0), 'no_teams2': 17, 'pts_speaking': np.float64(34.0), 'speaking_class': 'S-E'}, 'Novice': {'is_highest_non_open_cat': False, 'no_wbr_speakers': np.int64(0), 'no_79.11plus_speakers': 0, 'no_qual_speakers': np.float64(0.0), 'no_teams2': 19, 'pts_speaking': np.float64(38.0), 'speaking_class': 'S-E'}}",21,0,21,J-E,5,,success,success,4,133,131
Diliman Pre-UADC 2024,https://dilimanpreuadc.calicotab.com/dpuadc2024/,2024,,TRUE,English,AP,Diliman Pre-UADC,FALSE,University,,Asia,Philippines,self,,,,,80,79,13,10,18,398.0,S-A+,['Novice'],"['Novice', 'Open']","{'Novice': {'is_highest_non_open_cat': True, 'no_wbr_speakers': np.int64(0), 'no_79.11plus_speakers': 0, 'no_qual_speakers': np.float64(0.0), 'no_teams2': 29, 'pts_speaking': np.float64(58.0), 'speaking_class': 'S-E'}}",68,1,86,J-C,5,,success,success,5,240,237
Diliman Pre-UADC 2026,https://diliman26.calicotab.com/preuadc/,2026,2026-05-09,TRUE,English,AP,Diliman Pre-UADC,FALSE,University,,Asia,Philippines,self,,,,,57,56,4,4,6,192.0,S-B,"['Schools', 'Novice']","['Schools', 'Open', 'Novice']","{'Schools': {'is_highest_non_open_cat': False, 'no_wbr_speakers': np.int64(0), 'no_79.11plus_speakers': 0, 'no_qual_speakers': np.float64(0.0), 'no_teams2': 6, 'pts_speaking': np.float64(12.0), 'speaking_class': 'S-E'}, 'Novice': {'is_highest_non_open_cat': True, 'no_wbr_speakers': np.int64(0), 'no_79.11plus_speakers': 0, 'no_qual_speakers': np.float64(0.0), 'no_teams2': 4, 'pts_speaking': np.float64(8.0), 'speaking_class': 'S-E'}}",53,1,71,J-C,4,,success,success,5,171,168
DTU Summers Pre-UADC 2023,https://dtusummers2023.calicotab.com/dtusummers2023/,2023,,TRUE,English,AP,DTU Summers Pre-UADC,FALSE,University,Online,Asia,India,public,,,,,112,103,1,3,2.5,239.3,S-C,['Novice'],['Novice'],"{'Novice': {'is_highest_non_open_cat': True, 'no_wbr_speakers': np.int64(1), 'no_79.11plus_speakers': 0, 'no_qual_speakers': np.float64(1.0), 'no_teams2': 69, 'pts_speaking': np.float64(151.33333333333334), 'speaking_class': 'S-D'}}",147,1,165,J-C,5,,success,success,5,334,305
DTU Summers Pre-UADC 2025,https://dtusummers2025.calicotab.com/dtusummers2025/,2025,2025-05-10,TRUE,English,AP,DTU Summers Pre-UADC,FALSE,University,Online,Asia,India,public,,,,,67,63,3,4,5,190.7,S-B,['Novice'],['Novice'],"{'Novice': {'is_highest_non_open_cat': True, 'no_wbr_speakers': np.int64(0), 'no_79.11plus_speakers': 0, 'no_qual_speakers': np.float64(0.0), 'no_teams2': 26, 'pts_speaking': np.float64(52.0), 'speaking_class': 'S-E'}}",70,2,106,J-C,4,,success,success,5,200,187
DU CAC Mukalma PD 2026,https://dcacfundraiser.calicotab.com/mukalma26/,2026,,TRUE,English,AP,DU CAC Mukalma PD,FALSE,University,,Asia,India,self,,,,,47,42,0,0,0,84.0,S-D,['Novice'],"['Open', 'Novice']","{'Novice': {'is_highest_non_open_cat': True, 'no_wbr_speakers': np.int64(0), 'no_79.11plus_speakers': 0, 'no_qual_speakers': np.float64(0.0), 'no_teams2': 26, 'pts_speaking': np.float64(52.0), 'speaking_class': 'S-E'}}",61,0,61,J-D,4,,success,success,5,139,126
DU CBS PD (7th) 2023,https://cbs.calicotab.com/cbspd23/,2023,,TRUE,English,AP,DU CBS PD,FALSE,University,Online,Asia,India,public,,,,,37,33,0,0,0,64.0,S-D,['Novice'],['Novice'],"{'Novice': {'is_highest_non_open_cat': True, 'no_wbr_speakers': np.int64(0), 'no_79.11plus_speakers': 0, 'no_qual_speakers': np.float64(0.0), 'no_teams2': 18, 'pts_speaking': np.float64(36.0), 'speaking_class': 'S-E'}}",47,0,47,J-D,3,,success,success,5,111,99
DU CBS PD (8th) 2024,https://cbs.calicotab.com/cbspd24/,2024,,TRUE,English,AP,DU CBS PD,FALSE,University,,Asia,India,self,,,,,44,41,0,8,4,135.3,S-C,['Novice'],"['Novice', 'Open']","{'Novice': {'is_highest_non_open_cat': True, 'no_wbr_speakers': np.int64(0), 'no_79.11plus_speakers': 0, 'no_qual_speakers': np.float64(0.0), 'no_teams2': 27, 'pts_speaking': np.float64(54.0), 'speaking_class': 'S-E'}}",56,0,56,J-D,4,,success,success,5,130,122
DU CBS PD 2025,https://cbspd2025.calicotab.com/cbspd2025/,2025,,TRUE,English,AP,DU CBS PD,FALSE,University,In person,Asia,India,public,,,,,23,21,1,2,2,68.7,S-D,['Novice'],['Novice'],"{'Novice': {'is_highest_non_open_cat': True, 'no_wbr_speakers': np.int64(0), 'no_79.11plus_speakers': 0, 'no_qual_speakers': np.float64(0.0), 'no_teams2': 9, 'pts_speaking': np.float64(18.0), 'speaking_class': 'S-E'}}",40,0,40,J-E,4,,success,success,5,68,63
DU CVS Mukhtalif Pre-UADC 2023,https://mukhtalif2023.calicotab.com/mukhtalif2023/,2023,,TRUE,English,AP,DU CVS Mukhtalif Pre-UADC,FALSE,University,Online,Asia,,public,,,,,63,57,0,1,0.5,120.7,S-D,['Novice'],['Novice'],"{'Novice': {'is_highest_non_open_cat': True, 'no_wbr_speakers': np.int64(0), 'no_79.11plus_speakers': 0, 'no_qual_speakers': np.float64(0.0), 'no_teams2': 37, 'pts_speaking': np.float64(74.0), 'speaking_class': 'S-D'}}",74,0,74,J-D,4,,success,success,5,185,170
DU CVS Mukhtalif Pre-UADC 2024,https://mukhtalif.calicotab.com/mukhtalif2024/,2024,,TRUE,English,AP,DU CVS Mukhtalif Pre-UADC,FALSE,University,,Asia,India,self,,,,,57,53,0,0,0,106.0,S-D,['Novice'],"['Novice', 'Open']","{'Novice': {'is_highest_non_open_cat': True, 'no_wbr_speakers': np.int64(0), 'no_79.11plus_speakers': 0, 'no_qual_speakers': np.float64(0.0), 'no_teams2': 35, 'pts_speaking': np.float64(70.0), 'speaking_class': 'S-D'}}",57,0,57,J-D,4,,success,success,5,169,158
DU CVS Mukhtalif Pre-UADC 2025,https://mukhtalif2025.calicotab.com/mukhtalif2025/,2025,,TRUE,English,AP,DU CVS Mukhtalif Pre-UADC,FALSE,University,,Asia,,self,,,,,59,52,1,1,1.5,124.0,S-D,['Novice'],['Novice'],"{'Novice': {'is_highest_non_open_cat': True, 'no_wbr_speakers': np.int64(0), 'no_79.11plus_speakers': 0, 'no_qual_speakers': np.float64(0.0), 'no_teams2': 33, 'pts_speaking': np.float64(66.0), 'speaking_class': 'S-D'}}",59,0,59,J-D,5,,success,success,5,173,155
DU CVS PD (3rd) 2023,https://cvspd22.calicotab.com/cvspd23/,2023,,TRUE,English,AP,DU CVS PD,FALSE,University,In person,Asia,India,public,,,,,42,40,1,6,4,133.3,S-C,['Novice'],['Novice'],"{'Novice': {'is_highest_non_open_cat': True, 'no_wbr_speakers': np.int64(0), 'no_79.11plus_speakers': 0, 'no_qual_speakers': np.float64(0.0), 'no_teams2': 19, 'pts_speaking': np.float64(38.0), 'speaking_class': 'S-E'}}",61,0,61,J-D,5,,success,success,5,126,120
DU CVS PD (4th) 2024,https://cvspd22.calicotab.com/cvspd24/,2024,,TRUE,English,AP,DU CVS PD,FALSE,University,In person,Asia,India,public,,,,,35,34,0,5,2.5,99.3,S-C,[],[],{},61,0,61,J-D,5,,success,success,5,105,100
DU CVS PD (5th) 2025,https://cvspd22.calicotab.com/cvspd25/,2025,2025-11-15,TRUE,English,AP,DU CVS PD,FALSE,University,,Asia,India,self,,,,,52,46,0,4,2,118.7,S-D,['Novice'],['Novice'],"{'Novice': {'is_highest_non_open_cat': True, 'no_wbr_speakers': np.int64(0), 'no_79.11plus_speakers': 0, 'no_qual_speakers': np.float64(0.0), 'no_teams2': 30, 'pts_speaking': np.float64(60.0), 'speaking_class': 'S-D'}}",65,0,65,J-D,5,,success,success,5,156,138
DU DSC Irtiqa (2.0) 2026,https://irtiqa20.calicotab.com/_/,2026,,TRUE,English,AP,DU DSC Irtiqa,FALSE,University,,Asia,India,self,,,,,35,34,0,0,0,68.0,S-D,[],['Open'],{},38,0,38,J-E,2,,success,success,5,105,102
DU GC Wax Eloquent 2026,https://qed.calicotab.com/waxeloquent26/,2026,,TRUE,English,AP,DU GC Wax Eloquent,FALSE,University,,Asia,India,self,,,,,34,31,0,0,0,62.0,S-D,[],['Open'],{},40,0,40,J-E,3,,success,success,5,100,93
DU HC Premchand MD (20th) 2022,https://hindu.calicotab.com/premchand2022/,2022,,TRUE,English,AP,DU HC Premchand MD,FALSE,University,,Asia,India,self,,,,,38,36,0,0,0,72.0,S-D,[],['Open'],{},72,0,72,J-D,3,,success,success,5,112,107
DU HC Premchand MD (21st) 2024,https://hindu.calicotab.com/premchand2024/,2024,,TRUE,English,AP,DU HC Premchand MD,FALSE,University,,Asia,India,self,,,,,46,41,0,4,2,108.7,S-D,[],['Open'],{},71,0,71,J-D,5,,success,success,5,135,123
DU HC Premchand MD (22nd) 2025,https://hindu.calicotab.com/Premchand2025/,2025,,TRUE,English,AP,DU HC Premchand MD,FALSE,University,In person,Asia,India,public,,,,,50,48,0,6,3,136.0,S-C,['Novice'],['Novice'],"{'Novice': {'is_highest_non_open_cat': True, 'no_wbr_speakers': np.int64(0), 'no_79.11plus_speakers': 0, 'no_qual_speakers': np.float64(0.0), 'no_teams2': 32, 'pts_speaking': np.float64(64.0), 'speaking_class': 'S-D'}}",47,0,47,J-D,4,,success,success,5,150,144
DU HC Premchand MD (23rd) 2026,https://hindu.calicotab.com/premchand2026/,2026,2026-04-10,TRUE,English,AP,DU HC Premchand MD,FALSE,University,,Asia,India,self,,,,,74,63,0,3,1.5,144.0,S-D,['Novice'],"['Novice', 'Open']","{'Novice': {'is_highest_non_open_cat': True, 'no_wbr_speakers': np.int64(0), 'no_79.11plus_speakers': 0, 'no_qual_speakers': np.float64(0.0), 'no_teams2': 44, 'pts_speaking': np.float64(88.0), 'speaking_class': 'S-D'}}",76,0,76,J-D,4,,success,success,5,221,187
DU JDMC Axiom 2023,https://axiom23.calicotab.com/axiom2023/,2023,,TRUE,English,AP,DU JDMC Axiom,FALSE,University,,Asia,India,self,,,,,20,20,0,0,0,40.0,S-E,[],['Open'],{},21,0,21,J-E,1,,success,success,4,60,60
DU JDMC Axiom 2024,https://axiom23.calicotab.com/axiom2024/,2024,,TRUE,English,AP,DU JDMC Axiom,FALSE,University,In person,Asia,,public,,,,,41,39,0,0,0,78.0,S-D,[],[],{},54,0,54,J-D,3,,success,success,5,123,116
DU JDMC Axiom 2025,https://axiom23.calicotab.com/axiom25/,2025,,TRUE,English,AP,DU JDMC Axiom,FALSE,University,,Asia,India,self,,,,,25,24,0,1,0.5,54.7,S-E,[],['Open'],{},39,0,39,J-E,4,,success,success,5,75,72
DU JDMC Axiom 2026,https://axiom23.calicotab.com/axiom26/,2026,2026-02-15,TRUE,English,AP,DU JDMC Axiom,FALSE,University,In person,Asia,India,public,,,,,27,26,1,2,2,78.7,S-D,['Novice'],"['Open', 'Novice']","{'Novice': {'is_highest_non_open_cat': True, 'no_wbr_speakers': np.int64(0), 'no_79.11plus_speakers': 0, 'no_qual_speakers': np.float64(0.0), 'no_teams2': 13, 'pts_speaking': np.float64(26.0), 'speaking_class': 'S-E'}}",31,0,31,J-E,3,,success,success,5,81,78
DU KMC F Thakurdas MD (43rd) 2024,https://kmcpresentsftd.calicotab.com/KMCpresentsFTD/,2024,,TRUE,English,AP,DU KMC F Thakurdas MD,FALSE,University,In person,Asia,,public,,,,,25,20,0,5,2.5,73.3,S-C,[],[],{},28,0,28,J-E,1,,success,success,5,73,59
DU KMC F Thakurdas MD (44th) 2025,https://kmcpresentsftd.calicotab.com/ftd44/,2025,2025-04-26,TRUE,English,AP,DU KMC F Thakurdas MD,FALSE,University,In person,Asia,IndIa,public,,,,,24,22,0,5,2.5,77.3,S-C,[],[],{},40,0,40,J-E,0,,success,success,5,71,66
DU KNC Munaazrah (10.0) 2026,https://knc.calicotab.com/munaazrah2026/,2026,,TRUE,English,AP,DU KNC Munaazrah,FALSE,University,,Asia,India,self,,,,,36,33,1,8,5,128.7,S-C,['Novice'],"['Open', 'Novice']","{'Novice': {'is_highest_non_open_cat': True, 'no_wbr_speakers': np.int64(0), 'no_79.11plus_speakers': 0, 'no_qual_speakers': np.float64(0.0), 'no_teams2': 17, 'pts_speaking': np.float64(34.0), 'speaking_class': 'S-E'}}",44,0,44,J-E,5,,success,success,5,108,98
DU MC Trechant Anvaya PD 2026,https://anvaya.calicotab.com/anvayapd26/,2026,,TRUE,English,AP,DU MC Trechant Anvaya PD,FALSE,University,,Asia,,public,,,,,47,41,0,1,0.5,88.7,S-D,[],['Open'],{},62,0,62,J-D,3,,success,success,5,140,123
DU Ramjas Polemic (19th) 2025,https://19thpolemic.calicotab.com/19thpolemic/,2025,,TRUE,English,AP,DU Ramjas Polemic,FALSE,University,,Asia,India,self,,,,,35,34,0,1,0.5,74.7,S-D,['Novice'],"['Open', 'Novice']","{'Novice': {'is_highest_non_open_cat': True, 'no_wbr_speakers': np.int64(0), 'no_79.11plus_speakers': 0, 'no_qual_speakers': np.float64(0.0), 'no_teams2': 24, 'pts_speaking': np.float64(48.0), 'speaking_class': 'S-E'}}",47,0,47,J-D,6,,success,success,4,104,101
DU Ramjas Pre-UADC 2026,https://ramjaspreuadc.calicotab.com/rpu2026/,2026,,TRUE,English,AP,DU Ramjas Pre-UADC,FALSE,University,Online,Asia,,public,,,,,36,29,0,0,0,58.0,S-E,['Novice'],"['Open', 'Novice']","{'Novice': {'is_highest_non_open_cat': True, 'no_wbr_speakers': np.int64(0), 'no_79.11plus_speakers': 0, 'no_qual_speakers': np.float64(0.0), 'no_teams2': 7, 'pts_speaking': np.float64(14.0), 'speaking_class': 'S-E'}}",38,0,38,J-E,4,,success,success,4,108,86
DU S Dyal Singh M MPD 2025,https://sdsmmpd25.calicotab.com/sdsmmpd2025/,2025,,TRUE,English,AP,DU S Dyal Singh M MPD,FALSE,University,,Asia,India,self,,,,,31,27,0,2,1,67.3,S-D,[],['Open'],{},34,0,34,J-E,3,,success,success,5,92,81
DU S Dyal Singh M MPD 2026,https://sdsmmpd2026.calicotab.com/sdsmmpd2026/,2026,,TRUE,English,AP,DU S Dyal Singh M MPD,FALSE,University,In person,Asia,,public,,,,,17,16,0,0,0,26.0,S-E,[],['Open'],{},23,0,23,J-E,4,,success,success,5,51,42
DU SSC Mukarji MD (78th) 2026,https://mukmem78.calicotab.com/mukmem78/,2026,,TRUE,English,AP,DU SSC Mukarji MD,FALSE,University,In person,Asia,,public,,,,,45,42,1,3,2.5,117.3,S-C,[],['Open'],{},68,0,68,J-D,5,,success,success,5,134,125
Guangdong DC Winter 2026,https://2026wintergdc.calicotab.com/wintergdc2026/,2026,2026-01-31,TRUE,English,AP,Guangdong DC Winter,FALSE,University,In person,Asia,China,public,,,,,26,26,2,0,2,78.7,S-D,"['Novice', 'School']","['Novice', 'Open', 'School']","{'Novice': {'is_highest_non_open_cat': True, 'no_wbr_speakers': np.int64(0), 'no_79.11plus_speakers': 0, 'no_qual_speakers': np.float64(0.0), 'no_teams2': 14, 'pts_speaking': np.float64(28.0), 'speaking_class': 'S-E'}, 'School': {'is_highest_non_open_cat': False, 'no_wbr_speakers': np.int64(0), 'no_79.11plus_speakers': 0, 'no_qual_speakers': np.float64(0.0), 'no_teams2': 10, 'pts_speaking': np.float64(20.0), 'speaking_class': 'S-E'}}",25,2,61,J-C,4,,success,success,5,78,78
Heritage PD 2024,https://hpd.calicotab.com/hpd2024/,2024,,TRUE,English,AP,Heritage PD,FALSE,University,Online,Asia,India,public,,,,,66,62,0,0,0,124.0,S-D,['Novice'],['Novice'],"{'Novice': {'is_highest_non_open_cat': True, 'no_wbr_speakers': np.int64(0), 'no_79.11plus_speakers': 0, 'no_qual_speakers': np.float64(0.0), 'no_teams2': 39, 'pts_speaking': np.float64(78.0), 'speaking_class': 'S-D'}}",80,2,116,J-C,5,,success,success,5,198,182
Ho Chi Minh City DO 2025,https://hcmdo25.calicotab.com/hcmdo25/,2025,,TRUE,English,AP,Ho Chi Minh City DO,FALSE,University,,Asia,Vietnam,self,,,,,40,40,0,0,0,80.0,S-D,['Novice'],"['Open', 'Novice']","{'Novice': {'is_highest_non_open_cat': True, 'no_wbr_speakers': np.int64(0), 'no_79.11plus_speakers': 0, 'no_qual_speakers': np.float64(0.0), 'no_teams2': 20, 'pts_speaking': np.float64(40.0), 'speaking_class': 'S-E'}}",20,0,20,J-E,4,,success,success,5,120,120
Ho Chi Minh City DO 2026,https://hcmcdo2026.calicotab.com/_/,2026,2026-08-15,TRUE,English,AP,Ho Chi Minh City DO,FALSE,University,In person,Asia,Vietnam,self,,,,,44,44,0,0,0,88.0,S-D,[],"['Novice', 'Open']",{'Novice': {'is_highest_non_open_cat': True}},26,1,44,J-C,4,,success,success,5,132,132
IGDTUW AP 2026,https://igdtuwapd26.calicotab.com/igdtuwpd26/,2026,,TRUE,English,AP,IGDTUW AP,FALSE,University,,Asia,India,self,,,,,43,40,0,0,0,80.0,S-D,['Novice'],"['Open', 'Novice']","{'Novice': {'is_highest_non_open_cat': True, 'no_wbr_speakers': np.int64(0), 'no_79.11plus_speakers': 0, 'no_qual_speakers': np.float64(0.0), 'no_teams2': 29, 'pts_speaking': np.float64(58.0), 'speaking_class': 'S-E'}}",58,0,58,J-D,4,,success,success,5,129,119
IIT BHU PD 2025,https://iitbhupd.calicotab.com/iitbhupd2025/,2025,2025-02-28,TRUE,English,AP,IIT BHU PD,FALSE,University,Online,Asia,India,public,,,,,44,44,0,0,0,82.0,S-D,['Novice'],['Novice'],"{'Novice': {'is_highest_non_open_cat': True, 'no_wbr_speakers': np.int64(0), 'no_79.11plus_speakers': 0, 'no_qual_speakers': np.float64(0.0), 'no_teams2': 33, 'pts_speaking': np.float64(66.0), 'speaking_class': 'S-D'}}",48,0,48,J-D,3,,success,success,4,132,132
IIT BHU Pre-UADC 2026,https://iitbhupd.calicotab.com/iitbhupreuadc2026/,2026,2026-03-28,TRUE,English,AP,IIT BHU Pre-UADC,FALSE,University,Online,Asia,India,self,,,,,54,46,0,0,0,100.0,S-D,['Novice'],"['Open', 'Novice']","{'Novice': {'is_highest_non_open_cat': True, 'no_wbr_speakers': np.int64(0), 'no_79.11plus_speakers': 0, 'no_qual_speakers': np.float64(0.0), 'no_teams2': 28, 'pts_speaking': np.float64(56.0), 'speaking_class': 'S-E'}}",44,0,44,J-E,2,,success,success,6,168,148
IIT Delhi Debutant (9.0) 2024,https://iitdebsoc.calicotab.com/debutant24/,2024,,TRUE,English,AP,IIT Delhi Debutant,FALSE,University,In person,Asia,India,public,,,,,41,40,0,0,0,80.0,S-D,[],[],{},71,0,71,J-D,5,,success,success,5,123,119
IIT Delhi Debutant 2025,https://debutant2025.calicotab.com/debutant2025/,2025,,TRUE,English,AP,IIT Delhi Debutant,FALSE,University,In person,Asia,,public,,,,,41,37,0,0,0,74.0,S-D,[],['Open'],{},68,0,68,J-D,5,,success,success,5,122,111
IIT Delhi PD 2023,https://iitpd2023.calicotab.com/iitpd2023/,2023,,TRUE,English,AP,IIT Delhi PD,FALSE,University,In person,Asia,India,public,,,,,43,39,0,2,1,91.3,S-D,['Novice'],['Novice'],"{'Novice': {'is_highest_non_open_cat': True, 'no_wbr_speakers': np.int64(0), 'no_79.11plus_speakers': 0, 'no_qual_speakers': np.float64(0.0), 'no_teams2': 19, 'pts_speaking': np.float64(38.0), 'speaking_class': 'S-E'}}",71,0,71,J-D,4,,success,success,5,129,117
IIT Delhi PD 2024,https://iitpd2024.calicotab.com/iitpd2024/,2024,,TRUE,English,AP,IIT Delhi PD,FALSE,University,,Asia,India,self,,,,,33,32,0,3,1.5,84.0,S-D,['Novice'],"['Novice', 'Open']","{'Novice': {'is_highest_non_open_cat': True, 'no_wbr_speakers': np.int64(0), 'no_79.11plus_speakers': 0, 'no_qual_speakers': np.float64(0.0), 'no_teams2': 25, 'pts_speaking': np.float64(50.0), 'speaking_class': 'S-E'}}",46,0,46,J-D,5,,success,success,5,99,96
IIT Delhi PD 2025,https://iitpd2025.calicotab.com/iitpd2025/,2025,,TRUE,English,AP,IIT Delhi PD,FALSE,University,In person,Asia,India,public,,,,,41,36,1,3,2.5,105.3,S-C,['Novice'],['Novice'],"{'Novice': {'is_highest_non_open_cat': True, 'no_wbr_speakers': np.int64(0), 'no_79.11plus_speakers': 0, 'no_qual_speakers': np.float64(0.0), 'no_teams2': 26, 'pts_speaking': np.float64(52.0), 'speaking_class': 'S-E'}}",60,1,78,J-C,6,,success,success,5,123,106
IIT Kanpur APD 2024,https://iitkapd24.calicotab.com/iitkapd24/,2024,,TRUE,English,AP,IIT Kanpur APD,FALSE,University,,Asia,India,self,,,,,75,66,0,0,0,132.0,S-D,"['Schools', 'Novice']","['Novice', 'Schools', 'Open']","{'Novice': {'is_highest_non_open_cat': True, 'no_wbr_speakers': np.int64(0), 'no_79.11plus_speakers': 0, 'no_qual_speakers': np.float64(0.0), 'no_teams2': 47, 'pts_speaking': np.float64(94.0), 'speaking_class': 'S-D'}, 'Schools': {'is_highest_non_open_cat': False, 'no_wbr_speakers': np.int64(0), 'no_79.11plus_speakers': 0, 'no_qual_speakers': np.float64(0.0), 'no_teams2': 9, 'pts_speaking': np.float64(18.0), 'speaking_class': 'S-E'}}",60,0,60,J-D,4,,success,success,5,225,198
IIT Kanpur APD 2025,https://iitkapd25.calicotab.com/iitkapd25/,2025,,TRUE,English,AP,IIT Kanpur APD,FALSE,University,Online,Asia,,public,,,,,73,73,0,0,0,146.0,S-D,['Novice'],"['Open', 'Novice']","{'Novice': {'is_highest_non_open_cat': True, 'no_wbr_speakers': np.int64(0), 'no_79.11plus_speakers': 0, 'no_qual_speakers': np.float64(0.0), 'no_teams2': 50, 'pts_speaking': np.float64(100.0), 'speaking_class': 'S-D'}}",73,0,73,J-D,3,,success,success,4,219,219
Int. Christian U (Japan) T 2023,https://icut31.calicotab.com/icut31/,2023,,TRUE,English,AP,Int. Christian U (Japan) T,FALSE,University,,Asia,,public,,,,,51,50,3,4,5,166.7,S-B,['Rookie'],"['Rookie', 'Open']","{'Rookie': {'is_highest_non_open_cat': True, 'no_wbr_speakers': np.int64(0), 'no_79.11plus_speakers': 0, 'no_qual_speakers': np.float64(0.0), 'no_teams2': 14, 'pts_speaking': np.float64(28.0), 'speaking_class': 'S-E'}}",33,4,105,J-B,5,,success,success,6,153,150
Intertext AP 2026,https://intertext.calicotab.com/iap2026/,2026,2026-01-31,TRUE,English,AP,Intertext AP,FALSE,University,,Asia,,self,,,,,13,12,0,0,0,24.0,S-E,['U18'],"['Open', 'U18']","{'U18': {'is_highest_non_open_cat': True, 'no_wbr_speakers': np.int64(0), 'no_79.11plus_speakers': 0, 'no_qual_speakers': np.float64(0.0), 'no_teams2': 6, 'pts_speaking': np.float64(12.0), 'speaking_class': 'S-E'}}",14,0,14,J-E,0,,success,success,3,37,35
Japan Debate Open 2023,https://edudrift.calicotab.com/jdo2023/,2023,,TRUE,English,AP,Japan Debate Open,FALSE,University,,Asia,,self,,,,,38,38,5,3,6.5,162.7,S-B,['Schools'],['Schools'],"{'Schools': {'is_highest_non_open_cat': True, 'no_wbr_speakers': np.int64(0), 'no_79.11plus_speakers': 0, 'no_qual_speakers': np.float64(0.0), 'no_teams2': 12, 'pts_speaking': np.float64(24.0), 'speaking_class': 'S-E'}}",44,1,62,J-C,0,,success,success,5,114,113
JPDU (Japan) Spring T 2025,https://jpduspring2025.calicotab.com/jpduspring2025/,2025,,TRUE,English,AP,JPDU (Japan) Spring T,FALSE,University,Hybrid,Asia,,public,,,,,20,20,2,1,2.5,71.3,S-C,['Rookie team'],['Rookie team'],"{'Rookie team': {'is_highest_non_open_cat': True, 'no_wbr_speakers': np.int64(0), 'no_79.11plus_speakers': 0, 'no_qual_speakers': np.float64(0.0), 'no_teams2': 4, 'pts_speaking': np.float64(8.0), 'speaking_class': 'S-E'}}",18,1,36,J-C,4,,success,success,4,60,60
JPDU (Japan) Spring T 2026,https://jpduspring2026.calicotab.com/_/,2026,,TRUE,English,AP,JPDU (Japan) Spring T,FALSE,University,,Asia,Japan,self,,,,,20,20,0,0,0,40.0,S-E,['Rookie'],['Open'],{},17,1,35,J-C,5,,success,success,4,60,60
Kalinga IIT Pratijja (17th) 2022,https://pratijja17.calicotab.com/pratijja/,2022,2022-06-03,FALSE,English,AP,Kalinga IIT Pratijja,FALSE,University,Online,Asia,,public,,,,,37,35,0,0,0,70.0,S-D,[],[],{},66,0,66,J-D,2,"Suman Mitra, Chesta Behl",success,success,5,111,104
Kamalig Pre-PIDC 2025,https://kpp2025.calicotab.com/kamaligprepidc25/,2025,2025-05-10,TRUE,English,AP,Kamalig Pre-PIDC,FALSE,University,Online,Asia,Philippines,public,,,,,28,28,0,0,0,56.0,S-E,"['Ignis', 'Novice']","['Ignis', 'Novice']","{'Ignis': {'is_highest_non_open_cat': False, 'no_wbr_speakers': np.int64(0), 'no_79.11plus_speakers': 0, 'no_qual_speakers': np.float64(0.0), 'no_teams2': 5, 'pts_speaking': np.float64(10.0), 'speaking_class': 'S-E'}, 'Novice': {'is_highest_non_open_cat': True, 'no_wbr_speakers': np.int64(0), 'no_79.11plus_speakers': 0, 'no_qual_speakers': np.float64(0.0), 'no_teams2': 10, 'pts_speaking': np.float64(20.0), 'speaking_class': 'S-E'}}",27,1,45,J-C,4,,success,success,4,83,83
Kasama AP 2026,https://kasama-ap.calicotab.com/kasama-ap-2026/,2026,,TRUE,English,AP,Kasama AP,FALSE,University,,Asia,,self,,,,,54,52,0,0,0,104.0,S-D,"['Schools', 'Novice']","['Schools', 'Open', 'Novice']","{'Schools': {'is_highest_non_open_cat': False, 'no_wbr_speakers': np.int64(0), 'no_79.11plus_speakers': 0, 'no_qual_speakers': np.float64(0.0), 'no_teams2': 7, 'pts_speaking': np.float64(14.0), 'speaking_class': 'S-E'}, 'Novice': {'is_highest_non_open_cat': True, 'no_wbr_speakers': np.int64(0), 'no_79.11plus_speakers': 0, 'no_qual_speakers': np.float64(0.0), 'no_teams2': 30, 'pts_speaking': np.float64(60.0), 'speaking_class': 'S-D'}}",34,0,34,J-E,0,,success,success,4,161,156
Kyunghee AP Open 2026,https://kapo2026.calicotab.com/kapo2026/,2026,,TRUE,English,AP,Kyunghee AP Open,FALSE,University,,Asia,,self,,,,,10,10,0,2,1,31.3,S-E,[],['Open'],{},11,0,11,J-E,2,,success,success,4,29,27
Lady Shri Ram PD 2025,https://lsrpd.calicotab.com/lsrpd25/,2025,,TRUE,English,AP,Lady Shri Ram PD,FALSE,University,In person,Asia,India,public,,,,,35,32,0,0,0,64.0,S-D,['Novice'],"['Open', 'Novice']","{'Novice': {'is_highest_non_open_cat': True, 'no_wbr_speakers': np.int64(0), 'no_79.11plus_speakers': 0, 'no_qual_speakers': np.float64(0.0), 'no_teams2': 22, 'pts_speaking': np.float64(44.0), 'speaking_class': 'S-E'}}",56,0,56,J-D,3,,success,success,5,104,95
Lady Shri Ram PD 2026,https://lsrpd2026.calicotab.com/lsrpd2026/,2026,,TRUE,English,AP,Lady Shri Ram PD,FALSE,University,,Asia,India,self,,,,,30,28,0,0,0,56.0,S-E,['Novice'],"['Open', 'Novice']","{'Novice': {'is_highest_non_open_cat': True, 'no_wbr_speakers': np.int64(0), 'no_79.11plus_speakers': 0, 'no_qual_speakers': np.float64(0.0), 'no_teams2': 19, 'pts_speaking': np.float64(38.0), 'speaking_class': 'S-E'}}",42,0,42,J-E,4,,success,success,4,89,84
LUMS Asians 2024,https://lums.calicotab.com/lumsasians2024/,2024,,TRUE,English,AP,LUMS Asians,FALSE,University,,Asia,Pakistan,self,,,,,42,40,3,2,4,133.3,S-C,['U19'],"['U19', 'Open']","{'U19': {'is_highest_non_open_cat': True, 'no_wbr_speakers': np.int64(0), 'no_79.11plus_speakers': 0, 'no_qual_speakers': np.float64(0.0), 'no_teams2': 15, 'pts_speaking': np.float64(30.0), 'speaking_class': 'S-E'}}",37,0,37,J-E,6,,success,success,4,126,120
Malaysia National UDC 2025,https://malayadebates.calicotab.com/mnudc2025/,2025,,TRUE,English,AP,Malaysia National UDC,FALSE,University,,Asia,Malaysia,self,,,,,32,32,2,3,3.5,110.7,S-C,['Novice'],['Novice'],"{'Novice': {'is_highest_non_open_cat': True, 'no_wbr_speakers': np.int64(0), 'no_79.11plus_speakers': 0, 'no_qual_speakers': np.float64(0.0), 'no_teams2': 16, 'pts_speaking': np.float64(32.0), 'speaking_class': 'S-E'}}",34,2,70,J-C,3,"Muhyuddin Ahsan, Syafiq Razak, Shaashita",success,success,4,96,96
Manila IV 2026,https://manilaintervarsity.calicotab.com/mint2026/,2026,2026-04-10,TRUE,English,AP,Manila IV,FALSE,University,,Asia,Philippines,self,,,,,29,28,2,1,2.5,89.3,S-C,['Dr. Elmer Cruz Cup'],"['Dr. Elmer Cruz Cup', 'Open']","{'Dr. Elmer Cruz Cup': {'is_highest_non_open_cat': True, 'no_wbr_speakers': np.int64(0), 'no_79.11plus_speakers': 0, 'no_qual_speakers': np.float64(0.0), 'no_teams2': 8, 'pts_speaking': np.float64(16.0), 'speaking_class': 'S-E'}}",30,1,48,J-C,4,,success,success,4,87,84
MC Trechant Anvaya APD 2025,https://anvaya.calicotab.com/anvayaapd25/,2025,,TRUE,English,AP,MC Trechant Anvaya APD,FALSE,University,In person,Asia,,public,,,,,17,16,0,0,0,30.0,S-E,['Novice'],['Novice'],"{'Novice': {'is_highest_non_open_cat': True, 'no_wbr_speakers': np.int64(0), 'no_79.11plus_speakers': 0, 'no_qual_speakers': np.float64(0.0), 'no_teams2': 7, 'pts_speaking': np.float64(14.0), 'speaking_class': 'S-E'}}",30,0,30,J-E,3,,success,success,4,51,48
Motilal Nehru MPD (6th) 2024,https://mnmpd2023.calicotab.com/mnmpd2024/,2024,,TRUE,English,AP,Motilal Nehru MPD,FALSE,University,In person,Asia,,public,,,,,27,25,0,0,0,50.0,S-E,[],[],{},29,0,29,J-E,3,,success,success,5,81,74
Nanyang TU DC 2024,https://ntudc2024.calicotab.com/_/,2024,2024-03-09,TRUE,English,AP,Nanyang TU DC,FALSE,University,In person,Asia,Singapore,public,,,,,46,46,7,7,10.5,232.0,S-A,['Novice'],"['Open', 'Novice']","{'Novice': {'is_highest_non_open_cat': True, 'no_wbr_speakers': np.int64(1), 'no_79.11plus_speakers': 0, 'no_qual_speakers': np.float64(1.0), 'no_teams2': 35, 'pts_speaking': np.float64(83.33333333333333), 'speaking_class': 'S-D'}}",25,3,79,J-B,3,,success,success,5,138,138
Nanyang TU DC 2025,https://ntudc2025.calicotab.com/_/,2025,2025-05-24,TRUE,English,AP,Nanyang TU DC,FALSE,University,In person,Asia,Singapore,public,,,,,42,42,4,8,8,190.7,S-B,['Novice'],"['Open', 'Novice']","{'Novice': {'is_highest_non_open_cat': True, 'no_wbr_speakers': np.int64(0), 'no_79.11plus_speakers': 0, 'no_qual_speakers': np.float64(0.0), 'no_teams2': 26, 'pts_speaking': np.float64(52.0), 'speaking_class': 'S-E'}}",24,2,60,J-C,3,"Wayne, Lit Wen, Nabilah",success,success,5,126,126
Nat. Law School India Debate 2025,https://nlsd24.calicotab.com/nlsd25/,2025,,TRUE,English,AP,Nat. Law School India Debate,FALSE,University,,Asia,India,self,,,,,41,40,0,0,0,80.0,S-D,['Novice'],"['Novice', 'Open']","{'Novice': {'is_highest_non_open_cat': True, 'no_wbr_speakers': np.int64(0), 'no_79.11plus_speakers': 0, 'no_qual_speakers': np.float64(0.0), 'no_teams2': 31, 'pts_speaking': np.float64(62.0), 'speaking_class': 'S-D'}}",56,2,92,J-C,4,,success,success,5,122,120
Nat. Law School India Debate 2026,https://nlsd.calicotab.com/nlsd26/,2026,,TRUE,English,AP,Nat. Law School India Debate,FALSE,University,,Asia,India,self,,,,,41,38,0,1,0.5,80.7,S-D,['Novice'],"['Novice', 'Open']","{'Novice': {'is_highest_non_open_cat': True, 'no_wbr_speakers': np.int64(0), 'no_79.11plus_speakers': 0, 'no_qual_speakers': np.float64(0.0), 'no_teams2': 26, 'pts_speaking': np.float64(52.0), 'speaking_class': 'S-E'}}",51,1,69,J-C,4,,success,success,5,123,114
Natasha Ranjit MD (11th) 2023,https://nrmd.calicotab.com/nrmd2023/,2023,,TRUE,English,AP,Natasha Ranjit MD,FALSE,University,In person,Asia,,public,,,,,25,23,0,0,0,46.0,S-E,['Novice'],['Novice'],"{'Novice': {'is_highest_non_open_cat': True, 'no_wbr_speakers': np.int64(0), 'no_79.11plus_speakers': 0, 'no_qual_speakers': np.float64(0.0), 'no_teams2': 14, 'pts_speaking': np.float64(28.0), 'speaking_class': 'S-E'}}",29,0,29,J-E,3,,success,success,5,75,69
Natasha Ranjit MD (12th) 2024,https://nrmd2024.calicotab.com/nrmd2024/,2024,,TRUE,English,AP,Natasha Ranjit MD,FALSE,University,,Asia,,self,,,,,31,30,0,6,3,100.0,S-C,['Novice'],"['Novice', 'Open']","{'Novice': {'is_highest_non_open_cat': True, 'no_wbr_speakers': np.int64(0), 'no_79.11plus_speakers': 0, 'no_qual_speakers': np.float64(0.0), 'no_teams2': 13, 'pts_speaking': np.float64(26.0), 'speaking_class': 'S-E'}}",45,0,45,J-D,4,,success,success,5,93,90
Natasha Ranjit MD (13th) 2025,https://nrmd2025.calicotab.com/nrmd25/,2025,,TRUE,English,AP,Natasha Ranjit MD,FALSE,University,In person,Asia,India,public,,,,,31,28,0,2,1,69.3,S-D,['Novice'],['Novice'],"{'Novice': {'is_highest_non_open_cat': True, 'no_wbr_speakers': np.int64(0), 'no_79.11plus_speakers': 0, 'no_qual_speakers': np.float64(0.0), 'no_teams2': 12, 'pts_speaking': np.float64(24.0), 'speaking_class': 'S-E'}}",38,0,38,J-E,4,,success,success,5,92,84
Natasha Ranjit MD (14th) 2026,https://nrmd2026.calicotab.com/nrmd26/,2026,,TRUE,English,AP,Natasha Ranjit MD,FALSE,University,,Asia,India,self,,,,,32,32,0,2,1,77.3,S-D,['Novice'],"['Open', 'Novice']","{'Novice': {'is_highest_non_open_cat': True, 'no_wbr_speakers': np.int64(0), 'no_79.11plus_speakers': 0, 'no_qual_speakers': np.float64(0.0), 'no_teams2': 19, 'pts_speaking': np.float64(38.0), 'speaking_class': 'S-E'}}",33,0,33,J-E,3,,success,success,5,96,96
Netaji Subhas MPD 2023,https://nsmpd23.calicotab.com/nsmpd23/,2023,,TRUE,English,AP,Netaji Subhas MPD,FALSE,University,In person,Asia,,public,,,,,49,47,0,0,0,94.0,S-D,['Novice'],['Novice'],"{'Novice': {'is_highest_non_open_cat': True, 'no_wbr_speakers': np.int64(0), 'no_79.11plus_speakers': 0, 'no_qual_speakers': np.float64(0.0), 'no_teams2': 33, 'pts_speaking': np.float64(66.0), 'speaking_class': 'S-D'}}",60,0,60,J-D,2,,success,success,5,147,140
NIT Durgapur PD 2024,https://nitdpd.calicotab.com/nitdpd24/,2024,,TRUE,English,AP,NIT Durgapur PD,FALSE,University,Online,Asia,,public,,,,,27,26,0,0,0,52.0,S-E,[],[],{},25,0,25,J-E,2,,success,success,4,81,78
NLU Delhi GS MPD 2024,https://nludpd2024.calicotab.com/gspd2024/,2024,,TRUE,English,AP,NLU Delhi GS MPD,FALSE,University,In person,Asia,India,public,,,,,31,30,0,3,1.5,80.0,S-D,['Novice'],"['Open', 'Novice']","{'Novice': {'is_highest_non_open_cat': True, 'no_wbr_speakers': np.int64(0), 'no_79.11plus_speakers': 0, 'no_qual_speakers': np.float64(0.0), 'no_teams2': 18, 'pts_speaking': np.float64(36.0), 'speaking_class': 'S-E'}}",56,0,56,J-D,4,,success,success,5,93,89
NLU Delhi GS MPD 2026,https://nludpd2026.calicotab.com/nludpd2026/,2026,,TRUE,English,AP,NLU Delhi GS MPD,FALSE,University,In person,Asia,India,public,,,,,19,18,0,2,1,49.3,S-E,['Novice'],"['Open', 'Novice']","{'Novice': {'is_highest_non_open_cat': True, 'no_wbr_speakers': np.int64(0), 'no_79.11plus_speakers': 0, 'no_qual_speakers': np.float64(0.0), 'no_teams2': 10, 'pts_speaking': np.float64(20.0), 'speaking_class': 'S-E'}}",24,0,24,J-E,3,,success,success,5,57,54
NLU Jodhpur PD 2023,https://nlujpd2023.calicotab.com/nlujpd2023/,2023,,TRUE,English,AP,NLU Jodhpur PD,FALSE,University,In person,Asia,,public,,,,,32,30,0,0,0,60.0,S-D,[],[],{},49,0,49,J-D,4,,success,success,5,96,90
Northern Luzon IV 2025,https://nliv2025.calicotab.com/nliv2025/,2025,,TRUE,English,AP,Northern Luzon IV,FALSE,University,,Asia,,self,,,,,32,32,0,0,0,64.0,S-D,"['High School', 'Novice']","['High School', 'Novice']","{'High School': {'is_highest_non_open_cat': False, 'no_wbr_speakers': np.int64(0), 'no_79.11plus_speakers': 0, 'no_qual_speakers': np.float64(0.0), 'no_teams2': 8, 'pts_speaking': np.float64(16.0), 'speaking_class': 'S-E'}, 'Novice': {'is_highest_non_open_cat': True, 'no_wbr_speakers': np.int64(0), 'no_79.11plus_speakers': 0, 'no_qual_speakers': np.float64(0.0), 'no_teams2': 4, 'pts_speaking': np.float64(8.0), 'speaking_class': 'S-E'}}",20,0,20,J-E,1,,success,success,4,94,94
NUJS PD 2024,https://nujspd2024.calicotab.com/nujdpd2024/,2024,,TRUE,English,AP,NUJS PD,FALSE,University,Online,Asia,,public,,,,,73,70,0,0,0,140.0,S-D,['Novice'],['Novice'],"{'Novice': {'is_highest_non_open_cat': True, 'no_wbr_speakers': np.int64(0), 'no_79.11plus_speakers': 0, 'no_qual_speakers': np.float64(0.0), 'no_teams2': 48, 'pts_speaking': np.float64(96.0), 'speaking_class': 'S-D'}}",90,0,90,J-D,0,,success,success,5,219,209
Panjab UIET PD 2025,https://uietpd.calicotab.com/UIETPD/,2025,,TRUE,English,AP,Panjab UIET PD,FALSE,University,Online,Asia,,public,,,,,56,54,0,0,0,108.0,S-D,['Novice'],['Novice'],"{'Novice': {'is_highest_non_open_cat': True, 'no_wbr_speakers': np.int64(0), 'no_79.11plus_speakers': 0, 'no_qual_speakers': np.float64(0.0), 'no_teams2': 34, 'pts_speaking': np.float64(68.0), 'speaking_class': 'S-D'}}",70,0,70,J-D,5,,success,success,5,166,161
Panjab UIET PD 2026,https://uietpd.calicotab.com/uietpd2026/,2026,,TRUE,English,AP,Panjab UIET PD,FALSE,University,Online,Asia,,public,,,,,63,53,0,0,0,106.0,S-D,['Novice'],"['Open', 'Novice']","{'Novice': {'is_highest_non_open_cat': True, 'no_wbr_speakers': np.int64(0), 'no_79.11plus_speakers': 0, 'no_qual_speakers': np.float64(0.0), 'no_teams2': 35, 'pts_speaking': np.float64(70.0), 'speaking_class': 'S-D'}}",70,0,70,J-D,4,,success,success,5,184,159
Parlance AP 2025,https://parlance2025.calicotab.com/parlance2025/,2025,,TRUE,English,AP,Parlance AP,FALSE,University,,Asia,,self,,,,,56,53,0,1,0.5,110.7,S-D,['Novice'],['Novice'],"{'Novice': {'is_highest_non_open_cat': True, 'no_wbr_speakers': np.int64(0), 'no_79.11plus_speakers': 0, 'no_qual_speakers': np.float64(0.0), 'no_teams2': 35, 'pts_speaking': np.float64(70.0), 'speaking_class': 'S-D'}}",65,0,65,J-D,5,,success,success,5,167,158
PED XING DC (16th) 2025,https://pedxingdebate.calicotab.com/px16debate/,2025,2025-02-22,TRUE,English,AP,PED XING DC,FALSE,University,In person,Asia,Philippines,public,,,,,35,34,0,0,0,68.0,S-D,['Novice'],['Novice'],"{'Novice': {'is_highest_non_open_cat': True, 'no_wbr_speakers': np.int64(0), 'no_79.11plus_speakers': 0, 'no_qual_speakers': np.float64(0.0), 'no_teams2': 22, 'pts_speaking': np.float64(44.0), 'speaking_class': 'S-E'}}",33,0,33,J-E,3,,success,success,4,102,100
Philippine Debate Open 2025,https://phdo2025.calicotab.com/phdo2025/,2025,,TRUE,English,AP,Philippine Debate Open,FALSE,University,Online,Asia,Philipines,public,,,,,31,29,0,0,0,58.0,S-E,['Novice'],['Novice'],"{'Novice': {'is_highest_non_open_cat': True, 'no_wbr_speakers': np.int64(0), 'no_79.11plus_speakers': 0, 'no_qual_speakers': np.float64(0.0), 'no_teams2': 13, 'pts_speaking': np.float64(26.0), 'speaking_class': 'S-E'}}",36,0,36,J-E,3,,success,success,4,93,87
Philippine IDC 2022,https://pidc2022.calicotab.com/pidc2022/,2022,,TRUE,English,AP,Philippine IDC,FALSE,University,,Asia,Philippines,self,,,,,56,53,5,1,5.5,179.3,S-C,['Sinag Cup'],"['Sinag Cup', 'Open']","{'Sinag Cup': {'is_highest_non_open_cat': True, 'no_wbr_speakers': np.int64(0), 'no_79.11plus_speakers': 0, 'no_qual_speakers': np.float64(0.0), 'no_teams2': 28, 'pts_speaking': np.float64(56.0), 'speaking_class': 'S-E'}}",65,5,155,J-A,5,,success,success,7,166,158
Philippine IDC 2024,https://pidc24.calicotab.com/transformtradition/,2024,2024-09-06,TRUE,English,AP,Philippine IDC,FALSE,University,Online,Asia,Philippines,public,,,,,63,60,3,1,3.5,166.7,S-C,['Sinag Cup'],['Sinag Cup'],"{'Sinag Cup': {'is_highest_non_open_cat': True, 'no_wbr_speakers': np.int64(0), 'no_79.11plus_speakers': 0, 'no_qual_speakers': np.float64(0.0), 'no_teams2': 29, 'pts_speaking': np.float64(58.0), 'speaking_class': 'S-E'}}",77,0,77,J-D,5,,success,success,7,188,179
Philippine IDC 2025,https://pidc2025.calicotab.com/pidc2025/,2025,,TRUE,English,AP,Philippine IDC,FALSE,University,,Asia,,self,,,,,46,46,3,6,6,172.0,S-B,['Sinag'],[],{},74,0,74,J-D,5,,success,success,7,138,138
Philippines Debate Open 2024,https://philippinedebateopen.calicotab.com/pdo2024/,2024,,TRUE,English,AP,Philippines Debate Open,FALSE,University,,Asia,,public,,,,,67,66,3,3,4.5,192.0,S-B,['Novice'],"['Novice', 'Open']","{'Novice': {'is_highest_non_open_cat': True, 'no_wbr_speakers': np.int64(0), 'no_79.11plus_speakers': 0, 'no_qual_speakers': np.float64(0.0), 'no_teams2': 33, 'pts_speaking': np.float64(66.0), 'speaking_class': 'S-D'}}",54,0,54,J-D,4,,success,success,4,200,196
Punjab EC Trivium PD 2024,https://trivium2024.calicotab.com/trivium2024/,2024,,TRUE,English,AP,Punjab EC Trivium PD,FALSE,University,In person,Asia,,public,,,,,32,30,0,2,1,73.3,S-D,['Novice'],['Novice'],"{'Novice': {'is_highest_non_open_cat': True, 'no_wbr_speakers': np.int64(0), 'no_79.11plus_speakers': 0, 'no_qual_speakers': np.float64(0.0), 'no_teams2': 20, 'pts_speaking': np.float64(40.0), 'speaking_class': 'S-E'}}",96,0,96,J-D,4,,success,success,5,96,90
Rahat Fundraiser PD 2024,https://rahat2021.calicotab.com/rahat2024/,2024,,TRUE,English,AP,Rahat Fundraiser PD,FALSE,University,,Asia,,self,,,,,61,56,1,0,1,125.3,S-D,['Novice'],['Novice'],"{'Novice': {'is_highest_non_open_cat': True, 'no_wbr_speakers': np.int64(0), 'no_79.11plus_speakers': 0, 'no_qual_speakers': np.float64(0.0), 'no_teams2': 39, 'pts_speaking': np.float64(78.0), 'speaking_class': 'S-D'}}",81,0,81,J-D,6,,success,success,5,182,168
Rahat Fundraiser PD 2025,https://rahat2021.calicotab.com/rahat2025/,2025,,TRUE,English,AP,Rahat Fundraiser PD,FALSE,University,,Asia,,self,,,,,79,70,0,1,0.5,144.7,S-D,['Novice'],['Novice'],"{'Novice': {'is_highest_non_open_cat': True, 'no_wbr_speakers': np.int64(0), 'no_79.11plus_speakers': 0, 'no_qual_speakers': np.float64(0.0), 'no_teams2': 50, 'pts_speaking': np.float64(100.0), 'speaking_class': 'S-D'}}",82,0,82,J-D,2,,success,success,5,237,209
Ram Manohar Lohiya PD 2023,https://rmlpd2023.calicotab.com/rmlpd2023/,2023,,TRUE,English,AP,Ram Manohar Lohiya PD,FALSE,University,In person,Asia,India,public,,,,,26,26,0,1,0.5,58.7,S-E,['Novice'],['Novice'],"{'Novice': {'is_highest_non_open_cat': True, 'no_wbr_speakers': np.int64(0), 'no_79.11plus_speakers': 0, 'no_qual_speakers': np.float64(0.0), 'no_teams2': 18, 'pts_speaking': np.float64(36.0), 'speaking_class': 'S-E'}}",37,1,55,J-C,7,,success,success,4,78,78
Ram Manohar Lohiya PD 2024,https://rmlpd12.calicotab.com/rmlpd12/,2024,,TRUE,English,AP,Ram Manohar Lohiya PD,FALSE,University,In person,Asia,,public,,,,,28,28,0,0,0,54.0,S-E,['Novice'],['Novice'],"{'Novice': {'is_highest_non_open_cat': True, 'no_wbr_speakers': np.int64(0), 'no_79.11plus_speakers': 0, 'no_qual_speakers': np.float64(0.0), 'no_teams2': 16, 'pts_speaking': np.float64(32.0), 'speaking_class': 'S-E'}}",58,0,58,J-D,6,,success,success,5,84,84
Ram Manohar Lohiya PD 2025,https://rmlpd2025.calicotab.com/rmlpd2025/,2025,,TRUE,English,AP,Ram Manohar Lohiya PD,FALSE,University,,Asia,India,self,,,,,19,18,0,1,0.5,42.7,S-E,['Novice'],"['Novice', 'Open']","{'Novice': {'is_highest_non_open_cat': True, 'no_wbr_speakers': np.int64(0), 'no_79.11plus_speakers': 0, 'no_qual_speakers': np.float64(0.0), 'no_teams2': 11, 'pts_speaking': np.float64(22.0), 'speaking_class': 'S-E'}}",29,0,29,J-E,6,,success,success,5,57,54
RGNUL Punjab Agahi X 2023,https://agahi.calicotab.com/agahix/,2023,,TRUE,English,AP,RGNUL Punjab Agahi X,FALSE,University,In person,Asia,,public,,,,,21,20,0,0,0,40.0,S-E,['Novice'],['Novice'],"{'Novice': {'is_highest_non_open_cat': True, 'no_wbr_speakers': np.int64(0), 'no_79.11plus_speakers': 0, 'no_qual_speakers': np.float64(0.0), 'no_teams2': 14, 'pts_speaking': np.float64(28.0), 'speaking_class': 'S-E'}}",19,0,19,J-E,3,,success,success,5,64,60
Samvarta PD 2025,https://samvartapd2025.calicotab.com/samvarta2025/,2025,2025-11-13,TRUE,English,AP,Samvarta PD,FALSE,University,Online,Asia,India,public,,,,,17,12,0,0,0,24.0,S-E,['Novice'],['Novice'],"{'Novice': {'is_highest_non_open_cat': True, 'no_wbr_speakers': np.int64(0), 'no_79.11plus_speakers': 0, 'no_qual_speakers': np.float64(0.0), 'no_teams2': 5, 'pts_speaking': np.float64(10.0), 'speaking_class': 'S-E'}}",19,0,19,J-E,0,,success,success,5,87,35
SCMC Noida Symcharcha PD 2023,https://symcharcha2023.calicotab.com/symcharcha23/,2023,,TRUE,English,AP,SCMC Noida Symcharcha PD,FALSE,University,In person,Asia,,public,,,,,34,32,0,0,0,64.0,S-D,[],[],{},45,0,45,J-D,3,,success,success,3,102,96
SCMC Noida Symcharcha PD 2026,https://symcharchapd.calicotab.com/symcharcha26/,2026,,TRUE,English,AP,SCMC Noida Symcharcha PD,FALSE,University,In person,Asia,,public,,,,,36,33,0,4,2,92.7,S-D,[],['Open'],{},35,0,35,J-E,3,,success,success,3,108,99
SGGSCC Speak Up (10.0) 2022,https://speakup10.calicotab.com/speakup/,2022,2022-02-12,FALSE,English,AP,SGGSCC Speak Up,FALSE,University,Online,Asia,,public,,,,,62,62,0,0,0,124.0,S-D,[],[],{},84,0,84,J-D,4,"Ananya Kukreti, Pranjal",success,success,5,186,186
SGGSCC Speak Up (13.0) 2025,https://speakup13.calicotab.com/speakup13/,2025,,TRUE,English,AP,SGGSCC Speak Up,FALSE,University,In person,Asia,,public,,,,,66,61,0,0,0,122.0,S-D,[],[],{},118,0,118,J-D,5,,success,success,5,198,183
Shivaji PD 2025,https://shivajienglishpd.calicotab.com/shivaji2025/,2025,,TRUE,English,AP,Shivaji PD,FALSE,University,In person,Asia,,public,,,,,45,43,1,0,1,99.3,S-D,['Novice'],['Novice'],"{'Novice': {'is_highest_non_open_cat': True, 'no_wbr_speakers': np.int64(0), 'no_79.11plus_speakers': 0, 'no_qual_speakers': np.float64(0.0), 'no_teams2': 21, 'pts_speaking': np.float64(42.0), 'speaking_class': 'S-E'}}",65,0,65,J-D,3,,success,success,5,135,129
Shri Ram DF (16th) 2022,https://srcc.calicotab.com/srdf2022/,2022,2022-04-02,FALSE,English,AP,Shri Ram DF,FALSE,University,Online,Asia,India,public,,,,,41,35,0,0,0,70.0,S-D,['Novice'],['Novice'],"{'Novice': {'is_highest_non_open_cat': True, 'no_wbr_speakers': np.int64(0), 'no_79.11plus_speakers': 0, 'no_qual_speakers': np.float64(0.0), 'no_teams2': 18, 'pts_speaking': np.float64(36.0), 'speaking_class': 'S-E'}}",54,0,54,J-D,2,,success,success,5,123,103
Shri Ram DF (17th) 2023,https://srcc.calicotab.com/srdf2023/,2023,,TRUE,English,AP,Shri Ram DF,FALSE,University,In person,Asia,India,public,,,,,46,38,0,4,2,102.7,S-D,['Novice'],['Novice'],"{'Novice': {'is_highest_non_open_cat': True, 'no_wbr_speakers': np.int64(0), 'no_79.11plus_speakers': 0, 'no_qual_speakers': np.float64(0.0), 'no_teams2': 27, 'pts_speaking': np.float64(54.0), 'speaking_class': 'S-E'}}",55,0,55,J-D,3,"Mehul Joshi, S.Sriram, Varshini Venkatesh, Vinodhan Kuppusamy",success,success,5,137,113
Shri Ram DF (18th) 2024,https://srdf24.calicotab.com/srdf24/,2024,,TRUE,English,AP,Shri Ram DF,FALSE,University,,Asia,India,self,,,,,32,32,1,14,8,170.7,S-C,['Novice'],['Novice'],"{'Novice': {'is_highest_non_open_cat': True, 'no_wbr_speakers': np.int64(0), 'no_79.11plus_speakers': 0, 'no_qual_speakers': np.float64(0.0), 'no_teams2': 22, 'pts_speaking': np.float64(44.0), 'speaking_class': 'S-E'}}",40,0,40,J-E,4,,success,success,5,95,95
Shri Ram DF (19th) 2025,https://srdf2025.calicotab.com/srdf2025/,2025,2025-04-19,TRUE,English,AP,Shri Ram DF,FALSE,University,In person,Asia,India,public,,,,,32,31,0,5,2.5,95.3,S-C,['Novice'],['Novice'],"{'Novice': {'is_highest_non_open_cat': True, 'no_wbr_speakers': np.int64(0), 'no_79.11plus_speakers': 0, 'no_qual_speakers': np.float64(0.0), 'no_teams2': 14, 'pts_speaking': np.float64(28.0), 'speaking_class': 'S-E'}}",41,0,41,J-E,4,,success,success,4,96,93
Shri Ram DF (20th) 2026,https://debsocsrcc.calicotab.com/srdf2026/,2026,2026-03-14,TRUE,English,AP,Shri Ram DF,FALSE,University,In person,Asia,India,public,,,,,44,43,0,6,3,126.0,S-C,['Novice'],"['Open', 'Novice']","{'Novice': {'is_highest_non_open_cat': True, 'no_wbr_speakers': np.int64(0), 'no_79.11plus_speakers': 0, 'no_qual_speakers': np.float64(0.0), 'no_teams2': 14, 'pts_speaking': np.float64(28.0), 'speaking_class': 'S-E'}}",68,0,68,J-D,4,,success,success,5,132,128
Shri Ram Gambit 2023,https://gambit23.calicotab.com/gambit23/,2023,,TRUE,English,AP,Shri Ram Gambit,FALSE,University,Online,Asia,India,public,,,,,87,79,0,0,0,158.0,S-D,[],[],{},114,0,114,J-D,4,,success,success,5,259,237
Shri Ram Gambit 2025,https://gambit25.calicotab.com/gambit/,2025,,TRUE,English,AP,Shri Ram Gambit,FALSE,University,Online,Asia,India,public,,,,,111,106,0,0,0,212.0,S-D,[],[],{},139,0,139,J-D,4,,success,success,5,330,316
Shri Ram Gambit 2026,https://debsocsrcc.calicotab.com/gambit26/,2026,,TRUE,English,AP,Shri Ram Gambit,FALSE,University,,Asia,India,self,,,,,124,112,0,0,0,224.0,S-D,[],['Open'],{},116,0,116,J-D,4,,success,success,5,371,335
Singapore MU Hammers 2025,https://smuhammers2025.calicotab.com/smuhammers2025/,2025,2025-05-10,TRUE,English,AP,Singapore MU Hammers,FALSE,University,In person,Asia,Singapore,public,,,,,38,38,2,5,4.5,136.0,S-B,['Novice'],"['Open', 'Novice']","{'Novice': {'is_highest_non_open_cat': True, 'no_wbr_speakers': np.int64(0), 'no_79.11plus_speakers': 0, 'no_qual_speakers': np.float64(0.0), 'no_teams2': 29, 'pts_speaking': np.float64(58.0), 'speaking_class': 'S-E'}}",31,2,67,J-C,3,,success,success,4,114,114
Sri Venkateswara DC 2025,https://svdc.calicotab.com/svdc25/,2025,,TRUE,English,AP,Sri Venkateswara DC,FALSE,University,Online,Asia,India,self,,,,,52,50,0,0,0,98.0,S-D,['Novice'],"['Open', 'Novice']","{'Novice': {'is_highest_non_open_cat': True, 'no_wbr_speakers': np.int64(0), 'no_79.11plus_speakers': 0, 'no_qual_speakers': np.float64(0.0), 'no_teams2': 37, 'pts_speaking': np.float64(74.0), 'speaking_class': 'S-D'}}",49,0,49,J-D,2,,success,success,4,156,149
Sthn Philippines O Pre-UADC 2026,https://spo2026preuadc.calicotab.com/SPO2026preuadc/,2026,,TRUE,English,AP,Sthn Philippines O Pre-UADC,FALSE,University,,Asia,Philippines,self,,,,,23,22,1,0,1,55.3,S-E,['Novice'],"['Open', 'Novice']","{'Novice': {'is_highest_non_open_cat': True, 'no_wbr_speakers': np.int64(1), 'no_79.11plus_speakers': 0, 'no_qual_speakers': np.float64(1.0), 'no_teams2': 6, 'pts_speaking': np.float64(25.333333333333336), 'speaking_class': 'S-E'}}",13,0,13,J-E,3,,success,success,4,68,65
Sunway AP 2024,https://sunwaydebate.calicotab.com/sap2024/,2024,,TRUE,English,AP,Sunway AP,FALSE,University,,Asia,Malaysia,public,,,,,53,48,5,2,6,180.0,S-C,['Novice'],"['Novice', 'Open']","{'Novice': {'is_highest_non_open_cat': True, 'no_wbr_speakers': np.int64(0), 'no_79.11plus_speakers': 0, 'no_qual_speakers': np.float64(0.0), 'no_teams2': 18, 'pts_speaking': np.float64(36.0), 'speaking_class': 'S-E'}}",30,5,120,J-A,7,,success,success,6,162,150
Sunway AP 2025,https://sunwaydebate.calicotab.com/sap2025/,2025,,TRUE,English,AP,Sunway AP,FALSE,University,,Asia,Malaysia,self,,,,,34,34,4,9,8.5,181.3,S-B,['Novice'],"['Novice', 'Open']","{'Novice': {'is_highest_non_open_cat': True, 'no_wbr_speakers': np.int64(0), 'no_79.11plus_speakers': 0, 'no_qual_speakers': np.float64(0.0), 'no_teams2': 10, 'pts_speaking': np.float64(20.0), 'speaking_class': 'S-E'}}",21,2,57,J-C,4,,success,success,5,111,102
Sunway AP 2026,https://sunwaydebate.calicotab.com/sap2026/,2026,2026-04-04,TRUE,English,AP,Sunway AP,FALSE,University,,Asia,Malaysia,self,,,,,38,38,1,2,2,102.7,S-D,"['Novice', 'Schools']","['Novice', 'Open', 'Schools']","{'Novice': {'is_highest_non_open_cat': True, 'no_wbr_speakers': np.int64(0), 'no_79.11plus_speakers': 0, 'no_qual_speakers': np.float64(0.0), 'no_teams2': 25, 'pts_speaking': np.float64(50.0), 'speaking_class': 'S-E'}, 'Schools': {'is_highest_non_open_cat': False, 'no_wbr_speakers': np.int64(0), 'no_79.11plus_speakers': 0, 'no_qual_speakers': np.float64(0.0), 'no_teams2': 15, 'pts_speaking': np.float64(30.0), 'speaking_class': 'S-E'}}",24,1,42,J-C,3,,success,success,4,114,114
Taiwan IDO 2025,https://tido2025.calicotab.com/tido2025/,2025,,TRUE,English,AP,Taiwan IDO,FALSE,University,,Asia,Taiwan,self,,,,,34,34,1,2,2,94.7,S-D,['Pro-Am'],"['Open', 'Pro-Am']","{'Pro-Am': {'is_highest_non_open_cat': True, 'no_wbr_speakers': np.int64(0), 'no_79.11plus_speakers': 0, 'no_qual_speakers': np.float64(0.0), 'no_teams2': 22, 'pts_speaking': np.float64(44.0), 'speaking_class': 'S-E'}}",15,0,15,J-E,3,,success,success,5,105,102
Taiwan IDO 2026,https://tido2025.calicotab.com/tido2026/,2026,2026-04-25,TRUE,English,AP,Taiwan IDO,FALSE,University,In person,Asia,Taiwan,self,,,,,24,24,0,0,0,48.0,S-E,['Pro-Am'],"['Pro-Am', 'Open']","{'Pro-Am': {'is_highest_non_open_cat': True, 'no_wbr_speakers': np.int64(0), 'no_79.11plus_speakers': 0, 'no_qual_speakers': np.float64(0.0), 'no_teams2': 12, 'pts_speaking': np.float64(24.0), 'speaking_class': 'S-E'}}",10,0,10,J-E,3,,success,success,4,77,73
Taylor's AP 2024,https://taydo2022.calicotab.com/tap2024/,2024,,TRUE,English,AP,Taylor's AP,FALSE,University,Online,Asia,,public,,,,,46,44,18,8,22,377.3,S-A,['Novice'],"['Novice', 'Open']","{'Novice': {'is_highest_non_open_cat': True, 'no_wbr_speakers': np.int64(0), 'no_79.11plus_speakers': 0, 'no_qual_speakers': np.float64(0.0), 'no_teams2': 13, 'pts_speaking': np.float64(26.0), 'speaking_class': 'S-E'}}",28,3,82,J-B,4,,success,success,5,138,132
Taylor's AP 2025,https://taydo2022.calicotab.com/tap2025/,2025,2025-05-17,TRUE,English,AP,Taylor's AP,FALSE,University,Online,Asia,Malaysia,public,,,,,43,42,7,5,9.5,210.7,S-B,['Novice'],['Novice'],"{'Novice': {'is_highest_non_open_cat': True, 'no_wbr_speakers': np.int64(0), 'no_79.11plus_speakers': 0, 'no_qual_speakers': np.float64(0.0), 'no_teams2': 9, 'pts_speaking': np.float64(18.0), 'speaking_class': 'S-E'}}",31,3,85,J-B,3,,success,success,6,131,126
Taylor's AP 2026,https://taydo2022.calicotab.com/tap2026/,2026,2026-05-02,TRUE,English,AP,Taylor's AP,FALSE,University,Online,Asia,,public,,,,,51,50,2,3,3.5,146.7,S-C,['Novice'],"['Open', 'Novice']","{'Novice': {'is_highest_non_open_cat': True, 'no_wbr_speakers': np.int64(0), 'no_79.11plus_speakers': 0, 'no_qual_speakers': np.float64(0.0), 'no_teams2': 10, 'pts_speaking': np.float64(20.0), 'speaking_class': 'S-E'}}",25,1,43,J-C,3,,success,success,6,153,149
UADC 2020,https://bduadc2020.calicotab.com/uadc2020/,2020,,TRUE,English,AP,UADC,TRUE,University,,Asia,Bangladesh,self,,,,,107,105,5,26,18,450.0,S-A+,['EFL'],['EFL'],"{'EFL': {'is_highest_non_open_cat': True, 'no_wbr_speakers': np.int64(0), 'no_79.11plus_speakers': 0, 'no_qual_speakers': np.float64(0.0), 'no_teams2': 26, 'pts_speaking': np.float64(52.0), 'speaking_class': 'S-E'}}",70,7,196,J-A,7,,success,success,8,322,313
UADC 2021,https://edudriftbackup.calicotab.com/uadc2021/,2021,,TRUE,English,AP,UADC,TRUE,University,Online,Asia,Indonesia,self,,,,,101,100,8,23,19.5,460.0,S-AA,['EFL'],['EFL'],"{'EFL': {'is_highest_non_open_cat': True, 'no_wbr_speakers': np.int64(0), 'no_79.11plus_speakers': 0, 'no_qual_speakers': np.float64(0.0), 'no_teams2': 18, 'pts_speaking': np.float64(36.0), 'speaking_class': 'S-E'}}",139,13,373,J-AA,6,,success,success,8,304,299
Malaysia UADC 2022,http://malaysiauadc2022.calicotab.com/malaysiauadc2022/,2022,,TRUE,English,AP,UADC,TRUE,University,,Asia,Malaysia,self,,,,,110,106,7,9,11.5,363.3,S-A,['EFL'],['EFL'],"{'EFL': {'is_highest_non_open_cat': True, 'no_wbr_speakers': np.int64(0), 'no_79.11plus_speakers': 0, 'no_qual_speakers': np.float64(0.0), 'no_teams2': 23, 'pts_speaking': np.float64(46.0), 'speaking_class': 'S-E'}}",151,20,511,J-AAA,6,,success,success,8,329,318
Malaysia UADC 2023,https://malaysiauadc2023.calicotab.com/uadc2023/,2023,,TRUE,English,AP,UADC,TRUE,University,,Asia,Malaysia,self,,,,,117,114,14,14,21,506.0,S-AA,['EFL'],['EFL'],"{'EFL': {'is_highest_non_open_cat': True, 'no_wbr_speakers': np.int64(0), 'no_79.11plus_speakers': 0, 'no_qual_speakers': np.float64(0.0), 'no_teams2': 19, 'pts_speaking': np.float64(38.0), 'speaking_class': 'S-E'}}",186,10,366,J-AA,5,,success,success,8,350,342
UADC 2024,https://uadc2024.au-tab.app/uadc2024/,2024,,TRUE,English,AP,UADC,TRUE,University,,Asia,,self,,,,,56,56,8,12,14,298.7,S-A+,['EFL'],['EFL'],"{'EFL': {'is_highest_non_open_cat': True, 'no_wbr_speakers': np.int64(0), 'no_79.11plus_speakers': 0, 'no_qual_speakers': np.float64(0.0), 'no_teams2': 12, 'pts_speaking': np.float64(24.0), 'speaking_class': 'S-E'}}",49,11,247,J-AA,7,,success,success,8,168,168
Guangzhou UADC 2025,https://edudrift.calicotab.com/uadc2025/,2025,2025-06-02,TRUE,English,AP,UADC,TRUE,University,In person,Asia,China,self,,,,,54,54,11,28,25,441.3,S-AA,['EFL'],['EFL'],"{'EFL': {'is_highest_non_open_cat': True, 'no_wbr_speakers': np.int64(0), 'no_79.11plus_speakers': 0, 'no_qual_speakers': np.float64(0.0), 'no_teams2': 7, 'pts_speaking': np.float64(14.0), 'speaking_class': 'S-E'}}",55,6,163,J-A,6,,success,success,8,162,162
Bali UADC 2026,https://edudrift.calicotab.com/uadc2026/,2026,2026-06-02,TRUE,English,AP,UADC,TRUE,University,In person,Asia,Indonesia,self,,,,,68,68,4,14,11,282.7,S-A,['EFL'],"['EFL', 'Open']","{'EFL': {'is_highest_non_open_cat': True, 'no_wbr_speakers': np.int64(0), 'no_79.11plus_speakers': 0, 'no_qual_speakers': np.float64(0.0), 'no_teams2': 8, 'pts_speaking': np.float64(16.0), 'speaking_class': 'S-E'}}",71,6,179,J-A,6,,success,success,8,204,204
UT MARA Pre-UADC 2023,https://maradebates.calicotab.com/preuadc2023/,2023,,TRUE,English,AP,UT MARA Pre-UADC,FALSE,University,,Asia,Malaysia,self,,,,,,,,,,,S-C,,"['Novice', 'Open']",{'Novice': {'is_highest_non_open_cat': True}},33,0,33,J-E,5,,error getting speaker tab,success,4,,
Visayas UDC AP (16th) 2025,https://16thvudc.calicotab.com/ap/,2025,,TRUE,English,AP,Visayas UDC AP,FALSE,University,,Asia,Philippines,self,,,,,21,20,0,0,0,40.0,S-E,"['College', 'High School']","['Open', 'High School']","{'High School': {'is_highest_non_open_cat': True, 'no_wbr_speakers': np.int64(0), 'no_79.11plus_speakers': 0, 'no_qual_speakers': np.float64(0.0), 'no_teams2': 8, 'pts_speaking': np.float64(16.0), 'speaking_class': 'S-E'}}",17,0,17,J-E,3,,success,success,5,63,60
VIT Pre-UADC 2026,https://vitpreuadc.calicotab.com/vitpreuadc2026/,2026,2026-05-16,TRUE,English,AP,VIT Pre-UADC,FALSE,University,Online,Asia,India,public,,,,,71,69,0,8,4,191.3,S-C,['Novice'],"['Open', 'Novice']","{'Novice': {'is_highest_non_open_cat': True, 'no_wbr_speakers': np.int64(0), 'no_79.11plus_speakers': 0, 'no_qual_speakers': np.float64(0.0), 'no_teams2': 29, 'pts_speaking': np.float64(58.0), 'speaking_class': 'S-E'}}",49,0,49,J-D,5,,success,success,5,211,206
Xavier Cup (12th) 2025,https://xaviercup12.calicotab.com/xaviercup12/,2025,2025-05-24,TRUE,English,AP,Xavier Cup,FALSE,University,Online,Asia,Philippines,public,,,,,72,67,0,0,0,134.0,S-D,"['Novice', 'High School']","['Novice', 'Open', 'High School']","{'Novice': {'is_highest_non_open_cat': True, 'no_wbr_speakers': np.int64(0), 'no_79.11plus_speakers': 0, 'no_qual_speakers': np.float64(0.0), 'no_teams2': 23, 'pts_speaking': np.float64(46.0), 'speaking_class': 'S-E'}, 'High School': {'is_highest_non_open_cat': False, 'no_wbr_speakers': np.int64(0), 'no_79.11plus_speakers': 0, 'no_qual_speakers': np.float64(0.0), 'no_teams2': 12, 'pts_speaking': np.float64(24.0), 'speaking_class': 'S-E'}}",57,0,57,J-D,3,,success,success,4,213,201
Xavierian Pre-UADC 2024,https://sxc.calicotab.com/xdf2023/,2024,,TRUE,English,AP,Xavierian Pre-UADC,FALSE,University,Online,Asia,,public,,,,,58,51,0,0,0,102.0,S-D,['Novice'],['Novice'],"{'Novice': {'is_highest_non_open_cat': True, 'no_wbr_speakers': np.int64(0), 'no_79.11plus_speakers': 0, 'no_qual_speakers': np.float64(0.0), 'no_teams2': 27, 'pts_speaking': np.float64(54.0), 'speaking_class': 'S-E'}}",64,0,64,J-D,2,,success,success,5,174,153
Young Economists’ CDC 2024,https://yec2024debates.calicotab.com/yec2024debates/,2024,2024-06-07,TRUE,English,AP,Young Economists’ CDC,FALSE,University,Hybrid,Asia,Philippines,public,,,,,,,,,,,,,[],{},7,0,7,J-E,0,,error getting speaker tab,success,3,,
Zamboanga DO (13th) 2025,https://13zdo.calicotab.com/13thzdo/,2025,2025-04-05,TRUE,English,AP,Zamboanga DO,FALSE,University,Online,Asia,Philippines,public,,,,,89,86,0,0,0,172.0,S-D,['Novice'],['Novice'],"{'Novice': {'is_highest_non_open_cat': True, 'no_wbr_speakers': np.int64(0), 'no_79.11plus_speakers': 0, 'no_qual_speakers': np.float64(0.0), 'no_teams2': 58, 'pts_speaking': np.float64(116.0), 'speaking_class': 'S-D'}}",56,1,74,J-C,4,,success,success,4,266,257
Zamboanga DO (14th) 2026,https://14thzdo.calicotab.com/14thzdo/,2026,,TRUE,English,AP,Zamboanga DO,FALSE,University,,Asia,,self,,,,,51,48,0,0,0,96.0,S-D,['Novice'],"['Open', 'Novice']","{'Novice': {'is_highest_non_open_cat': True, 'no_wbr_speakers': np.int64(0), 'no_79.11plus_speakers': 0, 'no_qual_speakers': np.float64(0.0), 'no_teams2': 23, 'pts_speaking': np.float64(46.0), 'speaking_class': 'S-E'}}",29,0,29,J-E,3,,success,success,4,153,142
ZHDC Ikhtilaf PD (5th) 2025,https://ikhtilafpd23.calicotab.com/ikhtilaf2025/,2025,,TRUE,English,AP,ZHDC Ikhtilaf PD,FALSE,University,Online,Asia,,public,,,,,49,46,0,0,0,96.0,S-D,['Novice'],['Novice'],"{'Novice': {'is_highest_non_open_cat': True, 'no_wbr_speakers': np.int64(0), 'no_79.11plus_speakers': 0, 'no_qual_speakers': np.float64(0.0), 'no_teams2': 32, 'pts_speaking': np.float64(64.0), 'speaking_class': 'S-D'}}",71,0,71,J-D,4,,success,success,6,147,144
ZHDC Ikhtilaf PD (6th) 2026,https://ikhtilafpd23.calicotab.com/ikhtilaf26/,2026,,TRUE,English,AP,ZHDC Ikhtilaf PD,FALSE,University,,Asia,India,self,,,,,30,25,0,0,0,50.0,S-E,['Novice'],"['Novice', 'Open']","{'Novice': {'is_highest_non_open_cat': True, 'no_wbr_speakers': np.int64(0), 'no_79.11plus_speakers': 0, 'no_qual_speakers': np.float64(0.0), 'no_teams2': 12, 'pts_speaking': np.float64(24.0), 'speaking_class': 'S-E'}}",32,0,32,J-E,3,,success,success,5,90,75
ANU Open 2026,https://anuopen2026.calicotab.com/anuopen2026/,2026,2026-04-25,TRUE,English,Australs,ANU Open,FALSE,University,,Oceania,Australia,self,,,,,14,14,4,5,6.5,114.7,S-B,[],['Open'],{},6,0,6,J-E,5,,success,success,5,58,53
ANU Pre-Australs 2021,https://anutabs2021.calicotab.com/pa21/,2021,2021-12-18,TRUE,English,Australs,ANU Pre-Australs,FALSE,University,,Oceania,Australia,public,,,,,40,37,15,36,33,514.0,S-AA+,"['ESL', 'Novice']",['Open'],{},16,2,52,J-C,6,,success,success,5,119,109
ANU Pre-Australs 2025,https://anupe2025.calicotab.com/anupa2025/,2025,,TRUE,English,Australs,ANU Pre-Australs,FALSE,University,,Oceania,Australia,self,,,,,25,24,10,14,17,272.7,S-A+,[],['Open'],{},16,1,34,J-C,4,,success,success,5,76,70
ANU Pre-Australs 2026,https://anupreaustrals2026.calicotab.com/anupreaustrals2026/,2026,2026-05-30,TRUE,English,Australs,ANU Pre-Australs,FALSE,University,,Oceania,Australia,self,,,,,22,19,8,7,11.5,189.3,S-A,[],['Open'],{},16,1,34,J-C,4,,success,success,5,67,56
ANU Pre-Easters 2026,https://anupreeasters2026.calicotab.com/anupreeasters2026/,2026,,TRUE,English,Australs,ANU Pre-Easters,FALSE,University,,Asia,Australia,self,,,,,30,30,4,5,6.5,146.7,S-B,[],['Open'],{},17,3,71,J-B,4,,success,success,5,94,85
ANU Summer 2021,https://anu.calicotab.com/summer2021/,2021,,FALSE,English,Australs,ANU Summer,FALSE,University,,Oceania,Australia,self,,,,,25,24,5,26,18,288.0,S-A+,['Novice'],"['Novice', 'Open']","{'Novice': {'is_highest_non_open_cat': True, 'no_wbr_speakers': np.int64(0), 'no_79.11plus_speakers': 5, 'no_qual_speakers': np.float64(2.5), 'no_teams2': 10, 'pts_speaking': np.float64(53.333333333333336), 'speaking_class': 'S-C'}}",26,1,44,J-C,3,,success,success,5,75,70
Australia West Coast Hybrid 2026,https://wch2026.calicotab.com/wch2026/,2026,,TRUE,English,Australs,Australia West Coast Hybrid,FALSE,University,,Asia,Australia,self,,,,,12,12,2,2,3,64.0,S-C,[],['Open'],{},4,1,22,J-C,3,,success,success,4,35,35
Australs 2015,https://australs2015.calicotab.com/australs2015/,2015,,TRUE,English,Australs,Australs,TRUE,University,In person,Oceania,,self,,,,,78,78,21,23,32.5,589.3,S-AA+,"['ESL', 'EFL']","['ESL', 'EFL']","{'ESL': {'is_highest_non_open_cat': True, 'no_wbr_speakers': np.int64(0), 'no_79.11plus_speakers': 0, 'no_qual_speakers': np.float64(0.0), 'no_teams2': 12, 'pts_speaking': np.float64(24.0), 'speaking_class': 'S-E'}, 'EFL': {'is_highest_non_open_cat': False, 'no_wbr_speakers': np.int64(0), 'no_79.11plus_speakers': 0, 'no_qual_speakers': np.float64(0.0), 'no_teams2': 9, 'pts_speaking': np.float64(18.0), 'speaking_class': 'S-E'}}",83,15,353,J-AA+,6,"Gemma Buckley, Josh Park, Daryl Isla, Mai Mokhsein, Asher Emanuel, Joanna Connolly, Tim Blair",success,success,8,234,234
Australs 2016,https://australs2016.calicotab.com/australs2016/,2016,,TRUE,English,Australs,Australs,TRUE,University,In person,Oceania,,self,,,,,74,74,21,38,40,681.3,S-AAA,['ESL'],['ESL'],"{'ESL': {'is_highest_non_open_cat': True, 'no_wbr_speakers': np.int64(0), 'no_79.11plus_speakers': 0, 'no_qual_speakers': np.float64(0.0), 'no_teams2': 6, 'pts_speaking': np.float64(12.0), 'speaking_class': 'S-E'}}",94,9,256,J-A+,5,,success,success,8,224,222
Australs 2017,https://australs2017.calicotab.com/2017_australs/,2017,,TRUE,English,Australs,Australs,TRUE,University,In person,Oceania,,self,,,,,79,76,15,27,28.5,532.0,S-AA+,['ESL'],['ESL'],"{'ESL': {'is_highest_non_open_cat': True, 'no_wbr_speakers': np.int64(0), 'no_79.11plus_speakers': 0, 'no_qual_speakers': np.float64(0.0), 'no_teams2': 6, 'pts_speaking': np.float64(12.0), 'speaking_class': 'S-E'}}",106,9,268,J-A+,7,,success,success,8,238,228
Australs 2018,https://australs2018.calicotab.com/australs2018/,2018,,TRUE,English,Australs,Australs,TRUE,University,In person,Oceania,,self,,,,,90,90,13,41,33.5,626.7,S-AA+,"['ESL', 'EFL']","['ESL', 'EFL']","{'ESL': {'is_highest_non_open_cat': True, 'no_wbr_speakers': np.int64(0), 'no_79.11plus_speakers': 0, 'no_qual_speakers': np.float64(0.0), 'no_teams2': 28, 'pts_speaking': np.float64(56.0), 'speaking_class': 'S-E'}, 'EFL': {'is_highest_non_open_cat': False, 'no_wbr_speakers': np.int64(0), 'no_79.11plus_speakers': 0, 'no_qual_speakers': np.float64(0.0), 'no_teams2': 4, 'pts_speaking': np.float64(8.0), 'speaking_class': 'S-E'}}",90,16,378,J-AA+,6,,success,success,8,270,270
Australs 2019,https://australs2019.calicotab.com/australs2019/,2019,,TRUE,English,Australs,Australs,TRUE,University,In person,Oceania,,self,,,,,76,76,18,58,47,778.7,S-AAA,"['EFL', 'ESL']","['EFL', 'ESL']","{'EFL': {'is_highest_non_open_cat': False, 'no_wbr_speakers': np.int64(0), 'no_79.11plus_speakers': 0, 'no_qual_speakers': np.float64(0.0), 'no_teams2': 4, 'pts_speaking': np.float64(8.0), 'speaking_class': 'S-E'}, 'ESL': {'is_highest_non_open_cat': True, 'no_wbr_speakers': np.int64(0), 'no_79.11plus_speakers': 2, 'no_qual_speakers': np.float64(1.0), 'no_teams2': 12, 'pts_speaking': np.float64(37.333333333333336), 'speaking_class': 'S-E'}}",90,15,360,J-AA+,6,,success,success,8,228,228
Monash Australs 2020,https://australs2020.calicotab.com/australs2020/,2020,2020-07-12,TRUE,English,Australs,Australs,TRUE,University,Online,Oceania,Australia,self,,,,,135,132,11,78,50,930.7,S-AA+,"['EFL', 'ESL']","['EFL', 'ESL']","{'EFL': {'is_highest_non_open_cat': False, 'no_wbr_speakers': np.int64(0), 'no_79.11plus_speakers': 0, 'no_qual_speakers': np.float64(0.0), 'no_teams2': 33, 'pts_speaking': np.float64(66.0), 'speaking_class': 'S-D'}, 'ESL': {'is_highest_non_open_cat': True, 'no_wbr_speakers': np.int64(0), 'no_79.11plus_speakers': 12, 'no_qual_speakers': np.float64(6.0), 'no_teams2': 77, 'pts_speaking': np.float64(234.0), 'speaking_class': 'S-C'}}",165,16,453,J-AA+,6,,success,success,8,413,394
Nepal Australs 2021,https://australs2021.calicotab.com/_/,2021,,TRUE,English,Australs,Australs,TRUE,University,,Asia,Nepal,self,,,,,108,104,17,58,46,821.3,S-AAA,"['ESL', 'EFL']","['ESL', 'EFL']","{'ESL': {'is_highest_non_open_cat': True, 'no_wbr_speakers': np.int64(0), 'no_79.11plus_speakers': 3, 'no_qual_speakers': np.float64(1.5), 'no_teams2': 56, 'pts_speaking': np.float64(132.0), 'speaking_class': 'S-D'}, 'EFL': {'is_highest_non_open_cat': False, 'no_wbr_speakers': np.int64(0), 'no_79.11plus_speakers': 0, 'no_qual_speakers': np.float64(0.0), 'no_teams2': 21, 'pts_speaking': np.float64(42.0), 'speaking_class': 'S-E'}}",97,8,241,J-A+,7,,success,success,8,325,307
Campbelltown Australs 2022,http://australs2022.calicotab.com/australs2022/,2022,,TRUE,English,Australs,Australs,TRUE,University,,Oceania,Australia,self,,,,,45,44,15,29,29.5,481.3,S-AA+,"['ESL', 'EFL']","['ESL', 'EFL']","{'ESL': {'is_highest_non_open_cat': True, 'no_wbr_speakers': np.int64(0), 'no_79.11plus_speakers': 1, 'no_qual_speakers': np.float64(0.5), 'no_teams2': 19, 'pts_speaking': np.float64(44.666666666666664), 'speaking_class': 'S-E'}, 'EFL': {'is_highest_non_open_cat': False, 'no_wbr_speakers': np.int64(0), 'no_79.11plus_speakers': 0, 'no_qual_speakers': np.float64(0.0), 'no_teams2': 5, 'pts_speaking': np.float64(10.0), 'speaking_class': 'S-E'}}",86,8,230,J-A+,7,,success,success,8,135,131
Krabi Australs 2023,https://krabiaustrals2023.calicotab.com/australs2023/,2023,,TRUE,English,Australs,Australs,TRUE,University,,Oceania,Thailand,self,,,,,58,58,17,33,33.5,562.7,S-AA+,"['ESL', 'EFL']","['ESL', 'EFL']","{'ESL': {'is_highest_non_open_cat': True, 'no_wbr_speakers': np.int64(0), 'no_79.11plus_speakers': 0, 'no_qual_speakers': np.float64(0.0), 'no_teams2': 18, 'pts_speaking': np.float64(36.0), 'speaking_class': 'S-E'}, 'EFL': {'is_highest_non_open_cat': False, 'no_wbr_speakers': np.int64(0), 'no_79.11plus_speakers': 0, 'no_qual_speakers': np.float64(0.0), 'no_teams2': 7, 'pts_speaking': np.float64(14.0), 'speaking_class': 'S-E'}}",66,16,354,J-AA+,6,,success,success,8,174,174
Jakarta Australs 2024,https://edudrift.calicotab.com/australs2024/,2024,,TRUE,English,Australs,Australs,TRUE,University,,Oceania,Indonesia,self,,,,,62,62,20,31,35.5,597.3,S-AA+,"['ESL', 'EFL']","['ESL', 'EFL']","{'ESL': {'is_highest_non_open_cat': True, 'no_wbr_speakers': np.int64(1), 'no_79.11plus_speakers': 0, 'no_qual_speakers': np.float64(1.0), 'no_teams2': 21, 'pts_speaking': np.float64(55.333333333333336), 'speaking_class': 'S-E'}, 'EFL': {'is_highest_non_open_cat': False, 'no_wbr_speakers': np.int64(0), 'no_79.11plus_speakers': 0, 'no_qual_speakers': np.float64(0.0), 'no_teams2': 7, 'pts_speaking': np.float64(14.0), 'speaking_class': 'S-E'}}",68,16,356,J-AA+,6,,success,success,8,186,186
South China Australs 2025,https://edudrift.calicotab.com/australs2025/,2025,2025-07-07,TRUE,English,Australs,Australs,TRUE,University,In person,Asia,China,self,,,,,50,50,20,35,37.5,598.0,S-AAA,"['ESL', 'EFL']","['ESL', 'EFL', 'Open']","{'ESL': {'is_highest_non_open_cat': True, 'no_wbr_speakers': np.int64(3), 'no_79.11plus_speakers': 1, 'no_qual_speakers': np.float64(3.5), 'no_teams2': 8, 'pts_speaking': np.float64(62.666666666666664), 'speaking_class': 'S-C'}, 'EFL': {'is_highest_non_open_cat': False, 'no_wbr_speakers': np.int64(0), 'no_79.11plus_speakers': 0, 'no_qual_speakers': np.float64(0.0), 'no_teams2': 2, 'pts_speaking': np.float64(4.0), 'speaking_class': 'S-E'}}",52,14,304,J-AA,6,,success,success,8,150,150
Wollongong Australs 2026,https://australs2026.calicotab.com/australs2026/,2026,2026-07-02,TRUE,English,Australs,Australs,TRUE,University,In person,Oceania,Australia,self,,,,,56,54,11,21,21.5,394.7,S-AA,"['EFL', 'ESL']","['Open', 'EFL', 'ESL']","{'EFL': {'is_highest_non_open_cat': False, 'no_wbr_speakers': np.int64(0), 'no_79.11plus_speakers': 0, 'no_qual_speakers': np.float64(0.0), 'no_teams2': 3, 'pts_speaking': np.float64(6.0), 'speaking_class': 'S-E'}, 'ESL': {'is_highest_non_open_cat': True, 'no_wbr_speakers': np.int64(2), 'no_79.11plus_speakers': 0, 'no_qual_speakers': np.float64(2.0), 'no_teams2': 7, 'pts_speaking': np.float64(40.66666666666667), 'speaking_class': 'S-E'}}",56,8,200,J-A+,5,,success,success,8,168,162
Easters 2021,https://onlineeasters2021.calicotab.com/onlineeasters2021/,2021,2021-04-01,FALSE,English,Australs,Easters,FALSE,University,Online,Oceania,Australia,public,,,,,50,50,2,16,10,233.3,S-B,[],[],{},65,5,155,J-A,6,,success,success,6,150,150
Monash Easters 2022,https://easters2022.calicotab.com/easters2022/,2022,,FALSE,English,Australs,Easters,FALSE,University,,Oceania,Australia,self,,,,,64,64,3,4,5,192.7,S-B,[],[],{},64,9,226,J-A+,5,,success,success,6,194,194
Macquarie-UTS Easters 2023,https://easters2023.calicotab.com/easters2023/,2023,,TRUE,English,Australs,Easters,FALSE,University,,Oceania,Australia,self,,,,,60,60,9,3,10.5,260.0,S-B,[],[],{},61,12,277,J-AA,5,,success,success,6,180,180
UQ Easters 2024,https://easters2024.calicotab.com/easters2024/,2024,,TRUE,English,Australs,Easters,FALSE,University,,Oceania,Australia,self,,,,,62,62,7,6,10,257.3,S-A,[],[],{},59,7,185,J-A,6,,success,success,6,186,186
Melbourne Easters 2025,https://easters2025.calicotab.com/easters2025/,2025,2025-04-21,TRUE,English,Australs,Easters,FALSE,University,In person,Oceania,Australia,public,,,,,68,68,5,2,6,216.0,S-C,[],[],{},75,7,201,J-A,6,,success,success,6,204,204
Sydney Easters 2026,https://easters2026.calicotab.com/easters2026/,2026,2026-04-06,TRUE,English,Australs,Easters,FALSE,University,In person,Oceania,Australia,self,,,,,72,72,4,4,6,224.0,S-B,[],['Open'],{},72,9,234,J-A+,6,,success,success,6,216,216
Intertext Pre-Australs 2024,https://intertext.calicotab.com/ipaustrals2024/,2024,2024-06-22,FALSE,English,Australs,Intertext Pre-Australs,FALSE,University,Online,Asia,,public,,,,,30,29,1,14,8,164.7,S-C,['EFL'],"['EFL', 'Open']","{'EFL': {'is_highest_non_open_cat': True, 'no_wbr_speakers': np.int64(0), 'no_79.11plus_speakers': 5, 'no_qual_speakers': np.float64(2.5), 'no_teams2': 14, 'pts_speaking': np.float64(61.333333333333336), 'speaking_class': 'S-C'}}",22,1,40,J-C,3,"Deon Kiew, Youngwoo Park, Amirul Syakir, Carol Chan",success,success,5,89,86
Macquarie Commonwealth DC 2026,https://mactabs2026.calicotab.com/cdc2026/,2026,2026-02-07,TRUE,English,Australs,Macquarie Commonwealth DC,FALSE,University,In person,Oceania,Australia,public,,,,,10,10,5,4,7,113.3,S-B,[],['Open'],{},5,1,23,J-C,3,,success,success,5,31,31
Macquarie Pre-Easters 2023,https://mactabs2023.calicotab.com/macpreeasters2023/,2023,,TRUE,English,Australs,Macquarie Pre-Easters,FALSE,University,,Oceania,Australia,self,,,,,11,10,5,4,7,113.3,S-B,[],[],{},8,1,26,J-C,3,,success,success,5,37,30
Melbourne Open 2026,https://melbtabs2026.calicotab.com/MelbOpen2026/,2026,,TRUE,English,Australs,Melbourne Open,FALSE,University,,Oceania,Australia,self,,,,,24,24,6,15,13.5,228.0,S-A+,['Novice'],"['Novice', 'Open']","{'Novice': {'is_highest_non_open_cat': True, 'no_wbr_speakers': np.int64(0), 'no_79.11plus_speakers': 0, 'no_qual_speakers': np.float64(0.0), 'no_teams2': 8, 'pts_speaking': np.float64(16.0), 'speaking_class': 'S-E'}}",10,0,10,J-E,5,,success,success,5,76,70
Melbourne x UNSW Pre-Australs 2026,https://melbtabs2026.calicotab.com/MelbxUNSWpa2026/,2026,2026-06-20,TRUE,English,Australs,Melbourne x UNSW Pre-Australs,FALSE,University,Hybrid,Oceania,Australia,public,,,,,43,42,9,12,15,284.0,S-A+,[],['Open'],{},29,2,65,J-C,5,,success,success,5,131,124
Monash Pop Culture Open 2026,https://madpopculture2026.calicotab.com/madpopculture2026/,2026,,TRUE,English,Australs,Monash Pop Culture Open,FALSE,University,,Oceania,Australia,self,,,,,6,6,1,1,1.5,32.0,S-E,[],['Open'],{},6,0,6,J-E,2,,success,success,3,19,18
Monash Pre-Australs 2024,https://madpa2024.calicotab.com/madpa2024/,2024,2024-06-01,TRUE,English,Australs,Monash Pre-Australs,FALSE,University,Online,Oceania,Australia,public,,,,,20,20,8,16,16,253.3,S-A+,[],[],{},20,2,56,J-C,2,,success,success,3,60,59
Monash Pre-Easters 2026,https://monashpreeasters2026.calicotab.com/monashpreeasters2026/,2026,,TRUE,English,Australs,Monash Pre-Easters,FALSE,University,,Asia,Australia,self,,,,,15,14,0,1,0.5,34.7,S-E,[],['Open'],{},8,0,8,J-E,3,,success,success,4,45,42
North Island Novice DC 2026,https://thropy2026.calicotab.com/thropy2026/,2026,,TRUE,English,Australs,North Island Novice DC,FALSE,University,In person,Oceania,New Zealand,self,,,,,,,,,,,,,['Open'],{},29,1,47,J-C,3,,error getting speaker tab,success,4,,
NZ Joynt Scroll 2025,https://joynt2025.calicotab.com/joynt2025/,2025,,TRUE,English,Australs,NZ Joynt Scroll,FALSE,University,,Oceania,New Zealand,self,,,,,24,24,2,0,2,74.7,S-D,[],['Open'],{},20,1,38,J-C,4,,success,success,6,71,71
NZ Joynt Scroll 2026,https://joyntscroll2026.calicotab.com/joynt2026/,2026,2026-04-04,TRUE,English,Australs,NZ Joynt Scroll,FALSE,University,In person,Oceania,New Zealand,public,,,,,16,16,3,0,3,72.0,S-C,[],['Open'],{},17,0,17,J-E,4,,success,success,6,48,48
Pop Posting Worlds 2021,https://tabtastic.calicotab.com/popposting2021/,2021,2021-04-23,FALSE,English,Australs,Pop Posting Worlds,FALSE,University,Online,IONA,England,public,,,,,16,16,3,29,17.5,265.3,S-A,[],[],{},11,0,11,J-E,9,,success,success,5,59,51
U Queensland Pre-Australs 2025,https://uqpreaustrals2025.calicotab.com/uqpa2025/,2025,2025-06-28,TRUE,English,Australs,U Queensland Pre-Australs,FALSE,University,,Oceania,Australia,self,,,,,41,40,14,15,21.5,366.7,S-AA,[],[],{},33,0,33,J-E,0,,success,success,5,129,121
UNSW Pre-Australs 2025,https://unswtabs2025.calicotab.com/preaustrals2025/,2025,2025-06-21,TRUE,English,Australs,UNSW Pre-Australs,FALSE,University,Hybrid,Oceania,Australia,public,,,,,29,28,13,21,23.5,367.3,S-AA,[],[],{},17,0,17,J-E,5,,success,success,5,89,83
UNSW Pre-Easters 2025,https://unswtabs2025.calicotab.com/preeasters2025/,2025,,TRUE,English,Australs,UNSW Pre-Easters,FALSE,University,,Oceania,Australia,self,,,,,24,22,4,1,4.5,104.0,S-C,[],['Open'],{},14,2,50,J-C,3,,success,success,5,81,63
UNSW Pre-Easters 2026,https://unswtabs2026.calicotab.com/preeasters2026/,2026,,TRUE,English,Australs,UNSW Pre-Easters,FALSE,University,,Oceania,Australia,self,,,,,29,28,5,4,7,149.3,S-B,[],['Open'],{},12,1,30,J-C,6,,success,success,5,93,80
USU Grandslam 2025,https://usutabs2025.calicotab.com/grandslam/,2025,2025-03-01,TRUE,English,Australs,USU Grandslam,FALSE,University,In person,Oceania,Australia,public,,,,,,,,,,,,,[],{},10,2,46,J-C,5,,error getting speaker tab,success,5,,
USU Grandslam 2026,https://usutabs2026.calicotab.com/grandslam2026/,2026,,TRUE,English,Australs,USU Grandslam,FALSE,University,In person,Oceania,Australia,public,,,,,20,20,0,12,6,120.0,S-C,[],['Open'],{},8,1,26,J-C,5,,success,success,5,60,57
USU Open 2024,https://usutabs2024.calicotab.com/usuopen2024/,2024,,TRUE,English,Australs,USU Open,FALSE,University,In person,Oceania,Australia,public,,,,,25,24,19,17,27.5,414.7,S-AA,[],['Open'],{},3,0,3,J-E,4,,success,success,5,102,87
USU Open 2025,https://usutabs2025.calicotab.com/usuopen2025/,2025,2025-05-10,TRUE,English,Australs,USU Open,FALSE,University,In person,Oceania,Australia,public,,,,,22,22,11,9,15.5,250.7,S-A+,[],[],{},10,0,10,J-E,4,"Charlie Ryan, Ellie Stephenson, Neva Mikulic, Serina Guo",success,success,5,90,73
USU Open 2026,https://usutabs2026.calicotab.com/usuopen2026/,2026,2026-05-16,TRUE,English,Australs,USU Open,FALSE,University,In person,Oceania,Australia,self,,,,,16,16,12,15,19.5,292.0,S-AA,[],['Open'],{},1,0,1,J-E,4,,success,success,5,64,62
USU Pre-Australs 2024,https://usutabs2024.calicotab.com/pa2024/,2024,,TRUE,English,Australs,USU Pre-Australs,FALSE,University,In person,Oceania,Australia,public,,,,,15,14,13,16,21,308.0,S-AA,[],['Open'],{},10,2,46,J-C,3,"Kat Cheng, Matt Toomey, Mia Freeland",success,success,5,45,40
USU Pre-Australs 2025,https://usutabs2025.calicotab.com/pa2025/,2025,2025-05-31,TRUE,English,Australs,USU Pre-Australs,FALSE,University,,Oceania,Australia,public,,,,,16,16,13,13,19.5,292.0,S-AA,[],[],{},11,0,11,J-E,5,,success,success,5,51,49
USU Pre-Australs 2026,https://usutabs2026.calicotab.com/usupreaustrals2026/,2026,2026-06-27,TRUE,English,Australs,USU Pre-Australs,FALSE,University,In person,Oceania,Australia,public,,,,,22,22,8,9,12.5,210.7,S-A,[],['Open'],{},15,4,87,J-B,4,,success,success,5,68,63
UTS Pre-Australs 2026,https://utsdebsoc.calicotab.com/utspreaustrals26/,2026,2026-06-13,TRUE,English,Australs,UTS Pre-Australs,FALSE,University,Hybrid,Oceania,Australia,public,,,,,24,24,4,8,8,152.7,S-B,[],['Open'],{},14,0,14,J-E,6,,success,success,5,80,72
UTS Pro-Am 2021,https://utsproam.calicotab.com/utsproam2021/,2021,2021-09-18,TRUE,English,Australs,UTS Pro-Am,FALSE,University,In person,Oceania,Australia,public,,,,,20,20,7,18,16,253.3,S-A+,['Novice'],"['Open', 'Novice']","{'Novice': {'is_highest_non_open_cat': True, 'no_wbr_speakers': np.int64(0), 'no_79.11plus_speakers': 1, 'no_qual_speakers': np.float64(0.5), 'no_teams2': 5, 'pts_speaking': np.float64(16.666666666666668), 'speaking_class': 'S-E'}}",10,1,28,J-C,3,,success,success,4,58,58
Aberdeen Open 2023,https://aberdeen.calicotab.com/aberdeen23/,2023,2023-03-04,TRUE,English,BP,Aberdeen Open,FALSE,University,In person,IONA,Scotland,public,,,,,13,12,1,1,1.5,27.0,S-E,[],[],{},11,1,29,J-C,2,,success,success,4,25,24
Aberdeen Open 2025,https://aberdeen2024.calicotab.com/aberdeenopen25/,2025,2025-10-18,TRUE,English,BP,Aberdeen Open,FALSE,University,In person,IONA,Scotland,self,,,,,20,20,2,5,4.5,65.0,S-C,['Pro-Am'],['Pro-Am'],"{'Pro-Am': {'is_highest_non_open_cat': True, 'no_wbr_speakers': np.int64(0), 'no_79.11plus_speakers': 0, 'no_qual_speakers': np.float64(0.0), 'no_teams2': 10, 'pts_speaking': np.float64(10.0), 'speaking_class': 'S-E'}}",16,0,16,J-E,4,,success,success,5,40,40
Aberdeen Pre-EUDC 2026,https://aberdeenpreeudc26.calicotab.com/_/,2026,2026-07-18,TRUE,English,BP,Aberdeen Pre-EUDC,FALSE,University,Online,IONA,Scotland,self,,,,,68,64,3,13,9.5,158.0,S-B,"['ESL', 'Novice']","['Open', 'ESL', 'Novice']","{'ESL': {'is_highest_non_open_cat': True, 'no_wbr_speakers': np.int64(1), 'no_79.11plus_speakers': 0, 'no_qual_speakers': np.float64(1.0), 'no_teams2': 29, 'pts_speaking': np.float64(39.0), 'speaking_class': 'S-E'}, 'Novice': {'is_highest_non_open_cat': False, 'no_wbr_speakers': np.int64(0), 'no_79.11plus_speakers': 0, 'no_qual_speakers': np.float64(0.0), 'no_teams2': 16, 'pts_speaking': np.float64(16.0), 'speaking_class': 'S-E'}}",38,0,38,J-E,3,,success,success,5,131,122
Aberystwyth Open 2023,https://aberopen2023.calicotab.com/AberOpen2023/,2023,,TRUE,English,BP,Aberystwyth Open,FALSE,University,,IONA,Wales,self,,,,,20,20,0,7,3.5,55.0,S-C,[],[],{},7,1,25,J-C,3,,success,success,4,39,38
Malaysia ABP 2020,https://abp2020.calicotab.com/abp2020/,2020,,TRUE,English,BP,ABP,TRUE,University,,Asia,Malaysia,self,,,,,162,161,9,50,34,497.0,S-AA,['EFL'],['EFL'],"{'EFL': {'is_highest_non_open_cat': True, 'no_wbr_speakers': np.int64(0), 'no_79.11plus_speakers': 2, 'no_qual_speakers': np.float64(1.0), 'no_teams2': 31, 'pts_speaking': np.float64(41.0), 'speaking_class': 'S-E'}}",124,13,358,J-AA,6,,success,success,6,323,322
Hanoi ABP 2021,https://abp2021.calicotab.com/abp2021/,2021,,TRUE,English,BP,ABP,TRUE,University,,Asia,Vietnam,self,,,,,190,182,6,25,18.5,367.0,S-A+,['EFL'],['EFL'],"{'EFL': {'is_highest_non_open_cat': True, 'no_wbr_speakers': np.int64(0), 'no_79.11plus_speakers': 0, 'no_qual_speakers': np.float64(0.0), 'no_teams2': 85, 'pts_speaking': np.float64(85.0), 'speaking_class': 'S-D'}}",112,23,526,J-AAA,7,,success,success,8,379,358
Bali ABP 2022,https://edudriftbackup.calicotab.com/abp2022/,2022,,TRUE,English,BP,ABP,TRUE,University,,Asia,Indonesia,self,,,,,86,85,9,18,18,265.0,S-A+,['EFL'],['EFL'],"{'EFL': {'is_highest_non_open_cat': True, 'no_wbr_speakers': np.int64(0), 'no_79.11plus_speakers': 0, 'no_qual_speakers': np.float64(0.0), 'no_teams2': 24, 'pts_speaking': np.float64(24.0), 'speaking_class': 'S-E'}}",40,7,166,J-A,7,,success,success,6,173,170
Malaysia ABP 2023,https://midp.calicotab.com/mabp2023/,2023,,TRUE,English,BP,ABP,TRUE,University,,Asia,Malaysia,self,,,,,76,76,9,18,18,256.0,S-A+,['EFL'],['EFL'],"{'EFL': {'is_highest_non_open_cat': True, 'no_wbr_speakers': np.int64(0), 'no_79.11plus_speakers': 0, 'no_qual_speakers': np.float64(0.0), 'no_teams2': 13, 'pts_speaking': np.float64(13.0), 'speaking_class': 'S-E'}}",53,10,233,J-AA,7,,success,success,6,152,152
Krabi ABP 2024,https://edudrift.calicotab.com/abp2024/,2024,2024-10-05,TRUE,English,BP,ABP,TRUE,University,,Asia,Thailand,self,,,,,80,80,18,29,32.5,405.0,S-AA,['EFL'],['EFL'],"{'EFL': {'is_highest_non_open_cat': True, 'no_wbr_speakers': np.int64(0), 'no_79.11plus_speakers': 0, 'no_qual_speakers': np.float64(0.0), 'no_teams2': 24, 'pts_speaking': np.float64(24.0), 'speaking_class': 'S-E'}}",60,7,186,J-A,6,,success,success,6,162,161
Kuantan ABP 2025,https://iiumedc.calicotab.com/abp2025/,2025,2025-09-13,TRUE,English,BP,ABP,TRUE,University,In person,Asia,Malaysia,self,,,,,112,112,6,30,21,320.0,S-A+,['EFL'],"['EFL', 'Open']","{'EFL': {'is_highest_non_open_cat': True, 'no_wbr_speakers': np.int64(0), 'no_79.11plus_speakers': 0, 'no_qual_speakers': np.float64(0.0), 'no_teams2': 20, 'pts_speaking': np.float64(20.0), 'speaking_class': 'S-E'}}",85,14,337,J-AA,6,,success,success,6,224,224
Hanoi ABP 2026,https://abp2026.calicotab.com/abp2026/,2026,2026-08-23,TRUE,English,BP,ABP,TRUE,University,In person,Asia,Vietnam,self,,,,,114,112,4,24,16,272.0,S-A,['EFL'],"['EFL', 'Open']","{'EFL': {'is_highest_non_open_cat': True, 'no_wbr_speakers': np.int64(0), 'no_79.11plus_speakers': 0, 'no_qual_speakers': np.float64(0.0), 'no_teams2': 31, 'pts_speaking': np.float64(31.0), 'speaking_class': 'S-E'}}",93,12,309,J-AA,6,,success,success,8,227,222
Accra Open 2021,https://speechforces.calicotab.com/ao21/,2021,,,English,BP,Accra Open,FALSE,University,,Africa,Ghana,self,,,,,32,32,0,14,7,101.0,S-C,['Novice'],['Novice'],"{'Novice': {'is_highest_non_open_cat': True, 'no_wbr_speakers': np.int64(0), 'no_79.11plus_speakers': 0, 'no_qual_speakers': np.float64(0.0), 'no_teams2': 15, 'pts_speaking': np.float64(15.0), 'speaking_class': 'S-E'}}",22,0,22,J-E,3,,success,success,7,61,60
Accra Open 2023,https://aoix.calicotab.com/ao2023/,2023,,TRUE,English,BP,Accra Open,FALSE,University,,Africa,Ghana,self,,,,,26,24,0,3,1.5,39.0,S-E,[],['Novice'],{'Novice': {'is_highest_non_open_cat': True}},16,0,16,J-E,4,,success,success,7,52,46
Accra Open 2024,https://speechforces.calicotab.com/AOX/,2024,2024-08-22,TRUE,English,BP,Accra Open,FALSE,University,,Africa,Ghana,self,,,,,42,40,0,15,7.5,115.0,S-C,['Novice'],['Novice'],"{'Novice': {'is_highest_non_open_cat': True, 'no_wbr_speakers': np.int64(0), 'no_79.11plus_speakers': 0, 'no_qual_speakers': np.float64(0.0), 'no_teams2': 16, 'pts_speaking': np.float64(16.0), 'speaking_class': 'S-E'}}",25,1,43,J-C,5,,success,success,7,84,76
Accra Open 2025,https://speechforces.calicotab.com/AO2025/,2025,,TRUE,English,BP,Accra Open,FALSE,University,,Africa,Ghana,self,,,,,13,12,0,12,6,71.0,S-C,[],['Open'],{},10,0,10,J-E,2,,success,success,7,26,22
Africa Intercollegiate DC 2022,https://mace.calicotab.com/africaiv2022/,2022,,,English,BP,Africa Intercollegiate DC,FALSE,University,,Africa,,self,,,,,80,78,0,5,2.5,107.0,S-D,['Novice'],['Novice'],"{'Novice': {'is_highest_non_open_cat': True, 'no_wbr_speakers': np.int64(0), 'no_79.11plus_speakers': 0, 'no_qual_speakers': np.float64(0.0), 'no_teams2': 30, 'pts_speaking': np.float64(30.0), 'speaking_class': 'S-E'}}",40,1,58,J-C,2,"Anshuman Mishra, Tawfique Elahi, Njuguna Macharia, Ukpe Sophia, Minkateko Majoko, Ruth Selorme, Ihuoma Marvelous",success,success,5,160,157
Africa Iron Giant 2022,https://mace.calicotab.com/africairongiant/,2022,,,English,BP,Africa Iron Giant,FALSE,University,,Africa,,self,,,,,28,28,0,7,3.5,63.0,S-C,[],[],{},10,0,10,J-E,5,,success,success,4,28,28
Africa IV 2025,https://mace.calicotab.com/africaiv2025/,2025,,TRUE,English,BP,Africa IV,FALSE,University,,Africa,,self,,,,,54,44,0,4,2,61.0,S-D,[],[],{},15,0,15,J-E,1,,success,success,5,105,77
Africa IV 2026,https://mace.calicotab.com/africaiv2026/,2026,2026-02-28,FALSE,English,BP,Africa IV,FALSE,University,Online,Africa,,public,,,,,59,42,0,23,11.5,156.0,S-C,[],['Open'],{},11,0,11,J-E,4,,success,success,5,112,77
Africa Legends RR 2025,https://inspired.calicotab.com/ALRR25/,2025,,TRUE,English,BP,Africa Legends RR,FALSE,University,,Africa,,self,,,,,18,15,0,20,10,115.0,S-C,[],[],{},13,0,13,J-E,0,,success,success,5,34,29
Africa Top UDC 2022,https://mace1996.calicotab.com/topuniversities2022/,2022,,,English,BP,Africa Top UDC,FALSE,University,,Africa,,self,,,,,16,16,0,5,2.5,41.0,S-E,[],[],{},22,0,22,J-E,0,,success,success,10,32,31
Africa Top UDC 2023,https://mace.calicotab.com/atudc2023/,2023,,TRUE,English,BP,Africa Top UDC,FALSE,University,Online,Africa,,public,,,,,16,16,0,3,1.5,28.0,S-E,[],['Open'],{},19,0,19,J-E,0,,success,success,10,24,24
Africa Top UDC 2024,https://mace.calicotab.com/atudc2024/,2024,,TRUE,English,BP,Africa Top UDC,FALSE,University,,Africa,,self,,,,,16,16,0,2,1,26.0,S-E,[],[],{},,,,J-E,,,success,no rounds,10,32,32
Africa Top UDC 2025,https://mace.calicotab.com/atudc2025/,2025,,TRUE,English,BP,Africa Top UDC,FALSE,University,,Africa,,self,,,,,17,16,0,4,2,36.0,S-E,[],['Open'],{},27,0,27,J-E,1,,success,success,10,34,32
Africa Top UDC 2026,https://mace.calicotab.com/atudc2026/,2026,,TRUE,English,BP,Africa Top UDC,FALSE,University,,Africa,,self,,,,,17,16,0,12,6,76.0,S-C,[],['Open'],{},26,0,26,J-E,4,,success,success,10,34,32
African Nations DL 2021,https://mace.calicotab.com/andl2021/,2021,,FALSE,English,BP,African Nations DL,FALSE,University,,Africa,,self,,,,,13,12,0,4,2,32.0,S-E,[],[],{},14,0,14,J-E,3,,success,success,10,26,23
African Nations DL 2022,https://mace.calicotab.com/andl2022/,2022,,TRUE,English,BP,African Nations DL,FALSE,University,,Africa,,self,,,,,16,16,0,6,3,44.0,S-C,[],[],{},31,1,49,J-C,6,,success,success,10,27,27
African Nations DL 2023,https://mace.calicotab.com/andl2023/,2023,,TRUE,English,BP,African Nations DL,FALSE,University,,Africa,,self,,,,,16,16,0,16,8,96.0,S-C,[],[],{},,,,J-E,,,success,no rounds,10,32,32
African Nations DL 2024,https://mace.calicotab.com/andl2024/,2024,,TRUE,English,BP,African Nations DL,FALSE,University,,Africa,,self,,,,,16,16,0,14,7,86.0,S-C,[],[],{},,,,J-E,,,success,no rounds,10,32,32
African Nations DL 2025,https://mace1996.calicotab.com/andl2025/,2025,,TRUE,English,BP,African Nations DL,FALSE,University,,Africa,,self,,,,,16,16,0,14,7,86.0,S-C,[],[],{},19,0,19,J-E,4,,success,success,10,32,31
Agha Khan UDC 2024,https://akudc24.calicotab.com/akudc24/,2024,,TRUE,English,BP,Agha Khan UDC,FALSE,University,In person,Asia,Pakistan,public,,,,,50,48,0,1,0.5,53.0,S-E,[],[],{},20,0,20,J-E,6,,success,success,5,99,94
Agonia (2.0) 2023,https://happybirthday.calicotab.com/agonia/,2023,,TRUE,English,BP,Agonia,FALSE,University,,Africa,,self,,,,,34,21,0,0,0,20.0,S-E,[],['Open'],{},6,0,6,J-E,2,,success,success,5,66,39
Agonia (3.0) 2024,https://debatefoster.calicotab.com/agonia2024/,2024,,TRUE,English,BP,Agonia,FALSE,University,,Africa,,self,,,,,128,95,1,2,2,108.0,S-D,[],[],{},37,0,37,J-E,2,,success,success,5,236,166
Agonia (4.0) 2025,https://inspired.calicotab.com/Agonia2025/,2025,,TRUE,English,BP,Agonia,FALSE,University,Online,Asia,,public,,,,,,,,,,,,,[],{},44,0,44,J-E,6,,error getting speaker tab,success,5,,
Alberta Pre-WUDC 2026,https://albertaprewudc2026.calicotab.com/albertaprewudc2026/,2026,2026-08-22,TRUE,English,BP,Alberta Pre-WUDC,FALSE,University,Online,North America,Canada,self,,,,,52,47,1,12,7,116.0,S-C,"['Novice', 'ESL']","['Novice', 'ESL', 'Open']","{'Novice': {'is_highest_non_open_cat': False, 'no_wbr_speakers': np.int64(0), 'no_79.11plus_speakers': 0, 'no_qual_speakers': np.float64(0.0), 'no_teams2': 11, 'pts_speaking': np.float64(11.0), 'speaking_class': 'S-E'}, 'ESL': {'is_highest_non_open_cat': True, 'no_wbr_speakers': np.int64(0), 'no_79.11plus_speakers': 0, 'no_qual_speakers': np.float64(0.0), 'no_teams2': 12, 'pts_speaking': np.float64(12.0), 'speaking_class': 'S-E'}}",15,2,51,J-C,7,,success,success,5,104,89
All Nigerian UDC 2022,https://anudc.calicotab.com/nationals2022/,2022,,FALSE,English,BP,All Nigerian UDC,FALSE,University,,Africa,,self,,,,,64,64,0,9,4.5,109.0,S-C,['NOVICE'],[],{},32,0,32,J-E,5,,success,success,5,128,128
All Nigerian UDC 2023,https://mascot10.calicotab.com/ANUDC2023/,2023,,TRUE,English,BP,All Nigerian UDC,FALSE,University,,Africa,,self,,,,,56,56,0,6,3,86.0,S-C,['Novice'],['Novice'],"{'Novice': {'is_highest_non_open_cat': True, 'no_wbr_speakers': np.int64(0), 'no_79.11plus_speakers': 0, 'no_qual_speakers': np.float64(0.0), 'no_teams2': 31, 'pts_speaking': np.float64(31.0), 'speaking_class': 'S-E'}}",30,0,30,J-E,3,,success,success,9,112,112
All Nigerian UDC 2024,https://anudc.calicotab.com/anudc2024/,2024,,TRUE,English,BP,All Nigerian UDC,FALSE,University,,Africa,Nigeria,self,,,,,43,40,0,3,1.5,55.0,S-E,"['Novice', 'Open']",['Novice'],"{'Novice': {'is_highest_non_open_cat': True, 'no_wbr_speakers': np.int64(0), 'no_79.11plus_speakers': 0, 'no_qual_speakers': np.float64(0.0), 'no_teams2': 20, 'pts_speaking': np.float64(20.0), 'speaking_class': 'S-E'}}",33,1,51,J-C,5,,success,success,7,84,80
All Nigerian UDC 2025,https://anudc.calicotab.com/anudc2025/,2025,,TRUE,English,BP,All Nigerian UDC,FALSE,University,,Africa,,self,,,,,79,76,0,9,4.5,121.0,S-C,['Novice'],['Novice'],"{'Novice': {'is_highest_non_open_cat': True, 'no_wbr_speakers': np.int64(0), 'no_79.11plus_speakers': 0, 'no_qual_speakers': np.float64(0.0), 'no_teams2': 58, 'pts_speaking': np.float64(58.0), 'speaking_class': 'S-E'}}",55,1,73,J-C,5,,success,success,7,158,152
All Nigerian Youths DC 2023,https://anydc2023.calicotab.com/ANYDC2023/,2023,,TRUE,English,BP,All Nigerian Youths DC,FALSE,University,In person,Africa,Nigeria,public,,,,,16,16,0,4,2,36.0,S-E,[],[],{},8,0,8,J-E,4,,success,success,5,32,32
All Nigerian Youths DC 2024,https://mascot10.calicotab.com/anydc2024/,2024,,TRUE,English,BP,All Nigerian Youths DC,FALSE,University,In person,Africa,Nigeria,public,,,,,25,24,0,12,6,83.0,S-C,['Novice'],['Novice'],"{'Novice': {'is_highest_non_open_cat': True, 'no_wbr_speakers': np.int64(0), 'no_79.11plus_speakers': 0, 'no_qual_speakers': np.float64(0.0), 'no_teams2': 13, 'pts_speaking': np.float64(13.0), 'speaking_class': 'S-E'}}",19,0,19,J-E,2,,success,success,7,50,46
All Nigerian Youths DC 2025,https://debaterverse.calicotab.com/ANYDC2025/,2025,,TRUE,English,BP,All Nigerian Youths DC,FALSE,University,In person,Africa,Nigeria,public,,,,,32,32,0,13,6.5,97.0,S-C,[],['Novice'],{'Novice': {'is_highest_non_open_cat': True}},22,0,22,J-E,3,,success,success,5,64,64
Amsterdam Open 2023,https://amsterdamopen.calicotab.com/AmsterdamOpen2023/,2023,,TRUE,English,BP,Amsterdam Open,FALSE,University,,Europe,Netherlands,self,,,,,68,64,0,11,5.5,120.0,S-C,['Novice'],['Novice'],"{'Novice': {'is_highest_non_open_cat': True, 'no_wbr_speakers': np.int64(0), 'no_79.11plus_speakers': 0, 'no_qual_speakers': np.float64(0.0), 'no_teams2': 10, 'pts_speaking': np.float64(10.0), 'speaking_class': 'S-E'}}",42,3,96,J-B,4,,success,success,5,136,130
Amsterdam Open 2024,https://ao2024.calicotab.com/AO24/,2024,2024-11-30,TRUE,English,BP,Amsterdam Open,FALSE,University,In person,Europe,Netherlands,public,,,,,67,64,0,4,2,84.0,S-D,['Novice Break'],[],{},39,2,75,J-C,4,,success,success,5,134,128
Amsterdam Open 2025,https://amsterdamopen2025.calicotab.com/amsterdamopen2025/,2025,2025-12-06,TRUE,English,BP,Amsterdam Open,FALSE,University,,Europe,Netherlands,self,,,,,73,70,1,11,6.5,135.0,S-C,"['Novice', 'ESL']","['ESL', 'Novice']","{'ESL': {'is_highest_non_open_cat': True, 'no_wbr_speakers': np.int64(0), 'no_79.11plus_speakers': 0, 'no_qual_speakers': np.float64(0.0), 'no_teams2': 25, 'pts_speaking': np.float64(25.0), 'speaking_class': 'S-E'}, 'Novice': {'is_highest_non_open_cat': False, 'no_wbr_speakers': np.int64(0), 'no_79.11plus_speakers': 0, 'no_qual_speakers': np.float64(0.0), 'no_teams2': 16, 'pts_speaking': np.float64(16.0), 'speaking_class': 'S-E'}}",38,3,92,J-B,4,,success,success,5,144,138
Amsterdam Pre-EUDC 2026,https://amsterdampre2026.calicotab.com/amsterdampre2026/,2026,2026-07-24,TRUE,English,BP,Amsterdam Pre-EUDC,FALSE,University,In person,Europe,Netherlands,public,,,,,40,40,12,13,18.5,225.0,S-A+,['ESL'],"['Open', 'ESL']","{'ESL': {'is_highest_non_open_cat': True, 'no_wbr_speakers': np.int64(0), 'no_79.11plus_speakers': 0, 'no_qual_speakers': np.float64(0.0), 'no_teams2': 15, 'pts_speaking': np.float64(15.0), 'speaking_class': 'S-E'}}",28,2,64,J-C,5,,success,success,5,80,78
ANU Spring 2021,https://anu.calicotab.com/spring21/,2021,,TRUE,English,BP,ANU Spring,FALSE,University,,Oceania,Australia,self,,,,,84,81,32,34,49,569.0,S-AAA,"['ESL', 'Novice']",['ESL'],"{'ESL': {'is_highest_non_open_cat': True, 'no_wbr_speakers': np.int64(2), 'no_79.11plus_speakers': 1, 'no_qual_speakers': np.float64(2.5), 'no_teams2': 19, 'pts_speaking': np.float64(44.0), 'speaking_class': 'S-E'}}",50,4,122,J-B,4,,success,success,6,167,160
ANU Spring 2022,https://spring2022.calicotab.com/_/,2022,2022-10-14,TRUE,English,BP,ANU Spring,FALSE,University,,Oceania,Australia,public,,,,,25,25,7,9,11.5,139.0,S-B,['Novice'],"['Open', 'Novice']","{'Novice': {'is_highest_non_open_cat': True, 'no_wbr_speakers': np.int64(2), 'no_79.11plus_speakers': 0, 'no_qual_speakers': np.float64(2.0), 'no_teams2': 12, 'pts_speaking': np.float64(32.0), 'speaking_class': 'S-E'}}",9,2,45,J-C,3,,success,success,6,50,48
ANU Spring 2023,https://anuspring2023.calicotab.com/anuspring2023/,2023,,TRUE,English,BP,ANU Spring,FALSE,University,,Oceania,Australia,self,,,,,45,43,15,32,31,351.0,S-AA,['Novice'],['Novice'],"{'Novice': {'is_highest_non_open_cat': True, 'no_wbr_speakers': np.int64(1), 'no_79.11plus_speakers': 4, 'no_qual_speakers': np.float64(3.0), 'no_teams2': 14, 'pts_speaking': np.float64(44.0), 'speaking_class': 'S-C'}}",25,1,43,J-C,4,,success,success,5,84,80
ANU Spring 2024,https://anuspring2024.calicotab.com/ANUSpring2024/,2024,,TRUE,English,BP,ANU Spring,FALSE,University,,Oceania,Australia,self,,,,,26,22,8,13,14.5,166.0,S-A,[],['Open'],{},10,1,28,J-C,3,,success,success,5,49,44
ANU Spring 2025,https://anuspring2025.calicotab.com/anuspring2025/,2025,2025-11-15,TRUE,English,BP,ANU Spring,FALSE,University,Hybrid,Oceania,Australia,self,,,,,54,51,12,26,25,301.0,S-AA,['Novice'],['Novice'],"{'Novice': {'is_highest_non_open_cat': True, 'no_wbr_speakers': np.int64(0), 'no_79.11plus_speakers': 0, 'no_qual_speakers': np.float64(0.0), 'no_teams2': 14, 'pts_speaking': np.float64(14.0), 'speaking_class': 'S-E'}}",17,0,17,J-E,5,,success,success,5,104,99
ANU Winter 2022,https://anuwinter22.calicotab.com/anuwinter22/,2022,,FALSE,English,BP,ANU Winter,FALSE,University,,Oceania,Australia,self,,,,,71,69,6,26,19,256.0,S-A+,"['ESL', 'Novice']","['ESL', 'Novice']","{'ESL': {'is_highest_non_open_cat': True, 'no_wbr_speakers': np.int64(0), 'no_79.11plus_speakers': 0, 'no_qual_speakers': np.float64(0.0), 'no_teams2': 14, 'pts_speaking': np.float64(14.0), 'speaking_class': 'S-E'}, 'Novice': {'is_highest_non_open_cat': False, 'no_wbr_speakers': np.int64(0), 'no_79.11plus_speakers': 0, 'no_qual_speakers': np.float64(0.0), 'no_teams2': 26, 'pts_speaking': np.float64(26.0), 'speaking_class': 'S-E'}}",30,0,30,J-E,5,,success,success,5,142,137
Asia E-Debate 2021,https://midp.calicotab.com/aedc2021/,2021,,,English,BP,Asia E-Debate,FALSE,University,,Asia,,self,,,,,48,48,2,9,6.5,113.0,S-B,['Novice'],['Novice'],"{'Novice': {'is_highest_non_open_cat': True, 'no_wbr_speakers': np.int64(0), 'no_79.11plus_speakers': 0, 'no_qual_speakers': np.float64(0.0), 'no_teams2': 17, 'pts_speaking': np.float64(17.0), 'speaking_class': 'S-E'}}",13,0,13,J-E,3,"Bunny, Raina, Inna Fermin",success,success,4,95,95
Asia Pro Ams 2020,https://Midp.calicotab.com/apad2020/,2020,,TRUE,English,BP,Asia Pro Ams,FALSE,University,,Asia,,self,,,,,30,28,0,2,1,38.0,S-E,[],[],{},11,0,11,J-E,0,,success,success,4,58,56
Asian ODC BP 2022,https://aodcbp22.calicotab.com/aodcbp22/,2022,,FALSE,English,BP,Asian ODC BP,FALSE,University,,Asia,,self,,,,,114,113,5,15,12.5,237.0,S-A,"['EFL', 'High School']","['EFL', 'High School']","{'EFL': {'is_highest_non_open_cat': True, 'no_wbr_speakers': np.int64(0), 'no_79.11plus_speakers': 0, 'no_qual_speakers': np.float64(0.0), 'no_teams2': 25, 'pts_speaking': np.float64(25.0), 'speaking_class': 'S-E'}, 'High School': {'is_highest_non_open_cat': False, 'no_wbr_speakers': np.int64(0), 'no_79.11plus_speakers': 0, 'no_qual_speakers': np.float64(0.0), 'no_teams2': 46, 'pts_speaking': np.float64(46.0), 'speaking_class': 'S-E'}}",42,4,114,J-B,4,,success,success,6,227,224
Asian ODC BP 2023,https://aodcbp2023.calicotab.com/aodcbp23/,2023,,TRUE,English,BP,Asian ODC BP,FALSE,University,,Asia,,self,,,,,57,56,1,4,3,86.0,S-C,"['Highschool', 'EFL']","['EFL', 'High School']","{'EFL': {'is_highest_non_open_cat': True, 'no_wbr_speakers': np.int64(0), 'no_79.11plus_speakers': 0, 'no_qual_speakers': np.float64(0.0), 'no_teams2': 12, 'pts_speaking': np.float64(12.0), 'speaking_class': 'S-E'}, 'High School': {'is_highest_non_open_cat': False}}",25,2,61,J-C,2,"Daniel Maier-Gant, Nikolay Angelov, Luis Garcia",success,success,6,115,113
Asian U for Women IV 2026,https://auw.calicotab.com/auwiv2026/,2026,,TRUE,English,BP,Asian U for Women IV,FALSE,University,,Asia,Bangladesh,self,,,,,28,28,0,4,2,48.0,S-E,['Novice'],"['Open', 'Novice']","{'Novice': {'is_highest_non_open_cat': True, 'no_wbr_speakers': np.int64(0), 'no_79.11plus_speakers': 0, 'no_qual_speakers': np.float64(0.0), 'no_teams2': 17, 'pts_speaking': np.float64(17.0), 'speaking_class': 'S-E'}}",20,0,20,J-E,4,,success,success,4,56,56
Astana Open 2021,https://astanaopen2021.calicotab.com/ao2021/,2021,,TRUE,English,BP,Astana Open,FALSE,University,,Europe,Kazakhstan,self,,,,,29,28,1,6,4,68.0,S-C,[],[],{},10,1,28,J-C,4,"Mukhtar Tashkenbayev, Marta Vasic, Njuguna Macharia, Yuval Gamzon-Kapeller",success,success,5,56,54
Astana Open 2023,https://astanaopen.calicotab.com/_/,2023,,TRUE,English,BP,Astana Open,FALSE,University,,Europe,Kazakhstan,self,,,,,66,64,14,26,27,334.0,S-AA,"['ESL', 'Pro-Am']","['ESL', 'Pro-Am']","{'ESL': {'is_highest_non_open_cat': True, 'no_wbr_speakers': np.int64(0), 'no_79.11plus_speakers': 0, 'no_qual_speakers': np.float64(0.0), 'no_teams2': 25, 'pts_speaking': np.float64(25.0), 'speaking_class': 'S-E'}, 'Pro-Am': {'is_highest_non_open_cat': False, 'no_wbr_speakers': np.int64(0), 'no_79.11plus_speakers': 0, 'no_qual_speakers': np.float64(0.0), 'no_teams2': 12, 'pts_speaking': np.float64(12.0), 'speaking_class': 'S-E'}}",42,12,258,J-AA,3,,success,success,5,130,126
Ateneo IV 2023,https://ateneoiv2023.calicotab.com/aiv2023/,2023,,TRUE,English,BP,Ateneo IV,FALSE,University,,Asia,Philippines,self,,,,,75,74,1,6,4,114.0,S-C,['High School'],['High School'],"{'High School': {'is_highest_non_open_cat': True, 'no_wbr_speakers': np.int64(0), 'no_79.11plus_speakers': 0, 'no_qual_speakers': np.float64(0.0), 'no_teams2': 26, 'pts_speaking': np.float64(26.0), 'speaking_class': 'S-E'}}",32,1,50,J-C,4,,success,success,4,150,148
Ateneo IV Pre-Worlds 2023,https://aivpreworlds2023.calicotab.com/aivpw2023/,2023,,TRUE,English,BP,Ateneo IV Pre-Worlds,FALSE,University,,Asia,Philippines,self,,,,,58,56,5,7,8.5,141.0,S-B,[],[],{},30,0,30,J-E,2,,success,success,5,115,110
Athena 2024,https://athena2024.calicotab.com/athena24/,2024,2024-11-08,TRUE,English,BP,Athena,FALSE,University,,Asia,,self,,,,,52,45,0,0,0,44.0,S-E,['Novice'],['Novice'],"{'Novice': {'is_highest_non_open_cat': True, 'no_wbr_speakers': np.int64(0), 'no_79.11plus_speakers': 0, 'no_qual_speakers': np.float64(0.0), 'no_teams2': 29, 'pts_speaking': np.float64(29.0), 'speaking_class': 'S-E'}}",31,0,31,J-E,5,,success,success,5,104,89
Athens Debate Academy 2025,https://hdf.calicotab.com/academy2025/,2025,2025-04-12,TRUE,English,BP,Athens Debate Academy,FALSE,University,In person,Europe,Greece,self,,,,,16,16,0,2,1,26.0,S-E,[],[],{},8,0,8,J-E,3,,success,success,4,32,32
Athens IV 2024,https://athensiv2024.calicotab.com/athensiv2024/,2024,2024-05-18,TRUE,English,BP,Athens IV,FALSE,University,In person,Europe,Greece,public,,,,,32,32,8,15,15.5,187.0,S-A,['ESL'],['ESL'],"{'ESL': {'is_highest_non_open_cat': True, 'no_wbr_speakers': np.int64(0), 'no_79.11plus_speakers': 1, 'no_qual_speakers': np.float64(0.5), 'no_teams2': 17, 'pts_speaking': np.float64(22.0), 'speaking_class': 'S-E'}}",28,5,118,J-A,2,,success,success,5,64,64
Athens IV 2025,https://athensiv2025.calicotab.com/_/,2025,2025-12-13,TRUE,English,BP,Athens IV,FALSE,University,In person,Europe,Greece,self,,,,,40,40,7,16,15,190.0,S-A,[],['Open'],{},22,2,58,J-C,3,,success,success,5,79,79
Auckland IV 2024,https://aucklandiv24.calicotab.com/aucklandiv24/,2024,2024-11-08,TRUE,English,BP,Auckland IV,FALSE,University,,Oceania,New Zealand,self,,,,,37,36,8,7,11.5,151.0,S-B,['Novice'],['Novice'],"{'Novice': {'is_highest_non_open_cat': True, 'no_wbr_speakers': np.int64(0), 'no_79.11plus_speakers': 0, 'no_qual_speakers': np.float64(0.0), 'no_teams2': 15, 'pts_speaking': np.float64(15.0), 'speaking_class': 'S-E'}}",20,1,38,J-C,3,"Shudipto Ahmed, Harper Smith, Judy Fong",success,success,5,74,69
AUD (Ambedkar) Pre-ABP 2026,https://aud.calicotab.com/audpreabp2026/,2026,,TRUE,English,BP,AUD (Ambedkar) Pre-ABP,FALSE,University,Online,Asia,India,public,,,,,62,59,0,0,0,58.0,S-E,['Novice'],"['Novice', 'Open']","{'Novice': {'is_highest_non_open_cat': True, 'no_wbr_speakers': np.int64(0), 'no_79.11plus_speakers': 0, 'no_qual_speakers': np.float64(0.0), 'no_teams2': 39, 'pts_speaking': np.float64(39.0), 'speaking_class': 'S-E'}}",36,0,36,J-E,3,,success,success,5,124,117
Aurgumentum Open 2024,https://aurgumentum.au-tab.app/open2024/tab/speaker/,2024,,TRUE,English,BP,Aurgumentum Open,FALSE,University,,Asia,,self,,,,,94,92,0,14,7,160.0,S-C,"['Novice', 'Schools', 'New Institution']","['Novice', 'Schools', 'Open']","{'Novice': {'is_highest_non_open_cat': True, 'no_wbr_speakers': np.int64(0), 'no_79.11plus_speakers': 0, 'no_qual_speakers': np.float64(0.0), 'no_teams2': 48, 'pts_speaking': np.float64(48.0), 'speaking_class': 'S-E'}, 'Schools': {'is_highest_non_open_cat': False, 'no_wbr_speakers': np.int64(0), 'no_79.11plus_speakers': 0, 'no_qual_speakers': np.float64(0.0), 'no_teams2': 7, 'pts_speaking': np.float64(7.0), 'speaking_class': 'S-E'}}",57,0,57,J-D,0,,success,success,5,188,184
Aurgumentum Pro-Am 2024,https://aurgumentum.au-tab.app/proams2024/,2024,,TRUE,English,BP,Aurgumentum Pro-Am,FALSE,University,,Asia,,self,,,,,72,72,0,10,5,122.0,S-C,['Ams-Ams'],"['Ams-Ams', 'Open']","{'Ams-Ams': {'is_highest_non_open_cat': True, 'no_wbr_speakers': np.int64(0), 'no_79.11plus_speakers': 0, 'no_qual_speakers': np.float64(0.0), 'no_teams2': 28, 'pts_speaking': np.float64(28.0), 'speaking_class': 'S-E'}}",32,1,50,J-C,2,"Kevin Rendra Pratama, Devi",success,success,5,144,144
Aurgumentum x Dipo Open 2025,https://dipo2025.au-tab.app/en/,2025,,TRUE,English,BP,Aurgumentum x Dipo Open,FALSE,University,,Asia,,self,,,,,44,44,1,8,5,94.0,S-C,"['Varsity', 'Novice', 'Schools']","['Varsity', 'Novice']","{'Varsity': {'is_highest_non_open_cat': False, 'no_wbr_speakers': np.int64(0), 'no_79.11plus_speakers': 1, 'no_qual_speakers': np.float64(0.5), 'no_teams2': 26, 'pts_speaking': np.float64(31.0), 'speaking_class': 'S-E'}, 'Novice': {'is_highest_non_open_cat': True, 'no_wbr_speakers': np.int64(0), 'no_79.11plus_speakers': 0, 'no_qual_speakers': np.float64(0.0), 'no_teams2': 13, 'pts_speaking': np.float64(13.0), 'speaking_class': 'S-E'}}",22,0,22,J-E,0,,success,success,5,88,88
Australian BPDC 2022,https://usutabs2022.calicotab.com/abpdc2022/,2022,,TRUE,English,BP,Australian BPDC,FALSE,University,In person,Oceania,Australia,public,,,,,21,20,12,12,18,199.0,S-A+,[],[],{},13,2,49,J-C,3,,success,success,5,42,40
Australian BPDC 2023,https://abpdc2023.calicotab.com/abpdc2023/,2023,2023-09-09,TRUE,English,BP,Australian BPDC,FALSE,University,In person,Oceania,Australia,self,,,,,54,52,11,17,19.5,245.0,S-A+,[],[],{},27,3,81,J-B,5,,success,success,6,101,101
Australian BPDC 2024,https://abpdc2024.calicotab.com/abpdc2024/,2024,2024-09-07,TRUE,English,BP,Australian BPDC,FALSE,University,,Oceania,Australia,self,,,,,53,52,20,18,29,339.0,S-AA,[],[],{},24,3,78,J-B,6,,success,success,6,104,103
Australian BPDC 2025,https://abpdc25.calicotab.com/abpdc2025/,2025,2025-10-04,TRUE,English,BP,Australian BPDC,FALSE,University,In person,Oceania,Australia,self,,,,,68,68,17,36,35,417.0,S-AA,[],[],{},29,2,65,J-C,5,,success,success,6,136,136
BAC (Brickfields Asia) DO 2023,https://bacdebateclub2023.calicotab.com/bacdo23/,2023,2023-08-18,TRUE,English,BP,BAC (Brickfields Asia) DO,FALSE,University,Online,Asia,Malaysia,public,,,,,65,64,8,13,14.5,209.0,S-A,['Novice'],"['Open', 'Novice']","{'Novice': {'is_highest_non_open_cat': True, 'no_wbr_speakers': np.int64(0), 'no_79.11plus_speakers': 0, 'no_qual_speakers': np.float64(0.0), 'no_teams2': 23, 'pts_speaking': np.float64(23.0), 'speaking_class': 'S-E'}}",33,1,51,J-C,3,"Catherine Nathan, Yan Cheng, Umar Fazlan, Aayana Rai Bhojani",success,success,5,130,126
Baltic BP Open 2023,https://sserigadebating.calicotab.com/balticopen2023/,2023,2023-04-03,TRUE,English,BP,Baltic BP Open,FALSE,University,Online,Europe,Latvia,public,,,,,41,40,5,8,9,130.0,S-B,['Pro-Am'],['Pro-Am'],"{'Pro-Am': {'is_highest_non_open_cat': True, 'no_wbr_speakers': np.int64(0), 'no_79.11plus_speakers': 0, 'no_qual_speakers': np.float64(0.0), 'no_teams2': 14, 'pts_speaking': np.float64(14.0), 'speaking_class': 'S-E'}}",18,2,54,J-C,2,,success,success,4,82,80
Baltic IV 2024,https://balticiv24.calicotab.com/balticiv24/,2024,2024-04-27,TRUE,English,BP,Baltic IV,FALSE,University,In person,Europe,Latvia,public,,,,,33,32,0,0,0,32.0,S-E,['Novice'],['Novice'],"{'Novice': {'is_highest_non_open_cat': True, 'no_wbr_speakers': np.int64(0), 'no_79.11plus_speakers': 0, 'no_qual_speakers': np.float64(0.0), 'no_teams2': 12, 'pts_speaking': np.float64(12.0), 'speaking_class': 'S-E'}}",16,1,34,J-C,2,"Helena Hecke, Valeriu Carasel",success,success,5,64,64
Baltic IV 2025,https://balticiv25.calicotab.com/balticiv25/,2025,2025-05-03,TRUE,English,BP,Baltic IV,FALSE,University,In person,Europe,Estonia,public,,,,,44,44,0,7,3.5,79.0,S-C,[],[],{},18,1,36,J-C,3,"Velina Andonova, Laura Pilmark, Rumen Marinov, Leander Mathissen",success,success,5,88,88
Baltic IV 2026,https://balticiv.calicotab.com/BIV/,2026,2026-05-02,TRUE,English,BP,Baltic IV,FALSE,University,In person,Europe,Lithuania,public,,,,,36,36,0,6,3,66.0,S-C,[],['Open'],{},21,1,39,J-C,3,,success,success,5,72,71
Bangladesh DC Fundraiser 2025,https://bdc.calicotab.com/BDCFundraiser2025/,2025,,TRUE,English,BP,Bangladesh DC Fundraiser,FALSE,University,In person,Asia,bangladesh,public,,,,,24,24,0,7,3.5,59.0,S-C,['Novice'],"['Open', 'Novice']","{'Novice': {'is_highest_non_open_cat': True, 'no_wbr_speakers': np.int64(0), 'no_79.11plus_speakers': 0, 'no_qual_speakers': np.float64(0.0), 'no_teams2': 8, 'pts_speaking': np.float64(8.0), 'speaking_class': 'S-E'}}",21,0,21,J-E,0,,success,success,5,48,48
Bates Pro-Am 2021,https://bates2021.calicotab.com/bates2021/,2021,,FALSE,English,BP,Bates Pro-Am,FALSE,University,,North America,United States,self,,,,,90,88,6,14,13,217.0,S-A,"['ESL', 'Novice']",['ESL'],"{'ESL': {'is_highest_non_open_cat': True, 'no_wbr_speakers': np.int64(0), 'no_79.11plus_speakers': 0, 'no_qual_speakers': np.float64(0.0), 'no_teams2': 9, 'pts_speaking': np.float64(9.0), 'speaking_class': 'S-E'}}",46,4,118,J-B,9,"Brian Wong, Enting Lee, Lucía Arce Cubas, Eva Marie Quinones, Sandy Greenberg, Hernando Castro Palma, Natania Olusanya, Prashasti Saxena, Senkai Hsai, Dylan Gyauch Lewis, Samuel Melcher",success,success,5,179,173
BDIDF Bangladesh 2021,https://bdidf-bangladesh.calicotab.com/bdidfbangladesh/,2021,,FALSE,English,BP,BDIDF Bangladesh,FALSE,University,,Asia,,self,,,,,25,24,0,4,2,44.0,S-E,[],[],{},8,0,8,J-E,4,,success,success,3,53,47
BDIDF International Final 2021,https://bdidf.calicotab.com/bdidf/,2021,,FALSE,English,BP,BDIDF International Final,FALSE,University,,Asia,,self,,,,,20,20,1,9,5.5,75.0,S-C,['OIC'],['OIC'],"{'OIC': {'is_highest_non_open_cat': True, 'no_wbr_speakers': np.int64(0), 'no_79.11plus_speakers': 1, 'no_qual_speakers': np.float64(0.5), 'no_teams2': 4, 'pts_speaking': np.float64(9.0), 'speaking_class': 'S-E'}}",10,0,10,J-E,4,,success,success,3,40,40
BDIDF Pacific 2021,https://bdidf-pacific.calicotab.com/regional/,2021,,FALSE,English,BP,BDIDF Pacific,FALSE,University,,Asia,,self,,,,,12,12,0,1,0.5,17.0,S-E,[],[],{},3,0,3,J-E,4,,success,success,3,23,23
BDIDF Western 2021,https://bdidf-west.calicotab.com/west/,2021,,FALSE,English,BP,BDIDF Western,FALSE,University,,Asia,,self,,,,,8,8,1,9,5.5,63.0,S-C,[],[],{},3,0,3,J-E,4,,success,success,3,18,16
Beijing International DO 2025,https://bido2025.calicotab.com/bido2025/,2025,2025-04-04,TRUE,English,BP,Beijing International DO,FALSE,University,In person,Asia,China,self,,,,,44,44,0,3,1.5,59.0,S-E,"['Novice', 'School']","['Novice', 'School']","{'Novice': {'is_highest_non_open_cat': True, 'no_wbr_speakers': np.int64(0), 'no_79.11plus_speakers': 0, 'no_qual_speakers': np.float64(0.0), 'no_teams2': 13, 'pts_speaking': np.float64(13.0), 'speaking_class': 'S-E'}, 'School': {'is_highest_non_open_cat': False, 'no_wbr_speakers': np.int64(0), 'no_79.11plus_speakers': 0, 'no_qual_speakers': np.float64(0.0), 'no_teams2': 10, 'pts_speaking': np.float64(10.0), 'speaking_class': 'S-E'}}",11,1,29,J-C,4,"Minami Matsushima, Yago Park, Ricky Jin, Ooi Hon Son",success,success,5,88,88
Beijing International DO 2026,https://bido2026.calicotab.com/bido2026/,2026,,TRUE,English,BP,Beijing International DO,FALSE,University,,Asia,China,self,,,,,44,44,0,1,0.5,49.0,S-E,"['Novice', 'School']","['Novice', 'Open', 'School']","{'Novice': {'is_highest_non_open_cat': True, 'no_wbr_speakers': np.int64(0), 'no_79.11plus_speakers': 0, 'no_qual_speakers': np.float64(0.0), 'no_teams2': 23, 'pts_speaking': np.float64(23.0), 'speaking_class': 'S-E'}, 'School': {'is_highest_non_open_cat': False, 'no_wbr_speakers': np.int64(0), 'no_79.11plus_speakers': 0, 'no_qual_speakers': np.float64(0.0), 'no_teams2': 8, 'pts_speaking': np.float64(8.0), 'speaking_class': 'S-E'}}",15,0,15,J-E,0,,success,success,5,88,88
Belgrade Open 2022,https://open-communication.calicotab.com/belgrade2022/,2022,2022-10-28,TRUE,English,BP,Belgrade Open,FALSE,University,,Europe,Serbia,public,,,,,40,40,15,23,26.5,305.0,S-AA,['Novice'],['Novice'],"{'Novice': {'is_highest_non_open_cat': True, 'no_wbr_speakers': np.int64(0), 'no_79.11plus_speakers': 0, 'no_qual_speakers': np.float64(0.0), 'no_teams2': 15, 'pts_speaking': np.float64(15.0), 'speaking_class': 'S-E'}}",15,4,87,J-B,3,"Only leaks important documents' Marshall, Little but Loud G, Djordje Radosavljevic",success,success,5,80,80
Belgrade Open 2023,https://opencommunication.calicotab.com/belgradeopen2023/,2023,,TRUE,English,BP,Belgrade Open,FALSE,University,,Europe,Serbia,self,,,,,28,28,3,11,8.5,113.0,S-B,[],[],{},20,2,56,J-C,3,,success,success,5,56,56
Belgrade Open 2024,https://open-communication-2024.calicotab.com/belgradeopen2024/,2024,2024-11-02,TRUE,English,BP,Belgrade Open,FALSE,University,,Europe,Serbia,self,,,,,36,36,2,10,7,106.0,S-B,['Novice'],['Novice'],"{'Novice': {'is_highest_non_open_cat': True, 'no_wbr_speakers': np.int64(0), 'no_79.11plus_speakers': 0, 'no_qual_speakers': np.float64(0.0), 'no_teams2': 17, 'pts_speaking': np.float64(17.0), 'speaking_class': 'S-E'}}",20,1,38,J-C,4,,success,success,5,72,72
Belgrade Open 2026,https://open-communication-2026.calicotab.com/bgopen2026/,2026,2026-05-16,TRUE,English,BP,Belgrade Open,FALSE,University,In person,Europe,Serbia,self,,,,,44,44,5,9,9.5,139.0,S-B,['Novice'],"['Open', 'Novice']","{'Novice': {'is_highest_non_open_cat': True, 'no_wbr_speakers': np.int64(0), 'no_79.11plus_speakers': 0, 'no_qual_speakers': np.float64(0.0), 'no_teams2': 11, 'pts_speaking': np.float64(11.0), 'speaking_class': 'S-E'}}",18,2,54,J-C,4,,success,success,5,87,86
Berkeley IV 2024,https://berkeleyiv2024.calicotab.com/berkeleyiv24/,2024,2024-03-16,TRUE,English,BP,Berkeley IV,FALSE,University,,North America,United States,self,,,,,63,57,7,10,12,175.0,S-A,['Novice'],['Novice'],"{'Novice': {'is_highest_non_open_cat': True, 'no_wbr_speakers': np.int64(0), 'no_79.11plus_speakers': 0, 'no_qual_speakers': np.float64(0.0), 'no_teams2': 19, 'pts_speaking': np.float64(19.0), 'speaking_class': 'S-E'}}",41,2,77,J-C,4,,success,success,5,120,107
Berkeley IV 2025,https://berkeleyiv25.calicotab.com/UCBIV25/,2025,2025-03-08,TRUE,English,BP,Berkeley IV,FALSE,University,In person,North America,United States,public,,,,,56,56,3,8,7,126.0,S-B,['Novice'],['Novice'],"{'Novice': {'is_highest_non_open_cat': True, 'no_wbr_speakers': np.int64(0), 'no_79.11plus_speakers': 0, 'no_qual_speakers': np.float64(0.0), 'no_teams2': 24, 'pts_speaking': np.float64(24.0), 'speaking_class': 'S-E'}}",35,2,71,J-C,5,,success,success,5,112,112
Berkeley IV 2026,https://berkeleyiv2026.calicotab.com/berkeleyiv26/,2026,2026-04-04,TRUE,English,BP,Berkeley IV,FALSE,University,Online,North America,United States,self,,,,,65,64,6,12,12,184.0,S-A,['Novice'],"['Open', 'Novice']","{'Novice': {'is_highest_non_open_cat': True, 'no_wbr_speakers': np.int64(0), 'no_79.11plus_speakers': 0, 'no_qual_speakers': np.float64(0.0), 'no_teams2': 27, 'pts_speaking': np.float64(27.0), 'speaking_class': 'S-E'}}",28,1,46,J-C,4,,success,success,5,129,126
Berlin IV 2020,https://berlinonlineiv2020.calicotab.com/bivonline2020/,2020,,TRUE,English,BP,Berlin IV,FALSE,University,,Europe,Germany,self,,,,,71,68,8,17,16.5,233.0,S-A,['Pro Am'],['Pro Am'],"{'Pro Am': {'is_highest_non_open_cat': True, 'no_wbr_speakers': np.int64(0), 'no_79.11plus_speakers': 0, 'no_qual_speakers': np.float64(0.0), 'no_teams2': 16, 'pts_speaking': np.float64(16.0), 'speaking_class': 'S-E'}}",49,6,157,J-A,5,,success,success,5,142,136
Berlin Open 2025,https://berlinopen2025.calicotab.com/berlinopen2025/,2025,2025-11-22,TRUE,English,BP,Berlin Open,FALSE,University,In person,Europe,Germany,self,,,,,45,43,1,11,6.5,108.0,S-C,['Novice'],['Novice'],"{'Novice': {'is_highest_non_open_cat': True, 'no_wbr_speakers': np.int64(0), 'no_79.11plus_speakers': 0, 'no_qual_speakers': np.float64(0.0), 'no_teams2': 11, 'pts_speaking': np.float64(11.0), 'speaking_class': 'S-E'}}",25,0,25,J-E,4,,success,success,5,90,86
BHU Vaagyudh BP 2024,https://vaagyudh2024.calicotab.com/vaagyudh/,2022,,TRUE,English,BP,BHU Vaagyudh BP,FALSE,University,,Asia,,self,,,,,40,36,0,0,0,36.0,S-E,[],['Open'],{},25,0,25,J-E,3,,success,success,4,80,71
Big Bois Open I 2022,https://bigboi.calicotab.com/bigboi1/,2022,,FALSE,English,BP,Big Bois Open I,FALSE,University,,Asia,,self,,,,,33,31,1,6,4,71.0,S-C,['littol bois'],['littol bois'],"{'littol bois': {'is_highest_non_open_cat': True, 'no_wbr_speakers': np.int64(0), 'no_79.11plus_speakers': 0, 'no_qual_speakers': np.float64(0.0), 'no_teams2': 12, 'pts_speaking': np.float64(12.0), 'speaking_class': 'S-E'}}",10,2,46,J-C,4,,success,success,5,66,61
Birmingham ESL 2020,https://birminghamesl2020.netlify.app/2020/,2020,,TRUE,English,BP,Birmingham ESL,FALSE,University,,IONA,England,self,,,,,28,28,0,8,4,68.0,S-C,['Novice'],['Novice'],"{'Novice': {'is_highest_non_open_cat': True, 'no_wbr_speakers': np.int64(0), 'no_79.11plus_speakers': 0, 'no_qual_speakers': np.float64(0.0), 'no_teams2': 11, 'pts_speaking': np.float64(11.0), 'speaking_class': 'S-E'}}",16,2,52,J-C,3,,success,success,4,54,54
Birmingham Pro-Am 2025,https://bhamproam.calicotab.com/bhamproam25/,2025,2025-01-25,TRUE,English,BP,Birmingham Pro-Am,FALSE,University,In person,IONA,England,self,,,,,37,36,1,4,3,61.0,S-C,[],[],{},25,0,25,J-E,3,,success,success,5,60,59
Birmingham Pro-Am 2026,https://birminghamproam26.calicotab.com/BirminghamProAm26/,2026,2026-01-24,TRUE,English,BP,Birmingham Pro-Am,FALSE,University,In person,IONA,England,self,,,,,34,32,3,3,4.5,77.0,S-C,[],['Open'],{},19,0,19,J-E,3,,success,success,5,66,64
BITS Pilani PD 2021,https://bitspilani.calicotab.com/bppd2021/,2021,,FALSE,English,BP,BITS Pilani PD,FALSE,University,,Asia,India,self,,,,,65,65,0,2,1,75.0,S-D,['Novice'],['Novice'],"{'Novice': {'is_highest_non_open_cat': True, 'no_wbr_speakers': np.int64(0), 'no_79.11plus_speakers': 0, 'no_qual_speakers': np.float64(0.0), 'no_teams2': 37, 'pts_speaking': np.float64(37.0), 'speaking_class': 'S-E'}}",36,0,36,J-E,5,"TJ, Shruti Deb, Julia Ocoma, Uphie Abdurrahman, Janko Đorđevic, Estelle Novenka Florens",success,success,4,130,127
BITS Pilani PD 2022,https://bitspilanipd.calicotab.com/bppd2022/,2022,,,English,BP,BITS Pilani PD,FALSE,University,,Asia,India,self,,,,,45,45,0,1,0.5,50.0,S-E,['Novice'],['Novice'],"{'Novice': {'is_highest_non_open_cat': True, 'no_wbr_speakers': np.int64(0), 'no_79.11plus_speakers': 0, 'no_qual_speakers': np.float64(0.0), 'no_teams2': 15, 'pts_speaking': np.float64(15.0), 'speaking_class': 'S-E'}}",17,0,17,J-E,5,,success,success,5,92,89
BITS Pilani PD 2023,https://bitspilanipd.calicotab.com/bppd2023/,2023,,TRUE,English,BP,BITS Pilani PD,FALSE,University,,Asia,,self,,,,,100,96,1,0,1,97.0,S-D,['Novice'],['Novice'],"{'Novice': {'is_highest_non_open_cat': True, 'no_wbr_speakers': np.int64(1), 'no_79.11plus_speakers': 0, 'no_qual_speakers': np.float64(1.0), 'no_teams2': 42, 'pts_speaking': np.float64(52.0), 'speaking_class': 'S-E'}}",53,0,53,J-D,3,,success,success,5,214,174
BITS Pilani PD 2024,https://bppd2024.calicotab.com/bppd2024/,2024,2024-03-29,TRUE,English,BP,BITS Pilani PD,FALSE,University,,Asia,India,self,,,,,69,68,0,3,1.5,83.0,S-D,['Novice'],['Novice'],"{'Novice': {'is_highest_non_open_cat': True, 'no_wbr_speakers': np.int64(0), 'no_79.11plus_speakers': 0, 'no_qual_speakers': np.float64(0.0), 'no_teams2': 45, 'pts_speaking': np.float64(45.0), 'speaking_class': 'S-E'}}",40,1,58,J-C,5,,success,success,5,138,136
BITS Pilani PD 2025,https://bppd2025.calicotab.com/bppd2025/,2025,,TRUE,English,BP,BITS Pilani PD,FALSE,University,,Asia,India,self,,,,,50,40,1,1,1.5,55.0,S-E,['Novice'],"['Open', 'Novice']","{'Novice': {'is_highest_non_open_cat': True, 'no_wbr_speakers': np.int64(0), 'no_79.11plus_speakers': 0, 'no_qual_speakers': np.float64(0.0), 'no_teams2': 28, 'pts_speaking': np.float64(28.0), 'speaking_class': 'S-E'}}",27,0,27,J-E,4,,success,success,5,97,80
BITS Pilani PD 2026,https://bitsp.calicotab.com/bppd2026/,2026,,TRUE,English,BP,BITS Pilani PD,FALSE,University,,Asia,India,self,,,,,57,46,0,3,1.5,60.0,S-D,['Novice'],"['Open', 'Novice']","{'Novice': {'is_highest_non_open_cat': True, 'no_wbr_speakers': np.int64(0), 'no_79.11plus_speakers': 0, 'no_qual_speakers': np.float64(0.0), 'no_teams2': 28, 'pts_speaking': np.float64(28.0), 'speaking_class': 'S-E'}}",23,0,23,J-E,4,,success,success,5,114,90
Bogwall (Scotland Novices) 2023,https://aberdebates23.calicotab.com/bogwall23/,2023,,TRUE,English,BP,Bogwall (Scotland Novices),FALSE,University,,IONA,Scotland,self,,,,,24,24,0,0,0,24.0,S-E,[],[],{},21,1,39,J-C,3,,success,success,4,48,46
Bogwall (Scotland Novices) 2024,https://bogwall24.calicotab.com/bogwall24/,2024,,TRUE,English,BP,Bogwall (Scotland Novices),FALSE,University,In person,IONA,Scotland,self,,,,,36,36,0,0,0,36.0,S-E,['Non Schools'],['Non Schools'],"{'Non Schools': {'is_highest_non_open_cat': True, 'no_wbr_speakers': np.int64(0), 'no_79.11plus_speakers': 0, 'no_qual_speakers': np.float64(0.0), 'no_teams2': 20, 'pts_speaking': np.float64(20.0), 'speaking_class': 'S-E'}}",24,2,60,J-C,3,,success,success,4,72,71
Bogwall (Scotland Novices) 2025,https://bogwall2025.calicotab.com/Bogwall2025/,2025,2025-10-26,TRUE,English,BP,Bogwall (Scotland Novices),FALSE,University,In person,IONA,Scotland,self,,,,,44,44,0,0,0,44.0,S-E,['Non-Schools'],['Non-Schools'],"{'Non-Schools': {'is_highest_non_open_cat': True, 'no_wbr_speakers': np.int64(0), 'no_79.11plus_speakers': 0, 'no_qual_speakers': np.float64(0.0), 'no_teams2': 17, 'pts_speaking': np.float64(17.0), 'speaking_class': 'S-E'}}",37,1,55,J-C,3,,success,success,4,88,88
Borneo BP DC 2026,https://borneodebate.calicotab.com/bbpdc2026/,2026,2026-05-16,TRUE,English,BP,Borneo BP DC,FALSE,University,,Asia,Indonesia,self,,,,,47,44,0,0,0,44.0,S-E,['Schools'],"['Schools', 'Open']","{'Schools': {'is_highest_non_open_cat': True, 'no_wbr_speakers': np.int64(0), 'no_79.11plus_speakers': 0, 'no_qual_speakers': np.float64(0.0), 'no_teams2': 14, 'pts_speaking': np.float64(14.0), 'speaking_class': 'S-E'}}",13,1,31,J-C,2,,success,success,4,92,87
Borneo Debate Open 2025,https://lodgedebatesociety.calicotab.com/borneodebateopen2025/,2025,,TRUE,English,BP,Borneo Debate Open,FALSE,University,,Asia,Indonesia,self,,,,,,,,,,,,,"['Open', 'Schools', 'Novice']","{'Schools': {'is_highest_non_open_cat': False}, 'Novice': {'is_highest_non_open_cat': True}}",35,0,35,J-E,3,"Gelson Eng, Rashrvin Pillay, Raymond Kimura",error getting team tab,success,4,,
BRAC Open 2024,https://bracu.calicotab.com/open2024/,2024,2024-02-01,TRUE,English,BP,BRAC Open,FALSE,University,,Asia,Bangladesh,self,,,,,28,28,0,3,1.5,43.0,S-E,['High School'],['High School'],"{'High School': {'is_highest_non_open_cat': True, 'no_wbr_speakers': np.int64(0), 'no_79.11plus_speakers': 0, 'no_qual_speakers': np.float64(0.0), 'no_teams2': 8, 'pts_speaking': np.float64(8.0), 'speaking_class': 'S-E'}}",28,0,28,J-E,5,,success,success,4,56,56
Brazil Open 2025,https://brazilopen2025.calicotab.com/brazilopen2025/,2025,2025-05-31,TRUE,English,BP,Brazil Open,FALSE,University,Online,Latin America,Brazil,self,,,,,56,46,5,17,13.5,181.0,S-A,"['Novice', 'ESL']","['Novice', 'ESL']","{'Novice': {'is_highest_non_open_cat': False, 'no_wbr_speakers': np.int64(0), 'no_79.11plus_speakers': 0, 'no_qual_speakers': np.float64(0.0), 'no_teams2': 8, 'pts_speaking': np.float64(8.0), 'speaking_class': 'S-E'}, 'ESL': {'is_highest_non_open_cat': True, 'no_wbr_speakers': np.int64(0), 'no_79.11plus_speakers': 0, 'no_qual_speakers': np.float64(0.0), 'no_teams2': 12, 'pts_speaking': np.float64(12.0), 'speaking_class': 'S-E'}}",48,1,66,J-C,4,,success,success,5,106,90
Bristol Open 2023,https://bristolopen2023.calicotab.com/_/,2023,,TRUE,English,BP,Bristol Open,FALSE,University,,IONA,England,self,,,,,21,20,6,7,9.5,115.0,S-B,[],[],{},13,3,67,J-B,3,,success,success,5,42,40
Bristol Open 2024,https://bristolopen24.calicotab.com/bristolopen24/,2024,2024-04-13,TRUE,English,BP,Bristol Open,FALSE,University,,IONA,England,self,,,,,20,20,0,3,1.5,35.0,S-E,['Pro-Am'],['Pro-Am'],"{'Pro-Am': {'is_highest_non_open_cat': True, 'no_wbr_speakers': np.int64(0), 'no_79.11plus_speakers': 0, 'no_qual_speakers': np.float64(0.0), 'no_teams2': 10, 'pts_speaking': np.float64(10.0), 'speaking_class': 'S-E'}}",12,0,12,J-E,3,,success,success,5,40,40
Bristol Open 2025,https://bristol2025.calicotab.com/_/,2025,2025-03-29,TRUE,English,BP,Bristol Open,FALSE,University,In person,IONA,England,self,,,,,45,44,1,12,7,114.0,S-C,[],[],{},22,1,40,J-C,3,,success,success,5,89,87
Bristol Pro-Am 2023,https://bristolproam23.calicotab.com/_/,2023,,TRUE,English,BP,Bristol Pro-Am,FALSE,University,,IONA,England,self,,,,,48,48,0,5,2.5,73.0,S-D,[],[],{},43,0,43,J-E,0,,success,success,4,96,96
Bristol Pro-Am 2024,https://bpam24.calicotab.com/bristolproam24/,2024,2024-10-19,TRUE,English,BP,Bristol Pro-Am,FALSE,University,In person,IONA,England,self,,,,,32,28,0,3,1.5,43.0,S-E,[],[],{},19,0,19,J-E,3,,success,success,5,61,56
Bristol Pro-Am 2025,https://bristolproam2025.calicotab.com/_/,2025,2025-11-29,TRUE,English,BP,Bristol Pro-Am,FALSE,University,In person,IONA,England,self,,,,,44,44,0,0,0,44.0,S-E,[],[],{},24,0,24,J-E,3,,success,success,5,90,87
Budapest Novice Cup 2025,https://budapestnovice25.calicotab.com/budapestnovice25/,2025,,TRUE,English,BP,Budapest Novice Cup,FALSE,University,,Europe,Hungary,self,,,,,17,16,0,0,0,16.0,S-E,[],['Open'],{},10,0,10,J-E,3,,success,success,3,34,32
Budapest Open 2022,https://budapestdebate.calicotab.com/dynamic/,2022,2022-11-25,TRUE,English,BP,Budapest Open,FALSE,University,In person,Europe,Hungary,public,,,,,52,52,2,6,5,100.0,S-C,['Novice'],"['Novice', 'Open']","{'Novice': {'is_highest_non_open_cat': True, 'no_wbr_speakers': np.int64(0), 'no_79.11plus_speakers': 0, 'no_qual_speakers': np.float64(0.0), 'no_teams2': 26, 'pts_speaking': np.float64(26.0), 'speaking_class': 'S-E'}}",33,4,105,J-B,4,,success,success,5,105,100
Budapest Open 2023,https://bo2023.calicotab.com/bo2023/,2023,,TRUE,English,BP,Budapest Open,FALSE,University,,Europe,Hungary,self,,,,,49,48,0,4,2,68.0,S-D,['Novice'],['Novice'],"{'Novice': {'is_highest_non_open_cat': True, 'no_wbr_speakers': np.int64(0), 'no_79.11plus_speakers': 0, 'no_qual_speakers': np.float64(0.0), 'no_teams2': 26, 'pts_speaking': np.float64(26.0), 'speaking_class': 'S-E'}}",20,4,92,J-B,3,,success,success,5,98,96
Budapest Open 2024,https://budapestopen2024.calicotab.com/budapest2024/,2024,2024-10-25,TRUE,English,BP,Budapest Open,FALSE,University,,Europe,Hungary,self,,,,,44,42,1,5,3.5,76.0,S-C,['Novice'],[],{},17,0,17,J-E,2,,success,success,5,88,79
Budapest Open 2025,https://budapestopen2025.calicotab.com/bpo25/,2025,2025-10-25,TRUE,English,BP,Budapest Open,FALSE,University,In person,Europe,Hungary,self,,,,,48,48,1,10,6,108.0,S-C,"['Schools', 'Novice']","['Schools', 'Novice']","{'Schools': {'is_highest_non_open_cat': False, 'no_wbr_speakers': np.int64(0), 'no_79.11plus_speakers': 0, 'no_qual_speakers': np.float64(0.0), 'no_teams2': 11, 'pts_speaking': np.float64(11.0), 'speaking_class': 'S-E'}, 'Novice': {'is_highest_non_open_cat': True, 'no_wbr_speakers': np.int64(0), 'no_79.11plus_speakers': 0, 'no_qual_speakers': np.float64(0.0), 'no_teams2': 11, 'pts_speaking': np.float64(11.0), 'speaking_class': 'S-E'}}",17,0,17,J-E,3,,success,success,5,96,96
Budapest Pre-EUDC 2025,https://bdpstdebate.calicotab.com/pre-eudc-2025/,2025,,TRUE,English,BP,Budapest Pre-EUDC,FALSE,University,,Europe,Hungary,self,,,,,32,32,4,8,8,112.0,S-B,['ESL'],['ESL'],"{'ESL': {'is_highest_non_open_cat': True, 'no_wbr_speakers': np.int64(1), 'no_79.11plus_speakers': 0, 'no_qual_speakers': np.float64(1.0), 'no_teams2': 14, 'pts_speaking': np.float64(24.0), 'speaking_class': 'S-E'}}",15,1,33,J-C,3,,success,success,5,64,64
Budapest Pre-EUDC 2026,https://budapestpreeudc26.calicotab.com/budapest-preeudc-2026/,2026,2026-07-01,TRUE,English,BP,Budapest Pre-EUDC,FALSE,University,Online,Europe,Hungary,self,,,,,33,32,4,10,9,121.0,S-B,[],['Open'],{},29,1,47,J-C,3,,success,success,5,63,59
Bulacan IV 2023,https://bulacaniv2023.calicotab.com/bliv2023/,2023,,TRUE,English,BP,Bulacan IV,FALSE,University,,Asia,,self,,,,,81,76,0,0,0,74.0,S-D,['Novice'],['Novice'],"{'Novice': {'is_highest_non_open_cat': True, 'no_wbr_speakers': np.int64(0), 'no_79.11plus_speakers': 0, 'no_qual_speakers': np.float64(0.0), 'no_teams2': 43, 'pts_speaking': np.float64(43.0), 'speaking_class': 'S-E'}}",48,0,48,J-D,5,,success,success,5,162,147
BUP (Bangladesh) IV 2025,https://bup.calicotab.com/bupiv25en/,2025,,TRUE,English,BP,BUP (Bangladesh) IV,FALSE,University,In person,Asia,bangladesh,public,,,,,33,32,0,1,0.5,37.0,S-E,['Novice'],"['Open', 'Novice']","{'Novice': {'is_highest_non_open_cat': True, 'no_wbr_speakers': np.int64(0), 'no_79.11plus_speakers': 0, 'no_qual_speakers': np.float64(0.0), 'no_teams2': 15, 'pts_speaking': np.float64(15.0), 'speaking_class': 'S-E'}}",26,0,26,J-E,7,,success,success,4,66,63
Cambridge IV 2021,https://cambridgeiv2021.herokuapp.com/camiv/,2021,2021-11-13,TRUE,English,BP,Cambridge IV,FALSE,University,Online,IONA,,public,TRUE,,,,,124,18,52,44,564.0,S-AA+,,"['ESL', 'Novice']","{'ESL': {'is_highest_non_open_cat': True, 'no_wbr_speakers': np.int64(0), 'no_79.11plus_speakers': 8, 'no_qual_speakers': np.float64(4.0), 'no_teams2': 48, 'pts_speaking': np.float64(88.0), 'speaking_class': 'S-C'}, 'Novice': {'is_highest_non_open_cat': False, 'no_wbr_speakers': np.int64(0), 'no_79.11plus_speakers': 0, 'no_qual_speakers': np.float64(0.0), 'no_teams2': 31, 'pts_speaking': np.float64(31.0), 'speaking_class': 'S-E'}}",,16,,J-AA+,,,,,,,247
Cambridge IV 2022,https://cambridgeivfinal.calicotab.com/2022/,2022,,TRUE,English,BP,Cambridge IV,FALSE,University,,IONA,England,self,,,,,72,72,35,40,55,620.0,S-AAA,['ESL'],['ESL'],"{'ESL': {'is_highest_non_open_cat': True, 'no_wbr_speakers': np.int64(3), 'no_79.11plus_speakers': 2, 'no_qual_speakers': np.float64(4.0), 'no_teams2': 16, 'pts_speaking': np.float64(56.0), 'speaking_class': 'S-C'}}",47,13,281,J-AA,6,,success,success,5,142,139
Cambridge IV 2023,https://cambridgeiv2023.calicotab.com/_/,2023,,TRUE,English,BP,Cambridge IV,FALSE,University,,IONA,England,self,,,,,45,44,8,23,19.5,239.0,S-A+,['ESL'],['ESL'],"{'ESL': {'is_highest_non_open_cat': True, 'no_wbr_speakers': np.int64(1), 'no_79.11plus_speakers': 4, 'no_qual_speakers': np.float64(3.0), 'no_teams2': 10, 'pts_speaking': np.float64(40.0), 'speaking_class': 'S-C'}}",32,8,176,J-A+,4,,success,success,5,89,87
Cambridge IV 2024,https://cambridge2024.calicotab.com/cambridgeiv2024/,2024,2024-11-16,TRUE,English,BP,Cambridge IV,FALSE,University,,IONA,England,self,,,,,85,84,17,34,34,424.0,S-AA,"['ESL', 'Novice']","['ESL', 'Novice']","{'ESL': {'is_highest_non_open_cat': True, 'no_wbr_speakers': np.int64(2), 'no_79.11plus_speakers': 0, 'no_qual_speakers': np.float64(2.0), 'no_teams2': 12, 'pts_speaking': np.float64(32.0), 'speaking_class': 'S-E'}, 'Novice': {'is_highest_non_open_cat': False, 'no_wbr_speakers': np.int64(0), 'no_79.11plus_speakers': 1, 'no_qual_speakers': np.float64(0.5), 'no_teams2': 20, 'pts_speaking': np.float64(25.0), 'speaking_class': 'S-E'}}",63,10,243,J-AA,5,,success,success,5,170,168
Cambridge IV 2025,https://cambridgeiv2025.calicotab.com/_/,2025,2025-11-08,TRUE,English,BP,Cambridge IV,FALSE,University,In person,IONA,England,self,,,,,93,92,23,33,39.5,487.0,S-AA+,"['ESL', 'Novice']","['ESL', 'Novice']","{'ESL': {'is_highest_non_open_cat': True, 'no_wbr_speakers': np.int64(2), 'no_79.11plus_speakers': 1, 'no_qual_speakers': np.float64(2.5), 'no_teams2': 20, 'pts_speaking': np.float64(45.0), 'speaking_class': 'S-E'}, 'Novice': {'is_highest_non_open_cat': False, 'no_wbr_speakers': np.int64(0), 'no_79.11plus_speakers': 0, 'no_qual_speakers': np.float64(0.0), 'no_teams2': 29, 'pts_speaking': np.float64(29.0), 'speaking_class': 'S-E'}}",68,13,302,J-AA,4,,success,success,5,185,182
Cambridge Mini 2024,https://cambridgemini2024.calicotab.com/camini2024/,2024,2024-12-14,TRUE,English,BP,Cambridge Mini,FALSE,University,,IONA,England,self,,,,,40,40,8,26,21,250.0,S-A+,[],[],{},24,3,78,J-B,4,,success,success,4,80,79
Canadian BP Champs 2020,https://cuds.calicotab.com/bpchamps2020/,2020,,TRUE,English,BP,Canadian BP Champs,FALSE,University,,North America,Canada,self,,,,,48,48,8,6,11,158.0,S-B,['Novice'],"['Open', 'Novice']","{'Novice': {'is_highest_non_open_cat': True, 'no_wbr_speakers': np.int64(0), 'no_79.11plus_speakers': 0, 'no_qual_speakers': np.float64(0.0), 'no_teams2': 12, 'pts_speaking': np.float64(12.0), 'speaking_class': 'S-E'}}",32,5,122,J-A,7,,success,success,3,95,95
Canadian BP Champs 2022,https://bpchamps2022.calicotab.com/bpchamps22/,2022,,TRUE,English,BP,Canadian BP Champs,FALSE,University,,North America,Canada,self,,,,,24,24,1,2,2,43.0,S-E,['Novice'],['Novice'],"{'Novice': {'is_highest_non_open_cat': True, 'no_wbr_speakers': np.int64(0), 'no_79.11plus_speakers': 0, 'no_qual_speakers': np.float64(0.0), 'no_teams2': 7, 'pts_speaking': np.float64(7.0), 'speaking_class': 'S-E'}}",13,1,31,J-C,4,,success,success,5,48,46
Canadian BP Champs 2023,https://bpchamps2023.calicotab.com/bpchamps2023/,2023,,TRUE,English,BP,Canadian BP Champs,FALSE,University,,North America,Canada,self,,,,,44,44,2,6,5,94.0,S-C,['Novice'],"['Novice', 'Open']","{'Novice': {'is_highest_non_open_cat': True, 'no_wbr_speakers': np.int64(0), 'no_79.11plus_speakers': 0, 'no_qual_speakers': np.float64(0.0), 'no_teams2': 18, 'pts_speaking': np.float64(18.0), 'speaking_class': 'S-E'}}",19,0,19,J-E,4,,success,success,5,88,87
Canadian UDC 2024,https://cudcwaterloo.calicotab.com/cudc2024/,2024,2024-11-23,TRUE,English,BP,Canadian UDC,FALSE,University,In person,North America,Canada,public,,,,,64,64,4,12,10,164.0,S-B,['Novice'],['Novice'],"{'Novice': {'is_highest_non_open_cat': True, 'no_wbr_speakers': np.int64(0), 'no_79.11plus_speakers': 0, 'no_qual_speakers': np.float64(0.0), 'no_teams2': 22, 'pts_speaking': np.float64(22.0), 'speaking_class': 'S-E'}}",40,1,58,J-C,5,,success,success,5,128,127
Canadian UDC 2025,https://cudchalifax.calicotab.com/CUDC2025/,2025,2025-11-22,TRUE,English,BP,Canadian UDC,FALSE,University,In person,North America,Canada,public,,,,,61,60,2,11,7.5,134.0,S-B,['Novice'],['Novice'],"{'Novice': {'is_highest_non_open_cat': True, 'no_wbr_speakers': np.int64(0), 'no_79.11plus_speakers': 0, 'no_qual_speakers': np.float64(0.0), 'no_teams2': 18, 'pts_speaking': np.float64(18.0), 'speaking_class': 'S-E'}}",27,0,27,J-E,6,,success,success,5,122,120
Cape Town Open 2025,https://cto.sadcdebate.com/capetownopen25/,2025,,TRUE,English,BP,Cape Town Open,FALSE,University,In person,Africa,South Africa,self,,,,,40,37,0,2,1,47.0,S-E,['Novice'],['Novice'],"{'Novice': {'is_highest_non_open_cat': True, 'no_wbr_speakers': np.int64(0), 'no_79.11plus_speakers': 0, 'no_qual_speakers': np.float64(0.0), 'no_teams2': 8, 'pts_speaking': np.float64(8.0), 'speaking_class': 'S-E'}}",19,0,19,J-E,2,,success,success,5,80,74
Capitalism IV 2024,https://capitalismiv2024.calicotab.com/capitalismiv2024/,2024,,TRUE,English,BP,Capitalism IV,FALSE,University,Online,Oceania,Australia,public,,,,,34,30,5,6,8,109.0,S-B,['Novice'],['Novice'],"{'Novice': {'is_highest_non_open_cat': True, 'no_wbr_speakers': np.int64(0), 'no_79.11plus_speakers': 0, 'no_qual_speakers': np.float64(0.0), 'no_teams2': 7, 'pts_speaking': np.float64(7.0), 'speaking_class': 'S-E'}}",11,1,29,J-C,2,,success,success,6,67,59
Cardiff Open 2024,https://cardiff2024.calicotab.com/c24/,2024,2024-03-02,TRUE,English,BP,Cardiff Open,FALSE,University,In person,IONA,Wales,public,,,,,32,32,1,7,4.5,77.0,S-C,['Pro-Am'],['Pro-Am'],"{'Pro-Am': {'is_highest_non_open_cat': True, 'no_wbr_speakers': np.int64(0), 'no_79.11plus_speakers': 0, 'no_qual_speakers': np.float64(0.0), 'no_teams2': 19, 'pts_speaking': np.float64(19.0), 'speaking_class': 'S-E'}}",25,1,43,J-C,3,,success,success,4,63,63
Cardiff Open 2025,https://cardiff2025.calicotab.com/cardiffopen2025/,2025,2025-03-22,TRUE,English,BP,Cardiff Open,FALSE,University,In person,IONA,Wales,public,,,,,28,28,0,2,1,38.0,S-E,['Novice'],['Pro-Am'],{'Pro-Am': {'is_highest_non_open_cat': True}},23,1,41,J-C,2,"Andy, Ellie, Parth",success,success,4,56,56
Caribbean IV 2026,https://cidc2026.calicotab.com/cidc2026/,2026,,TRUE,English,BP,Caribbean IV,FALSE,University,,Latin America,Jamaica,self,,,,,21,20,0,3,1.5,34.0,S-E,[],['Open'],{},10,1,28,J-C,4,"Marlene Pierce, Ravonne Thomas-Matthews, Jevon Henry, Akeela Marin, Michael Hester",success,success,4,41,39
Caritas DO 2025,https://caritasdebate.calicotab.com/caritasdebateopen2025/,2025,,TRUE,English,BP,Caritas DO,FALSE,University,,Asia,,self,,,,,95,94,0,1,0.5,99.0,S-D,"['Novice', 'Schools']","['Novice', 'Schools']","{'Novice': {'is_highest_non_open_cat': True, 'no_wbr_speakers': np.int64(0), 'no_79.11plus_speakers': 0, 'no_qual_speakers': np.float64(0.0), 'no_teams2': 56, 'pts_speaking': np.float64(56.0), 'speaking_class': 'S-E'}, 'Schools': {'is_highest_non_open_cat': False, 'no_wbr_speakers': np.int64(0), 'no_79.11plus_speakers': 0, 'no_qual_speakers': np.float64(0.0), 'no_teams2': 37, 'pts_speaking': np.float64(37.0), 'speaking_class': 'S-E'}}",63,1,81,J-C,3,,success,success,4,189,188
Carleton BP Champs 2022,https://carletonbpchamps.calicotab.com/bpchamps2022/,2022,,,English,BP,Carleton BP Champs,FALSE,University,,North America,France,self,,,,,36,36,2,14,9,126.0,S-B,['Novice'],['Novice'],"{'Novice': {'is_highest_non_open_cat': True, 'no_wbr_speakers': np.int64(0), 'no_79.11plus_speakers': 0, 'no_qual_speakers': np.float64(0.0), 'no_teams2': 16, 'pts_speaking': np.float64(16.0), 'speaking_class': 'S-E'}}",30,1,48,J-C,5,,success,success,5,73,72
Cebu Debate Open 2025,https://cdo2025.calicotab.com/cdo2025/,2025,2025-10-18,TRUE,English,BP,Cebu Debate Open,FALSE,University,Online,Asia,Philippines,public,,,,,42,41,0,3,1.5,56.0,S-E,['High School'],['High School'],"{'High School': {'is_highest_non_open_cat': True, 'no_wbr_speakers': np.int64(0), 'no_79.11plus_speakers': 0, 'no_qual_speakers': np.float64(0.0), 'no_teams2': 23, 'pts_speaking': np.float64(23.0), 'speaking_class': 'S-E'}}",22,0,22,J-E,2,,success,success,4,84,82
Cebu Pro-Am 2025,https://cebuproam.calicotab.com/britishparliamentary/,2025,2025-03-29,TRUE,English,BP,Cebu Pro-Am,FALSE,University,Online,Asia,Philippines,public,,,,,62,60,1,1,1.5,75.0,S-D,['Am-Am'],['Am-Am'],"{'Am-Am': {'is_highest_non_open_cat': True, 'no_wbr_speakers': np.int64(0), 'no_79.11plus_speakers': 0, 'no_qual_speakers': np.float64(0.0), 'no_teams2': 27, 'pts_speaking': np.float64(27.0), 'speaking_class': 'S-E'}}",36,0,36,J-E,2,,success,success,4,124,119
Central Asian IV 2025,https://nomad.calicotab.com/ca_iv/,2025,2025-03-29,TRUE,English,BP,Central Asian IV,FALSE,University,In person,Europe,Kazakhstan,self,,,,,28,28,1,3,2.5,53.0,S-E,[],[],{},16,3,70,J-B,2,,success,success,6,56,56
Central Canadian DC (Legér C) 2024,https://leger2024.calicotab.com/Leger2024/,2024,,TRUE,English,BP,Central Canadian DC (Legér C),FALSE,University,,North America,Canada,self,,,,,12,12,0,1,0.5,17.0,S-E,['Novice'],"['Open', 'Novice']","{'Novice': {'is_highest_non_open_cat': True, 'no_wbr_speakers': np.int64(0), 'no_79.11plus_speakers': 0, 'no_qual_speakers': np.float64(0.0), 'no_teams2': 6, 'pts_speaking': np.float64(6.0), 'speaking_class': 'S-E'}}",15,0,15,J-E,4,,success,success,6,24,24
Central Canadian DC (Legér C) 2025,https://leger2025.calicotab.com/leger2025/,2025,,TRUE,English,BP,Central Canadian DC (Legér C),FALSE,University,,North America,Canada,self,,,,,14,14,1,2,2,34.0,S-E,['Novice'],"['Open', 'Novice']","{'Novice': {'is_highest_non_open_cat': True, 'no_wbr_speakers': np.int64(0), 'no_79.11plus_speakers': 0, 'no_qual_speakers': np.float64(0.0), 'no_teams2': 7, 'pts_speaking': np.float64(7.0), 'speaking_class': 'S-E'}}",9,0,9,J-E,6,,success,success,6,28,28
Central Canadian DC (Legér C) 2026,https://leger26.calicotab.com/leger/,2026,,TRUE,English,BP,Central Canadian DC (Legér C),FALSE,University,,North America,Canada,self,,,,,14,14,2,3,3.5,49.0,S-C,[],['Open'],{},14,0,14,J-E,0,,success,success,5,28,28
Champagne IV 2023,https://champagneiv2023.calicotab.com/_/,2023,,TRUE,English,BP,Champagne IV,FALSE,University,,Europe,France,self,,,,,50,48,9,12,15,198.0,S-A,['ESL'],['ESL'],"{'ESL': {'is_highest_non_open_cat': True, 'no_wbr_speakers': np.int64(0), 'no_79.11plus_speakers': 0, 'no_qual_speakers': np.float64(0.0), 'no_teams2': 12, 'pts_speaking': np.float64(12.0), 'speaking_class': 'S-E'}}",29,5,119,J-A,3,,success,success,5,100,95
Champagne IV 2024,https://champagneiv2024.calicotab.com/champagneiv2024/,2024,2024-04-19,TRUE,English,BP,Champagne IV,FALSE,University,,Europe,France,self,,,,,57,56,3,15,10.5,161.0,S-B,[],[],{},26,4,98,J-B,3,,success,success,5,114,112
Champagne IV 2025,https://spu.calicotab.com/champagneiv2025/,2025,2025-04-25,TRUE,English,BP,Champagne IV,FALSE,University,In person,Europe,France,self,,,,,38,36,1,3,2.5,61.0,S-D,"['Novice', 'ESL']","['Novice', 'ESL']","{'Novice': {'is_highest_non_open_cat': False, 'no_wbr_speakers': np.int64(0), 'no_79.11plus_speakers': 0, 'no_qual_speakers': np.float64(0.0), 'no_teams2': 14, 'pts_speaking': np.float64(14.0), 'speaking_class': 'S-E'}, 'ESL': {'is_highest_non_open_cat': True, 'no_wbr_speakers': np.int64(0), 'no_79.11plus_speakers': 0, 'no_qual_speakers': np.float64(0.0), 'no_teams2': 12, 'pts_speaking': np.float64(12.0), 'speaking_class': 'S-E'}}",22,2,58,J-C,3,,success,success,5,74,72
Champagne IV 2026,https://champagneiv26.calicotab.com/_/,2026,2026-04-25,TRUE,English,BP,Champagne IV,FALSE,University,In person,Europe,France,self,,,,,45,44,0,7,3.5,79.0,S-C,"['ESL', 'Novice']","['ESL', 'Novice', 'Open']","{'ESL': {'is_highest_non_open_cat': True, 'no_wbr_speakers': np.int64(0), 'no_79.11plus_speakers': 0, 'no_qual_speakers': np.float64(0.0), 'no_teams2': 10, 'pts_speaking': np.float64(10.0), 'speaking_class': 'S-E'}, 'Novice': {'is_highest_non_open_cat': False, 'no_wbr_speakers': np.int64(0), 'no_79.11plus_speakers': 0, 'no_qual_speakers': np.float64(0.0), 'no_teams2': 19, 'pts_speaking': np.float64(19.0), 'speaking_class': 'S-E'}}",24,0,24,J-E,3,,success,success,5,89,86
Chancellor's Cup 2021,https://chancellors2021.calicotab.com/chancellors2021/,2021,,,English,BP,Chancellor's Cup,FALSE,University,,North America,,self,,,,,17,16,0,4,2,36.0,S-E,[],[],{},16,0,16,J-E,0,,success,success,5,34,30
Chancellor's Cup 2022,https://chancellors2021.calicotab.com/chancellors2022/,2022,,TRUE,English,BP,Chancellor's Cup,FALSE,University,In person,North America,Canada,public,,,,,32,32,3,5,5.5,87.0,S-C,['Novice'],"['Open', 'Novice']","{'Novice': {'is_highest_non_open_cat': True, 'no_wbr_speakers': np.int64(0), 'no_79.11plus_speakers': 0, 'no_qual_speakers': np.float64(0.0), 'no_teams2': 13, 'pts_speaking': np.float64(13.0), 'speaking_class': 'S-E'}}",22,1,40,J-C,5,,success,success,5,64,64
Chancellor's Cup 2023,https://qivcc2023.calicotab.com/QIVCC2023/,2023,,TRUE,English,BP,Chancellor's Cup,FALSE,University,,North America,Canada,self,,,,,40,40,1,5,3.5,75.0,S-C,['Novice'],"['Open', 'Novice']","{'Novice': {'is_highest_non_open_cat': True, 'no_wbr_speakers': np.int64(0), 'no_79.11plus_speakers': 0, 'no_qual_speakers': np.float64(0.0), 'no_teams2': 16, 'pts_speaking': np.float64(16.0), 'speaking_class': 'S-E'}}",25,0,25,J-E,3,,success,success,5,80,79
Chancellor's Cup 2024,https://chancellorscup2024.calicotab.com/Chancellorscup2024/,2024,,TRUE,English,BP,Chancellor's Cup,FALSE,University,In person,North America,Canada,self,,,,,43,40,0,4,2,61.0,S-D,['Novice'],"['Open', 'Novice']","{'Novice': {'is_highest_non_open_cat': True, 'no_wbr_speakers': np.int64(0), 'no_79.11plus_speakers': 0, 'no_qual_speakers': np.float64(0.0), 'no_teams2': 19, 'pts_speaking': np.float64(19.0), 'speaking_class': 'S-E'}}",27,1,45,J-C,4,,success,success,6,86,81
Chancellor's Cup 2025,https://chancellorscup2025.calicotab.com/chancellors2025/,2025,2025-11-08,TRUE,English,BP,Chancellor's Cup,FALSE,University,In person,North America,Canada,public,,,,,44,44,0,3,1.5,59.0,S-E,['Novice'],['Novice'],"{'Novice': {'is_highest_non_open_cat': True, 'no_wbr_speakers': np.int64(0), 'no_79.11plus_speakers': 0, 'no_qual_speakers': np.float64(0.0), 'no_teams2': 23, 'pts_speaking': np.float64(23.0), 'speaking_class': 'S-E'}}",32,1,50,J-C,6,"Anaïs Kneppers, Raymond Qiu, Rhys Nickerson, Ashlyn Lu, Nirvan Bose, Aubrey Nan, Emma Nolan",success,success,5,88,88
Charcha BPD 2025,https://charchapd.calicotab.com/charchapd25/,2025,,TRUE,English,BP,Charcha BPD,FALSE,University,,Asia,India,self,,,,,35,31,0,0,0,31.0,S-E,['Novice'],"['Open', 'Novice']","{'Novice': {'is_highest_non_open_cat': True, 'no_wbr_speakers': np.int64(0), 'no_79.11plus_speakers': 0, 'no_qual_speakers': np.float64(0.0), 'no_teams2': 13, 'pts_speaking': np.float64(13.0), 'speaking_class': 'S-E'}}",20,0,20,J-E,3,,success,success,5,70,62
Charity Fantasy Open 2021,https://fantasy2021.netlify.app/2021/,2021,2021-03-27,FALSE,English,BP,Charity Fantasy Open,FALSE,University,Online,IONA,,self,,,,,32,32,0,15,7.5,107.0,S-C,[],[],{},18,0,18,J-E,4,,success,success,4,64,64
Charity Fantasy Open (3) 2023,https://cfo3.calicotab.com/CFO3/,2023,2023-09-23,TRUE,English,BP,Charity Fantasy Open,FALSE,University,Online,IONA,,public,,,,,28,28,5,13,11.5,143.0,S-B,[],[],{},19,2,55,J-C,4,,success,success,4,55,55
Charlemagne Open 2025,https://charlemagne.hoppe.io/co25/tab/team/,2025,2025-11-29,TRUE,English,BP,Charlemagne Open,FALSE,University,In person,Europe,Germany,self,,,,,16,16,0,6,3,46.0,S-C,[],[],{},11,0,11,J-E,0,,success,success,6,32,32
Chattogram BP 2024,https://ccpc.calicotab.com/ctgbp2024/,2024,2024-01-12,TRUE,English,BP,Chattogram BP,FALSE,University,,Asia,,self,,,,,58,57,0,2,1,65.0,S-D,"['Novice', 'High School']","['Novice', 'High School']","{'Novice': {'is_highest_non_open_cat': True, 'no_wbr_speakers': np.int64(0), 'no_79.11plus_speakers': 0, 'no_qual_speakers': np.float64(0.0), 'no_teams2': 22, 'pts_speaking': np.float64(22.0), 'speaking_class': 'S-E'}, 'High School': {'is_highest_non_open_cat': False, 'no_wbr_speakers': np.int64(0), 'no_79.11plus_speakers': 0, 'no_qual_speakers': np.float64(0.0), 'no_teams2': 18, 'pts_speaking': np.float64(18.0), 'speaking_class': 'S-E'}}",20,0,20,J-E,5,,success,success,5,115,111
Chicago Open 2022,https://chicagoopen.calicotab.com/chicagoopen/,2022,,FALSE,English,BP,Chicago Open,FALSE,University,,North America,United States,self,,,,,56,56,11,24,23,286.0,S-A+,['ESL'],['ESL'],"{'ESL': {'is_highest_non_open_cat': True, 'no_wbr_speakers': np.int64(0), 'no_79.11plus_speakers': 0, 'no_qual_speakers': np.float64(0.0), 'no_teams2': 19, 'pts_speaking': np.float64(19.0), 'speaking_class': 'S-E'}}",28,5,118,J-A,6,,success,success,5,111,110
China BP 2021,https://cbp2021.calicotab.com/chinabp2021/,2021,,TRUE,English,BP,China BP,FALSE,University,,Asia,China,self,,,,,121,119,1,6,4,159.0,S-C,['High School'],['High School'],"{'High School': {'is_highest_non_open_cat': True, 'no_wbr_speakers': np.int64(0), 'no_79.11plus_speakers': 1, 'no_qual_speakers': np.float64(0.5), 'no_teams2': 30, 'pts_speaking': np.float64(35.0), 'speaking_class': 'S-E'}}",37,6,145,J-A,4,,success,success,6,245,236
China UDC 2025,https://cudc2025.calicotab.com/cudc/,2025,2025-11-15,TRUE,English,BP,China UDC,FALSE,University,Online,Asia,China,public,,,,,,,,,,,,,['Open'],{},28,3,82,J-B,3,,error getting speaker tab,success,5,,
Chinese UDC 2022,https://cudc.calicotab.com/cudcnationals22/,2022,,TRUE,English,BP,Chinese UDC,FALSE,University,Online,Asia,China,public,,,,,124,124,0,1,0.5,129.0,S-D,[],[],{},33,4,105,J-B,2,,success,success,5,248,248
Chinese UDC 2023,https://cudc2023.calicotab.com/cudc2023/,2023,,TRUE,English,BP,Chinese UDC,FALSE,University,,Asia,China,self,,,,,,,,,,,,,[],{},41,2,77,J-C,2,,error getting speaker tab,success,5,,
Chinese UDC 2024,https://cudc2024.calicotab.com/_/,2024,,TRUE,English,BP,Chinese UDC,FALSE,University,,Asia,China,self,,,,,,,,,,,,,[],{},38,0,38,J-E,0,,error getting speaker tab,success,5,,
Christmas Holidays IV 2025,https://supernana.calicotab.com/christmasholidaysiv2025/,2025,,TRUE,English,BP,Christmas Holidays IV,FALSE,University,Online,Africa,Nigeria,self,,,,,32,29,0,1,0.5,33.0,S-E,"['Novice', 'ESL']","['Novice', 'Open', 'ESL']","{'Novice': {'is_highest_non_open_cat': False, 'no_wbr_speakers': np.int64(0), 'no_79.11plus_speakers': 0, 'no_qual_speakers': np.float64(0.0), 'no_teams2': 10, 'pts_speaking': np.float64(10.0), 'speaking_class': 'S-E'}, 'ESL': {'is_highest_non_open_cat': True, 'no_wbr_speakers': np.int64(0), 'no_79.11plus_speakers': 0, 'no_qual_speakers': np.float64(0.0), 'no_teams2': 17, 'pts_speaking': np.float64(17.0), 'speaking_class': 'S-E'}}",6,0,6,J-E,3,,success,success,5,61,50
CIDA Novice Cup 2026,https://cidanovicecup2026.calicotab.com/cidanovicecup2026/,2026,,TRUE,English,BP,CIDA Novice Cup,FALSE,University,,Asia,Philippines,self,,,,,86,82,0,0,0,81.0,S-D,['High School'],"['Open', 'High School']","{'High School': {'is_highest_non_open_cat': True, 'no_wbr_speakers': np.int64(0), 'no_79.11plus_speakers': 0, 'no_qual_speakers': np.float64(0.0), 'no_teams2': 43, 'pts_speaking': np.float64(43.0), 'speaking_class': 'S-E'}}",40,0,40,J-E,4,,success,success,4,170,162
CIDA Visayas IV 2023,https://cida.calicotab.com/viv23/,2023,,TRUE,English,BP,CIDA Visayas IV,FALSE,University,,Asia,,self,,,,,,,,,,,,,['High School'],{'High School': {'is_highest_non_open_cat': True}},49,0,49,J-D,3,"Neackle Mempin, Riva Fong, Ady Balimbingan",error getting speaker tab,success,4,,
CIDA Visayas IV 2026,https://cidanovicecup2026.calicotab.com/visayasintervarsity26/,2026,,TRUE,English,BP,CIDA Visayas IV,FALSE,University,,Asia,Philippines,self,,,,,25,24,1,0,1,34.0,S-E,['High School'],"['Open', 'High School']","{'High School': {'is_highest_non_open_cat': True, 'no_wbr_speakers': np.int64(0), 'no_79.11plus_speakers': 0, 'no_qual_speakers': np.float64(0.0), 'no_teams2': 11, 'pts_speaking': np.float64(11.0), 'speaking_class': 'S-E'}}",17,0,17,J-E,3,,success,success,5,50,48
Clash of the Titans Pre-ANYDC 2024,https://debatefoster.calicotab.com/preanydc24/,2024,,TRUE,English,BP,Clash of the Titans Pre-ANYDC,FALSE,University,,Africa,Nigeria,self,,,,,62,54,0,5,2.5,82.0,S-D,['Novice'],"['Open', 'Novice']","{'Novice': {'is_highest_non_open_cat': True, 'no_wbr_speakers': np.int64(0), 'no_79.11plus_speakers': 0, 'no_qual_speakers': np.float64(0.0), 'no_teams2': 22, 'pts_speaking': np.float64(22.0), 'speaking_class': 'S-E'}}",25,0,25,J-E,5,,success,success,7,124,111
CMDLP (Portuguese Worlds) 2021,https://cmdlp2021.calicotab.com/cmdlp2021/,2021,2021-09-03,TRUE,Portuguese,BP,CMDLP (Portuguese Worlds),FALSE,University,In person,Latin America,,public,,,,Portuguese,47,42,0,0,0,42.0,S-E,['Iniciados'],[],{},26,0,26,J-E,8,,success,success,9,92,83
CMDLP (Portuguese Worlds) 2025,https://cmdlp2025.calicotab.com/CMDLP2025/,2025,2025-06-19,TRUE,Portuguese,BP,CMDLP (Portuguese Worlds),FALSE,University,In person,Latin America,Brazil,public,,,,Portuguese,70,68,2,4,4,108.0,S-C,"['Schools', 'Novice']","['Schools', 'Novice']","{'Schools': {'is_highest_non_open_cat': False, 'no_wbr_speakers': np.int64(0), 'no_79.11plus_speakers': 0, 'no_qual_speakers': np.float64(0.0), 'no_teams2': 24, 'pts_speaking': np.float64(24.0), 'speaking_class': 'S-E'}, 'Novice': {'is_highest_non_open_cat': True, 'no_wbr_speakers': np.int64(0), 'no_79.11plus_speakers': 0, 'no_qual_speakers': np.float64(0.0), 'no_teams2': 45, 'pts_speaking': np.float64(45.0), 'speaking_class': 'S-E'}}",21,0,21,J-E,9,,success,success,7,139,134
CMUDE 2018,https://cmude2018.calicotab.com/_/,2018,,TRUE,Spanish,BP,CMUDE,TRUE,University,,Latin America,,self,,,,Spanish,162,158,0,2,1,168.0,S-D,[],[],{},33,0,33,J-E,0,,success,success,9,324,314
CMUDE 2019,https://cmude2019.calicotab.com/cmude2019/,2019,,TRUE,Spanish,BP,CMUDE,TRUE,University,,Latin America,,self,,,,Spanish,138,137,0,1,0.5,141.0,S-D,['ELE'],['ELE'],"{'ELE': {'is_highest_non_open_cat': True, 'no_wbr_speakers': np.int64(0), 'no_79.11plus_speakers': 0, 'no_qual_speakers': np.float64(0.0), 'no_teams2': 0, 'pts_speaking': np.float64(0.0), 'speaking_class': 'S-E'}}",123,0,123,J-D,6,,success,success,9,276,272
CMUDE 2020,https://cmudemadrid2020.calicotab.com/cmude2020/,2020,,TRUE,Spanish,BP,CMUDE,TRUE,University,,Latin America,,self,,,,Spanish,123,118,0,7,3.5,151.0,S-C,[],[],{},116,1,134,J-C,7,,success,success,9,246,231
CMUDE 2021,https://cmudeecuador2021.calicotab.com/cmudeecuador2021/,2021,2021-07-25,TRUE,Spanish,BP,CMUDE,TRUE,University,,Latin America,,self,,,,Spanish,168,160,0,3,1.5,175.0,S-D,[],[],{},116,2,152,J-C,7,,success,success,9,332,312
CMUDE 2022,https://cmude2022.calicotab.com/cmude2022/,2022,2022-07-11,FALSE,Spanish,BP,CMUDE,TRUE,University,,Latin America,,self,,,,Spanish,155,152,0,16,8,232.0,S-C,[],[],{},132,2,168,J-C,7,,success,success,9,310,301
CMUDE 2023,https://cmude2023.calicotab.com/cmude2023/,2023,,TRUE,Spanish,BP,CMUDE,TRUE,University,,Latin America,,self,,,,Spanish,139,134,2,23,13.5,269.0,S-B,[],[],{},117,4,189,J-B,7,,success,success,9,278,268
CMUDE 2024,https://cmude2024.calicotab.com/open/,2024,,TRUE,Spanish,BP,CMUDE,TRUE,University,,Latin America,,self,,,,Spanish,170,169,1,25,13.5,304.0,S-C,[],[],{},155,2,191,J-C,8,,success,success,9,340,336
CMUDE 2025,https://cmude2025.calicotab.com/open/,2025,,TRUE,Spanish,BP,CMUDE,TRUE,University,In person,Latin America,,self,,,,Spanish,145,139,3,26,16,299.0,S-B,['Alfred Snider'],[],{},118,5,208,J-A,6,,success,success,9,290,276
CMUDE 2026,https://cmude2026.calicotab.com/open/,2026,,TRUE,Spanish,BP,CMUDE,TRUE,University,In person,Latin America,Ecuador,self,,,,,107,104,0,17,8.5,189.0,S-C,[],['Open'],{},97,4,169,J-B,6,,success,success,9,214,208
COEP (Pune) BP 2025,https://vishcoeptech.calicotab.com/vishbp2025/,2025,,TRUE,English,BP,COEP (Pune) BP,FALSE,University,In person,Asia,India,public,,,,,35,32,0,0,0,32.0,S-E,['Novice'],"['Novice', 'Open']","{'Novice': {'is_highest_non_open_cat': True, 'no_wbr_speakers': np.int64(0), 'no_79.11plus_speakers': 0, 'no_qual_speakers': np.float64(0.0), 'no_teams2': 14, 'pts_speaking': np.float64(14.0), 'speaking_class': 'S-E'}}",17,0,17,J-E,4,,success,success,4,70,64
Colgate Open 2021,https://colgateopen2021.calicotab.com/colgateopen2021/,2021,,FALSE,English,BP,Colgate Open,FALSE,University,,North America,United States,self,,,,,77,62,2,5,4.5,107.0,S-C,['Novice'],['Novice'],"{'Novice': {'is_highest_non_open_cat': True, 'no_wbr_speakers': np.int64(0), 'no_79.11plus_speakers': 0, 'no_qual_speakers': np.float64(0.0), 'no_teams2': 27, 'pts_speaking': np.float64(27.0), 'speaking_class': 'S-E'}}",51,2,87,J-C,4,,success,success,5,145,123
Colgate Open 2023,https://colgate2023.calicotab.com/colgate2023/,2023,,TRUE,English,BP,Colgate Open,FALSE,University,,North America,United States,self,,,,,28,28,6,9,10.5,133.0,S-B,['Novice'],['Novice'],"{'Novice': {'is_highest_non_open_cat': True, 'no_wbr_speakers': np.int64(0), 'no_79.11plus_speakers': 0, 'no_qual_speakers': np.float64(0.0), 'no_teams2': 10, 'pts_speaking': np.float64(10.0), 'speaking_class': 'S-E'}}",21,4,93,J-B,4,,success,success,5,55,55
Colgate Open 2024,https://colgateopen2024.calicotab.com/colgate2024/,2024,2024-03-23,TRUE,English,BP,Colgate Open,FALSE,University,,North America,United States,self,,,,,21,20,1,0,1,30.0,S-E,[],[],{},12,1,30,J-C,1,"Jane Mentzinger, Ruth Selorme Acolatse, Josephine DeBono",success,success,5,42,40
Colgate Open 2025,https://colgate2025.calicotab.com/_/,2025,,TRUE,English,BP,Colgate Open,FALSE,University,,North America,United States,self,,,,,24,24,0,0,0,24.0,S-E,[],['Open'],{},19,1,37,J-C,0,,success,success,5,48,48
Colgate Open 2026,https://colgateiv.calicotab.com/colgateopen2026/,2026,,TRUE,English,BP,Colgate Open,FALSE,University,In person,North America,,public,,,,,24,24,0,1,0.5,29.0,S-E,[],['Open'],{},21,0,21,J-E,2,,success,success,5,48,48
Columbia IV 2025,https://columbiaiv2025.calicotab.com/columbiaiv2025/,2025,2025-10-04,TRUE,English,BP,Columbia IV,FALSE,University,Online,North America,United States,self,,,,,87,83,7,22,18,263.0,S-A+,"['ESL', 'Novice']","['ESL', 'Novice']","{'ESL': {'is_highest_non_open_cat': True, 'no_wbr_speakers': np.int64(0), 'no_79.11plus_speakers': 1, 'no_qual_speakers': np.float64(0.5), 'no_teams2': 27, 'pts_speaking': np.float64(32.0), 'speaking_class': 'S-E'}, 'Novice': {'is_highest_non_open_cat': False, 'no_wbr_speakers': np.int64(0), 'no_79.11plus_speakers': 0, 'no_qual_speakers': np.float64(0.0), 'no_teams2': 18, 'pts_speaking': np.float64(18.0), 'speaking_class': 'S-E'}}",61,8,205,J-A+,5,,success,success,5,171,165
Commonwealth UDC 2024,https://thecudc2024.calicotab.com/_/,2024,,TRUE,English,BP,Commonwealth UDC,FALSE,University,In person,Africa,,self,,,,,20,20,0,1,0.5,25.0,S-E,[],[],{},13,0,13,J-E,3,,success,success,6,40,40
Connections IV 2025,https://connectionsiv.calicotab.com/connectionsiv25/,2025,,TRUE,English,BP,Connections IV,FALSE,University,Online,North America,Canada,public,,,,,24,19,1,4,3,49.0,S-C,[],['Open'],{},11,0,11,J-E,5,,success,success,5,44,37
Convenant University IV 2021,https://mace.calicotab.com/cuiv2021/,2021,,,English,BP,Convenant University IV,FALSE,University,,Africa,,self,,,,,39,36,0,4,2,56.0,S-E,[],[],{},19,0,19,J-E,3,,success,success,5,78,72
Copenhagen Online Open 2026,https://copenhagenonline26.calicotab.com/_/,2026,2026-02-07,TRUE,English,BP,Copenhagen Online Open,FALSE,University,Online,Europe,Denmark,self,,,,,69,68,10,15,17.5,243.0,S-A,"['ESL', 'Novice']","['Open', 'ESL', 'Novice']","{'ESL': {'is_highest_non_open_cat': True, 'no_wbr_speakers': np.int64(0), 'no_79.11plus_speakers': 0, 'no_qual_speakers': np.float64(0.0), 'no_teams2': 31, 'pts_speaking': np.float64(31.0), 'speaking_class': 'S-E'}, 'Novice': {'is_highest_non_open_cat': False, 'no_wbr_speakers': np.int64(0), 'no_79.11plus_speakers': 0, 'no_qual_speakers': np.float64(0.0), 'no_teams2': 21, 'pts_speaking': np.float64(21.0), 'speaking_class': 'S-E'}}",42,2,78,J-C,3,,success,success,5,136,134
Copenhagen Open 2024,https://copenhagen2024.calicotab.com/copenhagen2024/,2024,2024-02-03,TRUE,English,BP,Copenhagen Open,FALSE,University,In person,Europe,Denmark,public,,,,,77,76,4,6,7,146.0,S-B,"['Novice', 'ESL']","['Novice', 'ESL']","{'Novice': {'is_highest_non_open_cat': False, 'no_wbr_speakers': np.int64(0), 'no_79.11plus_speakers': 0, 'no_qual_speakers': np.float64(0.0), 'no_teams2': 23, 'pts_speaking': np.float64(23.0), 'speaking_class': 'S-E'}, 'ESL': {'is_highest_non_open_cat': True, 'no_wbr_speakers': np.int64(1), 'no_79.11plus_speakers': 0, 'no_qual_speakers': np.float64(1.0), 'no_teams2': 40, 'pts_speaking': np.float64(50.0), 'speaking_class': 'S-E'}}",41,7,167,J-A,2,"Jack Stanley, Paula Breyer, Nikolay Angelov",success,success,5,156,152
Copenhagen Open 2025,https://copenhagenopen25.calicotab.com/_/,2025,,TRUE,English,BP,Copenhagen Open,FALSE,University,In person,Europe,Denmark,self,,,,,69,68,4,19,13.5,203.0,S-A,['ESL'],['ESL'],"{'ESL': {'is_highest_non_open_cat': True, 'no_wbr_speakers': np.int64(0), 'no_79.11plus_speakers': 0, 'no_qual_speakers': np.float64(0.0), 'no_teams2': 33, 'pts_speaking': np.float64(33.0), 'speaking_class': 'S-E'}}",35,6,143,J-A,3,,success,success,5,138,135
Cornell IV 2022,https://cornelliv.calicotab.com/cornell2022/,2022,,TRUE,English,BP,Cornell IV,FALSE,University,,North America,United States,self,,,,,68,68,6,10,11,178.0,S-B,['Novice'],['Novice'],"{'Novice': {'is_highest_non_open_cat': True, 'no_wbr_speakers': np.int64(0), 'no_79.11plus_speakers': 0, 'no_qual_speakers': np.float64(0.0), 'no_teams2': 35, 'pts_speaking': np.float64(35.0), 'speaking_class': 'S-E'}}",38,2,74,J-C,5,,success,success,5,136,136
Cornell Novice Nationals 2021,https://novicenats2021.calicotab.com/novicenats2021/,2021,,FALSE,English,BP,Cornell Novice Nationals,FALSE,University,,North America,United States,self,,,,,82,80,0,0,0,80.0,S-D,['ESL'],['ESL'],"{'ESL': {'is_highest_non_open_cat': True, 'no_wbr_speakers': np.int64(0), 'no_79.11plus_speakers': 0, 'no_qual_speakers': np.float64(0.0), 'no_teams2': 15, 'pts_speaking': np.float64(15.0), 'speaking_class': 'S-E'}}",74,1,92,J-C,6,,success,success,5,163,159
Cornell Novice Nationals 2022,https://novicenats2022.calicotab.com/novicenats2022/,2022,,FALSE,English,BP,Cornell Novice Nationals,FALSE,University,,North America,United States,self,,,,,58,56,0,2,1,66.0,S-D,['ESL'],['ESL'],"{'ESL': {'is_highest_non_open_cat': True, 'no_wbr_speakers': np.int64(0), 'no_79.11plus_speakers': 0, 'no_qual_speakers': np.float64(0.0), 'no_teams2': 11, 'pts_speaking': np.float64(11.0), 'speaking_class': 'S-E'}}",44,10,224,J-AA,4,,success,success,5,113,111
Cornell Novice Nationals 2024,https://novicenats2024.calicotab.com/novicenats2024/,2024,,TRUE,English,BP,Cornell Novice Nationals,FALSE,University,,North America,United States,self,,,,,48,48,1,0,1,58.0,S-E,[],['Open'],{},34,4,106,J-B,3,,success,success,5,96,94
Cornell Novice Nationals 2025,https://novicenats2025.calicotab.com/novicenats2025/,2025,,TRUE,English,BP,Cornell Novice Nationals,FALSE,University,,North America,United States,self,,,,,68,68,0,8,4,108.0,S-C,['Rookie'],"['Open', 'Rookie']","{'Rookie': {'is_highest_non_open_cat': True, 'no_wbr_speakers': np.int64(0), 'no_79.11plus_speakers': 0, 'no_qual_speakers': np.float64(0.0), 'no_teams2': 21, 'pts_speaking': np.float64(21.0), 'speaking_class': 'S-E'}}",43,5,133,J-A,5,,success,success,5,135,135
Cornell Novice Nationals 2026,https://novicenats2026.calicotab.com/novicenationals2026/,2026,2026-02-14,TRUE,English,BP,Cornell Novice Nationals,FALSE,University,In person,North America,United States,self,,,,,56,52,0,4,2,72.0,S-D,['Rookie'],"['Rookie', 'Open']","{'Rookie': {'is_highest_non_open_cat': True, 'no_wbr_speakers': np.int64(0), 'no_79.11plus_speakers': 0, 'no_qual_speakers': np.float64(0.0), 'no_teams2': 17, 'pts_speaking': np.float64(17.0), 'speaking_class': 'S-E'}}",38,3,92,J-B,5,,success,success,5,110,104
Crawford U DI 2025,https://crawford.calicotab.com/Crudi2025/,2025,,TRUE,English,BP,Crawford U DI,FALSE,University,,Africa,Nigeria,self,,,,,20,20,0,6,3,50.0,S-C,['Novice'],"['Open', 'Novice']","{'Novice': {'is_highest_non_open_cat': True, 'no_wbr_speakers': np.int64(0), 'no_79.11plus_speakers': 0, 'no_qual_speakers': np.float64(0.0), 'no_teams2': 11, 'pts_speaking': np.float64(11.0), 'speaking_class': 'S-E'}}",17,0,17,J-E,2,,success,success,5,40,40
Curtin Debate Open 2025,https://curtindebateopen2025.calicotab.com/CDO2025/,2025,,TRUE,English,BP,Curtin Debate Open,FALSE,University,,Asia,,self,,,,,45,45,0,0,0,44.0,S-E,"['Open', 'Novice']","['Open', 'Novice']","{'Novice': {'is_highest_non_open_cat': True, 'no_wbr_speakers': np.int64(0), 'no_79.11plus_speakers': 0, 'no_qual_speakers': np.float64(0.0), 'no_teams2': 24, 'pts_speaking': np.float64(24.0), 'speaking_class': 'S-E'}}",21,0,21,J-E,2,,success,success,4,89,87
CUSID Semi-Random Pro-Am 2024,https://eds.calicotab.com/cusidsrpa2024/,2024,2024-11-16,TRUE,English,BP,CUSID Semi-Random Pro-Am,FALSE,University,,North America,Canada,self,,,,,24,24,0,0,0,24.0,S-E,[],[],{},10,0,10,J-E,1,,success,success,4,48,48
DAIC Open 2022,https://daicopen.calicotab.com/daicopen/,2022,,TRUE,English,BP,DAIC Open,FALSE,University,,Europe,,self,,,,,50,47,3,4,5,97.0,S-C,"['ESL', 'Novice & Schools', 'Novice', 'School']","['ESL', 'Novice & Schools']","{'ESL': {'is_highest_non_open_cat': True, 'no_wbr_speakers': np.int64(0), 'no_79.11plus_speakers': 0, 'no_qual_speakers': np.float64(0.0), 'no_teams2': 24, 'pts_speaking': np.float64(24.0), 'speaking_class': 'S-E'}, 'Novice & Schools': {'is_highest_non_open_cat': False, 'no_wbr_speakers': np.int64(0), 'no_79.11plus_speakers': 0, 'no_qual_speakers': np.float64(0.0), 'no_teams2': 19, 'pts_speaking': np.float64(19.0), 'speaking_class': 'S-E'}}",17,5,107,J-A,4,,success,success,5,96,92
Damodaram Sanjivayya NPD 2022,https://dsnpd2022.calicotab.com/dsnpd2022/,2022,,FALSE,English,BP,Damodaram Sanjivayya NPD,FALSE,University,,Asia,,self,,,,,83,77,0,1,0.5,81.0,S-D,['Novice'],['Novice'],"{'Novice': {'is_highest_non_open_cat': True, 'no_wbr_speakers': np.int64(0), 'no_79.11plus_speakers': 0, 'no_qual_speakers': np.float64(0.0), 'no_teams2': 20, 'pts_speaking': np.float64(20.0), 'speaking_class': 'S-E'}}",61,0,61,J-D,5,,success,success,5,165,152
Debate Symposium Summer 2025,https://debatesymposium.calicotab.com/summerdebatesymposium2025/,2025,2025-07-06,TRUE,English,BP,Debate Symposium Summer,FALSE,University,,Asia,,self,,,,,74,68,0,0,0,67.0,S-D,['Novice'],['Novice'],"{'Novice': {'is_highest_non_open_cat': True, 'no_wbr_speakers': np.int64(0), 'no_79.11plus_speakers': 0, 'no_qual_speakers': np.float64(0.0), 'no_teams2': 33, 'pts_speaking': np.float64(33.0), 'speaking_class': 'S-E'}}",33,0,33,J-E,7,,success,success,5,144,130
Debate Symposium Winter 2025,https://debatesymposium.calicotab.com/winterdebatesymposium2025/,2025,2025-01-11,TRUE,English,BP,Debate Symposium Winter,FALSE,University,Online,Asia,India,public,,,,,65,57,0,2,1,66.0,S-D,['Novice'],['Novice'],"{'Novice': {'is_highest_non_open_cat': True, 'no_wbr_speakers': np.int64(0), 'no_79.11plus_speakers': 0, 'no_qual_speakers': np.float64(0.0), 'no_teams2': 17, 'pts_speaking': np.float64(17.0), 'speaking_class': 'S-E'}}",33,0,33,J-E,4,,success,success,4,123,108
Debate Symposium Winter 2026,https://debatesymposium.calicotab.com/wds2026/,2026,2026-02-14,TRUE,English,BP,Debate Symposium Winter,FALSE,University,,Asia,,self,,,,,54,51,0,0,0,51.0,S-E,['Novice'],"['Novice', 'Open']","{'Novice': {'is_highest_non_open_cat': True, 'no_wbr_speakers': np.int64(0), 'no_79.11plus_speakers': 0, 'no_qual_speakers': np.float64(0.0), 'no_teams2': 26, 'pts_speaking': np.float64(26.0), 'speaking_class': 'S-E'}}",21,0,21,J-E,3,,success,success,5,108,99
Derozio Memorial Debate 2020,https://dmd2020.calicotab.com/derozio2020/,2020,,TRUE,English,BP,Derozio Memorial Debate,FALSE,University,,Asia,,self,,,,,76,72,0,2,1,81.0,S-D,['Novice'],['Novice'],"{'Novice': {'is_highest_non_open_cat': True, 'no_wbr_speakers': np.int64(0), 'no_79.11plus_speakers': 0, 'no_qual_speakers': np.float64(0.0), 'no_teams2': 34, 'pts_speaking': np.float64(34.0), 'speaking_class': 'S-E'}}",61,0,61,J-D,4,,success,success,6,152,142
Dialectica BPD 2025,https://dialectica.calicotab.com/dialecticabpd2025/,2025,2025-04-19,TRUE,English,BP,Dialectica BPD,FALSE,University,Online,Asia,India,public,,,,,42,40,0,0,0,39.0,S-E,['Novice'],['Novice'],"{'Novice': {'is_highest_non_open_cat': True, 'no_wbr_speakers': np.int64(0), 'no_79.11plus_speakers': 0, 'no_qual_speakers': np.float64(0.0), 'no_teams2': 23, 'pts_speaking': np.float64(23.0), 'speaking_class': 'S-E'}}",23,0,23,J-E,4,,success,success,4,84,80
Dialectica Pre-ABP 2024,https://vaagyudh2024.calicotab.com/dialectica2024/,2024,2024-06-28,TRUE,English,BP,Dialectica Pre-ABP,FALSE,University,,Asia,,self,,,,,101,91,0,3,1.5,106.0,S-D,['Novice'],['Novice'],"{'Novice': {'is_highest_non_open_cat': True, 'no_wbr_speakers': np.int64(0), 'no_79.11plus_speakers': 0, 'no_qual_speakers': np.float64(0.0), 'no_teams2': 64, 'pts_speaking': np.float64(64.0), 'speaking_class': 'S-D'}}",61,0,61,J-D,4,,success,success,5,200,180
Dialectix Pro-Am 2023,https://dialectixproam2023.calicotab.com/proam22/,2023,,TRUE,English,BP,Dialectix Pro-Am,FALSE,University,Online,Africa,Ghana,public,,,,,54,44,0,0,0,43.0,S-E,[],['Open'],{},18,0,18,J-E,3,,success,success,5,106,82
Diliman Debate Open 2022,https://dilimandebateopen.calicotab.com/ddo2022/,2022,,TRUE,English,BP,Diliman Debate Open,FALSE,University,,Asia,Philippines,self,,,,,110,110,7,11,12.5,235.0,S-A,['Novice'],['Novice'],"{'Novice': {'is_highest_non_open_cat': True, 'no_wbr_speakers': np.int64(0), 'no_79.11plus_speakers': 0, 'no_qual_speakers': np.float64(0.0), 'no_teams2': 68, 'pts_speaking': np.float64(68.0), 'speaking_class': 'S-D'}}",65,6,173,J-A,5,,success,success,4,220,218
Diliman Debate Open 2023,https://dilimandebateopen.calicotab.com/ddo23/,2023,,TRUE,English,BP,Diliman Debate Open,FALSE,University,,Asia,Philippines,self,,,,,141,140,21,23,32.5,465.0,S-AA,"['Novice', 'Schools']","['Schools', 'Novice']","{'Schools': {'is_highest_non_open_cat': False, 'no_wbr_speakers': np.int64(0), 'no_79.11plus_speakers': 0, 'no_qual_speakers': np.float64(0.0), 'no_teams2': 54, 'pts_speaking': np.float64(54.0), 'speaking_class': 'S-E'}, 'Novice': {'is_highest_non_open_cat': True, 'no_wbr_speakers': np.int64(0), 'no_79.11plus_speakers': 0, 'no_qual_speakers': np.float64(0.0), 'no_teams2': 62, 'pts_speaking': np.float64(62.0), 'speaking_class': 'S-D'}}",63,1,81,J-C,5,,success,success,5,282,274
Diliman Debate Open 2025,https://ddo2025.calicotab.com/ddo2025/,2025,2025-01-18,TRUE,English,BP,Diliman Debate Open,FALSE,University,In person,Asia,Philippines,public,,,,,,,,,,,,,"['Open', 'Schools']",{'Schools': {'is_highest_non_open_cat': True}},31,4,103,J-B,3,,error getting speaker tab,success,4,,
Diliman DO Pre-WUDC 2025,https://ddopw.calicotab.com/ddopw2025/,2025,2025-12-20,TRUE,English,BP,Diliman DO Pre-WUDC,FALSE,University,Online,Asia,Philippines,self,,,,,69,65,0,3,1.5,79.0,S-D,['Novice'],"['Novice', 'Open']","{'Novice': {'is_highest_non_open_cat': True, 'no_wbr_speakers': np.int64(0), 'no_79.11plus_speakers': 1, 'no_qual_speakers': np.float64(0.5), 'no_teams2': 33, 'pts_speaking': np.float64(38.0), 'speaking_class': 'S-E'}}",36,2,72,J-C,3,,success,success,5,136,125
Diliman IV 2024,https://dilimanintervarsity.calicotab.com/2024/,2024,2024-12-07,TRUE,English,BP,Diliman IV,FALSE,University,Online,Asia,Philippines,public,,,,,64,61,8,24,20,260.0,S-A+,['Novice'],['Novice'],"{'Novice': {'is_highest_non_open_cat': True, 'no_wbr_speakers': np.int64(0), 'no_79.11plus_speakers': 1, 'no_qual_speakers': np.float64(0.5), 'no_teams2': 24, 'pts_speaking': np.float64(29.0), 'speaking_class': 'S-E'}}",30,3,84,J-B,2,,success,success,5,128,118
Diliman Pre-ABP 2023,https://dilimandebating.calicotab.com/dilimanpreabp23/,2023,,TRUE,English,BP,Diliman Pre-ABP,FALSE,University,,Asia,Philippines,self,,,,,97,93,10,21,20.5,297.0,S-A+,['Novice'],['Novice'],"{'Novice': {'is_highest_non_open_cat': True, 'no_wbr_speakers': np.int64(0), 'no_79.11plus_speakers': 0, 'no_qual_speakers': np.float64(0.0), 'no_teams2': 30, 'pts_speaking': np.float64(30.0), 'speaking_class': 'S-E'}}",44,1,62,J-C,4,,success,success,5,193,185
Diliman Pre-ABP 2025,https://dilimanpreabp25.calicotab.com/dilimanpreabp25/,2025,,TRUE,English,BP,Diliman Pre-ABP,FALSE,University,Online,Asia,,public,,,,,84,82,7,19,16.5,247.0,S-A,['Schools'],['Schools'],"{'Schools': {'is_highest_non_open_cat': True, 'no_wbr_speakers': np.int64(0), 'no_79.11plus_speakers': 0, 'no_qual_speakers': np.float64(0.0), 'no_teams2': 15, 'pts_speaking': np.float64(15.0), 'speaking_class': 'S-E'}}",63,3,117,J-B,4,,success,success,5,168,163
Diliman Pre-WUDC 2025,https://dpwudc2025.calicotab.com/dpwudc2025/,2025,2025-11-29,TRUE,English,BP,Diliman Pre-WUDC,FALSE,University,Online,Asia,Philippines,public,,,,,48,47,6,13,12.5,172.0,S-A,['Schools'],['Schools'],"{'Schools': {'is_highest_non_open_cat': True, 'no_wbr_speakers': np.int64(0), 'no_79.11plus_speakers': 0, 'no_qual_speakers': np.float64(0.0), 'no_teams2': 21, 'pts_speaking': np.float64(21.0), 'speaking_class': 'S-E'}}",24,3,78,J-B,3,,success,success,5,96,92
DK Wien Invitational Mini 2023,https://dkwieninvitational.calicotab.com/dkwienmini23/,2023,,TRUE,English,BP,DK Wien Invitational Mini,FALSE,University,Online,Europe,Austria,public,,,,,30,30,17,27,30.5,335.0,S-AA,[],[],{},16,2,52,J-C,2,,success,success,4,60,59
DNLU Justice RK Tankha PD 2024,https://jrktpd2024.calicotab.com/jrktpd2024/,2024,,TRUE,English,BP,DNLU Justice RK Tankha PD,FALSE,University,In person,Asia,,public,,,,,50,49,0,4,2,69.0,S-D,['Novice'],['Novice'],"{'Novice': {'is_highest_non_open_cat': True, 'no_wbr_speakers': np.int64(0), 'no_79.11plus_speakers': 0, 'no_qual_speakers': np.float64(0.0), 'no_teams2': 33, 'pts_speaking': np.float64(33.0), 'speaking_class': 'S-E'}}",28,0,28,J-E,4,,success,success,4,100,97
DNLU Justice RK Tankha PD 2025,https://jrktpd2024.calicotab.com/jrktpd2025/,2025,2025-11-08,TRUE,English,BP,DNLU Justice RK Tankha PD,FALSE,University,In person,Asia,India,self,,,,,58,55,0,5,2.5,80.0,S-D,['Novice'],['Novice'],"{'Novice': {'is_highest_non_open_cat': True, 'no_wbr_speakers': np.int64(0), 'no_79.11plus_speakers': 0, 'no_qual_speakers': np.float64(0.0), 'no_teams2': 40, 'pts_speaking': np.float64(40.0), 'speaking_class': 'S-E'}}",37,0,37,J-E,4,,success,success,5,116,110
Doxbridge I 2020,https://doxbridge-1.calicotab.com/doxbridge/,2020,,TRUE,English,BP,Doxbridge I,FALSE,University,,IONA,England,self,,,,,80,80,14,32,30,380.0,S-AA,['Schools'],['Schools'],"{'Schools': {'is_highest_non_open_cat': True, 'no_wbr_speakers': np.int64(0), 'no_79.11plus_speakers': 0, 'no_qual_speakers': np.float64(0.0), 'no_teams2': 14, 'pts_speaking': np.float64(14.0), 'speaking_class': 'S-E'}}",34,9,196,J-A+,3,,success,success,4,159,159
Doxbridge II 2020,https://doxbridge-2.calicotab.com/doxbridge2/,2020,,TRUE,English,BP,Doxbridge II,FALSE,University,,IONA,England,self,,,,,140,139,13,43,34.5,483.0,S-AA,"['ESL', 'Schools']","['ESL', 'Schools']","{'ESL': {'is_highest_non_open_cat': True, 'no_wbr_speakers': np.int64(2), 'no_79.11plus_speakers': 4, 'no_qual_speakers': np.float64(4.0), 'no_teams2': 44, 'pts_speaking': np.float64(84.0), 'speaking_class': 'S-C'}, 'Schools': {'is_highest_non_open_cat': False, 'no_wbr_speakers': np.int64(0), 'no_79.11plus_speakers': 0, 'no_qual_speakers': np.float64(0.0), 'no_teams2': 18, 'pts_speaking': np.float64(18.0), 'speaking_class': 'S-E'}}",52,22,448,J-AAA,4,,success,success,5,280,278
Doxbridge III 2020,https://doxbridge-3.calicotab.com/doxbridge3/,2020,,TRUE,English,BP,Doxbridge III,FALSE,University,,IONA,England,self,,,,,162,160,18,61,48.5,645.0,S-AAA,"['ESL', 'Schools']","['ESL', 'Schools']","{'ESL': {'is_highest_non_open_cat': True, 'no_wbr_speakers': np.int64(0), 'no_79.11plus_speakers': 1, 'no_qual_speakers': np.float64(0.5), 'no_teams2': 47, 'pts_speaking': np.float64(52.0), 'speaking_class': 'S-E'}, 'Schools': {'is_highest_non_open_cat': False, 'no_wbr_speakers': np.int64(0), 'no_79.11plus_speakers': 0, 'no_qual_speakers': np.float64(0.0), 'no_teams2': 20, 'pts_speaking': np.float64(20.0), 'speaking_class': 'S-E'}}",68,20,428,J-AAA,5,"Enting Lee, Lucia Arce Cubas, Jason Xiao, Amrit, Teck Wei Tan",success,success,5,322,317
Doxbridge IV 2021,https://doxbridge-four.calicotab.com/doxbridge4/,2021,,FALSE,English,BP,Doxbridge IV,FALSE,University,,IONA,England,self,,,,,184,184,10,74,47,654.0,S-AA,"['ESL', 'Schools']","['ESL', 'Schools']","{'ESL': {'is_highest_non_open_cat': True, 'no_wbr_speakers': np.int64(0), 'no_79.11plus_speakers': 1, 'no_qual_speakers': np.float64(0.5), 'no_teams2': 60, 'pts_speaking': np.float64(65.0), 'speaking_class': 'S-D'}, 'Schools': {'is_highest_non_open_cat': False, 'no_wbr_speakers': np.int64(0), 'no_79.11plus_speakers': 0, 'no_qual_speakers': np.float64(0.0), 'no_teams2': 18, 'pts_speaking': np.float64(18.0), 'speaking_class': 'S-E'}}",94,12,310,J-AA,4,"Hamza Tariq Chaudhry, Naomi Panovka, Lovro Šprem, Jessica Musulin",success,success,5,368,368
Doxbridge Pre-WUDC 2022,https://doxbridge-prewudc.calicotab.com/prewudc/,2022,,FALSE,English,BP,Doxbridge Pre-WUDC,FALSE,University,,IONA,England,self,,,,,180,178,19,67,52.5,703.0,S-AAA,"['ESL', 'Schools']","['ESL', 'Schools']","{'ESL': {'is_highest_non_open_cat': True, 'no_wbr_speakers': np.int64(0), 'no_79.11plus_speakers': 3, 'no_qual_speakers': np.float64(1.5), 'no_teams2': 77, 'pts_speaking': np.float64(92.0), 'speaking_class': 'S-D'}, 'Schools': {'is_highest_non_open_cat': False, 'no_wbr_speakers': np.int64(0), 'no_79.11plus_speakers': 0, 'no_qual_speakers': np.float64(0.0), 'no_teams2': 16, 'pts_speaking': np.float64(16.0), 'speaking_class': 'S-E'}}",62,15,332,J-AA+,3,,success,success,5,359,355
Doxbridge Worlds (Eastern) 2021,https://doxbridge-worlds.calicotab.com/east/,2021,,FALSE,English,BP,Doxbridge Worlds (Eastern),FALSE,University,,IONA,England,self,,,,,81,80,7,32,23,310.0,S-A+,"['ESL', 'Schools']",[],{},37,0,37,J-E,0,,success,success,9,162,160
Doxbridge Worlds (Outrounds) 2021,https://doxbridge-worlds.calicotab.com/unified/,2021,,FALSE,English,BP,Doxbridge Worlds (Outrounds),FALSE,University,Online,IONA,England,self,,,,,207,203,16,78,55,752.0,S-AAA,,"['EFL', 'Schools', 'ESL']","{'EFL': {'is_highest_non_open_cat': False}, 'Schools': {'is_highest_non_open_cat': False}, 'ESL': {'is_highest_non_open_cat': True}}",47,14,299,J-AA,8,"Lucia Arce - O, Amrit Agastia - O, Sajid Asbat Khandaker - O, Sebastian Dasso - O, Jason Xiao - O, Emma Buckland - O, Dominic Guinane - O, Nar Sher May - O, Tota Takahashi - O",error getting speaker tab,success,0,413,405
Doxbridge Worlds (Western) 2021,https://doxbridge-worlds.calicotab.com/west/,2021,,FALSE,English,BP,Doxbridge Worlds (Western),FALSE,University,,IONA,England,self,,,,,126,123,9,46,32,442.0,S-AA,"['ESL', 'EFL', 'Schools']",[],{},58,0,58,J-D,0,,success,success,9,251,245
Drexel Open 2023,https://drexelopen2023.calicotab.com/_/,2023,,TRUE,English,BP,Drexel Open,FALSE,University,,North America,United States,self,,,,,51,42,5,10,10,141.0,S-B,"['ESL', 'Novice']","['ESL', 'Novice']","{'ESL': {'is_highest_non_open_cat': True, 'no_wbr_speakers': np.int64(0), 'no_79.11plus_speakers': 0, 'no_qual_speakers': np.float64(0.0), 'no_teams2': 11, 'pts_speaking': np.float64(11.0), 'speaking_class': 'S-E'}, 'Novice': {'is_highest_non_open_cat': False, 'no_wbr_speakers': np.int64(0), 'no_79.11plus_speakers': 0, 'no_qual_speakers': np.float64(0.0), 'no_teams2': 11, 'pts_speaking': np.float64(11.0), 'speaking_class': 'S-E'}}",26,7,152,J-A,3,,success,success,5,100,83
Drexel Open 2024,https://drexel2024.calicotab.com/drexel2024/,2024,2024-06-15,TRUE,English,BP,Drexel Open,FALSE,University,,North America,United States,self,,,,,48,45,8,16,16,205.0,S-A,['Novice'],['Novice'],"{'Novice': {'is_highest_non_open_cat': True, 'no_wbr_speakers': np.int64(0), 'no_79.11plus_speakers': 0, 'no_qual_speakers': np.float64(0.0), 'no_teams2': 11, 'pts_speaking': np.float64(11.0), 'speaking_class': 'S-E'}}",27,1,45,J-C,5,,success,success,5,95,89
Drexel Open 2025,https://drexelopen2025.calicotab.com/drexel25/,2025,2025-03-22,TRUE,English,BP,Drexel Open,FALSE,University,Online,North America,United States,public,,,,,34,32,7,9,11.5,147.0,S-B,[],[],{},12,2,48,J-C,3,,success,success,5,68,64
Drexel Open 2026,https://drexelopen2026.calicotab.com/_/,2026,2026-05-23,TRUE,English,BP,Drexel Open,FALSE,University,Online,North America,United States,self,,,,,39,36,1,7,4.5,81.0,S-C,['ESL'],"['Open', 'ESL']","{'ESL': {'is_highest_non_open_cat': True, 'no_wbr_speakers': np.int64(0), 'no_79.11plus_speakers': 0, 'no_qual_speakers': np.float64(0.0), 'no_teams2': 10, 'pts_speaking': np.float64(10.0), 'speaking_class': 'S-E'}}",17,3,71,J-B,3,,success,success,5,77,72
Drexel Pre-WUDC 2025,https://drexelprewudc2025.calicotab.com/_/,2025,2025-08-23,TRUE,English,BP,Drexel Pre-WUDC,FALSE,University,Online,North America,United States,self,,,,,51,47,7,25,19.5,242.0,S-A+,"['ESL', 'Pro-Am']","['Pro-Am', 'ESL']","{'Pro-Am': {'is_highest_non_open_cat': False, 'no_wbr_speakers': np.int64(1), 'no_79.11plus_speakers': 0, 'no_qual_speakers': np.float64(1.0), 'no_teams2': 12, 'pts_speaking': np.float64(22.0), 'speaking_class': 'S-E'}, 'ESL': {'is_highest_non_open_cat': True, 'no_wbr_speakers': np.int64(0), 'no_79.11plus_speakers': 2, 'no_qual_speakers': np.float64(1.0), 'no_teams2': 14, 'pts_speaking': np.float64(24.0), 'speaking_class': 'S-E'}}",33,9,195,J-A+,4,,success,success,5,102,92
DSDC Coherence 2021,https://dsdc2021.calicotab.com/dsdc/,2021,,TRUE,English,BP,DSDC Coherence,FALSE,University,,Asia,,self,,,,,45,44,0,1,0.5,48.0,S-E,['Novice'],['Novice'],"{'Novice': {'is_highest_non_open_cat': True, 'no_wbr_speakers': np.int64(0), 'no_79.11plus_speakers': 0, 'no_qual_speakers': np.float64(0.0), 'no_teams2': 22, 'pts_speaking': np.float64(22.0), 'speaking_class': 'S-E'}}",22,1,40,J-C,5,,success,success,4,93,88
DTU Monsoons 2024,https://dtumonsoons2024.calicotab.com/dtumonsoons2024/,2024,2024-08-17,TRUE,English,BP,DTU Monsoons,FALSE,University,,Asia,India,self,,,,,125,115,5,16,13,245.0,S-A,['Novice'],['Novice'],"{'Novice': {'is_highest_non_open_cat': True, 'no_wbr_speakers': np.int64(0), 'no_79.11plus_speakers': 0, 'no_qual_speakers': np.float64(0.0), 'no_teams2': 71, 'pts_speaking': np.float64(71.0), 'speaking_class': 'S-D'}}",85,4,157,J-B,4,,success,success,5,249,227
DTU Monsoons 2025,https://dtumonsoons2025.calicotab.com/dtumonsoons2025/,2025,2025-08-24,TRUE,English,BP,DTU Monsoons,FALSE,University,Online,Asia,India,public,,,,,43,42,0,1,0.5,47.0,S-E,['Novice'],['Novice'],"{'Novice': {'is_highest_non_open_cat': True, 'no_wbr_speakers': np.int64(0), 'no_79.11plus_speakers': 0, 'no_qual_speakers': np.float64(0.0), 'no_teams2': 20, 'pts_speaking': np.float64(20.0), 'speaking_class': 'S-E'}}",30,0,30,J-E,4,,success,success,5,84,83
DTU Monsoons 2026,https://dtumonsoons2026.calicotab.com/_/,2026,2026-07-25,TRUE,English,BP,DTU Monsoons,FALSE,University,Online,Asia,India,public,,,,,103,87,1,16,9,176.0,S-C,['Novice'],"['Open', 'Novice']","{'Novice': {'is_highest_non_open_cat': True, 'no_wbr_speakers': np.int64(0), 'no_79.11plus_speakers': 0, 'no_qual_speakers': np.float64(0.0), 'no_teams2': 29, 'pts_speaking': np.float64(29.0), 'speaking_class': 'S-E'}}",68,0,68,J-D,4,,success,success,5,201,172
DTU PD 2021,https://dtupd2021.calicotab.com/dtupd2021/,2021,,,English,BP,DTU PD,FALSE,University,,Asia,India,self,,,,,105,89,1,3,2.5,114.0,S-D,['Novice'],['Novice'],"{'Novice': {'is_highest_non_open_cat': True, 'no_wbr_speakers': np.int64(0), 'no_79.11plus_speakers': 0, 'no_qual_speakers': np.float64(0.0), 'no_teams2': 62, 'pts_speaking': np.float64(62.0), 'speaking_class': 'S-D'}}",65,1,83,J-C,5,,success,success,5,206,176
DTU PD 2023,https://dtupd2023.calicotab.com/dtupd2023/,2023,,TRUE,English,BP,DTU PD,FALSE,University,In person,Asia,India,public,,,,,64,53,0,5,2.5,78.0,S-D,['Novice'],['Novice'],"{'Novice': {'is_highest_non_open_cat': True, 'no_wbr_speakers': np.int64(0), 'no_79.11plus_speakers': 0, 'no_qual_speakers': np.float64(0.0), 'no_teams2': 32, 'pts_speaking': np.float64(32.0), 'speaking_class': 'S-E'}}",42,1,60,J-C,4,,success,success,5,126,105
DTU PD 2024,https://dtupd2024.calicotab.com/dtupd2024/,2024,,TRUE,English,BP,DTU PD,FALSE,University,Online,Asia,India,public,,,,,114,106,1,3,2.5,130.0,S-D,['Novice'],"['Open', 'Novice']","{'Novice': {'is_highest_non_open_cat': True, 'no_wbr_speakers': np.int64(0), 'no_79.11plus_speakers': 0, 'no_qual_speakers': np.float64(0.0), 'no_teams2': 76, 'pts_speaking': np.float64(76.0), 'speaking_class': 'S-D'}}",82,1,100,J-C,4,,success,success,5,223,209
DTU PD 2025,https://dtupd25.calicotab.com/dtupd2025/,2025,2025-03-29,TRUE,English,BP,DTU PD,FALSE,University,In person,Asia,India,public,,,,,46,42,0,6,3,71.0,S-C,['Novice'],['Novice'],"{'Novice': {'is_highest_non_open_cat': True, 'no_wbr_speakers': np.int64(0), 'no_79.11plus_speakers': 0, 'no_qual_speakers': np.float64(0.0), 'no_teams2': 12, 'pts_speaking': np.float64(12.0), 'speaking_class': 'S-E'}}",33,1,51,J-C,4,,success,success,5,92,84
DTU Pre-WUDC 2025,https://dtupreworlds2025.calicotab.com/dtupreworlds2025/,2025,2025-11-01,TRUE,English,BP,DTU Pre-WUDC,FALSE,University,Online,Asia,India,self,,,,,56,46,2,6,5,95.0,S-C,['Novice'],['Novice'],"{'Novice': {'is_highest_non_open_cat': True, 'no_wbr_speakers': np.int64(0), 'no_79.11plus_speakers': 0, 'no_qual_speakers': np.float64(0.0), 'no_teams2': 18, 'pts_speaking': np.float64(18.0), 'speaking_class': 'S-E'}}",39,0,39,J-E,4,,success,success,5,110,92
DU (Dhaka) Nationals 2025,https://duds.calicotab.com/du_nationals_iv25/,2025,2025-02-14,TRUE,English,BP,DU (Dhaka) Nationals,FALSE,University,In person,Asia,Bangladesh,public,,,,,17,17,0,0,0,17.0,S-E,[],[],{},13,0,13,J-E,0,,success,success,4,34,34
DU CVS Mukhtalif Pre-ABP 2026,https://mukhtalif2025.calicotab.com/mukhtalif2026/,2026,2026-06-20,TRUE,English,BP,DU CVS Mukhtalif Pre-ABP,FALSE,University,,Asia,India,self,,,,,89,77,0,0,0,77.0,S-D,['Novice'],"['Novice', 'Open']","{'Novice': {'is_highest_non_open_cat': True, 'no_wbr_speakers': np.int64(0), 'no_79.11plus_speakers': 0, 'no_qual_speakers': np.float64(0.0), 'no_teams2': 52, 'pts_speaking': np.float64(52.0), 'speaking_class': 'S-E'}}",53,0,53,J-D,5,,success,success,5,175,152
DU DDUC Vitark 2022,https://7th-vitark.calicotab.com/vitark2022/,2022,,,English,BP,DU DDUC Vitark,FALSE,University,,Asia,,self,,,,,60,58,0,4,2,78.0,S-D,['Novice'],['Novice'],"{'Novice': {'is_highest_non_open_cat': True, 'no_wbr_speakers': np.int64(0), 'no_79.11plus_speakers': 0, 'no_qual_speakers': np.float64(0.0), 'no_teams2': 25, 'pts_speaking': np.float64(25.0), 'speaking_class': 'S-E'}}",46,1,64,J-C,4,,success,success,5,120,114
DU DDUC Vitark 2024,https://vitark2024.calicotab.com/vitark2025/,2026,,TRUE,English,BP,DU DDUC Vitark,FALSE,University,,Asia,India,self,,,,,41,40,3,6,6,100.0,S-B,['Novice'],"['Open', 'Novice']","{'Novice': {'is_highest_non_open_cat': True, 'no_wbr_speakers': np.int64(0), 'no_79.11plus_speakers': 0, 'no_qual_speakers': np.float64(0.0), 'no_teams2': 17, 'pts_speaking': np.float64(17.0), 'speaking_class': 'S-E'}}",20,0,20,J-E,4,,success,success,5,82,78
DU JDMC Bhaavarth 2024,https://bhaavarth2024.calicotab.com/bhaavarthpd24/,2024,,TRUE,English,BP,DU JDMC Bhaavarth,FALSE,University,Online,Asia,India,public,,,,,74,72,0,3,1.5,86.0,S-D,['Novice'],['Novice'],"{'Novice': {'is_highest_non_open_cat': True, 'no_wbr_speakers': np.int64(0), 'no_79.11plus_speakers': 0, 'no_qual_speakers': np.float64(0.0), 'no_teams2': 43, 'pts_speaking': np.float64(43.0), 'speaking_class': 'S-E'}}",54,0,54,J-D,5,,success,success,5,148,141
DU JDMC Bhaavarth (2.0) 2025,https://bhaavarth2024.calicotab.com/bhaavarthpreWUDC/,2025,,TRUE,English,BP,DU JDMC Bhaavarth,FALSE,University,,Asia,India,self,,,,,48,44,0,0,0,44.0,S-E,['Novice'],"['Open', 'Novice']","{'Novice': {'is_highest_non_open_cat': True, 'no_wbr_speakers': np.int64(0), 'no_79.11plus_speakers': 0, 'no_qual_speakers': np.float64(0.0), 'no_teams2': 27, 'pts_speaking': np.float64(27.0), 'speaking_class': 'S-E'}}",39,0,39,J-E,4,,success,success,4,96,86
DU MAC Filibuster PD 2025,https://filibusterpd25.calicotab.com/filibusterpd25/,2025,,TRUE,English,BP,DU MAC Filibuster PD,FALSE,University,In person,Asia,,public,,,,,32,28,0,0,0,28.0,S-E,[],['Open'],{},21,0,21,J-E,3,,success,success,4,64,56
DU MH EDS Manzar 2022,https://manzar2022.calicotab.com/manzar2022/,2022,,FALSE,English,BP,DU MH EDS Manzar,FALSE,University,,Asia,,self,,,,,49,47,0,0,0,47.0,S-E,[],[],{},35,0,35,J-E,3,,success,success,5,96,94
DU MH EDS Manzar 2023,https://manzar2023.calicotab.com/manzar2023/,2023,,TRUE,English,BP,DU MH EDS Manzar,FALSE,University,,Asia,,self,,,,,119,104,0,5,2.5,127.0,S-D,['Novice'],['Novice'],"{'Novice': {'is_highest_non_open_cat': True, 'no_wbr_speakers': np.int64(0), 'no_79.11plus_speakers': 0, 'no_qual_speakers': np.float64(0.0), 'no_teams2': 39, 'pts_speaking': np.float64(39.0), 'speaking_class': 'S-E'}}",79,2,115,J-C,2,,success,success,5,237,206
DU MH EDS Manzar 2024,https://manzar2024.calicotab.com/manzar2024/,2024,,TRUE,English,BP,DU MH EDS Manzar,FALSE,University,In person,Asia,India,public,,,,,87,78,0,7,3.5,113.0,S-C,['Novice'],['Novice'],"{'Novice': {'is_highest_non_open_cat': True, 'no_wbr_speakers': np.int64(0), 'no_79.11plus_speakers': 0, 'no_qual_speakers': np.float64(0.0), 'no_teams2': 49, 'pts_speaking': np.float64(49.0), 'speaking_class': 'S-E'}}",67,2,103,J-C,4,,success,success,5,174,154
DU MH EDS Manzar 2025,https://manzar.calicotab.com/Manzar/,2025,,TRUE,English,BP,DU MH EDS Manzar,FALSE,University,In person,Asia,,public,,,,,101,94,0,1,0.5,98.0,S-D,['Novice'],['Novice'],"{'Novice': {'is_highest_non_open_cat': True, 'no_wbr_speakers': np.int64(0), 'no_79.11plus_speakers': 0, 'no_qual_speakers': np.float64(0.0), 'no_teams2': 60, 'pts_speaking': np.float64(60.0), 'speaking_class': 'S-D'}}",67,0,67,J-D,5,,success,success,5,201,187
DU MH EDS Manzar 2026,https://manzar26.calicotab.com/Manzar_2026/,2026,,TRUE,English,BP,DU MH EDS Manzar,FALSE,University,In person,Asia,India,public,,,,,122,111,1,6,4,151.0,S-C,['Novice'],"['Novice', 'Open']","{'Novice': {'is_highest_non_open_cat': True, 'no_wbr_speakers': np.int64(0), 'no_79.11plus_speakers': 0, 'no_qual_speakers': np.float64(0.0), 'no_teams2': 72, 'pts_speaking': np.float64(72.0), 'speaking_class': 'S-D'}}",85,0,85,J-D,5,,success,success,5,240,218
DU SBS BPD 2022,https://sbs.calicotab.com/sbsbpd22/,2022,,FALSE,English,BP,DU SBS BPD,FALSE,University,,Asia,,self,,,,,76,72,0,3,1.5,91.0,S-D,['Novice'],['Novice'],"{'Novice': {'is_highest_non_open_cat': True, 'no_wbr_speakers': np.int64(0), 'no_79.11plus_speakers': 0, 'no_qual_speakers': np.float64(0.0), 'no_teams2': 36, 'pts_speaking': np.float64(36.0), 'speaking_class': 'S-E'}}",37,1,55,J-C,3,,success,success,6,156,153
DU SBS BPD 2023,https://sbs.calicotab.com/sbsbpd23/,2023,,TRUE,English,BP,DU SBS BPD,FALSE,University,,Asia,,self,,,,,46,35,0,2,1,49.0,S-E,['Novice'],['Novice'],"{'Novice': {'is_highest_non_open_cat': True, 'no_wbr_speakers': np.int64(0), 'no_79.11plus_speakers': 0, 'no_qual_speakers': np.float64(0.0), 'no_teams2': 9, 'pts_speaking': np.float64(9.0), 'speaking_class': 'S-E'}}",28,0,28,J-E,4,,success,success,6,96,78
DU SBS BPD 2024,https://sbs.calicotab.com/sbsbpd24/,2024,2024-02-,TRUE,English,BP,DU SBS BPD,FALSE,University,,Asia,,self,,,,,91,78,0,4,2,98.0,S-D,['Novice'],['Novice'],"{'Novice': {'is_highest_non_open_cat': True, 'no_wbr_speakers': np.int64(0), 'no_79.11plus_speakers': 0, 'no_qual_speakers': np.float64(0.0), 'no_teams2': 37, 'pts_speaking': np.float64(37.0), 'speaking_class': 'S-E'}}",67,0,67,J-D,3,,success,success,5,179,155
DU SBS BPD 2025,https://sbs.calicotab.com/sbsbpd25/,2025,,TRUE,English,BP,DU SBS BPD,FALSE,University,,Asia,India,self,,,,,42,36,0,4,2,56.0,S-E,['Novice'],"['Novice', 'Open']","{'Novice': {'is_highest_non_open_cat': True, 'no_wbr_speakers': np.int64(0), 'no_79.11plus_speakers': 0, 'no_qual_speakers': np.float64(0.0), 'no_teams2': 22, 'pts_speaking': np.float64(22.0), 'speaking_class': 'S-E'}}",35,0,35,J-E,4,,success,success,5,84,72
DU SBS BPD 2026,https://sbs.calicotab.com/sbsbpd26/,2026,,TRUE,English,BP,DU SBS BPD,FALSE,University,In person,Asia,India,public,,,,,51,42,0,11,5.5,97.0,S-C,['Novice'],"['Novice', 'Open']","{'Novice': {'is_highest_non_open_cat': True, 'no_wbr_speakers': np.int64(0), 'no_79.11plus_speakers': 0, 'no_qual_speakers': np.float64(0.0), 'no_teams2': 23, 'pts_speaking': np.float64(23.0), 'speaking_class': 'S-E'}}",30,0,30,J-E,4,,success,success,5,102,84
DU SGTB Khalsa Logicia 2026,https://logicia2026.calicotab.com/logicia2026/,2026,,TRUE,English,BP,DU SGTB Khalsa Logicia,FALSE,University,In person,Asia,,public,,,,,20,16,0,1,0.5,20.0,S-E,[],['Open'],{},10,0,10,J-E,3,,success,success,4,40,32
DU SVC People Speak 2024,https://peoplespeak2024.calicotab.com/peoplespeak2024/,2024,,TRUE,English,BP,DU SVC People Speak,FALSE,University,In person,Asia,,public,,,,,70,61,1,10,6,121.0,S-C,['Novice'],['Novice'],"{'Novice': {'is_highest_non_open_cat': True, 'no_wbr_speakers': np.int64(0), 'no_79.11plus_speakers': 0, 'no_qual_speakers': np.float64(0.0), 'no_teams2': 37, 'pts_speaking': np.float64(37.0), 'speaking_class': 'S-E'}}",74,0,74,J-D,4,,success,success,5,140,122
DU SVC People Speak 2025,https://peoplespeak2025.calicotab.com/peoplespeak2025/,2025,,TRUE,English,BP,DU SVC People Speak,FALSE,University,In person,Asia,,public,,,,,92,84,1,5,3.5,119.0,S-C,['Novice'],['Novice'],"{'Novice': {'is_highest_non_open_cat': True, 'no_wbr_speakers': np.int64(0), 'no_79.11plus_speakers': 0, 'no_qual_speakers': np.float64(0.0), 'no_teams2': 47, 'pts_speaking': np.float64(47.0), 'speaking_class': 'S-E'}}",63,0,63,J-D,5,,success,success,5,182,166
DU SVC People Speak 2026,https://peoplespeak2026.calicotab.com/Peoplespeak26/,2026,2026-01-31,TRUE,English,BP,DU SVC People Speak,FALSE,University,In person,Asia,India,public,,,,,83,80,0,7,3.5,115.0,S-C,['Novice'],"['Open', 'Novice']","{'Novice': {'is_highest_non_open_cat': True, 'no_wbr_speakers': np.int64(0), 'no_79.11plus_speakers': 0, 'no_qual_speakers': np.float64(0.0), 'no_teams2': 46, 'pts_speaking': np.float64(46.0), 'speaking_class': 'S-E'}}",57,1,75,J-C,4,,success,success,5,165,159
DU ZHDC Rifaaqat BPD 2025,https://rifaaqat.calicotab.com/_/,2025,,TRUE,English,BP,DU ZHDC Rifaaqat BPD,FALSE,University,,Asia,India,self,,,,,32,26,0,0,0,26.0,S-E,['Novice'],"['Open', 'Novice']","{'Novice': {'is_highest_non_open_cat': True, 'no_wbr_speakers': np.int64(0), 'no_79.11plus_speakers': 0, 'no_qual_speakers': np.float64(0.0), 'no_teams2': 15, 'pts_speaking': np.float64(15.0), 'speaking_class': 'S-E'}}",24,0,24,J-E,3,,success,success,4,63,52
Duke Open 2022,https://dukeopen2022.calicotab.com/duke2022/,2022,,FALSE,English,BP,Duke Open,FALSE,University,,North America,United States,self,,,,,40,40,3,6,6,100.0,S-B,['Novice'],['Novice'],"{'Novice': {'is_highest_non_open_cat': True, 'no_wbr_speakers': np.int64(0), 'no_79.11plus_speakers': 0, 'no_qual_speakers': np.float64(0.0), 'no_teams2': 12, 'pts_speaking': np.float64(12.0), 'speaking_class': 'S-E'}}",20,4,92,J-B,4,,success,success,5,80,79
Durham IV 2021,https://durhamiv2021.calicotab.com/iv/,2021,,TRUE,English,BP,Durham IV,FALSE,University,,IONA,England,self,,,,,48,44,5,5,7.5,119.0,S-B,"['ESL', 'Pro-am']","['ESL', 'Pro-Am']","{'ESL': {'is_highest_non_open_cat': True, 'no_wbr_speakers': np.int64(1), 'no_79.11plus_speakers': 0, 'no_qual_speakers': np.float64(1.0), 'no_teams2': 17, 'pts_speaking': np.float64(27.0), 'speaking_class': 'S-E'}, 'Pro-Am': {'is_highest_non_open_cat': False}}",34,6,142,J-A,3,"Parth, Olja, Jason",success,success,5,93,88
Durham IV 2022,https://durhamiv2022.calicotab.com/_/,2022,,TRUE,English,BP,Durham IV,FALSE,University,,IONA,England,public,,,,,30,28,2,8,6,88.0,S-B,['Pro-Am'],"['Open', 'Pro-Am']","{'Pro-Am': {'is_highest_non_open_cat': True, 'no_wbr_speakers': np.int64(0), 'no_79.11plus_speakers': 0, 'no_qual_speakers': np.float64(0.0), 'no_teams2': 13, 'pts_speaking': np.float64(13.0), 'speaking_class': 'S-E'}}",20,1,38,J-C,2,,success,success,5,60,55
Durham IV 2023,https://durhamiv2023.calicotab.com/durhamiv2023/,2023,,TRUE,English,BP,Durham IV,FALSE,University,,IONA,England,self,,,,,33,32,2,9,6.5,97.0,S-B,['ProAm'],['ProAm'],"{'ProAm': {'is_highest_non_open_cat': True, 'no_wbr_speakers': np.int64(0), 'no_79.11plus_speakers': 0, 'no_qual_speakers': np.float64(0.0), 'no_teams2': 18, 'pts_speaking': np.float64(18.0), 'speaking_class': 'S-E'}}",25,0,25,J-E,2,,success,success,5,66,64
Durham IV 2024,https://durhamiv2024.calicotab.com/durhamiv2024/,2024,2024-11-23,TRUE,English,BP,Durham IV,FALSE,University,,IONA,England,self,,,,,44,44,1,17,9.5,138.0,S-C,['Novice'],['Novice'],"{'Novice': {'is_highest_non_open_cat': True, 'no_wbr_speakers': np.int64(0), 'no_79.11plus_speakers': 0, 'no_qual_speakers': np.float64(0.0), 'no_teams2': 16, 'pts_speaking': np.float64(16.0), 'speaking_class': 'S-E'}}",22,2,58,J-C,4,,success,success,5,88,86
Durham IV 2025,https://durhamiv2025.calicotab.com/durhamiv2025/,2025,2025-11-29,TRUE,English,BP,Durham IV,FALSE,University,In person,IONA,England,self,,,,,44,44,2,11,7.5,119.0,S-B,['Novice'],['Novice'],"{'Novice': {'is_highest_non_open_cat': True, 'no_wbr_speakers': np.int64(0), 'no_79.11plus_speakers': 0, 'no_qual_speakers': np.float64(0.0), 'no_teams2': 14, 'pts_speaking': np.float64(14.0), 'speaking_class': 'S-E'}}",30,0,30,J-E,4,,success,success,5,88,88
Dutch DL 2024,https://ddl2024.calicotab.com/DDL/,2024,,TRUE,English,BP,Dutch DL,FALSE,University,,Europe,Netherlands,self,,,,,12,12,0,3,1.5,27.0,S-E,[],[],{},6,0,6,J-E,3,,success,success,3,24,24
Dutch DL 2025,https://ddl2025.calicotab.com/DDL25/,2025,2025-10-11,TRUE,English,BP,Dutch DL,FALSE,University,In person,Europe,Netherlands,self,,,,,20,20,0,2,1,30.0,S-E,['Novice Brake'],['Novice'],{'Novice': {'is_highest_non_open_cat': True}},15,0,15,J-E,2,,success,success,5,40,40
Earlsfort Open 2021,https://earlsfortopen2021.calicotab.com/earlsfortopen2021/,2021,,TRUE,English,BP,Earlsfort Open,FALSE,University,Online,IONA,Ireland,public,,,,,32,28,9,15,16.5,191.0,S-A,[],[],{},21,2,57,J-C,3,,success,success,4,57,51
Earlsfort Open 2023,https://earlsfort2023.calicotab.com/_/,2023,,TRUE,English,BP,Earlsfort Open,FALSE,University,,IONA,,self,,,,,53,52,16,22,27,322.0,S-AA,['ESL'],['ESL'],"{'ESL': {'is_highest_non_open_cat': True, 'no_wbr_speakers': np.int64(1), 'no_79.11plus_speakers': 0, 'no_qual_speakers': np.float64(1.0), 'no_teams2': 18, 'pts_speaking': np.float64(28.0), 'speaking_class': 'S-E'}}",28,7,154,J-A,3,,success,success,5,106,102
Earlsfort Open 2024,https://earlsfort2024.calicotab.com/earslfort2024/,2024,2024-10-19,TRUE,English,BP,Earlsfort Open,FALSE,University,In person,IONA,Ireland,public,,,,,38,35,3,10,8,115.0,S-B,['Novice'],['Novice'],"{'Novice': {'is_highest_non_open_cat': True, 'no_wbr_speakers': np.int64(0), 'no_79.11plus_speakers': 0, 'no_qual_speakers': np.float64(0.0), 'no_teams2': 22, 'pts_speaking': np.float64(22.0), 'speaking_class': 'S-E'}}",16,4,88,J-B,3,,success,success,5,74,67
Earlsfort Open 2025,https://earlsfortopen2025.calicotab.com/earlsfortopen2025/,2025,2025-10-25,TRUE,English,BP,Earlsfort Open,FALSE,University,In person,IONA,Ireland,self,,,,,34,32,0,4,2,51.0,S-E,['Novice'],['Novice'],"{'Novice': {'is_highest_non_open_cat': True, 'no_wbr_speakers': np.int64(0), 'no_79.11plus_speakers': 0, 'no_qual_speakers': np.float64(0.0), 'no_teams2': 14, 'pts_speaking': np.float64(14.0), 'speaking_class': 'S-E'}}",23,0,23,J-E,3,,success,success,5,66,61
East African UDC 2024,https://eaudc24.calicotab.com/eaudc24/,2024,,TRUE,English,BP,East African UDC,FALSE,University,,Africa,,self,,,,,36,32,0,4,2,52.0,S-E,[],['Open'],{},23,0,23,J-E,0,,success,success,6,71,64
East India Pre-WUDC 2025,https://pratijjav19.calicotab.com/EastIndiaPre-Worlds/,2025,2025-11-29,TRUE,English,BP,East India Pre-WUDC,FALSE,University,Online,Asia,India,self,,,,,,,,,,,S-D,,['Novice'],{'Novice': {'is_highest_non_open_cat': True}},28,0,28,J-E,3,,error getting speaker tab,success,5,,
East Malaysia Open 2024,https://muhib.calicotab.com/EMO/,2024,2024-08-02,TRUE,English,BP,East Malaysia Open,FALSE,University,,Asia,Malaysia,self,,,,,97,96,8,10,13,226.0,S-A,['Novice'],['Novice'],"{'Novice': {'is_highest_non_open_cat': True, 'no_wbr_speakers': np.int64(0), 'no_79.11plus_speakers': 0, 'no_qual_speakers': np.float64(0.0), 'no_teams2': 44, 'pts_speaking': np.float64(44.0), 'speaking_class': 'S-E'}}",32,1,50,J-C,4,,success,success,4,194,192
Eco Debate IV 2024,https://debatefoster.calicotab.com/ecoiv2024/,2024,,TRUE,English,BP,Eco Debate IV,FALSE,University,,Africa,Uganda,self,,,,,47,38,0,5,2.5,62.0,S-D,[],['Open'],{},10,0,10,J-E,0,,success,success,5,88,67
Economics Open 2021,https://tabtastic.calicotab.com/econopen/,2021,,FALSE,English,BP,Economics Open,FALSE,University,,IONA,,self,,,,,44,44,5,18,14,184.0,S-A,[],[],{},23,0,23,J-E,4,,success,success,4,88,88
Edinburgh Cup 2022,https://edinburgh.calicotab.com/edcup22/,2022,2022-10-11,TRUE,English,BP,Edinburgh Cup,FALSE,University,,IONA,Scotland,self,,,,,41,41,9,8,13,170.0,S-A,"['ESL', 'Novice', 'Pro Am']","['Open', 'Pro Am']","{'Pro Am': {'is_highest_non_open_cat': True, 'no_wbr_speakers': np.int64(0), 'no_79.11plus_speakers': 0, 'no_qual_speakers': np.float64(0.0), 'no_teams2': 17, 'pts_speaking': np.float64(17.0), 'speaking_class': 'S-E'}}",23,7,149,J-A,5,,success,success,5,81,76
Edinburgh Cup 2023,https://edcup23.calicotab.com/edcup23/,2023,,TRUE,English,BP,Edinburgh Cup,FALSE,University,,IONA,Scotland,self,,,,,24,24,2,3,3.5,59.0,S-C,['Pro-Am'],['Pro-Am'],"{'Pro-Am': {'is_highest_non_open_cat': True, 'no_wbr_speakers': np.int64(0), 'no_79.11plus_speakers': 0, 'no_qual_speakers': np.float64(0.0), 'no_teams2': 11, 'pts_speaking': np.float64(11.0), 'speaking_class': 'S-E'}}",19,1,37,J-C,3,,success,success,5,48,48
Edinburgh Cup 2024,https://edicup2024.calicotab.com/EdCup2024/,2024,2024-09-28,TRUE,English,BP,Edinburgh Cup,FALSE,University,In person,IONA,Scotland,public,,,,,35,32,1,12,7,102.0,S-C,['Pro Am'],['Pro Am'],"{'Pro Am': {'is_highest_non_open_cat': True, 'no_wbr_speakers': np.int64(0), 'no_79.11plus_speakers': 0, 'no_qual_speakers': np.float64(0.0), 'no_teams2': 17, 'pts_speaking': np.float64(17.0), 'speaking_class': 'S-E'}}",23,3,77,J-B,4,,success,success,5,66,62
Edinburgh Cup 2025,https://edcup25.calicotab.com/_/,2025,2025-10-11,TRUE,English,BP,Edinburgh Cup,FALSE,University,In person,IONA,Scotland,public,,,,,40,40,1,18,10,140.0,S-C,['Novice'],['Novice'],"{'Novice': {'is_highest_non_open_cat': True, 'no_wbr_speakers': np.int64(0), 'no_79.11plus_speakers': 0, 'no_qual_speakers': np.float64(0.0), 'no_teams2': 22, 'pts_speaking': np.float64(22.0), 'speaking_class': 'S-E'}}",19,2,55,J-C,3,,success,success,5,79,79
Edinburgh No Notes 2024,https://ednn.calicotab.com/EdNN/,2024,2024-03-23,TRUE,English,BP,Edinburgh No Notes,FALSE,University,In person,IONA,Scotland,public,,,,,16,16,1,0,1,26.0,S-E,[],[],{},9,0,9,J-E,2,"Aymaan Sheikh, Rhea Abraham",success,success,3,30,30
Edinburgh Open 2023,https://edidebates.calicotab.com/edopen23/,2023,,TRUE,English,BP,Edinburgh Open,FALSE,University,,IONA,Scotland,self,,,,,30,28,4,9,8.5,113.0,S-B,['Pro-Am'],['Pro-Am'],"{'Pro-Am': {'is_highest_non_open_cat': True, 'no_wbr_speakers': np.int64(0), 'no_79.11plus_speakers': 0, 'no_qual_speakers': np.float64(0.0), 'no_teams2': 11, 'pts_speaking': np.float64(11.0), 'speaking_class': 'S-E'}}",24,3,78,J-B,3,,success,success,5,59,56
Educe Debate Tournament 2024,https://muhib.calicotab.com/EduceDisdcDebte/,2024,,TRUE,English,BP,Educe Debate Tournament,FALSE,University,,Asia,,self,,,,,79,72,0,3,1.5,87.0,S-D,['Novice'],"['Open', 'Novice']","{'Novice': {'is_highest_non_open_cat': True, 'no_wbr_speakers': np.int64(0), 'no_79.11plus_speakers': 0, 'no_qual_speakers': np.float64(0.0), 'no_teams2': 45, 'pts_speaking': np.float64(45.0), 'speaking_class': 'S-E'}}",33,0,33,J-E,4,,success,success,4,155,140
Eindhoven Open 2025,https://eindhovenopen2025.calicotab.com/EindhovenOpen2025/,2025,2025-03-29,TRUE,English,BP,Eindhoven Open,FALSE,University,In person,Europe,Netherlands,self,,,,,28,28,2,4,4,68.0,S-C,[],['Pro-Am'],{'Pro-Am': {'is_highest_non_open_cat': True}},16,0,16,J-E,3,,success,success,5,56,56
Emirates Verbal Combat 2024,https://summerwars2022.calicotab.com/EVC2024/,2024,,TRUE,English,BP,Emirates Verbal Combat,FALSE,University,In person,Africa,Nigeria,public,,,,,37,36,0,2,1,46.0,S-E,[],['Open'],{},31,0,31,J-E,2,,success,success,5,74,70
Empire IV 2026,https://inspired.calicotab.com/empire2026/,2026,2026-01-16,TRUE,English,BP,Empire IV,FALSE,University,Online,Africa,South Africa,public,,,,,91,67,0,3,1.5,81.0,S-D,"['ESL', 'Novice']","['ESL', 'Novice', 'Open']","{'ESL': {'is_highest_non_open_cat': True, 'no_wbr_speakers': np.int64(0), 'no_79.11plus_speakers': 0, 'no_qual_speakers': np.float64(0.0), 'no_teams2': 27, 'pts_speaking': np.float64(27.0), 'speaking_class': 'S-E'}, 'Novice': {'is_highest_non_open_cat': False, 'no_wbr_speakers': np.int64(0), 'no_79.11plus_speakers': 0, 'no_qual_speakers': np.float64(0.0), 'no_teams2': 16, 'pts_speaking': np.float64(16.0), 'speaking_class': 'S-E'}}",26,0,26,J-E,4,,success,success,7,175,122
Enchiridion BP 2024,https://enbp2024.calicotab.com/enbp2024/,2024,2024-08-10,TRUE,English,BP,Enchiridion BP,FALSE,University,Online,Asia,Philippines,public,,,,,61,60,0,0,0,60.0,S-D,['Novice'],['Novice'],"{'Novice': {'is_highest_non_open_cat': True, 'no_wbr_speakers': np.int64(0), 'no_79.11plus_speakers': 0, 'no_qual_speakers': np.float64(0.0), 'no_teams2': 36, 'pts_speaking': np.float64(36.0), 'speaking_class': 'S-E'}}",39,1,57,J-C,4,,success,success,4,121,117
Erasmus Novice Cup 2023,https://erasmusnovice2023.calicotab.com/ErasmusNovice2023/,2023,,TRUE,English,BP,Erasmus Novice Cup,FALSE,University,,Europe,Netherlands,self,,,,,24,24,0,0,0,24.0,S-E,[],[],{},11,0,11,J-E,4,,success,success,3,48,48
Erasmus Rotterdam Open 2023,https://ero2023.calicotab.com/_/,2023,,TRUE,English,BP,Erasmus Rotterdam Open,FALSE,University,,Europe,Netherlands,self,,,,,45,44,2,15,9.5,139.0,S-B,['ProAm'],['ProAm'],"{'ProAm': {'is_highest_non_open_cat': True, 'no_wbr_speakers': np.int64(0), 'no_79.11plus_speakers': 0, 'no_qual_speakers': np.float64(0.0), 'no_teams2': 22, 'pts_speaking': np.float64(22.0), 'speaking_class': 'S-E'}}",23,4,95,J-B,2,"Matt Caito, Lucie Slamova, Chris Mentis Cravaris",success,success,5,87,86
Erasmus Rotterdam Open 2024,https://ero2024.calicotab.com/ERO2024/,2024,2024-06-01,TRUE,English,BP,Erasmus Rotterdam Open,FALSE,University,,Europe,Netherlands,public,,,,,32,32,4,16,12,152.0,S-A,[],[],{},20,1,38,J-C,4,,success,success,5,64,64
Eristic BP 2024,https://dialectica.calicotab.com/Eristic2024/,2024,2024-11-02,TRUE,English,BP,Eristic BP,FALSE,University,,Asia,India,self,,,,,106,95,2,10,7,165.0,S-B,['Novice'],['Novice'],"{'Novice': {'is_highest_non_open_cat': True, 'no_wbr_speakers': np.int64(0), 'no_79.11plus_speakers': 0, 'no_qual_speakers': np.float64(0.0), 'no_teams2': 60, 'pts_speaking': np.float64(60.0), 'speaking_class': 'S-D'}}",54,1,72,J-C,4,,success,success,5,206,188
Estonian BP Pro-Am 2023,https://argument.calicotab.com/BPpro-am2023/,2023,,TRUE,English,BP,Estonian BP Pro-Am,FALSE,University,,Europe,Estonia,self,,,,,24,24,0,0,0,23.0,S-E,[],['Open'],{},9,0,9,J-E,0,,success,success,4,46,46
Estonian BP Pro-Am 2025,https://argument.calicotab.com/bpproam2025/,2025,,TRUE,English,BP,Estonian BP Pro-Am,FALSE,University,In person,Europe,Estonia,self,,,,,36,36,0,0,0,36.0,S-E,[],[],{},9,0,9,J-E,1,,success,success,4,72,71
Estonian Summer Academy 2025,https://argument.calicotab.com/suveaka2025eng/,2025,,TRUE,English,BP,Estonian Summer Academy,FALSE,University,,Europe,Estonia,self,,,,,32,29,0,4,2,49.0,S-E,[],['Open'],{},7,0,7,J-E,0,,success,success,4,62,58
Novi Sad EUDC 2018,https://docs.google.com/spreadsheets/d/18s85A0T2G89YBk7SR1X75qx97YP6uF-QUuo6uOiM3s4/edit?gid=2052351332#gid=2052351332,2018,,TRUE,English,BP,EUDC,TRUE,University,In person,Europe,Serbia,self,TRUE,,,"speaking only, no outrounds",,184,17,60,47,654.0,S-AA+,,[],{},,,,,,,error getting speaker tab,no rounds,,,367
Athens EUDC 2019,https://web.archive.org/web/20190815133014/https://athenseudc.herokuapp.com/athenseudc/tab/team/,2019,,TRUE,English,BP,EUDC,TRUE,University,In person,Europe,Greece,self,TRUE,,,speaking only,,213,23,61,53.5,751.0,S-AAA,,['ESL'],"{'ESL': {'is_highest_non_open_cat': True, 'no_wbr_speakers': np.int64(4), 'no_79.11plus_speakers': 8, 'no_qual_speakers': np.float64(8.0), 'no_teams2': 111, 'pts_speaking': np.float64(191.0), 'speaking_class': 'S-B'}}",,,,,,,error getting speaker tab,no prelims,,,426
Astana EUDC 2020,https://eudc2020.calicotab.com/eudc2020/,2020,,TRUE,English,BP,EUDC,TRUE,University,,Europe,Kazakhstan,self,,,,,168,168,11,53,37.5,543.0,S-AA,['ESL'],['ESL'],"{'ESL': {'is_highest_non_open_cat': True, 'no_wbr_speakers': np.int64(6), 'no_79.11plus_speakers': 23, 'no_qual_speakers': np.float64(17.5), 'no_teams2': 100, 'pts_speaking': np.float64(275.0), 'speaking_class': 'S-A'}}",171,34,783,J-AAA+,5,"Raffy Marshall, Monica Forman, Tin Puljic, Tom Manor, Melda Eren",success,success,9,336,335
Madrid EUDC 2021,https://eudc2021.calicotab.com/eudc2021/,2021,,TRUE,English,BP,EUDC,TRUE,University,,Europe,Spain,self,,,,,136,136,23,36,41,546.0,S-AA+,['ESL'],['ESL'],"{'ESL': {'is_highest_non_open_cat': True, 'no_wbr_speakers': np.int64(4), 'no_79.11plus_speakers': 11, 'no_qual_speakers': np.float64(9.5), 'no_teams2': 67, 'pts_speaking': np.float64(162.0), 'speaking_class': 'S-B'}}",129,36,777,J-AAA+,6,,success,success,9,272,270
Zagreb EUDC 2022,https://eudc2022.calicotab.com/eudc2022/,2022,,TRUE,English,BP,EUDC,TRUE,University,,Europe,Croatia,self,,,,,153,151,40,47,63.5,786.0,S-AAA,['ESL'],['ESL'],"{'ESL': {'is_highest_non_open_cat': True, 'no_wbr_speakers': np.int64(15), 'no_79.11plus_speakers': 20, 'no_qual_speakers': np.float64(25.0), 'no_teams2': 72, 'pts_speaking': np.float64(322.0), 'speaking_class': 'S-AA'}}",135,22,531,J-AAA,5,,success,success,9,306,301
Black Sea EUDC 2023,https://eudc2023.calicotab.com/_/,2023,2023-08-21,TRUE,English,BP,EUDC,TRUE,University,,Europe,Bulgaria,self,,,,,158,151,29,50,54,690.0,S-AAA,['ESL'],['ESL'],"{'ESL': {'is_highest_non_open_cat': True, 'no_wbr_speakers': np.int64(13), 'no_79.11plus_speakers': 23, 'no_qual_speakers': np.float64(24.5), 'no_teams2': 89, 'pts_speaking': np.float64(334.0), 'speaking_class': 'S-AA'}}",134,32,710,J-AAA+,4,"Hadar Goldberg, Milos Marjanovic, Klaudia Maciejewska, Josef Moscovici",success,success,9,309,301
Glasgow EUDC 2024,https://eudc2024.calicotab.com/_/,2024,2024-07-29,TRUE,English,BP,EUDC,TRUE,University,,IONA,Scotland,self,,,,,185,184,16,54,43,614.0,S-AA+,['ESL'],['ESL'],"{'ESL': {'is_highest_non_open_cat': True, 'no_wbr_speakers': np.int64(4), 'no_79.11plus_speakers': 23, 'no_qual_speakers': np.float64(15.5), 'no_teams2': 93, 'pts_speaking': np.float64(248.0), 'speaking_class': 'S-A'}}",146,31,704,J-AAA+,6,,success,success,9,370,367
Copenhagen EUDC 2025,https://eudc2025.calicotab.com/_/,2025,2025-08-04,TRUE,English,BP,EUDC,TRUE,University,In person,Europe,Denmark,self,,,,,180,180,21,52,47,650.0,S-AA+,['ESL'],['ESL'],"{'ESL': {'is_highest_non_open_cat': True, 'no_wbr_speakers': np.int64(9), 'no_79.11plus_speakers': 21, 'no_qual_speakers': np.float64(19.5), 'no_teams2': 92, 'pts_speaking': np.float64(287.0), 'speaking_class': 'S-A+'}}",175,24,607,J-AAA,7,,success,success,9,360,359
Dutch EUDC 2026,https://eudc2026.calicotab.com/_/,2026,2026-07-27,TRUE,English,BP,EUDC,TRUE,University,In person,Europe,Netherlands,public,,,,,188,179,24,54,51,539.0,S-AAA,['ESL'],"['Open', 'ESL']","{'ESL': {'is_highest_non_open_cat': True, 'no_wbr_speakers': np.int64(7), 'no_79.11plus_speakers': 20, 'no_qual_speakers': np.float64(17.0), 'no_teams2': 100, 'pts_speaking': np.float64(270.0), 'speaking_class': 'S-A'}}",164,24,434,J-AAA,6,,success,success,9,373,358
EUDC Challenge IV 2021,https://tabtastic.calicotab.com/eudcchallenge2021/,2021,,FALSE,English,BP,EUDC Challenge IV,FALSE,University,,Europe,,self,,,,,36,36,3,17,11.5,151.0,S-B,[],[],{},17,1,35,J-C,3,,success,success,3,72,72
Euphoria Novice Debate 2021,https://zhmasud.calicotab.com/euphorianoviceopen/,2021,,,English,BP,Euphoria Novice Debate,FALSE,University,,Asia,,self,,,,,,,,,,,,,[],{},6,0,6,J-E,4,,error getting speaker tab,success,2,,
European Round Robin 2026,https://europeanroundrobin26.calicotab.com/err26/,2026,2026-05-30,TRUE,English,BP,European Round Robin,FALSE,University,In person,Europe,Portugal,self,,,,,16,16,30,31,45.5,471.0,S-AA+,[],['Open'],{},8,1,26,J-C,3,,success,success,5,32,32
Exeter Invitational 2025,https://exeinv2025.calicotab.com/ExeInv2025/,2025,2025-02-08,TRUE,English,BP,Exeter Invitational,FALSE,University,In person,IONA,England,public,,,,,16,16,0,0,0,16.0,S-E,[],[],{},8,0,8,J-E,4,,success,success,4,32,32
Exeter Open 2024,https://exeteropen2024.calicotab.com/exeteropen2024/,2024,2024-03-09,TRUE,English,BP,Exeter Open,FALSE,University,,IONA,England,self,,,,,20,20,0,3,1.5,35.0,S-E,['Pro-Am'],['Pro-Am'],"{'Pro-Am': {'is_highest_non_open_cat': True, 'no_wbr_speakers': np.int64(0), 'no_79.11plus_speakers': 0, 'no_qual_speakers': np.float64(0.0), 'no_teams2': 9, 'pts_speaking': np.float64(9.0), 'speaking_class': 'S-E'}}",15,0,15,J-E,3,,success,success,4,37,37
Exeter Open 2025,https://exeteropen2025.calicotab.com/exeteropen2025/,2025,2025-05-03,TRUE,English,BP,Exeter Open,FALSE,University,In person,IONA,England,public,,,,,16,16,0,3,1.5,31.0,S-E,['Pro-Am'],['Pro-Am'],"{'Pro-Am': {'is_highest_non_open_cat': True, 'no_wbr_speakers': np.int64(0), 'no_79.11plus_speakers': 0, 'no_qual_speakers': np.float64(0.0), 'no_teams2': 11, 'pts_speaking': np.float64(11.0), 'speaking_class': 'S-E'}}",10,0,10,J-E,4,,success,success,4,32,32
Exeter Open 2026,https://exeteropen2026.calicotab.com/exeter2026/,2026,,TRUE,English,BP,Exeter Open,FALSE,University,In person,IONA,England,self,,,,,16,16,0,5,2.5,41.0,S-E,[],['Open'],{},9,0,9,J-E,3,,success,success,4,32,32
Fast IV 2025,https://fastiv25.calicotab.com/fastivkhi25/,2025,,TRUE,English,BP,Fast IV,FALSE,University,,Asia,,self,,,,,34,34,0,1,0.5,39.0,S-E,['Novice'],['Novice'],"{'Novice': {'is_highest_non_open_cat': True, 'no_wbr_speakers': np.int64(0), 'no_79.11plus_speakers': 0, 'no_qual_speakers': np.float64(0.0), 'no_teams2': 18, 'pts_speaking': np.float64(18.0), 'speaking_class': 'S-E'}}",10,0,10,J-E,3,,success,success,4,69,67
Father Roger Guindon Cup 2024,https://guindon2024.calicotab.com/guindon2024/,2024,2024-01-27,TRUE,English,BP,Father Roger Guindon Cup,FALSE,University,,Asia,,self,,,,,61,60,3,6,6,120.0,S-B,['Novice'],['Novice'],"{'Novice': {'is_highest_non_open_cat': True, 'no_wbr_speakers': np.int64(0), 'no_79.11plus_speakers': 0, 'no_qual_speakers': np.float64(0.0), 'no_teams2': 24, 'pts_speaking': np.float64(24.0), 'speaking_class': 'S-E'}}",27,1,45,J-C,6,,success,success,5,122,120
FHDO x BBO BP 2022,https://bigboi.calicotab.com/fhdoxbbo-bp/,2022,,FALSE,English,BP,FHDO x BBO BP,FALSE,University,,Asia,,self,,,,,34,32,1,8,5,80.0,S-C,['Pro-Am'],['Pro-Am'],"{'Pro-Am': {'is_highest_non_open_cat': True, 'no_wbr_speakers': np.int64(0), 'no_79.11plus_speakers': 1, 'no_qual_speakers': np.float64(0.5), 'no_teams2': 16, 'pts_speaking': np.float64(21.0), 'speaking_class': 'S-E'}}",12,0,12,J-E,5,,success,success,5,67,64
Free State IV 2023,https://fsopen2023.calicotab.com/FSO2023/,2023,,TRUE,English,BP,Free State IV,FALSE,University,In person,Africa,South Africa,public,,,,,8,8,0,1,0.5,13.0,S-E,[],['Open'],{},5,1,23,J-C,0,,success,success,4,16,16
Free State IV 2024,https://tshi.calicotab.com/fsopen2024/,2024,,TRUE,English,BP,Free State IV,FALSE,University,In person,Africa,South Africa,public,,,,,36,36,0,0,0,36.0,S-E,['Novice'],"['Open', 'Novice']","{'Novice': {'is_highest_non_open_cat': True, 'no_wbr_speakers': np.int64(0), 'no_79.11plus_speakers': 0, 'no_qual_speakers': np.float64(0.0), 'no_teams2': 14, 'pts_speaking': np.float64(14.0), 'speaking_class': 'S-E'}}",19,0,19,J-E,0,,success,success,4,72,72
Free State IV 2025,https://tshi.calicotab.com/fsiv2025/,2025,,TRUE,English,BP,Free State IV,FALSE,University,In person,Africa,South Africa,public,,,,,26,24,0,2,1,34.0,S-E,[],['Open'],{},8,0,8,J-E,2,,success,success,5,52,45
Friday Night Debates: ADSL 2025,https://inspired.calicotab.com/ADSL25/,2025,,TRUE,English,BP,Friday Night Debates: ADSL,FALSE,University,Online,Africa,,public,,,,,20,20,0,6,3,44.0,S-C,[],[],{},6,0,6,J-E,1,,success,success,26,23,23
Gareeb Pre-ABP 2026,https://gareebpreabp.calicotab.com/gareebpreabp2026/,2026,,TRUE,English,BP,Gareeb Pre-ABP,FALSE,University,,Asia,,self,,,,,33,27,0,1,0.5,32.0,S-E,['Novice'],"['Open', 'Novice']","{'Novice': {'is_highest_non_open_cat': True, 'no_wbr_speakers': np.int64(0), 'no_79.11plus_speakers': 0, 'no_qual_speakers': np.float64(0.0), 'no_teams2': 13, 'pts_speaking': np.float64(13.0), 'speaking_class': 'S-E'}}",9,1,27,J-C,4,,success,success,5,65,54
Gauteng Open 2025,https://lucien.calicotab.com/GO2025/,2025,,TRUE,English,BP,Gauteng Open,FALSE,University,,Africa,South Africa,self,,,,,16,16,0,3,1.5,31.0,S-E,[],['Open'],{},12,0,12,J-E,0,,success,success,5,32,32
Ghana Novice DC 2025,https://gndc2025.calicotab.com/gndc25/,2025,,TRUE,English,BP,Ghana Novice DC,FALSE,University,,Africa,Ghana,self,,,,,47,39,0,0,0,38.0,S-E,[],['Open'],{},25,0,25,J-E,3,,success,success,8,106,73
Ghana UDC 2022,https://gudc2022.calicotab.com/GUDC2022/,2022,,TRUE,English,BP,Ghana UDC,FALSE,University,,Africa,Ghana,self,,,,,64,64,0,0,0,64.0,S-D,[],[],{},,,,J-D,,,success,no rounds,9,128,127
Ghana UDC 2023,https://knustgudc23.calicotab.com/gudc23/,2023,,TRUE,English,BP,Ghana UDC,FALSE,University,,Africa,Ghana,self,,,,,60,60,0,1,0.5,65.0,S-D,['Novice'],"['Novice', 'Open']","{'Novice': {'is_highest_non_open_cat': True, 'no_wbr_speakers': np.int64(0), 'no_79.11plus_speakers': 0, 'no_qual_speakers': np.float64(0.0), 'no_teams2': 27, 'pts_speaking': np.float64(27.0), 'speaking_class': 'S-E'}}",50,0,50,J-D,4,,success,success,9,120,120
Ghana UDC 2024,https://gudc24.calicotab.com/gudc2024/,2024,,TRUE,English,BP,Ghana UDC,FALSE,University,,Africa,Ghana,self,,,,,52,52,0,4,2,72.0,S-D,['Novice'],"['Novice', 'Open']","{'Novice': {'is_highest_non_open_cat': True, 'no_wbr_speakers': np.int64(0), 'no_79.11plus_speakers': 0, 'no_qual_speakers': np.float64(0.0), 'no_teams2': 26, 'pts_speaking': np.float64(26.0), 'speaking_class': 'S-E'}}",41,0,41,J-E,4,,success,success,9,104,104
Ghana UDC 2025,https://ghnationals.calicotab.com/gudc2025/,2025,,TRUE,English,BP,Ghana UDC,FALSE,University,In person,Africa,Ghana,public,,,,,56,56,0,5,2.5,81.0,S-D,[],"['Novice', 'Open']",{'Novice': {'is_highest_non_open_cat': True}},53,0,53,J-D,7,,success,success,9,112,110
GIKI IV 2026,https://gikiiv2026.calicotab.com/gikiiv26/,2026,2026-08-08,TRUE,English,BP,GIKI IV,FALSE,University,Online,Asia,Pakistan,self,,,,,22,20,0,2,1,30.0,S-E,[],['Open'],{},7,0,7,J-E,0,,success,success,5,43,40
GIKI Pre-WUDC 2025,https://gik.calicotab.com/pre-wudc-2025/,2025,2025-09-06,TRUE,English,BP,GIKI Pre-WUDC,FALSE,University,Online,Asia,Pakistan,self,,,,,41,36,0,0,0,36.0,S-E,['Novice'],['Novice'],"{'Novice': {'is_highest_non_open_cat': True, 'no_wbr_speakers': np.int64(0), 'no_79.11plus_speakers': 0, 'no_qual_speakers': np.float64(0.0), 'no_teams2': 5, 'pts_speaking': np.float64(5.0), 'speaking_class': 'S-E'}}",12,0,12,J-E,4,,success,success,5,80,71
Glasgow Ancients 2022,https://glasgowancients2022.calicotab.com/2022/,2022,,FALSE,English,BP,Glasgow Ancients,FALSE,University,In person,IONA,Scotland,public,,,,,44,44,10,13,16.5,209.0,S-A,[],['Open'],{},33,3,87,J-B,5,,success,success,5,88,88
Glasgow Ancients 2023,https://guu2023.calicotab.com/ancients2023/,2023,,TRUE,English,BP,Glasgow Ancients,FALSE,University,,IONA,Scotland,self,,,,,40,40,11,30,26,300.0,S-AA,[],[],{},27,3,81,J-B,4,,success,success,5,79,78
Glasgow Ancients 2024,https://glasgowancients24.calicotab.com/_/,2024,2024-04-05,TRUE,English,BP,Glasgow Ancients,FALSE,University,,IONA,Scotland,self,,,,,48,48,15,30,30,348.0,S-AA,[],[],{},30,5,120,J-A,3,,success,success,5,96,95
Glasgow Ancients 2025,https://glasgowancients2025.calicotab.com/glasgowancients2025/,2025,2025-04-11,TRUE,English,BP,Glasgow Ancients,FALSE,University,In person,IONA,Scotland,self,,,,,48,48,7,26,20,248.0,S-A+,[],[],{},28,3,82,J-B,4,,success,success,5,96,96
Glasgow Ancients 2026,https://glasgowancients2026.calicotab.com/glasgowancients2026/,2026,2026-04-10,TRUE,English,BP,Glasgow Ancients,FALSE,University,In person,IONA,Scotland,self,,,,,48,48,9,31,24.5,293.0,S-AA,[],['Open'],{},33,1,51,J-C,3,,success,success,5,96,96
Glasgow Summer Cup 2022,https://summercup2022.calicotab.com/_/,2022,,FALSE,English,BP,Glasgow Summer Cup,FALSE,University,,IONA,Scotland,self,,,,,38,36,3,11,8.5,121.0,S-B,['ESL'],['ESL'],"{'ESL': {'is_highest_non_open_cat': True, 'no_wbr_speakers': np.int64(0), 'no_79.11plus_speakers': 0, 'no_qual_speakers': np.float64(0.0), 'no_teams2': 11, 'pts_speaking': np.float64(11.0), 'speaking_class': 'S-E'}}",20,3,74,J-B,4,,success,success,5,73,71
Glasgow Summer Cup 2023,https://glasgowsummer2023.calicotab.com/_/,2023,,TRUE,English,BP,Glasgow Summer Cup,FALSE,University,,IONA,Scotland,self,,,,,60,60,21,27,34.5,405.0,S-AA,"['ESL', 'Pro-Am']","['ESL', 'Pro-Am']","{'ESL': {'is_highest_non_open_cat': True, 'no_wbr_speakers': np.int64(0), 'no_79.11plus_speakers': 0, 'no_qual_speakers': np.float64(0.0), 'no_teams2': 12, 'pts_speaking': np.float64(12.0), 'speaking_class': 'S-E'}, 'Pro-Am': {'is_highest_non_open_cat': False, 'no_wbr_speakers': np.int64(0), 'no_79.11plus_speakers': 0, 'no_qual_speakers': np.float64(0.0), 'no_teams2': 14, 'pts_speaking': np.float64(14.0), 'speaking_class': 'S-E'}}",35,9,197,J-A+,4,,success,success,5,120,119
Glasgow Summer Cup 2024,https://glasgowsummer2024.calicotab.com/_/,2024,2024-07-13,TRUE,English,BP,Glasgow Summer Cup,FALSE,University,Online,IONA,Scotland,public,,,,,66,62,10,27,23.5,297.0,S-A+,"['ESL', 'ProAm']","['ESL', 'Pro-Am']","{'ESL': {'is_highest_non_open_cat': True, 'no_wbr_speakers': np.int64(0), 'no_79.11plus_speakers': 0, 'no_qual_speakers': np.float64(0.0), 'no_teams2': 18, 'pts_speaking': np.float64(18.0), 'speaking_class': 'S-E'}, 'Pro-Am': {'is_highest_non_open_cat': False}}",42,10,222,J-AA,3,,success,success,5,130,119
Glasgow Summer Cup 2025,https://glasgowsummercup2025.calicotab.com/glasgowsummercup2025/,2025,2025-07-19,TRUE,English,BP,Glasgow Summer Cup,FALSE,University,Online,IONA,Scotland,self,,,,,62,60,7,14,14,199.0,S-A,"['Pro-Am Final', 'ESL']","['Pro-Am', 'ESL']","{'Pro-Am': {'is_highest_non_open_cat': False}, 'ESL': {'is_highest_non_open_cat': True, 'no_wbr_speakers': np.int64(0), 'no_79.11plus_speakers': 2, 'no_qual_speakers': np.float64(1.0), 'no_teams2': 22, 'pts_speaking': np.float64(32.0), 'speaking_class': 'S-E'}}",38,6,146,J-A,3,,success,success,5,123,118
Glasgow Summer Cup 2026,https://glasgowsummercup2026.calicotab.com/glasgowsummercup2026/,2026,2026-05-30,TRUE,English,BP,Glasgow Summer Cup,FALSE,University,,Europe,Scotland,self,,,,,52,52,3,13,9.5,145.0,S-B,['Novice/ Pro-Am'],"['Open', 'Pro-Am']",{'Pro-Am': {'is_highest_non_open_cat': True}},31,2,67,J-C,3,,success,success,5,105,97
GLC Mumbai Debate 2021,https://glc2021.calicotab.com/glc2021/,2021,,TRUE,English,BP,GLC Mumbai Debate,FALSE,University,Online,Asia,India,public,,,,,73,71,2,19,11.5,185.0,S-B,['Novice'],['Novice'],"{'Novice': {'is_highest_non_open_cat': True, 'no_wbr_speakers': np.int64(0), 'no_79.11plus_speakers': 0, 'no_qual_speakers': np.float64(0.0), 'no_teams2': 30, 'pts_speaking': np.float64(30.0), 'speaking_class': 'S-E'}}",54,4,126,J-B,4,,success,success,5,146,141
GLC Mumbai Debate 2022,https://theglcdebate.calicotab.com/glcdebate2022/,2022,,FALSE,English,BP,GLC Mumbai Debate,FALSE,University,,Asia,India,self,,,,,62,58,2,6,5,108.0,S-C,['Novice'],"['Open', 'Novice']","{'Novice': {'is_highest_non_open_cat': True, 'no_wbr_speakers': np.int64(0), 'no_79.11plus_speakers': 0, 'no_qual_speakers': np.float64(0.0), 'no_teams2': 21, 'pts_speaking': np.float64(21.0), 'speaking_class': 'S-E'}}",55,3,109,J-B,2,,success,success,5,123,114
GLC Mumbai Debate 2023,https://theglcdebate.calicotab.com/theglcdebate2023/,2023,,TRUE,English,BP,GLC Mumbai Debate,FALSE,University,,Asia,India,self,,,,,45,40,0,8,4,80.0,S-C,['Novice'],"['Novice', 'Open']","{'Novice': {'is_highest_non_open_cat': True, 'no_wbr_speakers': np.int64(0), 'no_79.11plus_speakers': 0, 'no_qual_speakers': np.float64(0.0), 'no_teams2': 20, 'pts_speaking': np.float64(20.0), 'speaking_class': 'S-E'}}",36,3,90,J-B,5,,success,success,5,90,80
GLC Mumbai Debate 2024,https://theglcdebate.calicotab.com/theglcdebate2024/,2024,,TRUE,English,BP,GLC Mumbai Debate,FALSE,University,,Asia,India,self,,,,,51,46,1,2,2,66.0,S-D,['Novice'],"['Novice', 'Open']","{'Novice': {'is_highest_non_open_cat': True, 'no_wbr_speakers': np.int64(0), 'no_79.11plus_speakers': 0, 'no_qual_speakers': np.float64(0.0), 'no_teams2': 34, 'pts_speaking': np.float64(34.0), 'speaking_class': 'S-E'}}",41,2,77,J-C,3,,success,success,5,102,92
GLC Mumbai Debate 2025,https://theglcdebate.calicotab.com/theglcdebate2025/,2025,,TRUE,English,BP,GLC Mumbai Debate,FALSE,University,,Asia,India,self,,,,,58,56,0,5,2.5,81.0,S-D,['Novice'],"['Novice', 'Open']","{'Novice': {'is_highest_non_open_cat': True, 'no_wbr_speakers': np.int64(0), 'no_79.11plus_speakers': 0, 'no_qual_speakers': np.float64(0.0), 'no_teams2': 37, 'pts_speaking': np.float64(37.0), 'speaking_class': 'S-E'}}",36,1,54,J-C,5,,success,success,5,116,112
GLC Mumbai Debate 2026,https://theglcdebate.calicotab.com/theglcdebate2026/,2026,2026-04-03,TRUE,English,BP,GLC Mumbai Debate,FALSE,University,In person,Asia,India,self,,,,,70,63,0,2,1,72.0,S-D,['Novice'],"['Open', 'Novice']","{'Novice': {'is_highest_non_open_cat': True, 'no_wbr_speakers': np.int64(0), 'no_79.11plus_speakers': 0, 'no_qual_speakers': np.float64(0.0), 'no_teams2': 40, 'pts_speaking': np.float64(40.0), 'speaking_class': 'S-E'}}",42,1,60,J-C,5,,success,success,5,137,126
Global ESL Round Robin 2021,https://mace.calicotab.com/globaleslrr2021/,2021,,FALSE,English,BP,Global ESL Round Robin,FALSE,University,,Africa,,self,,,,,18,16,0,4,2,34.0,S-E,[],[],{},8,0,8,J-E,1,,success,success,5,35,29
Groningen Open 2021,https://tabtastic.calicotab.com/groningen2021/,2021,,FALSE,English,BP,Groningen Open,FALSE,University,,Europe,Netherlands,self,,,,,39,37,1,9,5.5,92.0,S-C,['ESL'],['ESL'],"{'ESL': {'is_highest_non_open_cat': True, 'no_wbr_speakers': np.int64(0), 'no_79.11plus_speakers': 0, 'no_qual_speakers': np.float64(0.0), 'no_teams2': 22, 'pts_speaking': np.float64(22.0), 'speaking_class': 'S-E'}}",28,1,46,J-C,4,,success,success,5,77,73
Guangdong DC 2022,https://cuhkszedt00.calicotab.com/gdc2022/,2022,,FALSE,English,BP,Guangdong DC,FALSE,University,,Asia,China,self,,,,,110,107,2,2,3,137.0,S-C,['Novice'],['Novice'],"{'Novice': {'is_highest_non_open_cat': True, 'no_wbr_speakers': np.int64(0), 'no_79.11plus_speakers': 0, 'no_qual_speakers': np.float64(0.0), 'no_teams2': 43, 'pts_speaking': np.float64(43.0), 'speaking_class': 'S-E'}}",46,3,100,J-B,4,,success,success,5,220,213
Guangdong DC 2023,https://gdc2023.calicotab.com/gdc2023/,2023,,TRUE,English,BP,Guangdong DC,FALSE,University,Online,Asia,China,public,,,,,109,109,0,0,0,107.0,S-D,['Novice'],['Novice'],"{'Novice': {'is_highest_non_open_cat': True, 'no_wbr_speakers': np.int64(0), 'no_79.11plus_speakers': 0, 'no_qual_speakers': np.float64(0.0), 'no_teams2': 56, 'pts_speaking': np.float64(56.0), 'speaking_class': 'S-E'}}",40,4,112,J-B,5,,success,success,5,219,216
Guangdong DC 2024,https://gdc2024.calicotab.com/GDC2024/,2024,,TRUE,English,BP,Guangdong DC,FALSE,University,,Asia,China,self,,,,,64,64,1,5,3.5,99.0,S-C,"['Novice', 'School']","['Open', 'Novice', 'School']","{'Novice': {'is_highest_non_open_cat': True, 'no_wbr_speakers': np.int64(0), 'no_79.11plus_speakers': 0, 'no_qual_speakers': np.float64(0.0), 'no_teams2': 24, 'pts_speaking': np.float64(24.0), 'speaking_class': 'S-E'}, 'School': {'is_highest_non_open_cat': False, 'no_wbr_speakers': np.int64(1), 'no_79.11plus_speakers': 0, 'no_qual_speakers': np.float64(1.0), 'no_teams2': 17, 'pts_speaking': np.float64(27.0), 'speaking_class': 'S-E'}}",26,2,62,J-C,3,,success,success,5,128,128
Guangdong DC 2025,https://gdc2025.calicotab.com/GDC2025/,2025,2025-08-09,TRUE,English,BP,Guangdong DC,FALSE,University,,Asia,China,self,,,,,76,76,1,4,3,106.0,S-C,"['Novice', 'School']","['School', 'Novice']","{'School': {'is_highest_non_open_cat': False, 'no_wbr_speakers': np.int64(0), 'no_79.11plus_speakers': 0, 'no_qual_speakers': np.float64(0.0), 'no_teams2': 24, 'pts_speaking': np.float64(24.0), 'speaking_class': 'S-E'}, 'Novice': {'is_highest_non_open_cat': True, 'no_wbr_speakers': np.int64(0), 'no_79.11plus_speakers': 0, 'no_qual_speakers': np.float64(0.0), 'no_teams2': 23, 'pts_speaking': np.float64(23.0), 'speaking_class': 'S-E'}}",30,0,30,J-E,4,,success,success,5,152,152
Gurgaon Online Open 2026,https://gurgaon2026.calicotab.com/gurgaon26/,2026,2026-02-28,TRUE,English,BP,Gurgaon Online Open,FALSE,University,Online,Asia,India,self,,,,,31,26,1,1,1.5,41.0,S-E,[],['Open'],{},22,0,22,J-E,5,,success,success,5,60,51
Habib Pre-Worlds 2022,https://habibpreworlds2022.calicotab.com/habibpreworlds2022/,2022,2022-06-25,FALSE,English,BP,Habib Pre-Worlds,FALSE,University,Online,Asia,Pakistan,public,,,,,62,55,1,0,1,65.0,S-D,['Novice'],['Novice'],"{'Novice': {'is_highest_non_open_cat': True, 'no_wbr_speakers': np.int64(1), 'no_79.11plus_speakers': 0, 'no_qual_speakers': np.float64(1.0), 'no_teams2': 25, 'pts_speaking': np.float64(35.0), 'speaking_class': 'S-E'}}",26,1,44,J-C,3,,success,success,5,122,109
Habib U DC 2021,https://hudc2021.calicotab.com/hudc2021/,2021,,,English,BP,Habib U DC,FALSE,University,,Asia,,self,,,,,46,43,1,0,1,53.0,S-E,[],[],{},20,0,20,J-E,6,,success,success,5,92,85
Habib U DC 2024,https://habib2024.calicotab.com/HUDC2024/,2024,,TRUE,English,BP,Habib U DC,FALSE,University,In person,Asia,Pakistan,public,,,,,33,32,0,1,0.5,37.0,S-E,[],[],{},14,0,14,J-E,5,,success,success,5,65,64
Habib U DC 2025,https://hudc2025.calicotab.com/HUDC2025/,2025,,TRUE,English,BP,Habib U DC,FALSE,University,In person,Asia,,public,,,,,36,34,0,1,0.5,39.0,S-E,[],[],{},11,0,11,J-E,6,,success,success,5,71,65
Habitat Debate Open 2025,https://hdo2025.calicotab.com/HDO2025/,2025,2025-11-29,TRUE,English,BP,Habitat Debate Open,FALSE,University,Online,Asia,Philippines,public,,,,,111,102,0,0,0,102.0,S-D,"['Leonardo Co Cup', 'High School']","['Leonardo Co Cup', 'High School']","{'Leonardo Co Cup': {'is_highest_non_open_cat': False, 'no_wbr_speakers': np.int64(0), 'no_79.11plus_speakers': 0, 'no_qual_speakers': np.float64(0.0), 'no_teams2': 75, 'pts_speaking': np.float64(75.0), 'speaking_class': 'S-D'}, 'High School': {'is_highest_non_open_cat': False, 'no_wbr_speakers': np.int64(0), 'no_79.11plus_speakers': 0, 'no_qual_speakers': np.float64(0.0), 'no_teams2': 58, 'pts_speaking': np.float64(58.0), 'speaking_class': 'S-E'}}",43,0,43,J-E,5,,success,success,4,218,200
Hadzabe Pre-WUDC 2022,https://hadzabe-prewudc.calicotab.com/prewudc22/,2022,,FALSE,English,BP,Hadzabe Pre-WUDC,FALSE,University,,Africa,,self,,,,,44,40,0,1,0.5,44.0,S-E,[],['ESL'],{'ESL': {'is_highest_non_open_cat': True}},20,0,20,J-E,2,,success,success,5,86,77
Hansraj BP 2021,https://hrcdeb2021.calicotab.com/hansrajdebate21/,2021,,FALSE,English,BP,Hansraj BP,FALSE,University,Online,Asia,India,public,,,,,57,55,0,16,8,135.0,S-C,[],[],{},39,0,39,J-E,3,,success,success,5,114,110
Hansraj BP 2026,https://hansrajpd2026.calicotab.com/HansrajPD2026/,2026,,TRUE,English,BP,Hansraj BP,FALSE,University,,Asia,India,self,,,,,46,45,0,0,0,45.0,S-E,['Novice'],"['Novice', 'Open']","{'Novice': {'is_highest_non_open_cat': True, 'no_wbr_speakers': np.int64(0), 'no_79.11plus_speakers': 0, 'no_qual_speakers': np.float64(0.0), 'no_teams2': 21, 'pts_speaking': np.float64(21.0), 'speaking_class': 'S-E'}}",29,0,29,J-E,3,,success,success,4,92,87
Hansraj PD 2024,https://hansrajpd2024.calicotab.com/hansrajpd2024/,2024,,TRUE,English,BP,Hansraj PD,FALSE,University,Online,Asia,,public,,,,,51,48,4,8,8,128.0,S-B,['Novice'],['Novice'],"{'Novice': {'is_highest_non_open_cat': True, 'no_wbr_speakers': np.int64(1), 'no_79.11plus_speakers': 0, 'no_qual_speakers': np.float64(1.0), 'no_teams2': 32, 'pts_speaking': np.float64(42.0), 'speaking_class': 'S-E'}}",44,0,44,J-E,2,,success,success,5,100,96
Hart House Autumn Split 2025,https://hhas25.calicotab.com/hhas25/,2025,,TRUE,English,BP,Hart House Autumn Split,FALSE,University,,North America,Canada,self,,,,,64,64,0,9,4.5,109.0,S-C,['Silver Break'],['Open'],{},29,0,29,J-E,3,,success,success,4,127,126
Hart House IV 2020,https://hhiv2020.calicotab.com/hhiv2020/,2020,,TRUE,English,BP,Hart House IV,FALSE,University,,North America,Canada,self,,,,,114,111,9,18,18,290.0,S-A+,['Novice'],['Novice'],"{'Novice': {'is_highest_non_open_cat': True, 'no_wbr_speakers': np.int64(0), 'no_79.11plus_speakers': 0, 'no_qual_speakers': np.float64(0.0), 'no_teams2': 28, 'pts_speaking': np.float64(28.0), 'speaking_class': 'S-E'}}",132,8,276,J-A+,4,,success,success,5,228,219
Hart House IV 2021,https://hhiv2021.calicotab.com/HHIV2021/,2021,,TRUE,English,BP,Hart House IV,FALSE,University,,North America,Canada,self,,,,,107,104,18,35,35.5,458.0,S-AA,"['ESL', 'Novice']","['ESL', 'Novice']","{'ESL': {'is_highest_non_open_cat': True, 'no_wbr_speakers': np.int64(2), 'no_79.11plus_speakers': 3, 'no_qual_speakers': np.float64(3.5), 'no_teams2': 17, 'pts_speaking': np.float64(52.0), 'speaking_class': 'S-C'}, 'Novice': {'is_highest_non_open_cat': False, 'no_wbr_speakers': np.int64(0), 'no_79.11plus_speakers': 1, 'no_qual_speakers': np.float64(0.5), 'no_teams2': 25, 'pts_speaking': np.float64(30.0), 'speaking_class': 'S-E'}}",92,8,236,J-A+,4,,success,success,5,211,203
Hart House IV 2022,https://hhiv2022.calicotab.com/hhiv2022/,2022,,TRUE,English,BP,Hart House IV,FALSE,University,,North America,Canada,self,,,,,77,76,7,19,16.5,241.0,S-A,['Novice'],['Novice'],"{'Novice': {'is_highest_non_open_cat': True, 'no_wbr_speakers': np.int64(0), 'no_79.11plus_speakers': 0, 'no_qual_speakers': np.float64(0.0), 'no_teams2': 34, 'pts_speaking': np.float64(34.0), 'speaking_class': 'S-E'}}",78,7,204,J-A,5,,success,success,5,153,151
Hart House IV 2023,https://hhiv2023.calicotab.com/hhiv2023/,2023,,TRUE,English,BP,Hart House IV,FALSE,University,,North America,Canada,self,,,,,85,84,18,24,30,384.0,S-AA,['Novice'],['Novice'],"{'Novice': {'is_highest_non_open_cat': True, 'no_wbr_speakers': np.int64(0), 'no_79.11plus_speakers': 0, 'no_qual_speakers': np.float64(0.0), 'no_teams2': 28, 'pts_speaking': np.float64(28.0), 'speaking_class': 'S-E'}}",64,4,136,J-B,4,,success,success,6,170,168
Hart House IV 2024,https://hhiv2024.calicotab.com/_/,2024,2024-10-18,TRUE,English,BP,Hart House IV,FALSE,University,,North America,Canada,self,,,,,101,100,14,29,28.5,385.0,S-AA,['Novice'],['Novice'],"{'Novice': {'is_highest_non_open_cat': True, 'no_wbr_speakers': np.int64(0), 'no_79.11plus_speakers': 0, 'no_qual_speakers': np.float64(0.0), 'no_teams2': 19, 'pts_speaking': np.float64(19.0), 'speaking_class': 'S-E'}}",96,7,222,J-A,5,,success,success,5,200,199
Hart House IV 2025,https://hhiv25.calicotab.com/hhiv25/,2025,2025-10-18,TRUE,English,BP,Hart House IV,FALSE,University,In person,North America,Canada,self,,,,,120,116,13,21,23.5,351.0,S-A+,['Novice'],['Novice'],"{'Novice': {'is_highest_non_open_cat': True, 'no_wbr_speakers': np.int64(0), 'no_79.11plus_speakers': 0, 'no_qual_speakers': np.float64(0.0), 'no_teams2': 41, 'pts_speaking': np.float64(41.0), 'speaking_class': 'S-E'}}",97,9,259,J-A+,5,,success,success,5,239,229
Hasanuddin BP 2022,https://hbp22.calicotab.com/hbp2022/,2022,,FALSE,English,BP,Hasanuddin BP,FALSE,University,,Asia,,self,,,,,60,60,0,9,4.5,105.0,S-C,['Novice'],['Novice'],"{'Novice': {'is_highest_non_open_cat': True, 'no_wbr_speakers': np.int64(0), 'no_79.11plus_speakers': 0, 'no_qual_speakers': np.float64(0.0), 'no_teams2': 21, 'pts_speaking': np.float64(21.0), 'speaking_class': 'S-E'}}",18,0,18,J-E,2,,success,success,4,120,120
Hearts Afire DC 2022,https://mace1996.calicotab.com/heartsafire/,2022,,,English,BP,Hearts Afire DC,FALSE,University,,Africa,,self,,,,,,,,,,,,,[],{},12,0,12,J-E,1,,error getting speaker tab,success,4,,
Hearts Afire DO 2026,https://mace.calicotab.com/heartsaffire2026/,2026,2026-02-15,TRUE,English,BP,Hearts Afire DO,FALSE,University,Online,Africa,,public,,,,,63,53,0,18,9,143.0,S-C,[],['Open'],{},18,0,18,J-E,2,,success,success,4,122,100
Helsinki Open 2021,https://helsinkiopen2021.calicotab.com/helsinki2021/,2021,,FALSE,English,BP,Helsinki Open,FALSE,University,,Europe,Finland,self,,,,,36,36,0,5,2.5,61.0,S-D,['Pro-Am'],['Pro-Am'],"{'Pro-Am': {'is_highest_non_open_cat': True, 'no_wbr_speakers': np.int64(0), 'no_79.11plus_speakers': 0, 'no_qual_speakers': np.float64(0.0), 'no_teams2': 15, 'pts_speaking': np.float64(15.0), 'speaking_class': 'S-E'}}",16,1,34,J-C,3,,success,success,5,72,72
Hit-U (Hitotsubashi) IV 2025,https://hituiv2025.calicotab.com/hituiv2025/,2025,2025-11-01,TRUE,English,BP,Hit-U (Hitotsubashi) IV,FALSE,University,Online,Asia,Japan,self,,,,,47,44,11,15,18.5,229.0,S-A+,['ESL'],['ESL'],"{'ESL': {'is_highest_non_open_cat': True, 'no_wbr_speakers': np.int64(0), 'no_79.11plus_speakers': 0, 'no_qual_speakers': np.float64(0.0), 'no_teams2': 19, 'pts_speaking': np.float64(19.0), 'speaking_class': 'S-E'}}",13,1,31,J-C,3,,success,success,5,92,88
Ho Chi Minh DO 2024,https://hochiminhdebateopen2024.calicotab.com/hcmdo24/,2024,,TRUE,English,BP,Ho Chi Minh DO,FALSE,University,,Asia,Vietnam,self,,,,,34,34,0,0,0,34.0,S-E,['Novice'],"['Novice', 'Open']","{'Novice': {'is_highest_non_open_cat': True, 'no_wbr_speakers': np.int64(0), 'no_79.11plus_speakers': 0, 'no_qual_speakers': np.float64(0.0), 'no_teams2': 21, 'pts_speaking': np.float64(21.0), 'speaking_class': 'S-E'}}",20,1,38,J-C,4,,success,success,5,102,102
Hogwarts Round Robin 2022,https://knusthogwarts.calicotab.com/hrr22/,2022,,FALSE,English,BP,Hogwarts Round Robin,FALSE,University,,Africa,Ghana,self,,,,,16,16,0,10,5,66.0,S-C,[],['Open'],{},13,0,13,J-E,1,,success,success,5,31,31
Hogwarts Round Robin 2023,https://knusthogwarts.calicotab.com/hogwarts2023/,2023,,TRUE,English,BP,Hogwarts Round Robin,FALSE,University,,Africa,,self,,,,,16,16,0,16,8,96.0,S-C,[],['Open'],{},25,0,25,J-E,2,,success,success,10,32,32
Hogwarts Round Robin 2024,https://knusthogwarts.calicotab.com/hogwarts2024/,2024,,TRUE,English,BP,Hogwarts Round Robin,FALSE,University,In person,Africa,Ghana,public,,,,,16,16,0,6,3,46.0,S-C,[],['Open'],{},28,1,46,J-C,3,,success,success,10,32,32
Hogwarts Round Robin 2025,https://kds.calicotab.com/Hogwarts2k25/,2025,2025-05-19,TRUE,English,BP,Hogwarts Round Robin,FALSE,University,In person,Africa,Ghana,public,,,,,16,16,0,10,5,66.0,S-C,[],['Open'],{},27,0,27,J-E,0,,success,success,10,32,32
Hogwarts Round Robin 2026,https://kds.calicotab.com/HRR2026/,2026,,TRUE,English,BP,Hogwarts Round Robin,FALSE,University,,Africa,,self,,,,,16,16,0,13,6.5,81.0,S-C,[],['Open'],{},29,0,29,J-E,0,,success,success,10,32,32
Hollatz Debates 2021,https://hollatzdebates2021.calicotab.com/hollatz2021/,2021,,,English,BP,Hollatz Debates,FALSE,University,,North America,,self,,,,,16,16,0,0,0,16.0,S-E,[],[],{},9,0,9,J-E,3,,success,success,5,33,32
Hong Kong DC 2023,https://hkdc2023.calicotab.com/hkdc2023/,2023,,TRUE,English,BP,Hong Kong DC,FALSE,University,,Asia,Hong Kong,self,,,,,45,44,1,5,3.5,79.0,S-C,['High School'],['High School'],"{'High School': {'is_highest_non_open_cat': True, 'no_wbr_speakers': np.int64(0), 'no_79.11plus_speakers': 1, 'no_qual_speakers': np.float64(0.5), 'no_teams2': 16, 'pts_speaking': np.float64(21.0), 'speaking_class': 'S-E'}}",26,4,98,J-B,3,,success,success,4,90,88
Hong Kong DC 2024,https://hkdc2024.calicotab.com/HKDC-2024/,2024,2024-01-27,TRUE,English,BP,Hong Kong DC,FALSE,University,,Asia,Hong Kong,self,,,,,86,84,3,3,4.5,129.0,S-C,['Novice'],['Novice'],"{'Novice': {'is_highest_non_open_cat': True, 'no_wbr_speakers': np.int64(0), 'no_79.11plus_speakers': 0, 'no_qual_speakers': np.float64(0.0), 'no_teams2': 36, 'pts_speaking': np.float64(36.0), 'speaking_class': 'S-E'}}",46,6,154,J-A,2,,success,success,5,170,168
Hong Kong DO 2024,https://hkdo2024.calicotab.com/hkdo2024/,2024,,TRUE,English,BP,Hong Kong DO,FALSE,University,,Asia,Hong Kong,self,,,,,45,44,0,2,1,54.0,S-E,"['Senior', 'Novice', 'Junior']","['Senior', 'Novice', 'Junior']","{'Senior': {'is_highest_non_open_cat': False, 'no_wbr_speakers': np.int64(0), 'no_79.11plus_speakers': 0, 'no_qual_speakers': np.float64(0.0), 'no_teams2': 10, 'pts_speaking': np.float64(10.0), 'speaking_class': 'S-E'}, 'Novice': {'is_highest_non_open_cat': True, 'no_wbr_speakers': np.int64(0), 'no_79.11plus_speakers': 0, 'no_qual_speakers': np.float64(0.0), 'no_teams2': 13, 'pts_speaking': np.float64(13.0), 'speaking_class': 'S-E'}, 'Junior': {'is_highest_non_open_cat': False, 'no_wbr_speakers': np.int64(0), 'no_79.11plus_speakers': 0, 'no_qual_speakers': np.float64(0.0), 'no_teams2': 16, 'pts_speaking': np.float64(16.0), 'speaking_class': 'S-E'}}",15,1,33,J-C,3,,success,success,6,90,88
Hugill Cup 2020,https://hugill2020.calicotab.com/hugill2020/,2020,,TRUE,English,BP,Hugill Cup,FALSE,University,,North America,,self,,,,,16,16,0,1,0.5,21.0,S-E,['Novice'],[],{},,,,,4,,success,no prelims,5,33,32
Human Rights DC 2021,https://dnn.calicotab.com/hrd2021/,2021,,,English,BP,Human Rights DC,FALSE,University,,Asia,,self,,,,,26,21,1,1,1.5,36.0,S-E,[],[],{},3,0,3,J-E,3,,success,success,5,52,41
Humanities Open 2025,https://humanities2025.calicotab.com/ho2025/,2025,2025-07-26,TRUE,English,BP,Humanities Open,FALSE,University,Online,Asia,Malaysia,public,,,,,29,28,1,1,1.5,43.0,S-E,['Novice'],['Novice'],"{'Novice': {'is_highest_non_open_cat': True, 'no_wbr_speakers': np.int64(0), 'no_79.11plus_speakers': 0, 'no_qual_speakers': np.float64(0.0), 'no_teams2': 13, 'pts_speaking': np.float64(13.0), 'speaking_class': 'S-E'}}",6,0,6,J-E,3,,success,success,4,57,55
Hungarian SDA Pre-WUDC 2024,https://hsda2024.calicotab.com/hsda2024/,2024,2024-11-09,TRUE,English,BP,Hungarian SDA Pre-WUDC,FALSE,University,,Europe,Hungary,self,,,,,44,38,14,23,25.5,293.0,S-AA,['ESL'],['ESL'],"{'ESL': {'is_highest_non_open_cat': True, 'no_wbr_speakers': np.int64(1), 'no_79.11plus_speakers': 1, 'no_qual_speakers': np.float64(1.5), 'no_teams2': 14, 'pts_speaking': np.float64(29.0), 'speaking_class': 'S-E'}}",22,2,58,J-C,4,,success,success,5,88,75
HWS IV 2021,https://hwsiv2021.calicotab.com/iv/,2021,,TRUE,English,BP,HWS IV,FALSE,University,,North America,United States,self,,,,,64,57,10,17,18.5,242.0,S-A+,"['ESL', 'Novice']","['ESL', 'Novice']","{'ESL': {'is_highest_non_open_cat': True, 'no_wbr_speakers': np.int64(0), 'no_79.11plus_speakers': 0, 'no_qual_speakers': np.float64(0.0), 'no_teams2': 13, 'pts_speaking': np.float64(13.0), 'speaking_class': 'S-E'}, 'Novice': {'is_highest_non_open_cat': False, 'no_wbr_speakers': np.int64(0), 'no_79.11plus_speakers': 0, 'no_qual_speakers': np.float64(0.0), 'no_teams2': 19, 'pts_speaking': np.float64(19.0), 'speaking_class': 'S-E'}}",59,7,185,J-A,5,"Andrew, Brian, Klaudia, Mars, Terkpertey",success,success,6,124,114
HWS Round Robin 2023,https://hwsrr2023.calicotab.com/hwsrr2023/,2023,,TRUE,English,BP,HWS Round Robin,FALSE,University,,North America,United States,self,,,,,16,16,27,28,41,426.0,S-AA+,[],[],{},23,2,59,J-C,3,"Aditya Dhar, Juanita Hincapie, Tudor Musat",success,success,5,32,32
HWS Round Robin 2024,https://hwsrr2024.calicotab.com/hwsrr2024/,2024,2024-04-06,TRUE,English,BP,HWS Round Robin,FALSE,University,,North America,United States,self,,,,,28,28,42,48,66,688.0,S-AAA,[],[],{},20,7,146,J-A,2,"Jason Xiao, Harish Natarajan",success,success,9,56,56
HWS Round Robin 2025,https://hwsrr2025.calicotab.com/_/,2025,2025-04-05,TRUE,English,BP,HWS Round Robin,FALSE,University,In person,North America,United States,self,,,,,16,16,27,25,39.5,411.0,S-AA+,[],[],{},25,2,61,J-C,2,"Jess Musulin, Tejas Subramaniam",success,success,5,32,32
HWS Round Robin 2026,https://hwsrr2026.calicotab.com/_/,2026,2026-04-11,TRUE,English,BP,HWS Round Robin,FALSE,University,In person,North America,United States,self,TRUE,,,,,16,22,27,35.5,371.0,S-AA,,['Open'],{},24,4,96,J-B,0,,error getting speaker tab,success,5,,32
HWS RR 2014,https://people.hws.edu/barnes/hwsrr/images/tabs/RR-Tab-2014.pdf,2014,,TRUE,English,BP,HWS RR,FALSE,University,In person,North America,United States,self,TRUE,,,Speaking only,,16,19,22,30,316.0,S-AA,,[],{},,,,,,,error getting speaker tab,no prelims,,,32
HWS RR 2015,https://people.hws.edu/barnes/hwsrr/images/tabs/RR-Tab-2015.pdf,2015,,TRUE,English,BP,HWS RR,FALSE,University,In person,North America,United States,self,TRUE,,,Speaking only,,16,18,20,28,296.0,S-AA,,[],{},,,,,,,error getting speaker tab,no prelims,,,32
HWS RR 2016,https://people.hws.edu/barnes/hwsrr/images/tabs/RR-Tab-2016.pdf,2016,,TRUE,English,BP,HWS RR,FALSE,University,In person,North America,United States,self,TRUE,,,Speaking only,,16,17,20,27,286.0,S-AA,,[],{},,,,,,,error getting speaker tab,no prelims,,,32
HWS RR 2017,https://people.hws.edu/barnes/hwsrr/images/tabs/RR-Tab-2017.pdf,2017,,TRUE,English,BP,HWS RR,FALSE,University,In person,North America,United States,self,TRUE,,,Speaking only,,16,22,26,35,366.0,S-AA,,[],{},,,,,,,error getting speaker tab,no prelims,,,32
HWS RR 2018,https://people.hws.edu/barnes/hwsrr/images/tabs/RR-Tab-2018.pdf,2018,,TRUE,English,BP,HWS RR,FALSE,University,In person,North America,United States,self,TRUE,,,Speaking only,,16,24,24,36,376.0,S-AA+,,[],{},,,,,,,error getting speaker tab,no prelims,,,32
HWS RR 2019,https://people.hws.edu/barnes/hwsrr/images/tabs/RR-Tab-2019.pdf,2019,,TRUE,English,BP,HWS RR,FALSE,University,In person,North America,United States,self,TRUE,,,Speaking only,,16,25,27,38.5,401.0,S-AA+,,[],{},,,,,,,error getting speaker tab,no prelims,,,32
HWS RR 2020,https://people.hws.edu/barnes/hwsrr/images/tabs/RR-Tab-2020.pdf,2020,,TRUE,English,BP,HWS RR,FALSE,University,Online,North America,United States,self,TRUE,,,Speaking only,,16,21,24,33,346.0,S-AA,,[],{},,,,,,,error getting speaker tab,no prelims,,,32
HWS RR 2021,https://people.hws.edu/barnes/hwsrr/images/tabs/RR-Tab-2021.pdf,2021,,FALSE,English,BP,HWS RR,FALSE,University,Online,North America,United States,self,TRUE,,,Speaking only,,16,13,25,25.5,271.0,S-AA,,[],{},,,,,,,error getting speaker tab,no prelims,,,32
HWS RR 2022,https://people.hws.edu/barnes/hwsrr/images/tabs/RR-Tab-2022.pdf,2022,,FALSE,English,BP,HWS RR,FALSE,University,In person,North America,United States,self,TRUE,,,Speaking only,,16,16,22,27,286.0,S-AA,,[],{},,,,,,,error getting speaker tab,no prelims,,,32
Hypothetical Open 2023,https://hypotheticalopen.calicotab.com/_/,2023,2023-02-18,TRUE,English,BP,Hypothetical Open,FALSE,University,Online,IONA,Scotland,public,,,,,50,49,6,14,13,179.0,S-A,[],[],{},16,3,70,J-B,3,,success,success,4,98,96
Hypothetical Open 2024,https://hypotheticalopen.calicotab.com/2/,2024,2024-01-27,TRUE,English,BP,Hypothetical Open,FALSE,University,Online,IONA,Ireland,public,,,,,38,36,2,8,6,96.0,S-B,[],[],{},21,0,21,J-E,3,"Erasmus Segbefia, Kamila Kawczak, Dominic Westwood, Ana Coman",success,success,4,74,70
Hypothetical Open 2026,https://hypotheticalopen2026.calicotab.com/_/,2026,2026-05-23,TRUE,English,BP,Hypothetical Open,FALSE,University,Online,Europe,Ireland,self,,,,,18,18,0,1,0.5,23.0,S-E,[],['Open'],{},6,0,6,J-E,3,,success,success,4,35,34
Ignite DO (1.0) 2023,https://ignite1.calicotab.com/ignite2023/,2023,,TRUE,English,BP,Ignite DO,FALSE,University,,Africa,,self,,,,,90,70,0,0,0,70.0,S-D,['Novice'],[],{},,,,,,,success,no rounds,5,174,136
Ignite DO (2.0) 2024,https://debatefoster.calicotab.com/ignite2024/,2024,,TRUE,English,BP,Ignite DO,FALSE,University,Online,Africa,,public,,,,,53,39,0,9,4.5,83.0,S-C,[],[],{},,,,,,,success,no rounds,5,103,72
IIM Ahmedabad PD 2024,https://iimapd24.calicotab.com/iimapd2024/,2024,,TRUE,English,BP,IIM Ahmedabad PD,FALSE,University,In person,Asia,India,public,,,,,57,56,0,0,0,56.0,S-E,['Novice'],"['Open', 'Novice']","{'Novice': {'is_highest_non_open_cat': True, 'no_wbr_speakers': np.int64(0), 'no_79.11plus_speakers': 0, 'no_qual_speakers': np.float64(0.0), 'no_teams2': 42, 'pts_speaking': np.float64(42.0), 'speaking_class': 'S-E'}}",48,0,48,J-D,4,,success,success,5,114,112
IIM Ahmedabad PD 2025,https://iimapd25.calicotab.com/iimapd25/,2025,2025-01-10,TRUE,English,BP,IIM Ahmedabad PD,FALSE,University,In person,Asia,,public,,,,,45,41,0,0,0,41.0,S-E,['Novice'],['Novice'],"{'Novice': {'is_highest_non_open_cat': True, 'no_wbr_speakers': np.int64(0), 'no_79.11plus_speakers': 0, 'no_qual_speakers': np.float64(0.0), 'no_teams2': 29, 'pts_speaking': np.float64(29.0), 'speaking_class': 'S-E'}}",33,1,51,J-C,3,Aayana Rai Bhojani,success,success,4,89,81
IIM Ahmedabad PD 2026,https://iima2026.calicotab.com/iimapd/,2026,,TRUE,English,BP,IIM Ahmedabad PD,FALSE,University,In person,Asia,India,public,,,,,53,53,0,1,0.5,58.0,S-E,['Novice'],"['Open', 'Novice']","{'Novice': {'is_highest_non_open_cat': True, 'no_wbr_speakers': np.int64(0), 'no_79.11plus_speakers': 0, 'no_qual_speakers': np.float64(0.0), 'no_teams2': 39, 'pts_speaking': np.float64(39.0), 'speaking_class': 'S-E'}}",40,0,40,J-E,3,,success,success,4,106,105
IIT Bombay Debate (13th) 2021,https://13iitdebate.calicotab.com/13-IITB-Debate/,2021,,TRUE,English,BP,IIT Bombay Debate,FALSE,University,,Asia,India,self,,,,,130,123,6,21,16.5,287.0,S-A,['ProAm'],"['Novice', 'ProAm']","{'Novice': {'is_highest_non_open_cat': True}, 'ProAm': {'is_highest_non_open_cat': False, 'no_wbr_speakers': np.int64(0), 'no_79.11plus_speakers': 0, 'no_qual_speakers': np.float64(0.0), 'no_teams2': 82, 'pts_speaking': np.float64(82.0), 'speaking_class': 'S-D'}}",87,10,267,J-AA,7,,success,success,5,260,246
IIT Bombay Debate (14th) 2022,https://iitbombaydebate2022.calicotab.com/iitbombaydebate2022/,2022,,TRUE,English,BP,IIT Bombay Debate,FALSE,University,,Asia,India,self,,,,,95,91,4,11,9.5,186.0,S-B,['Novice'],['Novice'],"{'Novice': {'is_highest_non_open_cat': True, 'no_wbr_speakers': np.int64(0), 'no_79.11plus_speakers': 0, 'no_qual_speakers': np.float64(0.0), 'no_teams2': 48, 'pts_speaking': np.float64(48.0), 'speaking_class': 'S-E'}}",44,7,170,J-A,5,"Daniel Maier-Gant, Shudipto Ahmed, Vicky Barcelon, Deon Kiew, Abhishek Acharya",success,success,5,190,181
IIT Bombay Debate (15th) 2023,https://15thiitbombaydebate.calicotab.com/15thiitbombaydebate2023/,2023,,TRUE,English,BP,IIT Bombay Debate,FALSE,University,,Asia,India,self,,,,,94,92,0,7,3.5,127.0,S-C,['Novice'],['Novice'],"{'Novice': {'is_highest_non_open_cat': True, 'no_wbr_speakers': np.int64(0), 'no_79.11plus_speakers': 0, 'no_qual_speakers': np.float64(0.0), 'no_teams2': 57, 'pts_speaking': np.float64(57.0), 'speaking_class': 'S-E'}}",81,2,117,J-C,5,,success,success,5,185,180
IIT Bombay Debate (16th) 2023,https://16thiitbombaydebate.calicotab.com/16thiitb/,2023,,TRUE,English,BP,IIT Bombay Debate,FALSE,University,,Asia,India,self,,,,,120,108,0,7,3.5,143.0,S-C,['Novice'],['Novice'],"{'Novice': {'is_highest_non_open_cat': True, 'no_wbr_speakers': np.int64(0), 'no_79.11plus_speakers': 0, 'no_qual_speakers': np.float64(0.0), 'no_teams2': 79, 'pts_speaking': np.float64(79.0), 'speaking_class': 'S-D'}}",82,5,172,J-A,3,,success,success,5,237,216
IIT Bombay Debate (17th) 2024,https://17thiitbombaydebate.calicotab.com/17thiitb/,2024,2024-10-18,TRUE,English,BP,IIT Bombay Debate,FALSE,University,,Asia,India,self,,,,,120,120,0,7,3.5,154.0,S-C,['Novice'],['Novice'],"{'Novice': {'is_highest_non_open_cat': True, 'no_wbr_speakers': np.int64(0), 'no_79.11plus_speakers': 0, 'no_qual_speakers': np.float64(0.0), 'no_teams2': 84, 'pts_speaking': np.float64(84.0), 'speaking_class': 'S-D'}}",82,1,100,J-C,5,,success,success,5,240,239
IIT Bombay Debate (18th) 2025,https://18thiitbombaydebate.calicotab.com/18thiitb/,2025,2025-02-15,TRUE,English,BP,IIT Bombay Debate,FALSE,University,In person,Asia,India,self,,,,,69,62,1,6,4,102.0,S-C,['Novice'],['Novice'],"{'Novice': {'is_highest_non_open_cat': True, 'no_wbr_speakers': np.int64(0), 'no_79.11plus_speakers': 0, 'no_qual_speakers': np.float64(0.0), 'no_teams2': 39, 'pts_speaking': np.float64(39.0), 'speaking_class': 'S-E'}}",49,0,49,J-D,4,,success,success,5,137,124
IIT Bombay Debate (19th) 2025,https://19thiitbombaydebate.calicotab.com/19thiitb/,2025,2025-10-04,TRUE,English,BP,IIT Bombay Debate,FALSE,University,In person,Asia,India,self,,,,,128,117,1,7,4.5,161.0,S-C,['Novice'],['Novice'],"{'Novice': {'is_highest_non_open_cat': True, 'no_wbr_speakers': np.int64(0), 'no_79.11plus_speakers': 0, 'no_qual_speakers': np.float64(0.0), 'no_teams2': 79, 'pts_speaking': np.float64(79.0), 'speaking_class': 'S-D'}}",80,1,98,J-C,5,,success,success,5,249,234
IIT Kanpur PD 2026,https://iitkpd2026.calicotab.com/iitkpd2026/,2026,,TRUE,English,BP,IIT Kanpur PD,FALSE,University,In person,Asia,,public,,,,,37,36,0,0,0,36.0,S-E,['Novice'],"['Open', 'Novice']","{'Novice': {'is_highest_non_open_cat': True, 'no_wbr_speakers': np.int64(0), 'no_79.11plus_speakers': 0, 'no_qual_speakers': np.float64(0.0), 'no_teams2': 28, 'pts_speaking': np.float64(28.0), 'speaking_class': 'S-E'}}",20,0,20,J-E,3,,success,success,4,74,72
IIT Kharagpur PD 2026,https://kgppd2026.calicotab.com/kgppd26/,2026,,TRUE,English,BP,IIT Kharagpur PD,FALSE,University,Online,Asia,,public,,,,,63,54,0,0,0,54.0,S-E,['Novice'],"['Open', 'Novice']","{'Novice': {'is_highest_non_open_cat': True, 'no_wbr_speakers': np.int64(0), 'no_79.11plus_speakers': 0, 'no_qual_speakers': np.float64(0.0), 'no_teams2': 40, 'pts_speaking': np.float64(40.0), 'speaking_class': 'S-E'}}",44,0,44,J-E,5,,success,success,5,125,107
IIT Madras PD 2026,https://iitmpd.calicotab.com/iitmpd26/,2026,,TRUE,English,BP,IIT Madras PD,FALSE,University,,Asia,India,self,,,,,49,48,0,8,4,88.0,S-C,['Novice'],"['Novice', 'Open']","{'Novice': {'is_highest_non_open_cat': True, 'no_wbr_speakers': np.int64(0), 'no_79.11plus_speakers': 0, 'no_qual_speakers': np.float64(0.0), 'no_teams2': 37, 'pts_speaking': np.float64(37.0), 'speaking_class': 'S-E'}}",39,0,39,J-E,5,,success,success,5,98,96
IIT Roorkee PD 2025,https://iitroorkee.calicotab.com/iitrpd2025/,2025,2025-03-22,TRUE,English,BP,IIT Roorkee PD,FALSE,University,Online,Asia,India,public,,,,,74,67,0,0,0,66.0,S-D,['Novice'],['Novice'],"{'Novice': {'is_highest_non_open_cat': True, 'no_wbr_speakers': np.int64(0), 'no_79.11plus_speakers': 0, 'no_qual_speakers': np.float64(0.0), 'no_teams2': 33, 'pts_speaking': np.float64(33.0), 'speaking_class': 'S-E'}}",39,0,39,J-E,4,,success,success,5,144,130
IITB Grand Prix 2024,https://iitbgrandprix.calicotab.com/iitb2024/,2024,2024-02-10,TRUE,English,BP,IITB Grand Prix,FALSE,University,,Asia,India,self,,,,,44,40,2,3,3.5,74.0,S-C,"['ESL', 'Novice']","['ESL', 'Novice']","{'ESL': {'is_highest_non_open_cat': True, 'no_wbr_speakers': np.int64(0), 'no_79.11plus_speakers': 0, 'no_qual_speakers': np.float64(0.0), 'no_teams2': 22, 'pts_speaking': np.float64(22.0), 'speaking_class': 'S-E'}, 'Novice': {'is_highest_non_open_cat': False, 'no_wbr_speakers': np.int64(0), 'no_79.11plus_speakers': 0, 'no_qual_speakers': np.float64(0.0), 'no_teams2': 16, 'pts_speaking': np.float64(16.0), 'speaking_class': 'S-E'}}",35,1,53,J-C,4,,success,success,5,87,80
IITM PD 2024,https://iitmpd.calicotab.com/iitmpd24/,2024,,TRUE,English,BP,IITM PD,FALSE,University,In person,Asia,India,public,,,,,53,52,1,2,2,72.0,S-D,['Novice'],['Novice'],"{'Novice': {'is_highest_non_open_cat': True, 'no_wbr_speakers': np.int64(0), 'no_79.11plus_speakers': 0, 'no_qual_speakers': np.float64(0.0), 'no_teams2': 33, 'pts_speaking': np.float64(33.0), 'speaking_class': 'S-E'}}",31,4,103,J-B,5,,success,success,5,106,104
IIUM Open 2024,https://iiuminterschooldebatingchampionship2023.calicotab.com/iiumopen2024/,2024,2024-12-01,TRUE,English,BP,IIUM Open,FALSE,University,,Asia,Malaysia,self,,,,,56,56,2,9,6.5,121.0,S-B,['Novice'],['Novice'],"{'Novice': {'is_highest_non_open_cat': True, 'no_wbr_speakers': np.int64(0), 'no_79.11plus_speakers': 0, 'no_qual_speakers': np.float64(0.0), 'no_teams2': 35, 'pts_speaking': np.float64(35.0), 'speaking_class': 'S-E'}}",28,0,28,J-E,3,,success,success,4,112,112
ILNU BPD 2023,https://ilnubpd2023.calicotab.com/2023/,2023,,TRUE,English,BP,ILNU BPD,FALSE,University,,Asia,,self,,,,,94,85,2,6,5,134.0,S-C,['Novice'],['Novice'],"{'Novice': {'is_highest_non_open_cat': True, 'no_wbr_speakers': np.int64(0), 'no_79.11plus_speakers': 0, 'no_qual_speakers': np.float64(0.0), 'no_teams2': 34, 'pts_speaking': np.float64(34.0), 'speaking_class': 'S-E'}}",52,1,70,J-C,3,,success,success,5,188,170
ILNU BPD 2024,https://ilnubpd2024.calicotab.com/ilnubpd/,2024,2024-02-16,TRUE,English,BP,ILNU BPD,FALSE,University,,Asia,,self,,,,,78,73,1,3,2.5,97.0,S-D,['Novice'],['Novice'],"{'Novice': {'is_highest_non_open_cat': True, 'no_wbr_speakers': np.int64(0), 'no_79.11plus_speakers': 0, 'no_qual_speakers': np.float64(0.0), 'no_teams2': 43, 'pts_speaking': np.float64(43.0), 'speaking_class': 'S-E'}}",34,7,160,J-A,5,,success,success,5,155,145
ILNU Round Robin 2025,https://ilnuroundrobin.calicotab.com/ilnurr2025/,2025,,TRUE,English,BP,ILNU Round Robin,FALSE,University,In person,Asia,,public,,,,,16,16,1,7,4.5,61.0,S-C,[],[],{},8,1,26,J-C,3,,success,success,5,32,32
Ilocos Norte IV 2022,https://iniv2022.calicotab.com/iniv2022/,2022,,,English,BP,Ilocos Norte IV,FALSE,University,,Asia,Philippines,self,,,,,157,152,2,36,20,352.0,S-B,"['Ilocos Norte', 'High School']","['Ilocos Norte', 'High School']","{'Ilocos Norte': {'is_highest_non_open_cat': False, 'no_wbr_speakers': np.int64(0), 'no_79.11plus_speakers': 0, 'no_qual_speakers': np.float64(0.0), 'no_teams2': 11, 'pts_speaking': np.float64(11.0), 'speaking_class': 'S-E'}, 'High School': {'is_highest_non_open_cat': False, 'no_wbr_speakers': np.int64(0), 'no_79.11plus_speakers': 7, 'no_qual_speakers': np.float64(3.5), 'no_teams2': 60, 'pts_speaking': np.float64(95.0), 'speaking_class': 'S-C'}}",74,0,74,J-D,3,,success,success,4,314,302
Ilorin DC 2022,https://mace1996.calicotab.com/expose4/,2022,,,English,BP,Ilorin DC,FALSE,University,,Africa,Nigeria,self,,,,,25,23,0,2,1,33.0,S-E,['Novice'],['Novice'],"{'Novice': {'is_highest_non_open_cat': True, 'no_wbr_speakers': np.int64(0), 'no_79.11plus_speakers': 0, 'no_qual_speakers': np.float64(0.0), 'no_teams2': 15, 'pts_speaking': np.float64(15.0), 'speaking_class': 'S-E'}}",14,0,14,J-E,4,"Davida Paul, Frank Bannerman, Ihere Serg Mascot, Ihuoma Marvelous Splendor, Oloruntonyin Muhammad Baqir",success,success,5,50,44
Ilorin Emirate Verbal Combat 2023,https://unilorin.calicotab.com/EVC2023/,2023,,TRUE,English,BP,Ilorin Emirate Verbal Combat,FALSE,University,,Africa,Nigeria,self,,,,,34,32,0,2,1,44.0,S-E,['NOVICE'],"['Open', 'Novice']",{'Novice': {'is_highest_non_open_cat': True}},21,0,21,J-E,5,,success,success,6,68,65
Ilorin Emirate Verbal Combat 2025,https://unilorin.calicotab.com/EVC25/,2025,,TRUE,English,BP,Ilorin Emirate Verbal Combat,FALSE,University,,Africa,Nigeria,self,,,,,39,38,0,0,0,36.0,S-E,[],['Open'],{},29,0,29,J-E,1,,success,success,5,78,71
Ilorin Word War (IV) 2024,https://unilorin.calicotab.com/WWVI/,2024,,TRUE,English,BP,Ilorin Word War,FALSE,University,In person,Africa,Nigeria,public,,,,,56,49,0,15,7.5,124.0,S-C,['Novice'],"['Open', 'Novice']","{'Novice': {'is_highest_non_open_cat': True, 'no_wbr_speakers': np.int64(0), 'no_79.11plus_speakers': 0, 'no_qual_speakers': np.float64(0.0), 'no_teams2': 32, 'pts_speaking': np.float64(32.0), 'speaking_class': 'S-E'}}",22,0,22,J-E,4,,success,success,5,111,96
Imperial ChatGPT Open 2024,https://imperialchatgptopen2024.calicotab.com/chatgpt2024/,2024,2024-04-27,TRUE,English,BP,Imperial ChatGPT Open,FALSE,University,Online,IONA,England,public,,,,,22,18,2,8,6,78.0,S-B,[],['Open'],{},11,1,29,J-C,2,,success,success,5,41,32
Imperial In-Person Open 2021,https://imperialinpersonopen2021.netlify.app/2021/,2021,,TRUE,English,BP,Imperial In-Person Open,FALSE,University,,IONA,England,self,,,,,13,12,4,8,8,92.0,S-B,[],[],{},10,1,28,J-C,2,,success,success,4,26,23
Imperial IV 2021,https://imperialiv2021.netlify.app/2021/,2021,,FALSE,English,BP,Imperial IV,FALSE,University,,IONA,England,self,,,,,105,101,9,49,33.5,435.0,S-AA,"['ESL', 'Pro-Am']","['ESL', 'Pro-Am']","{'ESL': {'is_highest_non_open_cat': True, 'no_wbr_speakers': np.int64(0), 'no_79.11plus_speakers': 3, 'no_qual_speakers': np.float64(1.5), 'no_teams2': 28, 'pts_speaking': np.float64(43.0), 'speaking_class': 'S-E'}, 'Pro-Am': {'is_highest_non_open_cat': False, 'no_wbr_speakers': np.int64(0), 'no_79.11plus_speakers': 1, 'no_qual_speakers': np.float64(0.5), 'no_teams2': 23, 'pts_speaking': np.float64(28.0), 'speaking_class': 'S-E'}}",73,6,181,J-A,6,,success,success,5,211,199
Imperial IV 2022,https://imperialiv2022.calicotab.com/_/,2022,,FALSE,English,BP,Imperial IV,FALSE,University,,IONA,England,self,,,,,114,106,24,44,46,566.0,S-AA+,['ESL'],['ESL'],"{'ESL': {'is_highest_non_open_cat': True, 'no_wbr_speakers': np.int64(0), 'no_79.11plus_speakers': 4, 'no_qual_speakers': np.float64(2.0), 'no_teams2': 39, 'pts_speaking': np.float64(59.0), 'speaking_class': 'S-E'}}",39,12,255,J-AA,4,,success,success,5,224,212
Imperial IV 2023,https://iv.imperialdebating.org/2023/,2023,,TRUE,English,BP,Imperial IV,FALSE,University,,IONA,England,self,,,,,34,32,8,14,15,182.0,S-A,['Pro-Am'],['Pro-Am'],"{'Pro-Am': {'is_highest_non_open_cat': True, 'no_wbr_speakers': np.int64(0), 'no_79.11plus_speakers': 0, 'no_qual_speakers': np.float64(0.0), 'no_teams2': 11, 'pts_speaking': np.float64(11.0), 'speaking_class': 'S-E'}}",19,4,91,J-B,3,,success,success,5,67,63
Imperial IV 2024,https://imperialiv24.calicotab.com/impiv24/,2024,2024-07-20,TRUE,English,BP,Imperial IV,FALSE,University,,IONA,England,self,,,,,44,44,10,25,22.5,269.0,S-A+,[],[],{},25,3,79,J-B,4,,success,success,5,86,84
Imperial IV 2025,https://imperialiv25.calicotab.com/_/,2025,2025-07-26,TRUE,English,BP,Imperial IV,FALSE,University,In person,IONA,England,self,,,,,33,32,8,16,16,192.0,S-A,[],[],{},19,2,55,J-C,4,,success,success,5,64,63
Imperial IV 2026,https://imperialiv2026.calicotab.com/imperialiv2026/,2026,2026-07-18,TRUE,English,BP,Imperial IV,FALSE,University,In person,IONA,England,self,,,,,25,24,3,12,9,114.0,S-B,[],['Open'],{},17,1,35,J-C,2,,success,success,5,49,47
Imperial Novices 2021,https://imperialnovices2021.netlify.app/2021/,2021,,TRUE,English,BP,Imperial Novices,FALSE,University,,IONA,England,self,,,,,49,48,0,0,0,48.0,S-E,['Non-Schools'],['Non-Schools'],"{'Non-Schools': {'is_highest_non_open_cat': True, 'no_wbr_speakers': np.int64(0), 'no_79.11plus_speakers': 0, 'no_qual_speakers': np.float64(0.0), 'no_teams2': 25, 'pts_speaking': np.float64(25.0), 'speaking_class': 'S-E'}}",29,4,101,J-B,3,"Craig McDonald, Dan Wood, Zarina Bell-Gam",success,success,3,98,96
Imperial Novices 2022,https://imperialnovices2022.calicotab.com/_/,2022,,TRUE,English,BP,Imperial Novices,FALSE,University,,IONA,England,self,,,,,36,36,0,0,0,36.0,S-E,['Non-Schools'],['Non-Schools'],"{'Non-Schools': {'is_highest_non_open_cat': True, 'no_wbr_speakers': np.int64(0), 'no_79.11plus_speakers': 0, 'no_qual_speakers': np.float64(0.0), 'no_teams2': 25, 'pts_speaking': np.float64(25.0), 'speaking_class': 'S-E'}}",24,3,78,J-B,4,,success,success,3,71,70
Imperial Novices 2025,https://imperialnovices2025.calicotab.com/imperialnovices2025/,2025,2025-10-25,TRUE,English,BP,Imperial Novices,FALSE,University,In person,IONA,England,self,,,,,42,40,0,2,1,49.0,S-E,[],[],{},35,0,35,J-E,3,,success,success,4,84,80
Imperial Online Open 2025,https://imperialonlineopen2025.calicotab.com/imperialonlineopen2025/,2025,2025-04-19,TRUE,English,BP,Imperial Online Open,FALSE,University,Online,IONA,England,self,,,,,59,54,11,15,18.5,239.0,S-A+,"['Novice', 'ESL']","['Novice', 'ESL']","{'Novice': {'is_highest_non_open_cat': False, 'no_wbr_speakers': np.int64(0), 'no_79.11plus_speakers': 1, 'no_qual_speakers': np.float64(0.5), 'no_teams2': 14, 'pts_speaking': np.float64(19.0), 'speaking_class': 'S-E'}, 'ESL': {'is_highest_non_open_cat': True, 'no_wbr_speakers': np.int64(0), 'no_79.11plus_speakers': 0, 'no_qual_speakers': np.float64(0.0), 'no_teams2': 21, 'pts_speaking': np.float64(21.0), 'speaking_class': 'S-E'}}",38,8,182,J-A+,3,,success,success,5,115,106
Imperial Open 2021,https://imperialopen2021.netlify.app/2021/,2021,,FALSE,English,BP,Imperial Open,FALSE,University,,IONA,England,self,,,,,49,48,4,30,19,238.0,S-A,['ESL'],['ESL'],"{'ESL': {'is_highest_non_open_cat': True, 'no_wbr_speakers': np.int64(0), 'no_79.11plus_speakers': 0, 'no_qual_speakers': np.float64(0.0), 'no_teams2': 13, 'pts_speaking': np.float64(13.0), 'speaking_class': 'S-E'}}",30,2,66,J-C,4,,success,success,5,95,94
Imperial Pre-WUDC 2025,https://imperialprewudc.calicotab.com/imperialprewudc2025/,2025,2025-11-29,TRUE,English,BP,Imperial Pre-WUDC,FALSE,University,Online,IONA,England,self,,,,,71,68,14,27,27.5,342.0,S-AA,"['Novice', 'ESL']","['Novice', 'ESL']","{'Novice': {'is_highest_non_open_cat': False, 'no_wbr_speakers': np.int64(0), 'no_79.11plus_speakers': 0, 'no_qual_speakers': np.float64(0.0), 'no_teams2': 9, 'pts_speaking': np.float64(9.0), 'speaking_class': 'S-E'}, 'ESL': {'is_highest_non_open_cat': True, 'no_wbr_speakers': np.int64(0), 'no_79.11plus_speakers': 0, 'no_qual_speakers': np.float64(0.0), 'no_teams2': 24, 'pts_speaking': np.float64(24.0), 'speaking_class': 'S-E'}}",48,5,138,J-A,3,,success,success,5,142,134
Imperial Pro-Am 2021,https://imperialproam2021.netlify.app/2021/,2021,,FALSE,English,BP,Imperial Pro-Am,FALSE,University,,IONA,England,self,,,,,56,56,1,6,4,96.0,S-C,['ESL'],['ESL'],"{'ESL': {'is_highest_non_open_cat': True, 'no_wbr_speakers': np.int64(0), 'no_79.11plus_speakers': 0, 'no_qual_speakers': np.float64(0.0), 'no_teams2': 11, 'pts_speaking': np.float64(11.0), 'speaking_class': 'S-E'}}",33,2,69,J-C,4,,success,success,4,112,112
Imperial Winter Pro-Am 2021,https://imperialwinterproam2021.netlify.app/2021/,2021,,TRUE,English,BP,Imperial Winter Pro-Am,FALSE,University,,IONA,England,self,,,,,32,32,2,1,2.5,57.0,S-E,[],[],{},22,2,58,J-C,2,,success,success,4,64,64
India ABP Fundraiser 2025,https://dialectica.calicotab.com/indiaabpfundraiser/,2025,2025-08-30,TRUE,English,BP,India ABP Fundraiser,FALSE,University,Online,Asia,India,self,,,,,107,100,5,8,9,190.0,S-B,['Novice'],['Novice'],"{'Novice': {'is_highest_non_open_cat': True, 'no_wbr_speakers': np.int64(0), 'no_79.11plus_speakers': 0, 'no_qual_speakers': np.float64(0.0), 'no_teams2': 38, 'pts_speaking': np.float64(38.0), 'speaking_class': 'S-E'}}",47,1,65,J-C,5,,success,success,5,214,196
India Pre-ABP 2026,https://dialectica.calicotab.com/indiapreabp2026/,2026,2026-08-08,TRUE,English,BP,India Pre-ABP,FALSE,University,Online,Asia,India,self,,,,,70,67,3,5,5.5,121.0,S-C,['Novice'],"['Novice', 'Open']","{'Novice': {'is_highest_non_open_cat': True, 'no_wbr_speakers': np.int64(0), 'no_79.11plus_speakers': 0, 'no_qual_speakers': np.float64(0.0), 'no_teams2': 42, 'pts_speaking': np.float64(42.0), 'speaking_class': 'S-E'}}",36,0,36,J-E,3,,success,success,5,140,132
India WUDC Fundraiser 2023,https://indiawudcfundraiser.calicotab.com/_/,2023,,TRUE,English,BP,India WUDC Fundraiser,FALSE,University,,Asia,India,self,,,,,91,88,16,39,35.5,442.0,S-AA,['ESL'],['ESL'],"{'ESL': {'is_highest_non_open_cat': True, 'no_wbr_speakers': np.int64(1), 'no_79.11plus_speakers': 3, 'no_qual_speakers': np.float64(2.5), 'no_teams2': 34, 'pts_speaking': np.float64(59.0), 'speaking_class': 'S-E'}}",47,10,227,J-AA,4,,success,success,4,178,172
Indian Debate Open 2024,https://ufd.calicotab.com/ido24/,2024,,TRUE,English,BP,Indian Debate Open,FALSE,University,,Asia,India,self,,,,,38,36,4,3,5.5,91.0,S-C,['School'],"['School', 'Open']","{'School': {'is_highest_non_open_cat': True, 'no_wbr_speakers': np.int64(0), 'no_79.11plus_speakers': 0, 'no_qual_speakers': np.float64(0.0), 'no_teams2': 15, 'pts_speaking': np.float64(15.0), 'speaking_class': 'S-E'}}",19,1,37,J-C,3,,success,success,5,76,70
Indo-Pacific Autumn BP 2024,https://ufd.calicotab.com/autumnbp24/,2024,,TRUE,English,BP,Indo-Pacific Autumn BP,FALSE,University,,Asia,,self,,,,,25,23,1,3,2.5,48.0,S-E,['Novice'],['Novice'],"{'Novice': {'is_highest_non_open_cat': True, 'no_wbr_speakers': np.int64(0), 'no_79.11plus_speakers': 0, 'no_qual_speakers': np.float64(0.0), 'no_teams2': 12, 'pts_speaking': np.float64(12.0), 'speaking_class': 'S-E'}}",14,0,14,J-E,3,,success,success,5,50,46
Indo-Pacific BP Open 2024,https://ufd.calicotab.com/indopacificbp24/,2024,,TRUE,English,BP,Indo-Pacific BP Open,FALSE,University,,Asia,,self,,,,,65,65,2,2,3,95.0,S-C,"['High School', 'Middle School']","['Open', 'Middle School', 'High School']","{'Middle School': {'is_highest_non_open_cat': False, 'no_wbr_speakers': np.int64(0), 'no_79.11plus_speakers': 0, 'no_qual_speakers': np.float64(0.0), 'no_teams2': 20, 'pts_speaking': np.float64(20.0), 'speaking_class': 'S-E'}, 'High School': {'is_highest_non_open_cat': False, 'no_wbr_speakers': np.int64(0), 'no_79.11plus_speakers': 0, 'no_qual_speakers': np.float64(0.0), 'no_teams2': 44, 'pts_speaking': np.float64(44.0), 'speaking_class': 'S-E'}}",23,2,59,J-C,3,,success,success,4,130,129
Indo-Pacific Pre-ABP 2024,https://ufd.calicotab.com/preabp24/,2024,,TRUE,English,BP,Indo-Pacific Pre-ABP,FALSE,University,,Asia,Philippines,self,,,,,58,56,4,13,10.5,160.0,S-B,['Novice'],"['Open', 'Novice']","{'Novice': {'is_highest_non_open_cat': True, 'no_wbr_speakers': np.int64(0), 'no_79.11plus_speakers': 0, 'no_qual_speakers': np.float64(0.0), 'no_teams2': 25, 'pts_speaking': np.float64(25.0), 'speaking_class': 'S-E'}}",39,1,57,J-C,4,,success,success,5,116,112
Indo-Pacific Pre-ABP 2025,https://ufd.calicotab.com/preabp25/,2025,2025-07-19,TRUE,English,BP,Indo-Pacific Pre-ABP,FALSE,University,,Asia,,self,,,,,46,42,0,3,1.5,57.0,S-E,"['Schools', 'Novice']","['Schools', 'Novice']","{'Schools': {'is_highest_non_open_cat': False, 'no_wbr_speakers': np.int64(0), 'no_79.11plus_speakers': 0, 'no_qual_speakers': np.float64(0.0), 'no_teams2': 17, 'pts_speaking': np.float64(17.0), 'speaking_class': 'S-E'}, 'Novice': {'is_highest_non_open_cat': True, 'no_wbr_speakers': np.int64(0), 'no_79.11plus_speakers': 0, 'no_qual_speakers': np.float64(0.0), 'no_teams2': 13, 'pts_speaking': np.float64(13.0), 'speaking_class': 'S-E'}}",21,0,21,J-E,1,,success,success,5,91,83
Indo-Pacific Pro-Am 2024,https://ufd.calicotab.com/ProAm24/,2024,2024-07-20,TRUE,English,BP,Indo-Pacific Pro-Am,FALSE,University,,Asia,,self,,,,,42,42,3,1,3.5,77.0,S-C,['AM-AM'],['AM-AM'],"{'AM-AM': {'is_highest_non_open_cat': True, 'no_wbr_speakers': np.int64(0), 'no_79.11plus_speakers': 0, 'no_qual_speakers': np.float64(0.0), 'no_teams2': 24, 'pts_speaking': np.float64(24.0), 'speaking_class': 'S-E'}}",19,1,37,J-C,3,,success,success,4,83,82
Indonesian National UDC 2024,https://nudc2024.au-tab.app/national/,2024,,TRUE,English,BP,Indonesian National UDC,FALSE,University,,Asia,,self,,,,,113,112,0,15,7.5,187.0,S-C,['Novice'],['Novice'],"{'Novice': {'is_highest_non_open_cat': True, 'no_wbr_speakers': np.int64(0), 'no_79.11plus_speakers': 0, 'no_qual_speakers': np.float64(0.0), 'no_teams2': 56, 'pts_speaking': np.float64(56.0), 'speaking_class': 'S-E'}}",131,1,149,J-C,4,,success,success,9,226,223
Inner Temple IV 2021,https://saveafather.calicotab.com/innertempleiv2021/,2021,2021-01-14,FALSE,English,BP,Inner Temple IV,FALSE,University,Online,IONA,England,public,,,,,20,20,1,6,4,60.0,S-C,[],[],{},11,1,29,J-C,3,,success,success,5,43,41
Inner Temple IV 2025,https://inneriv25.calicotab.com/InnerIV25/,2025,2025-02-01,TRUE,English,BP,Inner Temple IV,FALSE,University,In person,IONA,England,self,,,,,25,24,3,8,7,94.0,S-B,[],[],{},21,1,39,J-C,3,,success,success,4,46,45
Inner Temple IV 2026,https://innertemple26.calicotab.com/harrisonplate/,2026,2026-01-31,TRUE,English,BP,Inner Temple IV,FALSE,University,In person,IONA,England,self,,,,,24,24,4,9,8.5,109.0,S-B,[],['Open'],{},10,1,28,J-C,3,,success,success,4,46,46
Int. Nusantara Debate 2024,https://debatnusantara2024.au-tab.app/ind2024/,2024,,TRUE,English,BP,Int. Nusantara Debate,FALSE,University,Online,Asia,Indonesia,public,,,,,42,41,0,7,3.5,76.0,S-C,"['Novice', 'U16', 'Open']","['Novice', 'U16']","{'Novice': {'is_highest_non_open_cat': True, 'no_wbr_speakers': np.int64(0), 'no_79.11plus_speakers': 2, 'no_qual_speakers': np.float64(1.0), 'no_teams2': 17, 'pts_speaking': np.float64(27.0), 'speaking_class': 'S-E'}, 'U16': {'is_highest_non_open_cat': False, 'no_wbr_speakers': np.int64(0), 'no_79.11plus_speakers': 2, 'no_qual_speakers': np.float64(1.0), 'no_teams2': 7, 'pts_speaking': np.float64(17.0), 'speaking_class': 'S-E'}}",15,0,15,J-E,1,,success,success,4,84,82
Intertext Novice BP 2023,https://intertext.calicotab.com/inbp2023/,2023,,TRUE,English,BP,Intertext Novice BP,FALSE,University,,Asia,,self,,,,,50,47,0,0,0,47.0,S-E,['U16'],"['Open', 'U16']","{'U16': {'is_highest_non_open_cat': True, 'no_wbr_speakers': np.int64(0), 'no_79.11plus_speakers': 0, 'no_qual_speakers': np.float64(0.0), 'no_teams2': 10, 'pts_speaking': np.float64(10.0), 'speaking_class': 'S-E'}}",28,0,28,J-E,3,,success,success,4,98,91
Intertext Pre-ABP 2023,https://intertext.calicotab.com/ipabp2023/,2023,,TRUE,English,BP,Intertext Pre-ABP,FALSE,University,Online,Asia,,public,,,,,58,55,4,7,7.5,130.0,S-B,['EFL'],['EFL'],"{'EFL': {'is_highest_non_open_cat': True, 'no_wbr_speakers': np.int64(0), 'no_79.11plus_speakers': 0, 'no_qual_speakers': np.float64(0.0), 'no_teams2': 11, 'pts_speaking': np.float64(11.0), 'speaking_class': 'S-E'}}",48,0,48,J-D,3,,success,success,5,116,110
Intertext Pre-ABP 2024,https://intertext.calicotab.com/ipabp2024/,2024,,TRUE,English,BP,Intertext Pre-ABP,FALSE,University,,Asia,,self,,,,,39,36,5,12,11,145.0,S-B,['EFL'],['EFL'],"{'EFL': {'is_highest_non_open_cat': True, 'no_wbr_speakers': np.int64(0), 'no_79.11plus_speakers': 0, 'no_qual_speakers': np.float64(0.0), 'no_teams2': 9, 'pts_speaking': np.float64(9.0), 'speaking_class': 'S-E'}}",43,0,43,J-E,0,,success,success,4,78,72
Intertext Pre-ABP 2026,https://intertext.calicotab.com/intertextpreabp2026/,2026,2026-08-15,TRUE,English,BP,Intertext Pre-ABP,FALSE,University,Online,Asia,,self,,,,,47,44,0,0,0,43.0,S-E,['U18'],"['U18', 'Open']","{'U18': {'is_highest_non_open_cat': True, 'no_wbr_speakers': np.int64(0), 'no_79.11plus_speakers': 0, 'no_qual_speakers': np.float64(0.0), 'no_teams2': 8, 'pts_speaking': np.float64(8.0), 'speaking_class': 'S-E'}}",22,0,22,J-E,0,,success,success,4,93,85
Intertext Pro-Am 2023,https://intertext.calicotab.com/ipado2023/,2023,,TRUE,English,BP,Intertext Pro-Am,FALSE,University,Online,Asia,,public,,,,,58,56,6,7,9.5,151.0,S-B,['Am-Ams'],['Am-Ams'],"{'Am-Ams': {'is_highest_non_open_cat': True, 'no_wbr_speakers': np.int64(1), 'no_79.11plus_speakers': 0, 'no_qual_speakers': np.float64(1.0), 'no_teams2': 32, 'pts_speaking': np.float64(42.0), 'speaking_class': 'S-E'}}",33,2,69,J-C,1,"Shaurya Chandravanshi, Ian Chai, Maeca Pansensoy",success,success,4,114,112
Intertext Pro-Am 2024,https://intertext.calicotab.com/ipa2024/,2024,,TRUE,English,BP,Intertext Pro-Am,FALSE,University,,Asia,Malaysia,public,,,,,41,40,1,0,1,48.0,S-E,['Am ams'],['Am ams'],"{'Am ams': {'is_highest_non_open_cat': True, 'no_wbr_speakers': np.int64(0), 'no_79.11plus_speakers': 0, 'no_qual_speakers': np.float64(0.0), 'no_teams2': 25, 'pts_speaking': np.float64(25.0), 'speaking_class': 'S-E'}}",25,0,25,J-E,0,,success,success,4,82,80
Irish Novices 2025,https://irishnovices25.calicotab.com/_/,2025,2025-11-30,TRUE,English,BP,Irish Novices,FALSE,University,In person,IONA,Ireland,self,,,,,16,16,0,0,0,16.0,S-E,[],[],{},13,0,13,J-E,3,,success,success,3,31,31
Israeli English Cup 2024,https://idltournaments2024.calicotab.com/englishcup24/,2024,,TRUE,English,BP,Israeli English Cup,FALSE,University,,Europe,Israel,self,,,,,24,24,1,2,2,44.0,S-E,[],['Open'],{},17,0,17,J-E,4,,success,success,3,48,48
Israeli English Cup 2025,https://idltournaments2026.calicotab.com/englishcup25/,2025,2025-12-18,TRUE,English,BP,Israeli English Cup,FALSE,University,In person,Europe,Israel,public,,,,,24,24,1,1,1.5,39.0,S-E,[],['Open'],{},19,1,37,J-C,4,,success,success,3,48,48
Israeli English Open 2024,https://idltournaments2024.calicotab.com/englishopen2024/,2024,,TRUE,English,BP,Israeli English Open,FALSE,University,,Europe,Israel,self,,,,,32,32,2,8,6,92.0,S-B,[],['Open'],{},25,2,61,J-C,3,,success,success,3,64,64
Israeli English Open 2025,https://idltournaments2024.calicotab.com/engopen2025/,2025,,TRUE,English,BP,Israeli English Open,FALSE,University,,Europe,Israel,self,,,,,20,20,1,8,5,70.0,S-C,[],['Open'],{},11,1,29,J-C,5,,success,success,3,40,40
Israeli English Open 2026,https://idltournaments2026.calicotab.com/englishopen2026/,2026,,TRUE,English,BP,Israeli English Open,FALSE,University,In person,Europe,Israel,public,,,,,28,28,3,4,5,78.0,S-C,[],['Open'],{},19,1,37,J-C,5,,success,success,3,55,55
Israeli Mini Spring Challenge 2026,https://idltournaments2026.calicotab.com/minispringchallenge2026/,2026,2026-03-14,TRUE,English,BP,Israeli Mini Spring Challenge,FALSE,University,Online,Europe,Israel,public,,,,,25,25,7,9,11.5,140.0,S-B,[],['Open'],{},10,0,10,J-E,4,,success,success,4,49,48
Israeli Newbies 2025,https://idltournaments2024.calicotab.com/Newbies2024/,2025,2025-06-25,TRUE,English,BP,Israeli Newbies,FALSE,University,Online,Europe,Israel,public,,,,,20,20,0,0,0,20.0,S-E,[],['Open'],{},11,1,29,J-C,4,,success,success,3,40,40
Israeli Newbies 2026,https://idltournaments2026.calicotab.com/newbies2026/,2026,2026-07-06,TRUE,English,BP,Israeli Newbies,FALSE,University,In person,Europe,Israel,public,,,,,21,20,0,0,0,20.0,S-E,[],['Open'],{},10,0,10,J-E,4,,success,success,3,40,40
Israeli Novice IV 2026,https://idltournaments2026.calicotab.com/NIV2026/,2026,,TRUE,English,BP,Israeli Novice IV,FALSE,University,,Europe,Israel,self,,,,,20,20,0,0,0,20.0,S-E,[],['Open'],{},12,0,12,J-E,5,,success,success,3,37,36
Istanbul Open 2024,https://istanbulopen30international.calicotab.com/istanbulopen30/,2024,2024-09-20,TRUE,English,BP,Istanbul Open,FALSE,University,,Europe,Turkey,self,,,,,28,20,0,0,0,20.0,S-E,[],[],{},12,1,30,J-C,5,,success,success,5,53,37
Istanbul Open 2026,https://tabserverofturkey.calicotab.com/istanbulopen26/,2026,2026-02-21,TRUE,English,BP,Istanbul Open,FALSE,University,In person,Europe,Turkey,self,,,,,46,44,7,11,12.5,169.0,S-A,['Novice'],"['Novice', 'Open']","{'Novice': {'is_highest_non_open_cat': True, 'no_wbr_speakers': np.int64(0), 'no_79.11plus_speakers': 0, 'no_qual_speakers': np.float64(0.0), 'no_teams2': 19, 'pts_speaking': np.float64(19.0), 'speaking_class': 'S-E'}}",9,3,63,J-B,3,,success,success,5,91,86
Istanbul Peitho Open 2025,https://tabserverofturkey.calicotab.com/ihuinternationalopen2025/,2025,,TRUE,English,BP,Istanbul Peitho Open,FALSE,University,,Europe,Turkey,self,,,,,14,10,0,2,1,20.0,S-E,[],[],{},9,0,9,J-E,3,,success,success,3,26,19
Ivorian IV 2026,https://braceytab.calicotab.com/IV2026/,2026,,TRUE,English,BP,Ivorian IV,FALSE,University,,Africa,,self,,,,,69,58,0,7,3.5,100.0,S-C,[],['Open'],{},23,0,23,J-E,5,,success,success,7,138,124
Japan BP 2024,https://japanbp2024.calicotab.com/24jbp/,2024,,TRUE,English,BP,Japan BP,FALSE,University,,Asia,Japan,self,,,,,48,48,0,2,1,58.0,S-E,['Rookie'],"['Open', 'Rookie']","{'Rookie': {'is_highest_non_open_cat': True, 'no_wbr_speakers': np.int64(0), 'no_79.11plus_speakers': 0, 'no_qual_speakers': np.float64(0.0), 'no_teams2': 13, 'pts_speaking': np.float64(13.0), 'speaking_class': 'S-E'}}",15,1,33,J-C,6,,success,success,5,94,94
Japan BP 2025,https://japanbp2025.calicotab.com/_/,2025,2025-12-06,TRUE,English,BP,Japan BP,FALSE,University,Online,Asia,Japan,self,,,,,70,68,0,5,2.5,93.0,S-D,"['Schooler', 'Rookie']",['Rookie'],"{'Rookie': {'is_highest_non_open_cat': True, 'no_wbr_speakers': np.int64(0), 'no_79.11plus_speakers': 0, 'no_qual_speakers': np.float64(0.0), 'no_teams2': 16, 'pts_speaking': np.float64(16.0), 'speaking_class': 'S-E'}}",36,2,72,J-C,6,,success,success,5,139,136
Jindal Debate 2026,https://jindaldebsoc.calicotab.com/jindaldebate2026/,2026,,TRUE,English,BP,Jindal Debate,FALSE,University,,Asia,,self,,,,,40,35,0,7,3.5,70.0,S-C,['Novice'],"['Novice', 'Open']","{'Novice': {'is_highest_non_open_cat': True, 'no_wbr_speakers': np.int64(0), 'no_79.11plus_speakers': 0, 'no_qual_speakers': np.float64(0.0), 'no_teams2': 21, 'pts_speaking': np.float64(21.0), 'speaking_class': 'S-E'}}",23,0,23,J-E,3,,success,success,4,80,70
Johns Hopkins Open 2022,https://johnshopkinsopen2022.calicotab.com/jhu2022/,2022,,FALSE,English,BP,Johns Hopkins Open,FALSE,University,,North America,United States,self,,,,,89,86,14,29,28.5,369.0,S-AA,"['ESL', 'Novice']","['ESL', 'Novice']","{'ESL': {'is_highest_non_open_cat': True, 'no_wbr_speakers': np.int64(0), 'no_79.11plus_speakers': 1, 'no_qual_speakers': np.float64(0.5), 'no_teams2': 25, 'pts_speaking': np.float64(30.0), 'speaking_class': 'S-E'}, 'Novice': {'is_highest_non_open_cat': False, 'no_wbr_speakers': np.int64(0), 'no_79.11plus_speakers': 0, 'no_qual_speakers': np.float64(0.0), 'no_teams2': 23, 'pts_speaking': np.float64(23.0), 'speaking_class': 'S-E'}}",50,6,158,J-A,6,,success,success,5,177,171
Johns Hopkins Pre-WUDC 2023,https://jhuprewudc2023.calicotab.com/jhuprewudc2023/,2023,,TRUE,English,BP,Johns Hopkins Pre-WUDC,FALSE,University,,North America,United States,self,,,,,53,52,7,17,15.5,206.0,S-A,"['ESL', 'Novice']","['ESL', 'Novice']","{'ESL': {'is_highest_non_open_cat': True, 'no_wbr_speakers': np.int64(0), 'no_79.11plus_speakers': 0, 'no_qual_speakers': np.float64(0.0), 'no_teams2': 22, 'pts_speaking': np.float64(22.0), 'speaking_class': 'S-E'}, 'Novice': {'is_highest_non_open_cat': False, 'no_wbr_speakers': np.int64(0), 'no_79.11plus_speakers': 0, 'no_qual_speakers': np.float64(0.0), 'no_teams2': 11, 'pts_speaking': np.float64(11.0), 'speaking_class': 'S-E'}}",31,2,67,J-C,3,,success,success,5,105,103
Jozi Rumble 2022,https://mace.calicotab.com/jr22/,2022,,TRUE,English,BP,Jozi Rumble,FALSE,University,,Africa,South Africa,self,,,,,57,56,0,21,10.5,161.0,S-C,[],['Novice'],{'Novice': {'is_highest_non_open_cat': True}},32,0,32,J-E,4,,success,success,5,113,109
Jozi Rumble 2023,https://jozirumble.calicotab.com/jozirumble2023/,2023,,TRUE,English,BP,Jozi Rumble,FALSE,University,,Africa,,self,,,,,57,52,0,7,3.5,87.0,S-C,['Novice'],"['Open', 'Novice']","{'Novice': {'is_highest_non_open_cat': True, 'no_wbr_speakers': np.int64(0), 'no_79.11plus_speakers': 0, 'no_qual_speakers': np.float64(0.0), 'no_teams2': 14, 'pts_speaking': np.float64(14.0), 'speaking_class': 'S-E'}}",26,1,44,J-C,1,"Esihle Qangule, Bathandwa Mtebele, James Heus",success,success,7,114,104
Jozi Rumble 2024,https://jr2024.calicotab.com/jozirumble2024/,2024,,TRUE,English,BP,Jozi Rumble,FALSE,University,,Africa,,self,,,,,65,64,0,2,1,74.0,S-D,['Novice'],"['Open', 'Novice']","{'Novice': {'is_highest_non_open_cat': True, 'no_wbr_speakers': np.int64(0), 'no_79.11plus_speakers': 0, 'no_qual_speakers': np.float64(0.0), 'no_teams2': 20, 'pts_speaking': np.float64(20.0), 'speaking_class': 'S-E'}}",36,0,36,J-E,2,,success,success,7,130,128
Jozi Rumble 2025,https://jr2025.calicotab.com/jr2025/,2025,2025-04-18,TRUE,English,BP,Jozi Rumble,FALSE,University,In person,Africa,South Africa,public,,,,,86,83,0,25,12.5,207.0,S-C,['Novice'],"['Open', 'Novice']","{'Novice': {'is_highest_non_open_cat': True, 'no_wbr_speakers': np.int64(0), 'no_79.11plus_speakers': 0, 'no_qual_speakers': np.float64(0.0), 'no_teams2': 26, 'pts_speaking': np.float64(26.0), 'speaking_class': 'S-E'}}",50,0,50,J-D,3,"Vee Nhongo, Oyisa Katshaza, Tshi Malatji",success,success,7,173,163
Jozi Rumble 2026,https://nix.calicotab.com/JR26/,2026,2026-04-03,TRUE,English,BP,Jozi Rumble,FALSE,University,In person,Africa,"South Africa, Johannesburg",public,,,,,95,91,0,5,2.5,115.0,S-D,['Novice'],"['Open', 'Novice']","{'Novice': {'is_highest_non_open_cat': True, 'no_wbr_speakers': np.int64(0), 'no_79.11plus_speakers': 0, 'no_qual_speakers': np.float64(0.0), 'no_teams2': 19, 'pts_speaking': np.float64(19.0), 'speaking_class': 'S-E'}}",53,0,53,J-D,6,,success,success,6,190,176
JPDU (Japan) Autumn T 2024,https://jpduautumn2024.calicotab.com/_/,2024,,TRUE,English,BP,JPDU (Japan) Autumn T,FALSE,University,,Asia,Japan,self,,,,,40,40,2,6,5,90.0,S-C,['Rookie'],"['Rookie', 'Open']","{'Rookie': {'is_highest_non_open_cat': True, 'no_wbr_speakers': np.int64(0), 'no_79.11plus_speakers': 0, 'no_qual_speakers': np.float64(0.0), 'no_teams2': 18, 'pts_speaking': np.float64(18.0), 'speaking_class': 'S-E'}}",20,0,20,J-E,4,,success,success,4,80,80
JPDU (Japan) Autumn T 2025,https://autumntournament.calicotab.com/autumntournament2025/,2025,,TRUE,English,BP,JPDU (Japan) Autumn T,FALSE,University,,Asia,Japan,self,,,,,44,44,3,5,5.5,99.0,S-C,['Rookie'],"['Rookie', 'Open']","{'Rookie': {'is_highest_non_open_cat': True, 'no_wbr_speakers': np.int64(0), 'no_79.11plus_speakers': 0, 'no_qual_speakers': np.float64(0.0), 'no_teams2': 12, 'pts_speaking': np.float64(12.0), 'speaking_class': 'S-E'}}",23,3,77,J-B,5,,success,success,4,88,88
Kampala Open 2023,https://01-rean.calicotab.com/ko-23/,2023,2023-01-27,TRUE,English,BP,Kampala Open,FALSE,University,Online,Africa,Uganda,public,,,,,122,87,0,7,3.5,120.0,S-C,[],['Open'],{},27,1,45,J-C,5,,success,success,5,233,161
Kampala Open 2024,https://2001rean.calicotab.com/KO2024/,2024,2024-01-26,TRUE,English,BP,Kampala Open,FALSE,University,,Africa,Uganda,self,,,,,204,171,0,11,5.5,225.0,S-C,[],[],{},48,0,48,J-D,4,,success,success,5,397,324
Kampala Open 2025,https://debatefoster.calicotab.com/KO2025/,2025,2025-01-24,TRUE,English,BP,Kampala Open,FALSE,University,,Africa,Uganda,self,,,,,171,136,0,10,5,176.0,S-C,"['Novice', 'Schools']","['Schools', 'Novice']","{'Schools': {'is_highest_non_open_cat': False, 'no_wbr_speakers': np.int64(0), 'no_79.11plus_speakers': 0, 'no_qual_speakers': np.float64(0.0), 'no_teams2': 27, 'pts_speaking': np.float64(27.0), 'speaking_class': 'S-E'}, 'Novice': {'is_highest_non_open_cat': True, 'no_wbr_speakers': np.int64(0), 'no_79.11plus_speakers': 0, 'no_qual_speakers': np.float64(0.0), 'no_teams2': 56, 'pts_speaking': np.float64(56.0), 'speaking_class': 'S-E'}}",31,0,31,J-E,7,,success,success,5,334,258
Kampala Open 2026,https://inspired.calicotab.com/KO2026/,2026,,TRUE,English,BP,Kampala Open,FALSE,University,,Africa,Uganda,self,,,,,174,137,0,8,4,172.0,S-C,"['Novice', 'Schools']","['Novice', 'Open', 'Schools']","{'Novice': {'is_highest_non_open_cat': True, 'no_wbr_speakers': np.int64(0), 'no_79.11plus_speakers': 0, 'no_qual_speakers': np.float64(0.0), 'no_teams2': 60, 'pts_speaking': np.float64(60.0), 'speaking_class': 'S-D'}, 'Schools': {'is_highest_non_open_cat': False, 'no_wbr_speakers': np.int64(0), 'no_79.11plus_speakers': 0, 'no_qual_speakers': np.float64(0.0), 'no_teams2': 36, 'pts_speaking': np.float64(36.0), 'speaking_class': 'S-E'}}",36,1,54,J-C,5,,success,success,5,324,249
Kasiyana Open 2025,https://kasiyana.calicotab.com/kasiyana2025/,2025,,TRUE,English,BP,Kasiyana Open,FALSE,University,In person,Asia,Philippines,self,,,,,72,70,0,0,0,70.0,S-D,"['Novice', 'High School']","['Novice', 'High School']","{'Novice': {'is_highest_non_open_cat': True, 'no_wbr_speakers': np.int64(0), 'no_79.11plus_speakers': 0, 'no_qual_speakers': np.float64(0.0), 'no_teams2': 46, 'pts_speaking': np.float64(46.0), 'speaking_class': 'S-E'}, 'High School': {'is_highest_non_open_cat': False, 'no_wbr_speakers': np.int64(0), 'no_79.11plus_speakers': 0, 'no_qual_speakers': np.float64(0.0), 'no_teams2': 28, 'pts_speaking': np.float64(28.0), 'speaking_class': 'S-E'}}",39,0,39,J-E,1,,success,success,4,144,140
KCL IV 2025,https://kcliv25.calicotab.com/kcliv25/,2025,2025-11-01,TRUE,English,BP,KCL IV,FALSE,University,In person,IONA,England,self,,,,,44,44,9,19,18.5,229.0,S-A+,['Novice'],['Novice'],"{'Novice': {'is_highest_non_open_cat': True, 'no_wbr_speakers': np.int64(0), 'no_79.11plus_speakers': 0, 'no_qual_speakers': np.float64(0.0), 'no_teams2': 10, 'pts_speaking': np.float64(10.0), 'speaking_class': 'S-E'}}",28,1,46,J-C,3,Yeonwoo Sim,success,success,5,87,87
KCL Novices 2024,https://kingsnovices2024.calicotab.com/kingsnovices2024/,2024,,TRUE,English,BP,KCL Novices,FALSE,University,In person,IONA,England,self,,,,,35,32,0,1,0.5,37.0,S-E,['Non-Schools'],['Non-Schools'],"{'Non-Schools': {'is_highest_non_open_cat': True, 'no_wbr_speakers': np.int64(0), 'no_79.11plus_speakers': 0, 'no_qual_speakers': np.float64(0.0), 'no_teams2': 13, 'pts_speaking': np.float64(13.0), 'speaking_class': 'S-E'}}",28,1,46,J-C,3,,success,success,4,66,62
KCL Open 2021,https://kclopen2021.calicotab.com/kclopen2021/,2021,,FALSE,English,BP,KCL Open,FALSE,University,,IONA,England,self,,,,,91,84,5,29,19.5,279.0,S-A,"['ESL', 'Pro-Am']","['ESL', 'Pro-Am']","{'ESL': {'is_highest_non_open_cat': True, 'no_wbr_speakers': np.int64(0), 'no_79.11plus_speakers': 0, 'no_qual_speakers': np.float64(0.0), 'no_teams2': 24, 'pts_speaking': np.float64(24.0), 'speaking_class': 'S-E'}, 'Pro-Am': {'is_highest_non_open_cat': False, 'no_wbr_speakers': np.int64(0), 'no_79.11plus_speakers': 0, 'no_qual_speakers': np.float64(0.0), 'no_teams2': 18, 'pts_speaking': np.float64(18.0), 'speaking_class': 'S-E'}}",50,5,140,J-A,5,,success,success,5,177,168
KCL Open 2022,https://kclopen2022.calicotab.com/kclopen/,2022,,FALSE,English,BP,KCL Open,FALSE,University,,IONA,England,self,,,,,32,32,14,15,21.5,247.0,S-A+,['Pro-Am'],['Pro-Am'],"{'Pro-Am': {'is_highest_non_open_cat': True, 'no_wbr_speakers': np.int64(2), 'no_79.11plus_speakers': 1, 'no_qual_speakers': np.float64(2.5), 'no_teams2': 12, 'pts_speaking': np.float64(37.0), 'speaking_class': 'S-E'}}",20,1,38,J-C,4,,success,success,5,63,63
KCL Open 2024,https://kclopen2024.calicotab.com/kclopen2024/,2024,2024-02-17,TRUE,English,BP,KCL Open,FALSE,University,,IONA,England,self,,,,,58,51,6,8,10,150.0,S-B,"['ESL', 'Pro-Am']","['ESL', 'Pro-Am']","{'ESL': {'is_highest_non_open_cat': True, 'no_wbr_speakers': np.int64(1), 'no_79.11plus_speakers': 0, 'no_qual_speakers': np.float64(1.0), 'no_teams2': 13, 'pts_speaking': np.float64(23.0), 'speaking_class': 'S-E'}, 'Pro-Am': {'is_highest_non_open_cat': False, 'no_wbr_speakers': np.int64(0), 'no_79.11plus_speakers': 0, 'no_qual_speakers': np.float64(0.0), 'no_teams2': 13, 'pts_speaking': np.float64(13.0), 'speaking_class': 'S-E'}}",36,5,126,J-A,5,,success,success,5,115,99
KCL Open 2025,https://kclopen25.calicotab.com/kclopen25/,2025,2025-04-05,TRUE,English,BP,KCL Open,FALSE,University,In person,IONA,England,self,,,,,61,60,12,27,25.5,315.0,S-AA,['Novice'],['Novice'],"{'Novice': {'is_highest_non_open_cat': True, 'no_wbr_speakers': np.int64(0), 'no_79.11plus_speakers': 0, 'no_qual_speakers': np.float64(0.0), 'no_teams2': 14, 'pts_speaking': np.float64(14.0), 'speaking_class': 'S-E'}}",42,5,132,J-A,4,,success,success,5,120,118
KCL Pre-EUDC 2025,https://kclopen2025.calicotab.com/kclpreeudc2025/,2025,2025-05-24,TRUE,English,BP,KCL Pre-EUDC,FALSE,University,Online,IONA,England,self,,,,,64,64,12,24,24,304.0,S-AA,"['Novice', 'ESL']","['Novice', 'ESL']","{'Novice': {'is_highest_non_open_cat': False, 'no_wbr_speakers': np.int64(0), 'no_79.11plus_speakers': 0, 'no_qual_speakers': np.float64(0.0), 'no_teams2': 7, 'pts_speaking': np.float64(7.0), 'speaking_class': 'S-E'}, 'ESL': {'is_highest_non_open_cat': True, 'no_wbr_speakers': np.int64(2), 'no_79.11plus_speakers': 2, 'no_qual_speakers': np.float64(3.0), 'no_teams2': 21, 'pts_speaking': np.float64(51.0), 'speaking_class': 'S-C'}}",53,8,197,J-A+,4,,success,success,5,128,126
KCL Pro-Am 2020,https://kclproam2020.calicotab.com/kclproam2020/,2020,,TRUE,English,BP,KCL Pro-Am,FALSE,University,,IONA,England,self,,,,,48,48,3,3,4.5,93.0,S-C,"['ESL', 'IV']","['ESL', 'IV']","{'ESL': {'is_highest_non_open_cat': True, 'no_wbr_speakers': np.int64(0), 'no_79.11plus_speakers': 0, 'no_qual_speakers': np.float64(0.0), 'no_teams2': 18, 'pts_speaking': np.float64(18.0), 'speaking_class': 'S-E'}, 'IV': {'is_highest_non_open_cat': False, 'no_wbr_speakers': np.int64(1), 'no_79.11plus_speakers': 0, 'no_qual_speakers': np.float64(1.0), 'no_teams2': 37, 'pts_speaking': np.float64(47.0), 'speaking_class': 'S-E'}}",30,1,48,J-C,4,,success,success,4,96,96
KCL Pro-Am 2021,https://kclproam.calicotab.com/kclpa21/,2021,,TRUE,English,BP,KCL Pro-Am,FALSE,University,,IONA,England,self,,,,,64,64,3,8,7,134.0,S-B,[],[],{},29,7,155,J-A,3,"Enshia Li, Chris Mentis Cravaris, Emery Taylor",success,success,3,128,126
KCL Pro-Am 2022,https://kclproam2022.calicotab.com/kclpa2022/,2022,,TRUE,English,BP,KCL Pro-Am,FALSE,University,,IONA,England,self,,,,,61,59,5,19,14.5,204.0,S-A,[],[],{},23,7,149,J-A,3,,success,success,4,121,116
Keio Debate Open 2026,https://kdo2026.calicotab.com/kdo2026/,2026,,TRUE,English,BP,Keio Debate Open,FALSE,University,,Asia,Japan,self,,,,,26,26,1,0,1,36.0,S-E,['Rookie'],"['Rookie', 'Open']","{'Rookie': {'is_highest_non_open_cat': True, 'no_wbr_speakers': np.int64(0), 'no_79.11plus_speakers': 0, 'no_qual_speakers': np.float64(0.0), 'no_teams2': 5, 'pts_speaking': np.float64(5.0), 'speaking_class': 'S-E'}}",16,0,16,J-E,5,,success,success,4,78,78
Keio IV 2026,https://keioiv2026.calicotab.com/keioiv2026/,2026,2026-02-07,TRUE,English,BP,Keio IV,FALSE,University,Online,Asia,Japan,self,,,,,36,36,1,3,2.5,61.0,S-D,['EFL'],"['Open', 'EFL']","{'EFL': {'is_highest_non_open_cat': True, 'no_wbr_speakers': np.int64(0), 'no_79.11plus_speakers': 0, 'no_qual_speakers': np.float64(0.0), 'no_teams2': 9, 'pts_speaking': np.float64(9.0), 'speaking_class': 'S-E'}}",19,0,19,J-E,3,,success,success,5,72,71
Khalsa Pre-ABP 2025,https://khalsapreabp2025.calicotab.com/khalsapreabp25/,2025,2025-08-10,TRUE,English,BP,Khalsa Pre-ABP,FALSE,University,Online,Asia,India,public,,,,,46,39,0,0,0,38.0,S-E,['Novice'],['Novice'],"{'Novice': {'is_highest_non_open_cat': True, 'no_wbr_speakers': np.int64(0), 'no_79.11plus_speakers': 0, 'no_qual_speakers': np.float64(0.0), 'no_teams2': 23, 'pts_speaking': np.float64(23.0), 'speaking_class': 'S-E'}}",32,0,32,J-E,3,,success,success,5,90,77
Kiambu-Nairobi Regionals 2026,https://kudc.calicotab.com/KiambuNairobi25/,2026,,TRUE,English,BP,Kiambu-Nairobi Regionals,FALSE,University,,Africa,,self,,,,,18,16,0,1,0.5,21.0,S-E,['Novice'],"['Open', 'Novice']","{'Novice': {'is_highest_non_open_cat': True, 'no_wbr_speakers': np.int64(0), 'no_79.11plus_speakers': 0, 'no_qual_speakers': np.float64(0.0), 'no_teams2': 7, 'pts_speaking': np.float64(7.0), 'speaking_class': 'S-E'}}",6,0,6,J-E,0,,success,success,5,34,32
KIDA (Korea) Open 2023,https://kidaopen2023.calicotab.com/kidaopen2023/,2023,,TRUE,English,BP,KIDA (Korea) Open,FALSE,University,,Asia,South Korea,self,,,,,29,28,2,9,6.5,93.0,S-B,['Novice'],['Novice'],"{'Novice': {'is_highest_non_open_cat': True, 'no_wbr_speakers': np.int64(0), 'no_79.11plus_speakers': 0, 'no_qual_speakers': np.float64(0.0), 'no_teams2': 9, 'pts_speaking': np.float64(9.0), 'speaking_class': 'S-E'}}",24,0,24,J-E,0,,success,success,4,58,56
KIDA (Korea) Open 2024,https://kidaopen2024.calicotab.com/kidaopen2024/,2024,,TRUE,English,BP,KIDA (Korea) Open,FALSE,University,,Asia,South Korea,self,,,,,36,36,2,7,5.5,91.0,S-C,['Novice'],['Novice'],"{'Novice': {'is_highest_non_open_cat': True, 'no_wbr_speakers': np.int64(0), 'no_79.11plus_speakers': 0, 'no_qual_speakers': np.float64(0.0), 'no_teams2': 6, 'pts_speaking': np.float64(6.0), 'speaking_class': 'S-E'}}",14,0,14,J-E,4,,success,success,4,72,71
Kinnaird College DC (English) 2022,https://kinnairdurduopen21.calicotab.com/kcdcenglish22/,2022,,,English,BP,Kinnaird College DC (English),FALSE,University,,Asia,,self,,,,,65,60,1,1,1.5,75.0,S-D,['Novice'],['Novice'],"{'Novice': {'is_highest_non_open_cat': True, 'no_wbr_speakers': np.int64(1), 'no_79.11plus_speakers': 0, 'no_qual_speakers': np.float64(1.0), 'no_teams2': 25, 'pts_speaking': np.float64(35.0), 'speaking_class': 'S-E'}}",28,0,28,J-E,5,,success,success,5,129,117
Kinnaird College DC (English) 2023,https://kinnairdurduopen21.calicotab.com/kcdc23english/,2023,,TRUE,English,BP,Kinnaird College DC (English),FALSE,University,,Asia,Pakistan,self,,,,,32,32,1,0,1,42.0,S-E,['U19'],"['U19', 'Open']","{'U19': {'is_highest_non_open_cat': True, 'no_wbr_speakers': np.int64(0), 'no_79.11plus_speakers': 0, 'no_qual_speakers': np.float64(0.0), 'no_teams2': 8, 'pts_speaking': np.float64(8.0), 'speaking_class': 'S-E'}}",14,0,14,J-E,5,,success,success,4,64,63
Kinnaird College DC (English) 2024,https://kinnairdurduopen21.calicotab.com/Kcdceng2024/,2024,,TRUE,English,BP,Kinnaird College DC (English),FALSE,University,,Asia,Pakistan,self,,,,,,,,,,,,,[],{},6,0,6,J-E,6,,error getting team tab,success,4,,
Kinnaird College DC (English) 2025,https://kinnairdurduopen21.calicotab.com/KCDC25/,2025,,TRUE,English,BP,Kinnaird College DC (English),FALSE,University,,Asia,Pakistan,self,,,,,38,37,0,0,0,37.0,S-E,['U19'],"['Novice', 'Open']",{'Novice': {'is_highest_non_open_cat': True}},15,0,15,J-E,0,,success,success,4,76,72
Kirori Mal C Iron Giant 2024,https://kmcirongiant.calicotab.com/kmcirongiant/,2024,,TRUE,English,BP,Kirori Mal C Iron Giant,FALSE,University,Online,Asia,,public,,,,,54,48,0,2,1,58.0,S-E,['Novice'],['Novice'],"{'Novice': {'is_highest_non_open_cat': True, 'no_wbr_speakers': np.int64(0), 'no_79.11plus_speakers': 0, 'no_qual_speakers': np.float64(0.0), 'no_teams2': 33, 'pts_speaking': np.float64(33.0), 'speaking_class': 'S-E'}}",35,0,35,J-E,3,,success,success,5,54,48
KNUST Debate Open 2024,https://knustopen2024.calicotab.com/_/,2024,2024-10-19,TRUE,English,BP,KNUST Debate Open,FALSE,University,,Africa,Ghana,self,,,,,47,44,6,14,13,174.0,S-A,['ESL'],['ESL'],"{'ESL': {'is_highest_non_open_cat': True, 'no_wbr_speakers': np.int64(0), 'no_79.11plus_speakers': 0, 'no_qual_speakers': np.float64(0.0), 'no_teams2': 20, 'pts_speaking': np.float64(20.0), 'speaking_class': 'S-E'}}",23,3,77,J-B,5,,success,success,5,92,83
KNUST Vice Chancellor's Cup 2023,https://kds.calicotab.com/vcc23/,2023,,TRUE,English,BP,KNUST Vice Chancellor's Cup,FALSE,University,,Africa,Ghana,self,,,,,24,24,0,10,5,74.0,S-C,['Novice'],"['Novice', 'Open']","{'Novice': {'is_highest_non_open_cat': True, 'no_wbr_speakers': np.int64(0), 'no_79.11plus_speakers': 0, 'no_qual_speakers': np.float64(0.0), 'no_teams2': 8, 'pts_speaking': np.float64(8.0), 'speaking_class': 'S-E'}}",12,0,12,J-E,0,,success,success,5,48,47
KNUST Vice Chancellor's Cup 2025,https://braceytab.calicotab.com/2025VCC/,2025,,TRUE,English,BP,KNUST Vice Chancellor's Cup,FALSE,University,,Asia,Malaysia,self,,,,,26,24,0,0,0,25.0,S-E,[],['Open'],{},12,0,12,J-E,4,,success,success,5,51,48
Kontra-Korap Cup 2025,https://kontrakorapcup.calicotab.com/kkc2025/,2025,2025-09-27,TRUE,English,BP,Kontra-Korap Cup,FALSE,University,Online,Asia,Philippines,public,,,,,174,166,1,0,1,175.0,S-D,"['High School', 'Novice']","['High School', 'Novice']","{'High School': {'is_highest_non_open_cat': False, 'no_wbr_speakers': np.int64(0), 'no_79.11plus_speakers': 0, 'no_qual_speakers': np.float64(0.0), 'no_teams2': 36, 'pts_speaking': np.float64(36.0), 'speaking_class': 'S-E'}, 'Novice': {'is_highest_non_open_cat': True, 'no_wbr_speakers': np.int64(0), 'no_79.11plus_speakers': 0, 'no_qual_speakers': np.float64(0.0), 'no_teams2': 107, 'pts_speaking': np.float64(107.0), 'speaking_class': 'S-D'}}",60,0,60,J-D,4,,success,success,4,345,325
Korea Nationals 2024,https://snudaxhufsknc.calicotab.com/hdsnudaknc2024/,2024,,TRUE,English,BP,Korea Nationals,FALSE,University,,Asia,South Korea,self,,,,,48,48,0,1,0.5,53.0,S-E,"['Rookie', 'EFL']","['EFL', 'Rookie', 'Open']","{'EFL': {'is_highest_non_open_cat': True, 'no_wbr_speakers': np.int64(0), 'no_79.11plus_speakers': 0, 'no_qual_speakers': np.float64(0.0), 'no_teams2': 8, 'pts_speaking': np.float64(8.0), 'speaking_class': 'S-E'}, 'Rookie': {'is_highest_non_open_cat': False, 'no_wbr_speakers': np.int64(0), 'no_79.11plus_speakers': 0, 'no_qual_speakers': np.float64(0.0), 'no_teams2': 30, 'pts_speaking': np.float64(30.0), 'speaking_class': 'S-E'}}",41,3,95,J-B,4,,success,success,7,144,144
Korea Nationals (KUDC x HYDS) 2025,https://kudchydsknc2025.calicotab.com/kudchydsknc2025/,2025,,TRUE,English,BP,Korea Nationals,FALSE,University,,Asia,South Korea,self,,,,,46,46,1,1,1.5,112.0,S-D,"['Rookie', 'EFL']","['Rookie', 'EFL']","{'Rookie': {'is_highest_non_open_cat': False, 'no_wbr_speakers': np.int64(0), 'no_79.11plus_speakers': 0, 'no_qual_speakers': np.float64(0.0), 'no_teams2': 30, 'pts_speaking': np.float64(60.0), 'speaking_class': 'S-D'}, 'EFL': {'is_highest_non_open_cat': True, 'no_wbr_speakers': np.int64(0), 'no_79.11plus_speakers': 0, 'no_qual_speakers': np.float64(0.0), 'no_teams2': 10, 'pts_speaking': np.float64(20.0), 'speaking_class': 'S-E'}}",48,1,66,J-C,3,,success,success,6,138,138
Korea Nationals (MKDS x DAE) 2025,https://mkdsdaeknc2025.calicotab.com/mkdsdaeknc2025/,2025,2025-11-21,TRUE,English,BP,Korea Nationals,FALSE,University,Hybrid,Asia,South Korea,public,,,,,48,48,0,0,0,48.0,S-E,"['EFL', 'Rookie']","['EFL', 'Open', 'Rookie']","{'EFL': {'is_highest_non_open_cat': True, 'no_wbr_speakers': np.int64(0), 'no_79.11plus_speakers': 0, 'no_qual_speakers': np.float64(0.0), 'no_teams2': 7, 'pts_speaking': np.float64(7.0), 'speaking_class': 'S-E'}, 'Rookie': {'is_highest_non_open_cat': False, 'no_wbr_speakers': np.int64(0), 'no_79.11plus_speakers': 0, 'no_qual_speakers': np.float64(0.0), 'no_teams2': 21, 'pts_speaking': np.float64(21.0), 'speaking_class': 'S-E'}}",37,3,91,J-B,3,,success,success,5,96,96
Korea Nationals 2026,https://snudaxhdskncap2026.calicotab.com/2026apknc/,2026,2026-05-15,TRUE,English,BP,Korea Nationals,FALSE,University,In person,Asia,Korea,public,,,,,40,40,0,1,0.5,45.0,S-E,"['Rookie', 'EFL']","['EFL', 'Rookie', 'Open']","{'EFL': {'is_highest_non_open_cat': True, 'no_wbr_speakers': np.int64(0), 'no_79.11plus_speakers': 0, 'no_qual_speakers': np.float64(0.0), 'no_teams2': 6, 'pts_speaking': np.float64(6.0), 'speaking_class': 'S-E'}, 'Rookie': {'is_highest_non_open_cat': False, 'no_wbr_speakers': np.int64(0), 'no_79.11plus_speakers': 0, 'no_qual_speakers': np.float64(0.0), 'no_teams2': 20, 'pts_speaking': np.float64(20.0), 'speaking_class': 'S-E'}}",44,3,98,J-B,5,,success,success,6,120,120
Kumasi Debate Open 2022,https://kdotab.calicotab.com/kdo22/,2022,,FALSE,English,BP,Kumasi Debate Open,FALSE,University,,Africa,Ghana,self,,,,,34,33,0,6,3,63.0,S-C,['Novice'],"['Open', 'Novice']","{'Novice': {'is_highest_non_open_cat': True, 'no_wbr_speakers': np.int64(0), 'no_79.11plus_speakers': 0, 'no_qual_speakers': np.float64(0.0), 'no_teams2': 15, 'pts_speaking': np.float64(15.0), 'speaking_class': 'S-E'}}",24,0,24,J-E,2,,success,success,7,67,64
Kumasi Debate Open 2023,https://kumasi.calicotab.com/kdo23/,2023,,TRUE,English,BP,Kumasi Debate Open,FALSE,University,,Africa,,self,,,,,64,60,0,6,3,90.0,S-C,['Novice'],['Novice'],"{'Novice': {'is_highest_non_open_cat': True, 'no_wbr_speakers': np.int64(0), 'no_79.11plus_speakers': 0, 'no_qual_speakers': np.float64(0.0), 'no_teams2': 31, 'pts_speaking': np.float64(31.0), 'speaking_class': 'S-E'}}",43,1,61,J-C,3,,success,success,7,128,120
Kumasi Debate Open 2024,https://kumasi.calicotab.com/kdo24/,2024,2024-05-06,TRUE,English,BP,Kumasi Debate Open,FALSE,University,,Africa,,self,,,,,84,84,0,16,8,164.0,S-C,"['Novice', 'Pre-Uni']",['Novice'],"{'Novice': {'is_highest_non_open_cat': True, 'no_wbr_speakers': np.int64(0), 'no_79.11plus_speakers': 0, 'no_qual_speakers': np.float64(0.0), 'no_teams2': 33, 'pts_speaking': np.float64(33.0), 'speaking_class': 'S-E'}}",43,0,43,J-E,3,,success,success,8,168,168
Kumasi Debate Open 2025,https://kumasi.calicotab.com/kdo2025/,2025,,TRUE,English,BP,Kumasi Debate Open,FALSE,University,,Africa,,self,,,,,97,92,0,22,11,202.0,S-C,"['Pre-Uni', 'Novice']",['Novice'],"{'Novice': {'is_highest_non_open_cat': True, 'no_wbr_speakers': np.int64(0), 'no_79.11plus_speakers': 0, 'no_qual_speakers': np.float64(0.0), 'no_teams2': 37, 'pts_speaking': np.float64(37.0), 'speaking_class': 'S-E'}}",60,0,60,J-D,2,,success,success,7,194,184
Kumasi Debate Open 2026,https://kumasi.calicotab.com/kdo2026/,2026,2026-05-11,TRUE,English,BP,Kumasi Debate Open,FALSE,University,In person,Africa,Ghana,self,,,,,101,98,0,23,11.5,213.0,S-C,"['Novice', 'Pre-University']","['Open', 'Novice']","{'Novice': {'is_highest_non_open_cat': True, 'no_wbr_speakers': np.int64(0), 'no_79.11plus_speakers': 0, 'no_qual_speakers': np.float64(0.0), 'no_teams2': 46, 'pts_speaking': np.float64(46.0), 'speaking_class': 'S-E'}}",59,0,59,J-D,3,,success,success,7,202,194
Kyiv Open 2021,https://kyivopen2021.calicotab.com/kyiv/,2021,,TRUE,English,BP,Kyiv Open,FALSE,University,,Europe,Ukraine,self,,,,,33,32,3,6,6,92.0,S-B,[],[],{},9,2,45,J-C,5,,success,success,5,63,58
Kyushu Debate Open 2024,https://qdo.calicotab.com/qdo2024/,2024,,TRUE,English,BP,Kyushu Debate Open,FALSE,University,,Asia,Japan,self,,,,,36,36,2,8,6,95.0,S-B,['Rookie'],"['Rookie', 'Open']","{'Rookie': {'is_highest_non_open_cat': True, 'no_wbr_speakers': np.int64(0), 'no_79.11plus_speakers': 0, 'no_qual_speakers': np.float64(0.0), 'no_teams2': 5, 'pts_speaking': np.float64(5.0), 'speaking_class': 'S-E'}}",6,1,24,J-C,6,,success,success,4,72,72
L&C Steve Hunt Classic 2025,https://stevehunt.calicotab.com/shc25/,2025,,TRUE,English,BP,L&C Steve Hunt Classic,FALSE,University,,North America,United States,self,,,,,28,28,0,1,0.5,33.0,S-E,['Junior'],"['Junior', 'Open']","{'Junior': {'is_highest_non_open_cat': True, 'no_wbr_speakers': np.int64(0), 'no_79.11plus_speakers': 0, 'no_qual_speakers': np.float64(0.0), 'no_teams2': 11, 'pts_speaking': np.float64(11.0), 'speaking_class': 'S-E'}}",23,0,23,J-E,0,,success,success,5,56,56
La Vida Open 2024,https://debatefoster.calicotab.com/LVO2024/,2024,,TRUE,English,BP,La Vida Open,FALSE,University,Online,Africa,,self,,,,,73,54,0,0,0,53.0,S-E,['Novice'],['Novice'],"{'Novice': {'is_highest_non_open_cat': True, 'no_wbr_speakers': np.int64(0), 'no_79.11plus_speakers': 0, 'no_qual_speakers': np.float64(0.0), 'no_teams2': 34, 'pts_speaking': np.float64(34.0), 'speaking_class': 'S-E'}}",23,0,23,J-E,2,,success,success,5,140,101
Lagos Debate Open 2023,https://unilagdebate.calicotab.com/ldo2023/,2023,,TRUE,English,BP,Lagos Debate Open,FALSE,University,,Africa,Nigeria,self,,,,,29,28,0,9,4.5,73.0,S-C,['Novice'],"['Novice', 'Open']","{'Novice': {'is_highest_non_open_cat': True, 'no_wbr_speakers': np.int64(0), 'no_79.11plus_speakers': 0, 'no_qual_speakers': np.float64(0.0), 'no_teams2': 11, 'pts_speaking': np.float64(11.0), 'speaking_class': 'S-E'}}",12,0,12,J-E,5,,success,success,5,58,54
Lagos Debate Open 2025,https://unilagdebate.calicotab.com/ldo2025/,2025,,TRUE,English,BP,Lagos Debate Open,FALSE,University,In person,Africa,Nigeria,public,,,,,30,24,0,7,3.5,59.0,S-C,['Novice'],[],{},10,0,10,J-E,4,,success,success,5,58,48
Lancaster IV 2025,https://lancasteriv.calicotab.com/lancaster25/,2025,2025-03-01,TRUE,English,BP,Lancaster IV,FALSE,University,In person,IONA,England,public,,,,,20,20,1,0,1,30.0,S-E,['Novice'],[],{},18,0,18,J-E,2,,success,success,4,39,39
Lantugi Novice Cup 2024,https://lantugi.calicotab.com/novicecup24/,2024,2024-09-28,TRUE,English,BP,Lantugi Novice Cup,FALSE,University,Online,Asia,Philippines,public,,,,,80,77,0,0,0,77.0,S-D,['High School'],['High School'],"{'High School': {'is_highest_non_open_cat': True, 'no_wbr_speakers': np.int64(0), 'no_79.11plus_speakers': 0, 'no_qual_speakers': np.float64(0.0), 'no_teams2': 36, 'pts_speaking': np.float64(36.0), 'speaking_class': 'S-E'}}",64,0,64,J-D,3,,success,success,4,160,153
Lantugi Novice Cup 2025,https://lnc.calicotab.com/lnc2025/,2025,2025-08-30,TRUE,English,BP,Lantugi Novice Cup,FALSE,University,Online,Asia,Philippines,public,,,,,103,102,0,0,0,101.0,S-D,['High School'],['High School'],"{'High School': {'is_highest_non_open_cat': True, 'no_wbr_speakers': np.int64(0), 'no_79.11plus_speakers': 0, 'no_qual_speakers': np.float64(0.0), 'no_teams2': 60, 'pts_speaking': np.float64(60.0), 'speaking_class': 'S-D'}}",61,0,61,J-D,0,,success,success,4,206,199
Laurier Golden Cup 2025,https://ldsgoldencup25.calicotab.com/ldsgoldencup25/,2025,,TRUE,English,BP,Laurier Golden Cup,FALSE,University,,North America,Canada,self,,,,,20,20,0,1,0.5,25.0,S-E,[],['Open'],{},8,0,8,J-E,3,,success,success,5,40,40
Leiden Open 2023,https://leidenopen23.calicotab.com/leidenopen23/,2023,,TRUE,English,BP,Leiden Open,FALSE,University,,Europe,Netherlands,self,,,,,41,40,5,9,9.5,135.0,S-B,['Pro-Am'],['Pro-Am'],"{'Pro-Am': {'is_highest_non_open_cat': True, 'no_wbr_speakers': np.int64(0), 'no_79.11plus_speakers': 1, 'no_qual_speakers': np.float64(0.5), 'no_teams2': 18, 'pts_speaking': np.float64(23.0), 'speaking_class': 'S-E'}}",29,3,83,J-B,3,"Andrew Chen, Daan Spackler, Majka Marina Kojic",success,success,5,82,80
Leiden Open 2024,https://leidenopen2024.calicotab.com/_/,2024,2024-03-23,TRUE,English,BP,Leiden Open,FALSE,University,,Europe,Netherlands,self,,,,,54,52,0,12,6,112.0,S-C,"['Novice', 'Pro-Am']","['Novice', 'Pro-Am']","{'Novice': {'is_highest_non_open_cat': False, 'no_wbr_speakers': np.int64(0), 'no_79.11plus_speakers': 0, 'no_qual_speakers': np.float64(0.0), 'no_teams2': 9, 'pts_speaking': np.float64(9.0), 'speaking_class': 'S-E'}, 'Pro-Am': {'is_highest_non_open_cat': True, 'no_wbr_speakers': np.int64(0), 'no_79.11plus_speakers': 0, 'no_qual_speakers': np.float64(0.0), 'no_teams2': 22, 'pts_speaking': np.float64(22.0), 'speaking_class': 'S-E'}}",29,4,101,J-B,3,,success,success,5,106,103
Leiden Open 2025,https://lo2025.calicotab.com/lo2025/,2025,2025-02-22,TRUE,English,BP,Leiden Open,FALSE,University,In person,Europe,Netherlands,self,,,,,21,20,2,0,2,40.0,S-E,['Novice'],['Novice'],"{'Novice': {'is_highest_non_open_cat': True, 'no_wbr_speakers': np.int64(0), 'no_79.11plus_speakers': 0, 'no_qual_speakers': np.float64(0.0), 'no_teams2': 7, 'pts_speaking': np.float64(7.0), 'speaking_class': 'S-E'}}",13,1,31,J-C,1,,success,success,5,42,40
Leiden Open 2026,https://lo2026.calicotab.com/LO2026/,2026,2026-02-28,TRUE,English,BP,Leiden Open,FALSE,University,In person,Europe,Netherlands,self,,,,,24,24,0,4,2,44.0,S-E,['Pro-Am'],"['Pro-Am', 'Open']","{'Pro-Am': {'is_highest_non_open_cat': True, 'no_wbr_speakers': np.int64(0), 'no_79.11plus_speakers': 0, 'no_qual_speakers': np.float64(0.0), 'no_teams2': 11, 'pts_speaking': np.float64(11.0), 'speaking_class': 'S-E'}}",14,1,32,J-C,3,,success,success,5,48,47
Linkbate DC 2022,https://linkbate-6-2022.calicotab.com/linkbate/,2022,,,English,BP,Linkbate DC,FALSE,University,,Asia,,self,,,,,109,108,0,0,0,105.0,S-D,['16 or Under'],[],{},45,0,45,J-D,6,,success,success,4,213,210
Linkbate DC 2024,https://linkbate2024.calicotab.com/linkbate/,2024,2024-01-27,TRUE,English,BP,Linkbate DC,FALSE,University,,Asia,,self,,,,,118,113,0,2,1,124.0,S-D,['High School'],['High School'],"{'High School': {'is_highest_non_open_cat': True, 'no_wbr_speakers': np.int64(0), 'no_79.11plus_speakers': 0, 'no_qual_speakers': np.float64(0.0), 'no_teams2': 76, 'pts_speaking': np.float64(76.0), 'speaking_class': 'S-D'}}",32,4,104,J-B,7,,success,success,5,234,223
Liverpool Internal 2025,https://mersey.calicotab.com/LDU/,2025,2025-11-01,TRUE,English,BP,Liverpool Internal,FALSE,University,In person,IONA,Liverpool,public,,,,,20,20,0,0,0,20.0,S-E,[],[],{},6,0,6,J-E,3,,success,success,4,41,41
Liverpool IV 2023,https://liverpool23.calicotab.com/Liverpool23/,2023,,TRUE,English,BP,Liverpool IV,FALSE,University,,IONA,England,self,,,,,32,32,5,17,13.5,167.0,S-A,['Pro-Am'],['Pro-Am'],"{'Pro-Am': {'is_highest_non_open_cat': True, 'no_wbr_speakers': np.int64(0), 'no_79.11plus_speakers': 0, 'no_qual_speakers': np.float64(0.0), 'no_teams2': 16, 'pts_speaking': np.float64(16.0), 'speaking_class': 'S-E'}}",24,5,114,J-A,2,"Jack Stanley, Klaudia Maciejewska, Parth Pandya",success,success,4,64,64
Liverpool IV 2024,https://liverpooliv2024.calicotab.com/liv24/,2024,,TRUE,English,BP,Liverpool IV,FALSE,University,In person,IONA,England,self,,,,,28,28,2,7,5.5,83.0,S-C,['Pro-Am'],['Pro-Am'],"{'Pro-Am': {'is_highest_non_open_cat': True, 'no_wbr_speakers': np.int64(0), 'no_79.11plus_speakers': 0, 'no_qual_speakers': np.float64(0.0), 'no_teams2': 15, 'pts_speaking': np.float64(15.0), 'speaking_class': 'S-E'}}",20,0,20,J-E,3,,success,success,4,56,56
Liverpool IV 2025,https://liverpool25.calicotab.com/liverpool25/,2025,2025-05-10,TRUE,English,BP,Liverpool IV,FALSE,University,In person,IONA,England,self,,,,,44,44,4,17,12.5,169.0,S-A,['Novice'],['Novice'],"{'Novice': {'is_highest_non_open_cat': True, 'no_wbr_speakers': np.int64(1), 'no_79.11plus_speakers': 0, 'no_qual_speakers': np.float64(1.0), 'no_teams2': 15, 'pts_speaking': np.float64(25.0), 'speaking_class': 'S-E'}}",30,2,66,J-C,3,,success,success,4,86,85
Liverpool IV 2026,https://liverpooliv2026.calicotab.com/liverpooliv2026/,2026,2026-05-09,TRUE,English,BP,Liverpool IV,FALSE,University,In person,IONA,England,self,,,,,36,36,2,9,6.5,101.0,S-B,['Pro-Am'],"['Pro-Am', 'Open']","{'Pro-Am': {'is_highest_non_open_cat': True, 'no_wbr_speakers': np.int64(0), 'no_79.11plus_speakers': 0, 'no_qual_speakers': np.float64(0.0), 'no_teams2': 20, 'pts_speaking': np.float64(20.0), 'speaking_class': 'S-E'}}",24,1,42,J-C,3,,success,success,4,72,72
Ljubljana IV 2022,https://tab.debate.si/lj-iv-22/,2022,,FALSE,English,BP,Ljubljana IV,FALSE,University,,Europe,Slovenia,self,,,,,28,24,6,21,16.5,189.0,S-A,[],[],{},11,1,29,J-C,2,,success,success,5,56,48
Ljubljana IV 2023,https://tab.debate.si/lj-iv-23/,2023,,TRUE,English,BP,Ljubljana IV,FALSE,University,,Europe,Slovenia,self,,,,,37,36,1,9,5.5,91.0,S-C,['ProAm'],['ProAm'],"{'ProAm': {'is_highest_non_open_cat': True, 'no_wbr_speakers': np.int64(0), 'no_79.11plus_speakers': 0, 'no_qual_speakers': np.float64(0.0), 'no_teams2': 19, 'pts_speaking': np.float64(19.0), 'speaking_class': 'S-E'}}",14,2,50,J-C,4,"Matija Pušnik, Dylan McCarthy, Paula Breyer, Vladimira Šuflaj",success,success,5,71,71
Ljubljana IV 2024,https://tab.debate.si/lj-iv-24/,2024,,TRUE,English,BP,Ljubljana IV,FALSE,University,,Europe,Slovenia,self,,,,,33,32,1,6,4,72.0,S-C,['Novice'],"['Novice', 'Open']","{'Novice': {'is_highest_non_open_cat': True, 'no_wbr_speakers': np.int64(0), 'no_79.11plus_speakers': 0, 'no_qual_speakers': np.float64(0.0), 'no_teams2': 11, 'pts_speaking': np.float64(11.0), 'speaking_class': 'S-E'}}",13,2,49,J-C,3,,success,success,5,65,64
Ljubljana Pre-WUDC 2025,https://tab.debate.si/lj-pre-wudc-25/,2025,2025-12-20,TRUE,English,BP,Ljubljana Pre-WUDC,FALSE,University,In person,Europe,Slovenia,self,,,,,36,36,6,9,10.5,140.0,S-B,['Novice'],"['Novice', 'Open']","{'Novice': {'is_highest_non_open_cat': True, 'no_wbr_speakers': np.int64(0), 'no_79.11plus_speakers': 0, 'no_qual_speakers': np.float64(0.0), 'no_teams2': 10, 'pts_speaking': np.float64(10.0), 'speaking_class': 'S-E'}}",18,0,18,J-E,1,,success,success,5,72,68
Lord Dorchester Cup 2024,https://lorddorchester.calicotab.com/dorch2024/,2024,,TRUE,English,BP,Lord Dorchester Cup,FALSE,University,,North America,Canada,self,,,,,22,22,0,1,0.5,27.0,S-E,['Novice'],"['Open', 'Novice']","{'Novice': {'is_highest_non_open_cat': True, 'no_wbr_speakers': np.int64(0), 'no_79.11plus_speakers': 0, 'no_qual_speakers': np.float64(0.0), 'no_teams2': 11, 'pts_speaking': np.float64(11.0), 'speaking_class': 'S-E'}}",19,0,19,J-E,3,,success,success,6,44,44
Lord Dorchester Cup 2025,https://lorddorchester.calicotab.com/dorch2025/,2025,,TRUE,English,BP,Lord Dorchester Cup,FALSE,University,,North America,Canada,self,,,,,14,14,1,1,1.5,29.0,S-E,['Novice'],"['Open', 'Novice']","{'Novice': {'is_highest_non_open_cat': True, 'no_wbr_speakers': np.int64(0), 'no_79.11plus_speakers': 0, 'no_qual_speakers': np.float64(0.0), 'no_teams2': 5, 'pts_speaking': np.float64(5.0), 'speaking_class': 'S-E'}}",15,0,15,J-E,2,,success,success,6,28,28
Lord Dorchester Cup 2026,https://dorchestercup2026.calicotab.com/dorchestercup2026/,2026,2026-02-28,TRUE,English,BP,Lord Dorchester Cup,FALSE,University,In person,North America,Canada,public,,,,,32,32,4,10,9,122.0,S-B,['Novice'],"['Novice', 'Open']","{'Novice': {'is_highest_non_open_cat': True, 'no_wbr_speakers': np.int64(0), 'no_79.11plus_speakers': 0, 'no_qual_speakers': np.float64(0.0), 'no_teams2': 8, 'pts_speaking': np.float64(8.0), 'speaking_class': 'S-E'}}",20,0,20,J-E,2,,success,success,5,64,63
Loyola Debate Open (2) 2022,https://loyoladebateopen2.calicotab.com/loyoladebateopen2/,2022,,,English,BP,Loyola Debate Open,FALSE,University,,Asia,,self,,,,,54,51,0,6,3,81.0,S-C,['Adriatico Novice Cup'],['Adriatico Novice Cup'],"{'Adriatico Novice Cup': {'is_highest_non_open_cat': True, 'no_wbr_speakers': np.int64(0), 'no_79.11plus_speakers': 0, 'no_qual_speakers': np.float64(0.0), 'no_teams2': 26, 'pts_speaking': np.float64(26.0), 'speaking_class': 'S-E'}}",28,0,28,J-E,3,,success,success,5,107,101
Loyola Debate Open (3) 2024,https://loyoladebateopen3.calicotab.com/loyoladebateopen3/,2024,,TRUE,English,BP,Loyola Debate Open,FALSE,University,,Asia,,self,,,,,80,77,1,7,4.5,122.0,S-C,"['High School', 'Novice']","['High School', 'Novice']","{'High School': {'is_highest_non_open_cat': False, 'no_wbr_speakers': np.int64(0), 'no_79.11plus_speakers': 0, 'no_qual_speakers': np.float64(0.0), 'no_teams2': 30, 'pts_speaking': np.float64(30.0), 'speaking_class': 'S-E'}, 'Novice': {'is_highest_non_open_cat': True, 'no_wbr_speakers': np.int64(0), 'no_79.11plus_speakers': 0, 'no_qual_speakers': np.float64(0.0), 'no_teams2': 43, 'pts_speaking': np.float64(43.0), 'speaking_class': 'S-E'}}",38,0,38,J-E,3,,success,success,5,157,153
LSE IV 2022,https://lsetabs.calicotab.com/lseiv2022/,2022,,TRUE,English,BP,LSE IV,FALSE,University,,IONA,England,self,,,,,40,40,4,5,6.5,105.0,S-B,['Pro-Am'],['Pro-Am'],"{'Pro-Am': {'is_highest_non_open_cat': True, 'no_wbr_speakers': np.int64(0), 'no_79.11plus_speakers': 1, 'no_qual_speakers': np.float64(0.5), 'no_teams2': 20, 'pts_speaking': np.float64(25.0), 'speaking_class': 'S-E'}}",33,2,69,J-C,3,,success,success,5,80,79
LSE IV 2023,https://lsexiv.calicotab.com/lsexiv/,2023,,TRUE,English,BP,LSE IV,FALSE,University,,IONA,England,self,,,,,68,68,12,13,18.5,253.0,S-A+,"['ESL', 'Pro-Am']","['ESL', 'Pro-Am']","{'ESL': {'is_highest_non_open_cat': True, 'no_wbr_speakers': np.int64(0), 'no_79.11plus_speakers': 0, 'no_qual_speakers': np.float64(0.0), 'no_teams2': 14, 'pts_speaking': np.float64(14.0), 'speaking_class': 'S-E'}, 'Pro-Am': {'is_highest_non_open_cat': False, 'no_wbr_speakers': np.int64(0), 'no_79.11plus_speakers': 0, 'no_qual_speakers': np.float64(0.0), 'no_teams2': 26, 'pts_speaking': np.float64(26.0), 'speaking_class': 'S-E'}}",49,12,265,J-AA,2,,success,success,5,136,136
LSE IV 2024,https://lseiv2024.calicotab.com/_/,2024,2024-11-02,TRUE,English,BP,LSE IV,FALSE,University,,IONA,England,self,,,,,62,60,5,20,15,210.0,S-A,['Novice'],['Novice'],"{'Novice': {'is_highest_non_open_cat': True, 'no_wbr_speakers': np.int64(0), 'no_79.11plus_speakers': 0, 'no_qual_speakers': np.float64(0.0), 'no_teams2': 13, 'pts_speaking': np.float64(13.0), 'speaking_class': 'S-E'}}",38,6,146,J-A,3,,success,success,5,121,118
LSE IV 2025,https://lseiv2025.calicotab.com/lseiv2025/,2025,2025-11-22,TRUE,English,BP,LSE IV,FALSE,University,In person,IONA,England,self,,,,,71,68,9,26,22,288.0,S-A+,"['ESL', 'Novice']","['Novice', 'ESL']","{'Novice': {'is_highest_non_open_cat': False, 'no_wbr_speakers': np.int64(0), 'no_79.11plus_speakers': 0, 'no_qual_speakers': np.float64(0.0), 'no_teams2': 19, 'pts_speaking': np.float64(19.0), 'speaking_class': 'S-E'}, 'ESL': {'is_highest_non_open_cat': True, 'no_wbr_speakers': np.int64(2), 'no_79.11plus_speakers': 0, 'no_qual_speakers': np.float64(2.0), 'no_teams2': 9, 'pts_speaking': np.float64(29.0), 'speaking_class': 'S-E'}}",47,4,119,J-B,4,,success,success,5,136,133
LSE Open 2021,https://lseopen2021.netlify.app/2021/,2021,,FALSE,English,BP,LSE Open,FALSE,University,,IONA,England,self,,,,,95,92,21,67,54.5,637.0,S-AAA,['ESL'],['ESL'],"{'ESL': {'is_highest_non_open_cat': True, 'no_wbr_speakers': np.int64(1), 'no_79.11plus_speakers': 11, 'no_qual_speakers': np.float64(6.5), 'no_teams2': 30, 'pts_speaking': np.float64(95.0), 'speaking_class': 'S-C'}}",60,3,114,J-B,4,,success,success,5,185,181
LSE Open 2022,https://lseopen2022.calicotab.com/_/,2022,,FALSE,English,BP,LSE Open,FALSE,University,,IONA,England,self,,,,,85,80,15,33,31.5,395.0,S-AA,"['ESL', 'Novice']","['ESL', 'Novice']","{'ESL': {'is_highest_non_open_cat': True, 'no_wbr_speakers': np.int64(0), 'no_79.11plus_speakers': 1, 'no_qual_speakers': np.float64(0.5), 'no_teams2': 33, 'pts_speaking': np.float64(38.0), 'speaking_class': 'S-E'}, 'Novice': {'is_highest_non_open_cat': False, 'no_wbr_speakers': np.int64(0), 'no_79.11plus_speakers': 0, 'no_qual_speakers': np.float64(0.0), 'no_teams2': 20, 'pts_speaking': np.float64(20.0), 'speaking_class': 'S-E'}}",70,13,304,J-AA,4,,success,success,5,167,158
LSE Open 2023,https://lseopen2023.calicotab.com/_/,2023,,TRUE,English,BP,LSE Open,FALSE,University,,IONA,England,self,,,,,64,60,28,35,45.5,515.0,S-AA+,['Pro-Am'],['Pro-Am'],"{'Pro-Am': {'is_highest_non_open_cat': True, 'no_wbr_speakers': np.int64(0), 'no_79.11plus_speakers': 0, 'no_qual_speakers': np.float64(0.0), 'no_teams2': 19, 'pts_speaking': np.float64(19.0), 'speaking_class': 'S-E'}}",32,10,212,J-AA,3,,success,success,5,127,118
LSE Open 2024,https://lseopen2024.calicotab.com/lsexopen2024/,2024,2024-02-24,TRUE,English,BP,LSE Open,FALSE,University,,IONA,England,self,,,,,82,80,28,47,51.5,595.0,S-AAA,"['ESL', 'Novice']","['ESL', 'Novice']","{'ESL': {'is_highest_non_open_cat': True, 'no_wbr_speakers': np.int64(3), 'no_79.11plus_speakers': 7, 'no_qual_speakers': np.float64(6.5), 'no_teams2': 12, 'pts_speaking': np.float64(77.0), 'speaking_class': 'S-B'}, 'Novice': {'is_highest_non_open_cat': False, 'no_wbr_speakers': np.int64(0), 'no_79.11plus_speakers': 0, 'no_qual_speakers': np.float64(0.0), 'no_teams2': 21, 'pts_speaking': np.float64(21.0), 'speaking_class': 'S-E'}}",50,6,158,J-A,3,,success,success,5,163,160
LSE Open 2025,https://lseopen2025.calicotab.com/_/,2025,2025-03-08,TRUE,English,BP,LSE Open,FALSE,University,In person,IONA,England,self,,,,,77,76,35,55,62.5,700.0,S-AAA,"['ESL', 'Novice']","['ESL', 'Novice']","{'ESL': {'is_highest_non_open_cat': True, 'no_wbr_speakers': np.int64(2), 'no_79.11plus_speakers': 5, 'no_qual_speakers': np.float64(4.5), 'no_teams2': 15, 'pts_speaking': np.float64(60.0), 'speaking_class': 'S-C'}, 'Novice': {'is_highest_non_open_cat': False, 'no_wbr_speakers': np.int64(0), 'no_79.11plus_speakers': 0, 'no_qual_speakers': np.float64(0.0), 'no_teams2': 7, 'pts_speaking': np.float64(7.0), 'speaking_class': 'S-E'}}",41,6,149,J-A,4,,success,success,5,152,151
LSE Open 2026,https://lseopen2026.calicotab.com/_/,2026,2026-03-07,TRUE,English,BP,LSE Open,FALSE,University,In person,IONA,England,self,,,,,96,89,31,53,57.5,664.0,S-AAA,"['ESL', 'Novice']","['ESL', 'Novice', 'Open']","{'ESL': {'is_highest_non_open_cat': True, 'no_wbr_speakers': np.int64(2), 'no_79.11plus_speakers': 4, 'no_qual_speakers': np.float64(4.0), 'no_teams2': 10, 'pts_speaking': np.float64(50.0), 'speaking_class': 'S-C'}, 'Novice': {'is_highest_non_open_cat': False, 'no_wbr_speakers': np.int64(0), 'no_79.11plus_speakers': 0, 'no_qual_speakers': np.float64(0.0), 'no_teams2': 22, 'pts_speaking': np.float64(22.0), 'speaking_class': 'S-E'}}",51,6,159,J-A,3,,success,success,5,187,178
LSE x KCL Novices 2025,https://lsekclnovices.calicotab.com/lsekclnovices25/,2025,2025-10-26,TRUE,English,BP,LSE x KCL Novices,FALSE,University,In person,IONA,England,self,,,,,36,36,0,0,0,36.0,S-E,['Non-Schools'],[],{},29,0,29,J-E,3,,success,success,4,70,70
Lubart Open 2021,https://lubart2021.netlify.app/2021/,2021,2021-05-01,FALSE,English,BP,Lubart Open,FALSE,University,Online,Europe,,self,,,,,29,28,0,8,4,68.0,S-C,[],[],{},17,1,35,J-C,3,,success,success,5,58,54
LUMS IV 2021,https://lums.calicotab.com/lumsiv21/,2021,,FALSE,English,BP,LUMS IV,FALSE,University,,Asia,Pakistan,self,,,,"missing categories on team tab, skipped Novice outrounds",51,48,1,17,9.5,136.0,S-C,[],['Novice'],{'Novice': {'is_highest_non_open_cat': True}},22,0,22,J-E,6,"Boby Andika Ruitang, Jessica Musulin, Matt Hazell, Ron Leizrowice, Tota Takahashi, Xiao-ke Lu",success,success,5,102,90
LUMS IV 2023,https://lums.calicotab.com/lumsiv2023/,2023,,TRUE,English,BP,LUMS IV,FALSE,University,,Asia,Pakistan,self,,,,,40,40,0,2,1,50.0,S-E,['Novice'],"['Novice', 'Open']","{'Novice': {'is_highest_non_open_cat': True, 'no_wbr_speakers': np.int64(0), 'no_79.11plus_speakers': 0, 'no_qual_speakers': np.float64(0.0), 'no_teams2': 11, 'pts_speaking': np.float64(11.0), 'speaking_class': 'S-E'}}",14,0,14,J-E,0,,success,success,4,79,79
LUMS IV 2024,https://lums.calicotab.com/lumsiv24/,2024,,TRUE,English,BP,LUMS IV,FALSE,University,,Asia,Pakistan,self,,,,,32,32,1,8,5,82.0,S-C,['Schools'],['Open'],{},19,0,19,J-E,0,,success,success,4,64,64
LUMS IV 2025,https://lums.calicotab.com/lumsiv25/,2025,2025-04-19,TRUE,English,BP,LUMS IV,FALSE,University,,Asia,Pakistan,self,,,,,42,33,0,6,3,63.0,S-C,['Novice'],[],{},23,0,23,J-E,5,,success,success,4,84,66
LUMS IV 2026,https://lums.calicotab.com/lumsiv2026/,2026,,TRUE,English,BP,LUMS IV,FALSE,University,,Asia,Pakistan,self,,,,,56,50,0,5,2.5,75.0,S-D,['Novice / U-17'],['Open'],{},18,0,18,J-E,6,"Ahmad Bin Tahir, Hasan Askari, Marziya Rasheed, Nashmia Haroon, Muhammad Areeb Adil, Rida Asim",success,success,5,110,98
LUMS Pre-ABP 2024,https://lums.calicotab.com/lumspreabp2024/,2024,2024-08-24,TRUE,English,BP,LUMS Pre-ABP,FALSE,University,,Asia,Pakistan,self,,,,,61,59,4,9,8.5,144.0,S-B,['Novice'],['Novice'],"{'Novice': {'is_highest_non_open_cat': True, 'no_wbr_speakers': np.int64(0), 'no_79.11plus_speakers': 0, 'no_qual_speakers': np.float64(0.0), 'no_teams2': 19, 'pts_speaking': np.float64(19.0), 'speaking_class': 'S-E'}}",22,2,58,J-C,5,,success,success,5,122,115
Luzon IV 2021,https://luzonintervarsity.calicotab.com/liv2021/,2021,,,English,BP,Luzon IV,FALSE,University,,Asia,Philippines,self,,,,,132,126,0,1,0.5,129.0,S-D,['Novice'],['Novice'],"{'Novice': {'is_highest_non_open_cat': True, 'no_wbr_speakers': np.int64(0), 'no_79.11plus_speakers': 0, 'no_qual_speakers': np.float64(0.0), 'no_teams2': 80, 'pts_speaking': np.float64(80.0), 'speaking_class': 'S-D'}}",82,0,82,J-D,6,,success,success,6,252,248
Luzon IV 2022,https://luzonintervarsity.calicotab.com/liv2022/,2022,,,English,BP,Luzon IV,FALSE,University,,Asia,Philippines,self,,,,,108,104,1,8,5,153.0,S-C,['Novice'],['Novice'],"{'Novice': {'is_highest_non_open_cat': True, 'no_wbr_speakers': np.int64(0), 'no_79.11plus_speakers': 0, 'no_qual_speakers': np.float64(0.0), 'no_teams2': 52, 'pts_speaking': np.float64(52.0), 'speaking_class': 'S-E'}}",70,1,88,J-C,4,,success,success,5,215,206
Luzon IV 2023,https://luzonintervarsity.calicotab.com/liv2023/,2023,,TRUE,English,BP,Luzon IV,FALSE,University,,Asia,Philippines,self,,,,,62,61,2,4,4,100.0,S-C,['Novice'],['Novice'],"{'Novice': {'is_highest_non_open_cat': True, 'no_wbr_speakers': np.int64(0), 'no_79.11plus_speakers': 0, 'no_qual_speakers': np.float64(0.0), 'no_teams2': 31, 'pts_speaking': np.float64(31.0), 'speaking_class': 'S-E'}}",51,1,69,J-C,4,,success,success,5,124,119
Maastricht Open 2025,https://maastricht2025.calicotab.com/maastricht2025/,2025,2025-03-22,TRUE,English,BP,Maastricht Open,FALSE,University,In person,Europe,Netherlands,public,,,,,25,24,0,3,1.5,39.0,S-E,[],[],{},13,1,31,J-C,3,,success,success,5,49,48
Macau Debate Open 2024,https://mdo2024.calicotab.com/mdo2024/,2024,,TRUE,English,BP,Macau Debate Open,FALSE,University,,Asia,Macau,self,,,,,65,64,0,0,0,64.0,S-D,"['Novice', 'School']","['Novice', 'Open', 'School']","{'Novice': {'is_highest_non_open_cat': True, 'no_wbr_speakers': np.int64(0), 'no_79.11plus_speakers': 0, 'no_qual_speakers': np.float64(0.0), 'no_teams2': 32, 'pts_speaking': np.float64(32.0), 'speaking_class': 'S-E'}, 'School': {'is_highest_non_open_cat': False, 'no_wbr_speakers': np.int64(0), 'no_79.11plus_speakers': 0, 'no_qual_speakers': np.float64(0.0), 'no_teams2': 15, 'pts_speaking': np.float64(15.0), 'speaking_class': 'S-E'}}",18,4,90,J-B,3,,success,success,5,130,127
Macau Debate Open 2025,https://macaudebateopen2025.calicotab.com/macaudebateopen2025/,2025,2025-02-15,TRUE,English,BP,Macau Debate Open,FALSE,University,,Asia,Macau,self,,,,,90,88,2,5,4.5,133.0,S-C,"['Novice', 'Schools']","['Schools', 'Novice']","{'Schools': {'is_highest_non_open_cat': False, 'no_wbr_speakers': np.int64(0), 'no_79.11plus_speakers': 0, 'no_qual_speakers': np.float64(0.0), 'no_teams2': 8, 'pts_speaking': np.float64(8.0), 'speaking_class': 'S-E'}, 'Novice': {'is_highest_non_open_cat': True, 'no_wbr_speakers': np.int64(0), 'no_79.11plus_speakers': 0, 'no_qual_speakers': np.float64(0.0), 'no_teams2': 38, 'pts_speaking': np.float64(38.0), 'speaking_class': 'S-E'}}",31,6,139,J-A,3,,success,success,5,179,175
Macau Debate Open 2026,https://macaudebateopen26.calicotab.com/macau2026/,2026,2026-04-04,TRUE,English,BP,Macau Debate Open,FALSE,University,In person,Asia,Macau,self,,,,,68,68,3,7,6.5,133.0,S-B,"['School', 'Novice']","['Open', 'School', 'Novice']","{'School': {'is_highest_non_open_cat': False, 'no_wbr_speakers': np.int64(0), 'no_79.11plus_speakers': 0, 'no_qual_speakers': np.float64(0.0), 'no_teams2': 19, 'pts_speaking': np.float64(19.0), 'speaking_class': 'S-E'}, 'Novice': {'is_highest_non_open_cat': True, 'no_wbr_speakers': np.int64(0), 'no_79.11plus_speakers': 0, 'no_qual_speakers': np.float64(0.0), 'no_teams2': 30, 'pts_speaking': np.float64(30.0), 'speaking_class': 'S-E'}}",22,3,76,J-B,5,,success,success,5,136,136
Macquarie Pro-Am 2022,https://mactabs2022.calicotab.com/macproam2022/,2022,2022-06-04,FALSE,English,BP,Macquarie Pro-Am,FALSE,University,,Oceania,Australia,public,,,,,24,24,7,3,8.5,109.0,S-C,[],['Open'],{},13,1,31,J-C,2,,success,success,5,48,48
Macquarie Pro-Am 2025,https://mactabs2025.calicotab.com/macpa2025/,2025,2025-10-18,TRUE,English,BP,Macquarie Pro-Am,FALSE,University,In person,Oceania,Australia,public,,,,,22,19,6,10,11,129.0,S-B,[],[],{},6,1,24,J-C,3,,success,success,5,47,35
Macquarie Pro-Am 2026,https://mactabs2026.calicotab.com/macproam26/,2026,2026-08-01,TRUE,English,BP,Macquarie Pro-Am,FALSE,University,In person,Oceania,Australia,public,,,,,23,21,5,15,12.5,146.0,S-A,[],['Open'],{},6,1,24,J-C,3,,success,success,5,46,40
Mahasangram 2021,https://dnn.calicotab.com/ms2021/,2021,,TRUE,English,BP,Mahasangram,FALSE,University,,Asia,,self,,,,,46,42,1,3,2.5,66.0,S-D,['Novice'],['Novice'],"{'Novice': {'is_highest_non_open_cat': True, 'no_wbr_speakers': np.int64(0), 'no_79.11plus_speakers': 0, 'no_qual_speakers': np.float64(0.0), 'no_teams2': 20, 'pts_speaking': np.float64(20.0), 'speaking_class': 'S-E'}}",25,1,43,J-C,4,"Amrit, Pragyan, Tamkeen, Apratim",success,success,5,92,84
Mahasangram Pre-WUDC 2024,https://dnn.calicotab.com/ms2024/,2024,,TRUE,English,BP,Mahasangram Pre-WUDC,FALSE,University,Online,Asia,,public,,,,,58,55,0,9,4.5,100.0,S-C,"['School', 'Novice']","['School', 'Novice']","{'School': {'is_highest_non_open_cat': False, 'no_wbr_speakers': np.int64(0), 'no_79.11plus_speakers': 0, 'no_qual_speakers': np.float64(0.0), 'no_teams2': 19, 'pts_speaking': np.float64(19.0), 'speaking_class': 'S-E'}, 'Novice': {'is_highest_non_open_cat': True, 'no_wbr_speakers': np.int64(0), 'no_79.11plus_speakers': 0, 'no_qual_speakers': np.float64(0.0), 'no_teams2': 31, 'pts_speaking': np.float64(31.0), 'speaking_class': 'S-E'}}",19,0,19,J-E,2,"Larisha Lamichane, Ruth Selorme Acolatse, Uphie Abdurrahman",success,success,5,116,107
Makiling Pre-ABP 2023,https://makdo.calicotab.com/makdo2023/,2023,,TRUE,English,BP,Makiling Pre-ABP,FALSE,University,,Asia,,self,,,,,57,56,6,6,9,145.0,S-B,['Novice'],['Novice'],"{'Novice': {'is_highest_non_open_cat': True, 'no_wbr_speakers': np.int64(0), 'no_79.11plus_speakers': 0, 'no_qual_speakers': np.float64(0.0), 'no_teams2': 21, 'pts_speaking': np.float64(21.0), 'speaking_class': 'S-E'}}",28,0,28,J-E,4,,success,success,4,114,112
Malaysia BP 2021,https://midp.calicotab.com/MBP2021/,2021,,,English,BP,Malaysia BP,FALSE,University,,Asia,Malaysia,self,,,,,32,32,0,3,1.5,47.0,S-E,['Novice'],['Novice'],"{'Novice': {'is_highest_non_open_cat': True, 'no_wbr_speakers': np.int64(0), 'no_79.11plus_speakers': 0, 'no_qual_speakers': np.float64(0.0), 'no_teams2': 19, 'pts_speaking': np.float64(19.0), 'speaking_class': 'S-E'}}",9,0,9,J-E,0,,success,success,4,64,63
Malaysia BP 2022,https://midp.calicotab.com/malaysiabp2022/,2022,,TRUE,English,BP,Malaysia BP,FALSE,University,,Asia,Malaysia,self,,,,,69,68,0,2,1,78.0,S-D,['Novice'],['Novice'],"{'Novice': {'is_highest_non_open_cat': True, 'no_wbr_speakers': np.int64(0), 'no_79.11plus_speakers': 0, 'no_qual_speakers': np.float64(0.0), 'no_teams2': 44, 'pts_speaking': np.float64(44.0), 'speaking_class': 'S-E'}}",18,0,18,J-E,4,,success,success,4,138,136
Malaysia BP 2023,https://midp.calicotab.com/malaysiabp2023/,2023,,TRUE,English,BP,Malaysia BP,FALSE,University,,Asia,Malaysia,self,,,,,28,28,0,1,0.5,33.0,S-E,['Novice'],['Novice'],"{'Novice': {'is_highest_non_open_cat': True, 'no_wbr_speakers': np.int64(0), 'no_79.11plus_speakers': 0, 'no_qual_speakers': np.float64(0.0), 'no_teams2': 19, 'pts_speaking': np.float64(19.0), 'speaking_class': 'S-E'}}",4,0,4,J-E,4,,success,success,4,56,56
Malaysia BP 2024,https://midp.calicotab.com/malaysiabp2024/,2024,,TRUE,English,BP,Malaysia BP,FALSE,University,,Asia,Malaysia,self,,,,,36,36,1,2,2,56.0,S-E,['Novice'],['Novice'],"{'Novice': {'is_highest_non_open_cat': True, 'no_wbr_speakers': np.int64(0), 'no_79.11plus_speakers': 0, 'no_qual_speakers': np.float64(0.0), 'no_teams2': 28, 'pts_speaking': np.float64(28.0), 'speaking_class': 'S-E'}}",8,2,44,J-C,2,"Kuhan, Rdu Dillon",success,success,4,72,72
Malaysia Debate Open 2024,https://malaydo2024.calicotab.com/mdo2024/,2024,,TRUE,English,BP,Malaysia Debate Open,FALSE,University,,Asia,Malaysia,self,,,,,28,28,2,4,4,68.0,S-C,['Novice'],"['Novice', 'Open']","{'Novice': {'is_highest_non_open_cat': True, 'no_wbr_speakers': np.int64(0), 'no_79.11plus_speakers': 0, 'no_qual_speakers': np.float64(0.0), 'no_teams2': 9, 'pts_speaking': np.float64(9.0), 'speaking_class': 'S-E'}}",10,2,46,J-C,5,,success,success,4,56,56
Malaysia IV 2020,https://wolce.calicotab.com/mnidc2020/,2020,,TRUE,English,BP,Malaysia IV,FALSE,University,,Asia,Malaysia,self,,,,,48,48,0,6,3,78.0,S-C,['Novice'],['Novice'],"{'Novice': {'is_highest_non_open_cat': True, 'no_wbr_speakers': np.int64(0), 'no_79.11plus_speakers': 0, 'no_qual_speakers': np.float64(0.0), 'no_teams2': 25, 'pts_speaking': np.float64(25.0), 'speaking_class': 'S-E'}}",33,0,33,J-E,4,,success,success,4,96,96
Malaysia National IDC 2021,https://wolce.calicotab.com/mnidc2021/,2021,,TRUE,English,BP,Malaysia National IDC,FALSE,University,,Asia,Malaysia,self,,,,,40,40,0,4,2,60.0,S-D,['Novice'],"['Novice', 'Open']","{'Novice': {'is_highest_non_open_cat': True, 'no_wbr_speakers': np.int64(0), 'no_79.11plus_speakers': 0, 'no_qual_speakers': np.float64(0.0), 'no_teams2': 19, 'pts_speaking': np.float64(19.0), 'speaking_class': 'S-E'}}",18,0,18,J-E,4,,success,success,4,80,80
Malaysia National IDC 2022,https://wolce.calicotab.com/mnidc2022/,2022,,FALSE,English,BP,Malaysia National IDC,FALSE,University,,Asia,Malaysia,self,,,,,48,48,0,8,4,88.0,S-C,['Novice'],"['Open', 'Novice']","{'Novice': {'is_highest_non_open_cat': True, 'no_wbr_speakers': np.int64(0), 'no_79.11plus_speakers': 0, 'no_qual_speakers': np.float64(0.0), 'no_teams2': 19, 'pts_speaking': np.float64(19.0), 'speaking_class': 'S-E'}}",25,1,43,J-C,4,,success,success,4,96,96
Malaysia National IDC 2023,https://maradebates.calicotab.com/mnidc2023/,2023,,TRUE,English,BP,Malaysia National IDC,FALSE,University,,Asia,Malaysia,self,,,,,56,56,1,6,4,96.0,S-C,['Novice'],"['Open', 'Novice']","{'Novice': {'is_highest_non_open_cat': True, 'no_wbr_speakers': np.int64(0), 'no_79.11plus_speakers': 0, 'no_qual_speakers': np.float64(0.0), 'no_teams2': 22, 'pts_speaking': np.float64(22.0), 'speaking_class': 'S-E'}}",29,0,29,J-E,4,,success,success,4,112,112
Malaysia National IDC 2024,https://unimasdebates.calicotab.com/mnidc2024/,2024,,TRUE,English,BP,Malaysia National IDC,FALSE,University,,Asia,Malaysia,self,,,,,20,20,0,4,2,40.0,S-E,['Novice'],"['Open', 'Novice']","{'Novice': {'is_highest_non_open_cat': True, 'no_wbr_speakers': np.int64(0), 'no_79.11plus_speakers': 0, 'no_qual_speakers': np.float64(0.0), 'no_teams2': 10, 'pts_speaking': np.float64(10.0), 'speaking_class': 'S-E'}}",16,2,52,J-C,4,,success,success,4,40,40
Malaysia National IDC 2025,https://udosuniten.calicotab.com/mnidc25/,2025,,TRUE,English,BP,Malaysia National IDC,FALSE,University,,Asia,,self,,,,,44,44,2,6,5,94.0,S-C,['Novice'],['Novice'],"{'Novice': {'is_highest_non_open_cat': True, 'no_wbr_speakers': np.int64(0), 'no_79.11plus_speakers': 0, 'no_qual_speakers': np.float64(0.0), 'no_teams2': 18, 'pts_speaking': np.float64(18.0), 'speaking_class': 'S-E'}}",37,0,37,J-E,5,,success,success,4,88,88
Malaysia Online DO 2025,https://modo.calicotab.com/modo2025/,2025,2025-03-08,TRUE,English,BP,Malaysia Online DO,FALSE,University,,Asia,Malaysia,self,,,,,102,100,5,12,11,210.0,S-B,['Novice'],['Novice'],"{'Novice': {'is_highest_non_open_cat': True, 'no_wbr_speakers': np.int64(0), 'no_79.11plus_speakers': 0, 'no_qual_speakers': np.float64(0.0), 'no_teams2': 54, 'pts_speaking': np.float64(54.0), 'speaking_class': 'S-E'}}",44,4,116,J-B,4,,success,success,4,204,200
Malaysia Pre-WUDC 2025,https://mapdebate.calicotab.com/mapwudc2025/,2025,2025-10-18,TRUE,English,BP,Malaysia Pre-WUDC,FALSE,University,Online,Asia,Malaysia,self,,,,,42,40,5,11,10.5,145.0,S-B,['Novice'],['Novice'],"{'Novice': {'is_highest_non_open_cat': True, 'no_wbr_speakers': np.int64(0), 'no_79.11plus_speakers': 0, 'no_qual_speakers': np.float64(0.0), 'no_teams2': 15, 'pts_speaking': np.float64(15.0), 'speaking_class': 'S-E'}}",25,1,43,J-C,5,,success,success,5,84,79
Manchester IV 2021,https://manchesteriv2021.netlify.app/2021/,2021,,FALSE,English,BP,Manchester IV,FALSE,University,,IONA,England,self,,,,,77,76,8,27,21.5,291.0,S-A+,"['ESL', 'ProAm']","['ESL', 'ProAm']","{'ESL': {'is_highest_non_open_cat': True, 'no_wbr_speakers': np.int64(0), 'no_79.11plus_speakers': 0, 'no_qual_speakers': np.float64(0.0), 'no_teams2': 15, 'pts_speaking': np.float64(15.0), 'speaking_class': 'S-E'}, 'ProAm': {'is_highest_non_open_cat': False, 'no_wbr_speakers': np.int64(1), 'no_79.11plus_speakers': 0, 'no_qual_speakers': np.float64(1.0), 'no_teams2': 24, 'pts_speaking': np.float64(34.0), 'speaking_class': 'S-E'}}",43,2,79,J-C,4,,success,success,5,154,152
Manchester IV 2023,https://manchesteriv2023.calicotab.com/manchesteriv/,2023,,TRUE,English,BP,Manchester IV,FALSE,University,,IONA,England,self,,,,,32,32,5,7,8.5,117.0,S-B,['Pro-Am'],['Pro-Am'],"{'Pro-Am': {'is_highest_non_open_cat': True, 'no_wbr_speakers': np.int64(2), 'no_79.11plus_speakers': 0, 'no_qual_speakers': np.float64(2.0), 'no_teams2': 18, 'pts_speaking': np.float64(38.0), 'speaking_class': 'S-E'}}",20,4,92,J-B,3,,success,success,5,64,64
Manchester IV 2024,https://manchesteriv2024.calicotab.com/Manchester2024/,2024,2024-02-17,TRUE,English,BP,Manchester IV,FALSE,University,,IONA,England,self,,,,,41,40,5,14,12,160.0,S-A,[],[],{},19,3,73,J-B,3,"Aidan Woo, Paula Djaković, Lucie Slamova",success,success,5,82,80
Manchester IV 2025,https://manchesteriv25.calicotab.com/_/,2025,2025-02-22,TRUE,English,BP,Manchester IV,FALSE,University,In person,IONA,England,self,,,,,54,52,6,17,14.5,197.0,S-A,['Novice'],['Novice'],"{'Novice': {'is_highest_non_open_cat': True, 'no_wbr_speakers': np.int64(0), 'no_79.11plus_speakers': 0, 'no_qual_speakers': np.float64(0.0), 'no_teams2': 21, 'pts_speaking': np.float64(21.0), 'speaking_class': 'S-E'}}",44,4,116,J-B,3,,success,success,5,108,104
Manchester IV 2026,https://manchesteriv2026.calicotab.com/manchesteriv2026/,2026,2026-02-21,TRUE,English,BP,Manchester IV,FALSE,University,In person,IONA,England,self,,,,,50,48,2,9,6.5,113.0,S-B,['Novice'],"['Novice', 'Open']","{'Novice': {'is_highest_non_open_cat': True, 'no_wbr_speakers': np.int64(0), 'no_79.11plus_speakers': 0, 'no_qual_speakers': np.float64(0.0), 'no_teams2': 12, 'pts_speaking': np.float64(12.0), 'speaking_class': 'S-E'}}",36,3,90,J-B,1,,success,success,5,100,96
Manchester Novices 2023,https://mannov23.calicotab.com/_/,2023,,TRUE,English,BP,Manchester Novices,FALSE,University,,IONA,England,self,,,,,28,28,1,0,1,38.0,S-E,['Non-schools'],['Non-schools'],"{'Non-schools': {'is_highest_non_open_cat': True, 'no_wbr_speakers': np.int64(0), 'no_79.11plus_speakers': 0, 'no_qual_speakers': np.float64(0.0), 'no_teams2': 7, 'pts_speaking': np.float64(7.0), 'speaking_class': 'S-E'}}",21,3,75,J-B,3,,success,success,4,56,55
Manchester Novices 2024,https://manchesternovices.calicotab.com/novices2024/,2024,,TRUE,English,BP,Manchester Novices,FALSE,University,In person,IONA,England,self,,,,,36,36,0,0,0,36.0,S-E,[],[],{},32,0,32,J-E,3,,success,success,4,72,72
Manchester Novices 2025,https://manchesternovices2025.calicotab.com/2025/,2025,2025-12-06,TRUE,English,BP,Manchester Novices,FALSE,University,In person,IONA,England,self,,,,,40,40,1,0,1,50.0,S-E,['Non-schools'],['Non-schools'],"{'Non-schools': {'is_highest_non_open_cat': True, 'no_wbr_speakers': np.int64(1), 'no_79.11plus_speakers': 0, 'no_qual_speakers': np.float64(1.0), 'no_teams2': 21, 'pts_speaking': np.float64(31.0), 'speaking_class': 'S-E'}}",26,1,44,J-C,3,,success,success,4,80,80
Manila Pre-WUDC 2025,https://manilaprewudc.calicotab.com/manilaprewudc2025/,2025,2025-10-25,TRUE,English,BP,Manila Pre-WUDC,FALSE,University,Online,Asia,Philippines,self,,,,,94,93,12,15,19.5,287.0,S-A+,"['Novice', 'EFL']","['Novice', 'EFL']","{'Novice': {'is_highest_non_open_cat': False, 'no_wbr_speakers': np.int64(0), 'no_79.11plus_speakers': 0, 'no_qual_speakers': np.float64(0.0), 'no_teams2': 32, 'pts_speaking': np.float64(32.0), 'speaking_class': 'S-E'}, 'EFL': {'is_highest_non_open_cat': True, 'no_wbr_speakers': np.int64(1), 'no_79.11plus_speakers': 1, 'no_qual_speakers': np.float64(1.5), 'no_teams2': 11, 'pts_speaking': np.float64(26.0), 'speaking_class': 'S-E'}}",51,3,105,J-B,4,,success,success,4,188,184
March Madness 2025,https://afterfreedom.calicotab.com/MM25/,2025,2025-03-27,TRUE,English,BP,March Madness,FALSE,University,Online,Africa,South Africa,public,,,,,33,32,0,10,5,82.0,S-C,[],['Open'],{},9,0,9,J-E,0,,success,success,5,66,63
Mashariki Open 2024,https://debatefoster.calicotab.com/masharikdebate2024/,2024,,TRUE,English,BP,Mashariki Open,FALSE,University,,Africa,,self,,,,,59,50,0,3,1.5,64.0,S-D,[],['Open'],{},16,0,16,J-E,4,,success,success,5,114,94
Mashujaa Open (9th) 2023,https://mashujaa.calicotab.com/mashujaa09/,2023,,TRUE,English,BP,Mashujaa Open,FALSE,University,,Africa,Kenya,self,,,,,41,40,0,1,0.5,46.0,S-E,[],['Novice'],{'Novice': {'is_highest_non_open_cat': True}},22,0,22,J-E,0,,success,success,6,82,82
Mashujaa Open (10th) 2023,https://mashujaa.calicotab.com/mashujaa10/,2023,,TRUE,English,BP,Mashujaa Open,FALSE,University,,Africa,Kenya,self,,,,,46,44,0,0,0,44.0,S-E,[],['Novice'],{'Novice': {'is_highest_non_open_cat': True}},23,0,23,J-E,0,,success,success,5,92,87
Mashujaa Open (11th) 2024,https://mashujaa.calicotab.com/mashujaa11/,2024,,TRUE,English,BP,Mashujaa Open,FALSE,University,,Africa,Kenya,self,,,,,34,32,0,0,0,32.0,S-E,['Novice'],['Novice'],"{'Novice': {'is_highest_non_open_cat': True, 'no_wbr_speakers': np.int64(0), 'no_79.11plus_speakers': 0, 'no_qual_speakers': np.float64(0.0), 'no_teams2': 14, 'pts_speaking': np.float64(14.0), 'speaking_class': 'S-E'}}",26,0,26,J-E,0,,success,success,5,68,62
Mashujaa Open (12th) 2024,https://mashujaa.calicotab.com/mashujaa122024/,2024,,TRUE,English,BP,Mashujaa Open,FALSE,University,,Africa,Kenya,self,,,,,42,40,0,0,0,39.0,S-E,"['Open', 'Novice']",['Novice'],"{'Novice': {'is_highest_non_open_cat': True, 'no_wbr_speakers': np.int64(0), 'no_79.11plus_speakers': 0, 'no_qual_speakers': np.float64(0.0), 'no_teams2': 16, 'pts_speaking': np.float64(16.0), 'speaking_class': 'S-E'}}",19,0,19,J-E,0,,success,success,5,82,77
Mashujaa Open (13th) 2024,https://mashujaa.calicotab.com/mashujaa132024/,2024,,TRUE,English,BP,Mashujaa Open,FALSE,University,,Africa,Kenya,self,,,,,22,21,0,2,1,31.0,S-E,"['Open', 'Novice']",['Novice'],"{'Novice': {'is_highest_non_open_cat': True, 'no_wbr_speakers': np.int64(0), 'no_79.11plus_speakers': 0, 'no_qual_speakers': np.float64(0.0), 'no_teams2': 3, 'pts_speaking': np.float64(3.0), 'speaking_class': 'S-E'}}",12,0,12,J-E,0,,success,success,5,43,39
Mashujaa Open (14th) 2025,https://mashujaa.calicotab.com/mashujaa142025/,2025,,TRUE,English,BP,Mashujaa Open,FALSE,University,,Africa,Kenya,self,,,,,49,48,0,0,0,48.0,S-E,"['Open', 'Novice', 'Schools Break']",['Novice'],"{'Novice': {'is_highest_non_open_cat': True, 'no_wbr_speakers': np.int64(0), 'no_79.11plus_speakers': 0, 'no_qual_speakers': np.float64(0.0), 'no_teams2': 23, 'pts_speaking': np.float64(23.0), 'speaking_class': 'S-E'}}",27,0,27,J-E,5,,success,success,5,96,92
Mashujaa Open (15th) 2025,https://mashujaa.calicotab.com/mashujaa152025/,2025,,TRUE,English,BP,Mashujaa Open,FALSE,University,,Africa,Kenya,self,,,,,28,28,0,0,0,28.0,S-E,"['Open', 'Novice']",['Novice'],"{'Novice': {'is_highest_non_open_cat': True, 'no_wbr_speakers': np.int64(0), 'no_79.11plus_speakers': 0, 'no_qual_speakers': np.float64(0.0), 'no_teams2': 12, 'pts_speaking': np.float64(12.0), 'speaking_class': 'S-E'}}",15,0,15,J-E,2,,success,success,5,55,55
Mason Korea DO 2026,https://mkdsopen.calicotab.com/mkdsopen2026/,2026,,TRUE,English,BP,Mason Korea DO,FALSE,University,Online,Asia,South Korea,self,,,,,25,24,1,1,1.5,39.0,S-E,[],['Open'],{},8,1,26,J-C,3,,success,success,5,50,48
McGill Central Novice 2022,https://centralnovs2022.calicotab.com/centralnovs2022/,2022,,TRUE,English,BP,McGill Central Novice,FALSE,University,,North America,Canada,self,,,,,48,48,0,5,2.5,73.0,S-D,['No Highschool Experience'],['Open'],{},25,1,43,J-C,4,,success,success,6,96,96
McGill Central Novice 2024,https://centralnov2024.calicotab.com/centralnov2024/,2024,,TRUE,English,BP,McGill Central Novice,FALSE,University,,North America,Canada,self,,,,,52,52,0,8,4,92.0,S-C,['No HS Experience'],"['No HS Experience', 'Open']","{'No HS Experience': {'is_highest_non_open_cat': True, 'no_wbr_speakers': np.int64(0), 'no_79.11plus_speakers': 0, 'no_qual_speakers': np.float64(0.0), 'no_teams2': 18, 'pts_speaking': np.float64(18.0), 'speaking_class': 'S-E'}}",53,2,89,J-C,5,,success,success,4,104,104
McGill Central Novice 2025,https://centralnov2025.calicotab.com/centralnov2025/,2025,,TRUE,English,BP,McGill Central Novice,FALSE,University,,North America,Canada,self,,,,,53,53,0,2,1,63.0,S-D,['NHSE'],"['NHSE', 'Open']","{'NHSE': {'is_highest_non_open_cat': True, 'no_wbr_speakers': np.int64(0), 'no_79.11plus_speakers': 0, 'no_qual_speakers': np.float64(0.0), 'no_teams2': 19, 'pts_speaking': np.float64(19.0), 'speaking_class': 'S-E'}}",39,3,93,J-B,5,,success,success,4,106,106
McGill IV 2024,https://mcgilliv2024.calicotab.com/iv/,2024,2024-03-01,TRUE,English,BP,McGill IV,FALSE,University,,North America,Canada,self,,,,,84,84,12,18,21,294.0,S-A+,['Novice'],['Novice'],"{'Novice': {'is_highest_non_open_cat': True, 'no_wbr_speakers': np.int64(1), 'no_79.11plus_speakers': 0, 'no_qual_speakers': np.float64(1.0), 'no_teams2': 31, 'pts_speaking': np.float64(41.0), 'speaking_class': 'S-E'}}",59,9,221,J-A+,4,,success,success,5,168,168
McGill IV 2025,https://mdu.calicotab.com/mcgilliv25/,2025,2025-03-14,TRUE,English,BP,McGill IV,FALSE,University,In person,North America,Canada,self,,,,,68,68,8,12,14,207.0,S-A,['Novice'],['Novice'],"{'Novice': {'is_highest_non_open_cat': True, 'no_wbr_speakers': np.int64(0), 'no_79.11plus_speakers': 0, 'no_qual_speakers': np.float64(0.0), 'no_teams2': 17, 'pts_speaking': np.float64(17.0), 'speaking_class': 'S-E'}}",49,4,121,J-B,4,,success,success,5,136,136
McGill IV 2026,https://mcgilliv26.calicotab.com/mcgilliv26/,2026,2026-02-06,TRUE,English,BP,McGill IV,FALSE,University,In person,North America,Canada,self,,,,,86,84,13,23,24.5,329.0,S-AA,['Novice'],"['Open', 'Novice']","{'Novice': {'is_highest_non_open_cat': True, 'no_wbr_speakers': np.int64(0), 'no_79.11plus_speakers': 0, 'no_qual_speakers': np.float64(0.0), 'no_teams2': 24, 'pts_speaking': np.float64(24.0), 'speaking_class': 'S-E'}}",47,7,173,J-A,3,,success,success,5,172,165
McMaster Pro Ams 2021,https://macproams2021.calicotab.com/proams2022/,2021,,,English,BP,McMaster Pro Ams,FALSE,University,,North America,,self,,,,,16,16,0,1,0.5,21.0,S-E,[],[],{},9,0,9,J-E,4,,success,success,5,32,32
Melbourne Mini 2020,https://melbmini2020.calicotab.com/melbmini2020/,2020,,TRUE,English,BP,Melbourne Mini,FALSE,University,,Oceania,,self,,,,,50,47,4,10,9,135.0,S-B,"['ESL', 'Novice']","['ESL', 'Novice']","{'ESL': {'is_highest_non_open_cat': True, 'no_wbr_speakers': np.int64(0), 'no_79.11plus_speakers': 0, 'no_qual_speakers': np.float64(0.0), 'no_teams2': 14, 'pts_speaking': np.float64(14.0), 'speaking_class': 'S-E'}, 'Novice': {'is_highest_non_open_cat': False, 'no_wbr_speakers': np.int64(0), 'no_79.11plus_speakers': 1, 'no_qual_speakers': np.float64(0.5), 'no_teams2': 22, 'pts_speaking': np.float64(27.0), 'speaking_class': 'S-E'}}",30,0,30,J-E,5,,success,success,5,97,90
Meta IV 2021,https://metaiv2021.calicotab.com/metaiv2021/,2021,,TRUE,English,BP,Meta IV,FALSE,University,,North America,,self,,,,,16,16,1,1,1.5,31.0,S-E,[],[],{},10,0,10,J-E,4,,success,success,4,32,32
Middlebury IV 2024,https://middiv2024.calicotab.com/middiv24/,2024,,TRUE,English,BP,Middlebury IV,FALSE,University,In person,North America,,public,,,,,28,28,3,6,6,88.0,S-B,['Novice'],"['Open', 'Novice']","{'Novice': {'is_highest_non_open_cat': True, 'no_wbr_speakers': np.int64(0), 'no_79.11plus_speakers': 0, 'no_qual_speakers': np.float64(0.0), 'no_teams2': 9, 'pts_speaking': np.float64(9.0), 'speaking_class': 'S-E'}}",22,1,40,J-C,4,,success,success,5,56,56
Middlebury IV 2026,https://middiv2026.calicotab.com/middiv2026/,2026,,TRUE,English,BP,Middlebury IV,FALSE,University,Online,North America,,public,,,,,16,16,0,2,1,26.0,S-E,[],['Open'],{},10,0,10,J-E,2,,success,success,5,32,31
Mindanao IV (7th) 2022,https://mindanaointervarsity.calicotab.com/miv2022/,2022,,TRUE,English,BP,Mindanao IV,FALSE,University,Online,Asia,Philippines,public,,,,,95,93,0,22,11,203.0,S-C,['Novice'],"['Open', 'Novice']","{'Novice': {'is_highest_non_open_cat': True, 'no_wbr_speakers': np.int64(0), 'no_79.11plus_speakers': 2, 'no_qual_speakers': np.float64(1.0), 'no_teams2': 55, 'pts_speaking': np.float64(65.0), 'speaking_class': 'S-D'}}",37,0,37,J-E,4,,success,success,5,189,185
Mindanao PDC (48th) 2024,https://48thmpdc.calicotab.com/48thmpdc/,2024,2024-07-19,TRUE,English,BP,Mindanao PDC,FALSE,University,,Asia,,self,,,,,,,,,,,,,['High School'],{'High School': {'is_highest_non_open_cat': True}},41,0,41,J-E,5,,error getting team tab,success,4,,
MNLU Nagpur Orange Capital D 2025,https://theorangecapitaldebate.calicotab.com/ocd2025/,2025,,TRUE,English,BP,MNLU Nagpur Orange Capital D,FALSE,University,,Asia,India,self,,,,,39,35,0,3,1.5,50.0,S-E,['Novice'],"['Novice', 'Open']","{'Novice': {'is_highest_non_open_cat': True, 'no_wbr_speakers': np.int64(0), 'no_79.11plus_speakers': 0, 'no_qual_speakers': np.float64(0.0), 'no_teams2': 16, 'pts_speaking': np.float64(16.0), 'speaking_class': 'S-E'}}",21,0,21,J-E,5,,success,success,5,78,70
Monash Pre-WUDC 2023,https://mad2024.calicotab.com/madprewudc2023/,2023,,TRUE,English,BP,Monash Pre-WUDC,FALSE,University,,Oceania,Australia,self,,,,,71,69,4,16,12,188.0,S-A,['ESL'],['ESL'],"{'ESL': {'is_highest_non_open_cat': True, 'no_wbr_speakers': np.int64(0), 'no_79.11plus_speakers': 0, 'no_qual_speakers': np.float64(0.0), 'no_teams2': 39, 'pts_speaking': np.float64(39.0), 'speaking_class': 'S-E'}}",33,1,51,J-C,3,,success,success,5,139,131
Monash Pre-WUDC 2025,https://monashprewudc.calicotab.com/monashprewudc2025/,2025,2025-11-22,TRUE,English,BP,Monash Pre-WUDC,FALSE,University,Online,Oceania,Australia,self,,,,,52,48,14,23,25.5,302.0,S-AA,"['ESL', 'Novice']","['ESL', 'Novice']","{'ESL': {'is_highest_non_open_cat': True, 'no_wbr_speakers': np.int64(0), 'no_79.11plus_speakers': 0, 'no_qual_speakers': np.float64(0.0), 'no_teams2': 10, 'pts_speaking': np.float64(10.0), 'speaking_class': 'S-E'}, 'Novice': {'is_highest_non_open_cat': False, 'no_wbr_speakers': np.int64(0), 'no_79.11plus_speakers': 0, 'no_qual_speakers': np.float64(0.0), 'no_teams2': 13, 'pts_speaking': np.float64(13.0), 'speaking_class': 'S-E'}}",35,1,53,J-C,3,,success,success,5,104,93
Monrovia DO 2024,https://lnuidccountymeet2024.calicotab.com/mdo2024/,2024,,TRUE,English,BP,Monrovia DO,FALSE,University,,Africa,,self,,,,,72,55,0,2,1,63.0,S-D,[],[],{},25,0,25,J-E,4,,success,success,5,139,104
Morayta IV 2024,https://moraytaintervarsity2024.calicotab.com/moriv2024/,2024,2024-10-11,TRUE,English,BP,Morayta IV,FALSE,University,Online,Asia,Philippines,public,,,,,25,25,2,5,4.5,70.0,S-C,[],[],{},21,0,21,J-E,0,,success,success,4,50,49
Motilal Nehru BPD 2025,https://mnbpd2025.calicotab.com/mnbpd2025/,2025,2025-01-06,TRUE,English,BP,Motilal Nehru BPD,FALSE,University,Online,Asia,India,public,,,,,92,83,0,3,1.5,95.0,S-D,['Novice'],['Novice'],"{'Novice': {'is_highest_non_open_cat': True, 'no_wbr_speakers': np.int64(0), 'no_79.11plus_speakers': 0, 'no_qual_speakers': np.float64(0.0), 'no_teams2': 29, 'pts_speaking': np.float64(29.0), 'speaking_class': 'S-E'}}",42,0,42,J-E,4,,success,success,5,173,154
Motilal Nehru Pre-ABP 2025,https://mnmpreabp25.calicotab.com/mnbpdpreabp2025/,2025,,TRUE,English,BP,Motilal Nehru Pre-ABP,FALSE,University,,Asia,,self,,,,,66,61,0,0,0,61.0,S-D,['Novice'],"['Open', 'Novice']","{'Novice': {'is_highest_non_open_cat': True, 'no_wbr_speakers': np.int64(0), 'no_79.11plus_speakers': 0, 'no_qual_speakers': np.float64(0.0), 'no_teams2': 39, 'pts_speaking': np.float64(39.0), 'speaking_class': 'S-E'}}",31,0,31,J-E,5,,success,success,5,131,121
Mumbai Debate Open 2026,https://mumbaifundraisers.calicotab.com/mumbaidebateopen26/,2026,2026-03-21,TRUE,English,BP,Mumbai Debate Open,FALSE,University,Online,Asia,India,public,,,,,42,37,3,3,4.5,81.0,S-C,['Novice'],"['Open', 'Novice']","{'Novice': {'is_highest_non_open_cat': True, 'no_wbr_speakers': np.int64(0), 'no_79.11plus_speakers': 0, 'no_qual_speakers': np.float64(0.0), 'no_teams2': 19, 'pts_speaking': np.float64(19.0), 'speaking_class': 'S-E'}}",21,0,21,J-E,0,,success,success,5,84,74
Mumbai Pre-WUDC 2025,https://mumbaiprewudc2025.calicotab.com/mumbaiprewudc25/,2025,2025-12-13,TRUE,English,BP,Mumbai Pre-WUDC,FALSE,University,Online,Asia,India,self,,,,,70,61,4,14,11,171.0,S-B,['ESL'],"['Open', 'ESL']","{'ESL': {'is_highest_non_open_cat': True, 'no_wbr_speakers': np.int64(0), 'no_79.11plus_speakers': 0, 'no_qual_speakers': np.float64(0.0), 'no_teams2': 27, 'pts_speaking': np.float64(27.0), 'speaking_class': 'S-E'}}",40,1,58,J-C,5,,success,success,5,136,121
Munich Open 2026,https://munichopen2026.calicotab.com/munich2026/,2026,2026-05-09,TRUE,English,BP,Munich Open,FALSE,University,In person,Europe,Germany,self,,,,,40,40,2,0,2,60.0,S-D,['Novice'],"['Open', 'Novice']","{'Novice': {'is_highest_non_open_cat': True, 'no_wbr_speakers': np.int64(0), 'no_79.11plus_speakers': 0, 'no_qual_speakers': np.float64(0.0), 'no_teams2': 18, 'pts_speaking': np.float64(18.0), 'speaking_class': 'S-E'}}",20,2,56,J-C,4,,success,success,5,80,77
NA Spar Open 2021,https://nasparopen.calicotab.com/nasparopen2021/,2021,,FALSE,English,BP,NA Spar Open,FALSE,University,,North America,,self,,,,,48,47,3,24,15,197.0,S-B,['Novice'],['Novice'],"{'Novice': {'is_highest_non_open_cat': True, 'no_wbr_speakers': np.int64(0), 'no_79.11plus_speakers': 0, 'no_qual_speakers': np.float64(0.0), 'no_teams2': 11, 'pts_speaking': np.float64(11.0), 'speaking_class': 'S-E'}}",16,2,52,J-C,6,,success,success,5,95,93
NA Spar Open 2023,https://naspar2023.calicotab.com/naspar2023/,2023,,TRUE,English,BP,NA Spar Open,FALSE,University,,North America,,self,,,,,33,32,2,5,4.5,77.0,S-C,"['Novice', 'Schools']","['Novice', 'High School']","{'Novice': {'is_highest_non_open_cat': True, 'no_wbr_speakers': np.int64(0), 'no_79.11plus_speakers': 0, 'no_qual_speakers': np.float64(0.0), 'no_teams2': 10, 'pts_speaking': np.float64(10.0), 'speaking_class': 'S-E'}, 'High School': {'is_highest_non_open_cat': False}}",18,1,36,J-C,3,,success,success,5,65,62
NA Spar Pre-WUDC 2023,https://nasparprewudc2023.calicotab.com/nasparprewudc2023/,2023,,TRUE,English,BP,NA Spar Pre-WUDC,FALSE,University,,North America,,self,,,,,41,39,2,17,10.5,144.0,S-B,"['ESL', 'Novice']","['ESL', 'Novice']","{'ESL': {'is_highest_non_open_cat': True, 'no_wbr_speakers': np.int64(1), 'no_79.11plus_speakers': 2, 'no_qual_speakers': np.float64(2.0), 'no_teams2': 13, 'pts_speaking': np.float64(33.0), 'speaking_class': 'S-E'}, 'Novice': {'is_highest_non_open_cat': False, 'no_wbr_speakers': np.int64(0), 'no_79.11plus_speakers': 0, 'no_qual_speakers': np.float64(0.0), 'no_teams2': 12, 'pts_speaking': np.float64(12.0), 'speaking_class': 'S-E'}}",17,2,53,J-C,2,"Diggory Waddle, Cam Miranda-Radbord",success,success,5,82,76
Nagoya Debate Open 2023,https://ndo2023.calicotab.com/ndo2023/,2023,,TRUE,English,BP,Nagoya Debate Open,FALSE,University,,Asia,Japan,self,,,,,20,20,1,4,3,50.0,S-C,['Rookie'],[],{},,,,,,,success,no rounds,4,60,60
Nairobi Indaba DO 2024,https://ayiraacademy.calicotab.com/indaba1024/,2024,,TRUE,English,BP,Nairobi Indaba DO,FALSE,University,,Africa,Kenya,self,,,,,33,32,0,2,1,42.0,S-E,"['Open', 'Novice']","['Open', 'Novice']","{'Novice': {'is_highest_non_open_cat': True, 'no_wbr_speakers': np.int64(0), 'no_79.11plus_speakers': 0, 'no_qual_speakers': np.float64(0.0), 'no_teams2': 12, 'pts_speaking': np.float64(12.0), 'speaking_class': 'S-E'}}",28,0,28,J-E,0,,success,success,5,64,63
Nairobi Indaba DO 2025,https://ayiraacademy.calicotab.com/indaba42025/,2025,,TRUE,English,BP,Nairobi Indaba DO,FALSE,University,,Asia,Kenya,self,,,,,24,24,0,6,3,54.0,S-C,"['Open', 'Novice']","['Open', 'Novice']","{'Novice': {'is_highest_non_open_cat': True, 'no_wbr_speakers': np.int64(0), 'no_79.11plus_speakers': 0, 'no_qual_speakers': np.float64(0.0), 'no_teams2': 10, 'pts_speaking': np.float64(10.0), 'speaking_class': 'S-E'}}",5,0,5,J-E,7,,success,success,5,48,47
NALSAR IV 2021,https://nalsariv2021.calicotab.com/Nalsariv2021/,2021,,TRUE,English,BP,NALSAR IV,FALSE,University,,Asia,India,self,,,,,90,84,4,14,11,194.0,S-B,['Novice'],['Novice'],"{'Novice': {'is_highest_non_open_cat': True, 'no_wbr_speakers': np.int64(0), 'no_79.11plus_speakers': 0, 'no_qual_speakers': np.float64(0.0), 'no_teams2': 21, 'pts_speaking': np.float64(21.0), 'speaking_class': 'S-E'}}",57,1,75,J-C,6,,success,success,5,180,166
NALSAR IV 2022,https://nalsariv2022.calicotab.com/nalsariv22/,2022,,TRUE,English,BP,NALSAR IV,FALSE,University,,Asia,India,self,,,,,70,69,0,2,1,78.0,S-D,['Novice'],['Novice'],"{'Novice': {'is_highest_non_open_cat': True, 'no_wbr_speakers': np.int64(0), 'no_79.11plus_speakers': 0, 'no_qual_speakers': np.float64(0.0), 'no_teams2': 26, 'pts_speaking': np.float64(26.0), 'speaking_class': 'S-E'}}",63,4,135,J-B,5,,success,success,5,140,136
NALSAR IV 2023,https://nalsariv2023.calicotab.com/nalsariv2023/,2023,,TRUE,English,BP,NALSAR IV,FALSE,University,,Asia,India,self,,,,,86,84,1,16,9,174.0,S-C,['Novice'],['Novice'],"{'Novice': {'is_highest_non_open_cat': True, 'no_wbr_speakers': np.int64(0), 'no_79.11plus_speakers': 0, 'no_qual_speakers': np.float64(0.0), 'no_teams2': 50, 'pts_speaking': np.float64(50.0), 'speaking_class': 'S-E'}}",52,3,106,J-B,6,,success,success,5,172,168
NALSAR IV 2024,https://sbinalsariv2024.calicotab.com/nalsariv2024/,2024,2024-09-24,TRUE,English,BP,NALSAR IV,FALSE,University,,Asia,India,self,,,,,92,82,1,4,3,112.0,S-C,['Novice'],['Novice'],"{'Novice': {'is_highest_non_open_cat': True, 'no_wbr_speakers': np.int64(0), 'no_79.11plus_speakers': 0, 'no_qual_speakers': np.float64(0.0), 'no_teams2': 57, 'pts_speaking': np.float64(57.0), 'speaking_class': 'S-E'}}",57,1,75,J-C,6,,success,success,5,182,164
NALSAR IV 2025,https://thenalsariv.calicotab.com/nalsariv2025/,2025,2025-09-05,TRUE,English,BP,NALSAR IV,FALSE,University,In person,Asia,India,public,,,,,133,117,2,5,4.5,162.0,S-C,['Novice'],['Novice'],"{'Novice': {'is_highest_non_open_cat': True, 'no_wbr_speakers': np.int64(0), 'no_79.11plus_speakers': 0, 'no_qual_speakers': np.float64(0.0), 'no_teams2': 79, 'pts_speaking': np.float64(79.0), 'speaking_class': 'S-D'}}",81,3,135,J-B,5,,success,success,5,263,233
NAUDC 2020,https://docs.google.com/spreadsheets/d/1il0BnpSDKJb6nIQ6BY2MheKyhpczyhdoP87pgLt7hBk/edit?gid=0#gid=0,2020,,TRUE,English,BP,NAUDC,TRUE,University,,North America,,public,TRUE,,,speaking only,,68,7,19,16.5,233.0,S-A,,"['Open', 'Novice']","{'Novice': {'is_highest_non_open_cat': True, 'no_wbr_speakers': np.int64(0), 'no_79.11plus_speakers': 0, 'no_qual_speakers': np.float64(0.0), 'no_teams2': 13, 'pts_speaking': np.float64(13.0), 'speaking_class': 'S-E'}}",,,,,,,,,,,135
McGill NAUDC 2022,https://naudc2021.calicotab.com/_/,2022,,FALSE,English,BP,NAUDC,TRUE,University,,North America,Canada,self,,,,,79,76,9,27,22.5,301.0,S-A+,['Novice'],['Novice'],"{'Novice': {'is_highest_non_open_cat': True, 'no_wbr_speakers': np.int64(0), 'no_79.11plus_speakers': 0, 'no_qual_speakers': np.float64(0.0), 'no_teams2': 19, 'pts_speaking': np.float64(19.0), 'speaking_class': 'S-E'}}",47,16,335,J-AA+,5,,success,success,6,158,152
Bates NAUDC 2023,https://naudc2023.calicotab.com/naudc2023/,2023,,TRUE,English,BP,NAUDC,TRUE,University,,North America,United States,self,,,,,81,80,14,28,28,360.0,S-AA,['Novice'],['Novice'],"{'Novice': {'is_highest_non_open_cat': True, 'no_wbr_speakers': np.int64(0), 'no_79.11plus_speakers': 0, 'no_qual_speakers': np.float64(0.0), 'no_teams2': 29, 'pts_speaking': np.float64(29.0), 'speaking_class': 'S-E'}}",50,11,248,J-AA,6,,success,success,6,162,160
Mexico NAUDC 2024,https://naudc2024.calicotab.com/naudc2024/,2024,2024-03-28,TRUE,English,BP,NAUDC,TRUE,University,,North America,Mexico,self,,,,,76,76,22,36,40,476.0,S-AA+,"['ESL', 'Novice']","['ESL', 'Novice']","{'ESL': {'is_highest_non_open_cat': True, 'no_wbr_speakers': np.int64(0), 'no_79.11plus_speakers': 0, 'no_qual_speakers': np.float64(0.0), 'no_teams2': 13, 'pts_speaking': np.float64(13.0), 'speaking_class': 'S-E'}, 'Novice': {'is_highest_non_open_cat': False, 'no_wbr_speakers': np.int64(3), 'no_79.11plus_speakers': 1, 'no_qual_speakers': np.float64(3.5), 'no_teams2': 21, 'pts_speaking': np.float64(56.0), 'speaking_class': 'S-C'}}",49,6,157,J-A,5,,success,success,9,152,152
NAUDC 2025,https://naudc2025.calicotab.com/naudc2025/,2025,2025-03-29,TRUE,English,BP,NAUDC,TRUE,University,In person,North America,Canada,self,,,,,114,113,19,28,33,443.0,S-AA,['Novice'],['Novice'],"{'Novice': {'is_highest_non_open_cat': True, 'no_wbr_speakers': np.int64(0), 'no_79.11plus_speakers': 0, 'no_qual_speakers': np.float64(0.0), 'no_teams2': 35, 'pts_speaking': np.float64(35.0), 'speaking_class': 'S-E'}}",67,8,211,J-A+,5,,success,success,7,228,225
NAUDC 2026,https://naudc2026.calicotab.com/_/,2026,2026-03-06,TRUE,English,BP,NAUDC,TRUE,University,In person,North America,United States,self,,,,,80,76,14,28,28,356.0,S-AA,['Novice'],"['Novice', 'Open']","{'Novice': {'is_highest_non_open_cat': True, 'no_wbr_speakers': np.int64(0), 'no_79.11plus_speakers': 0, 'no_qual_speakers': np.float64(0.0), 'no_teams2': 11, 'pts_speaking': np.float64(11.0), 'speaking_class': 'S-E'}}",62,15,332,J-AA+,6,,success,success,7,158,152
Tokyo NEADC 2021,https://neadc.calicotab.com/neadc/,2021,,TRUE,English,BP,NEADC,FALSE,University,,Asia,Japan,self,,,,,112,109,2,12,8,188.0,S-B,['EFL'],['EFL'],"{'EFL': {'is_highest_non_open_cat': True, 'no_wbr_speakers': np.int64(0), 'no_79.11plus_speakers': 0, 'no_qual_speakers': np.float64(0.0), 'no_teams2': 47, 'pts_speaking': np.float64(47.0), 'speaking_class': 'S-E'}}",73,10,253,J-AA,5,,success,success,6,224,218
IDS NEADC 2022,https://neadc2022.calicotab.com/2022/,2022,,TRUE,English,BP,NEADC,FALSE,University,,Asia,,self,,,,,124,120,0,3,1.5,135.0,S-D,['EFL'],['EFL'],"{'EFL': {'is_highest_non_open_cat': True, 'no_wbr_speakers': np.int64(0), 'no_79.11plus_speakers': 0, 'no_qual_speakers': np.float64(0.0), 'no_teams2': 63, 'pts_speaking': np.float64(63.0), 'speaking_class': 'S-D'}}",107,9,269,J-A+,4,,success,success,6,245,240
Guangzhou NEADC 2023,https://edudrift.calicotab.com/neadc2023/,2023,,TRUE,English,BP,NEADC,FALSE,University,,Asia,China,self,,,,,84,84,0,4,2,104.0,S-D,"['EFL', 'Schools']","['Schools', 'EFL']","{'Schools': {'is_highest_non_open_cat': False, 'no_wbr_speakers': np.int64(0), 'no_79.11plus_speakers': 0, 'no_qual_speakers': np.float64(0.0), 'no_teams2': 16, 'pts_speaking': np.float64(16.0), 'speaking_class': 'S-E'}, 'EFL': {'is_highest_non_open_cat': True, 'no_wbr_speakers': np.int64(0), 'no_79.11plus_speakers': 0, 'no_qual_speakers': np.float64(0.0), 'no_teams2': 38, 'pts_speaking': np.float64(38.0), 'speaking_class': 'S-E'}}",37,4,109,J-B,6,,success,success,6,169,168
Kumamoto NEADC 2024,https://neadc2024.calicotab.com/neadc2024/,2024,2024-11-02,TRUE,English,BP,NEADC,FALSE,University,,Asia,Japan,self,,,,,52,52,1,8,5,101.0,S-C,['EFL'],['EFL'],"{'EFL': {'is_highest_non_open_cat': True, 'no_wbr_speakers': np.int64(0), 'no_79.11plus_speakers': 0, 'no_qual_speakers': np.float64(0.0), 'no_teams2': 17, 'pts_speaking': np.float64(17.0), 'speaking_class': 'S-E'}}",39,3,93,J-B,6,,success,success,6,104,104
Hangzhou NEADC 2025,https://edudrift.calicotab.com/neadc2025/,2025,2025-11-14,TRUE,English,BP,NEADC,FALSE,University,In person,Asia,China,self,,,,,56,56,1,4,3,85.0,S-C,['EFL'],"['EFL', 'Open']","{'EFL': {'is_highest_non_open_cat': True, 'no_wbr_speakers': np.int64(0), 'no_79.11plus_speakers': 0, 'no_qual_speakers': np.float64(0.0), 'no_teams2': 25, 'pts_speaking': np.float64(25.0), 'speaking_class': 'S-E'}}",40,3,94,J-B,7,,success,success,6,112,112
Nepal Debate Open 2021,https://ndsa.calicotab.com/ndo2021/,2021,,FALSE,English,BP,Nepal Debate Open,FALSE,University,,Asia,Nepal,self,,,,,50,48,0,7,3.5,83.0,S-C,['Novice'],['Novice'],"{'Novice': {'is_highest_non_open_cat': True, 'no_wbr_speakers': np.int64(0), 'no_79.11plus_speakers': 0, 'no_qual_speakers': np.float64(0.0), 'no_teams2': 14, 'pts_speaking': np.float64(14.0), 'speaking_class': 'S-E'}}",21,1,39,J-C,3,,success,success,6,99,91
Netaji Subhas MPD 2025,https://nsut.calicotab.com/nsmpd25/,2025,,TRUE,English,BP,Netaji Subhas MPD,FALSE,University,In person,Asia,,public,,,,,41,27,0,0,0,26.0,S-E,['Novice'],['Novice'],"{'Novice': {'is_highest_non_open_cat': True, 'no_wbr_speakers': np.int64(0), 'no_79.11plus_speakers': 0, 'no_qual_speakers': np.float64(0.0), 'no_teams2': 14, 'pts_speaking': np.float64(14.0), 'speaking_class': 'S-E'}}",19,0,19,J-E,4,,success,success,5,79,53
New Zealand Schools BP 2025,https://nzsbp2025.calicotab.com/nzsbp2025/,2025,,TRUE,English,BP,New Zealand Schools BP,FALSE,University,Online,Oceania,New Zealand,self,,,,,,,,,,,,,['Open'],{},10,0,10,J-E,4,,error getting speaker tab,success,5,,
Newman Shield 2023,https://newmanproam.calicotab.com/_/,2023,,TRUE,English,BP,Newman Shield,FALSE,University,,IONA,,self,,,,,25,24,1,5,3.5,59.0,S-C,[],[],{},12,1,30,J-C,3,,success,success,5,47,46
Ngome TOC 2026,https://ngome.calicotab.com/ngtoc2026/,2026,,TRUE,English,BP,Ngome TOC,FALSE,University,,Africa,,self,,,,,18,16,0,7,3.5,49.0,S-C,[],['Open'],{},15,0,15,J-E,5,,success,success,10,37,28
NHSDLC (China) BP 2023,https://nhsdlc.calicotab.com/nhsdlc-bp-2023/,2023,,TRUE,English,BP,NHSDLC (China) BP,FALSE,University,,Asia,China,self,,,,,82,80,0,5,2.5,105.0,S-D,"['Senior', 'Junior', 'Novice']","['Senior', 'Open', 'Novice', 'Junior']","{'Senior': {'is_highest_non_open_cat': False, 'no_wbr_speakers': np.int64(0), 'no_79.11plus_speakers': 0, 'no_qual_speakers': np.float64(0.0), 'no_teams2': 19, 'pts_speaking': np.float64(19.0), 'speaking_class': 'S-E'}, 'Novice': {'is_highest_non_open_cat': True, 'no_wbr_speakers': np.int64(0), 'no_79.11plus_speakers': 0, 'no_qual_speakers': np.float64(0.0), 'no_teams2': 25, 'pts_speaking': np.float64(25.0), 'speaking_class': 'S-E'}, 'Junior': {'is_highest_non_open_cat': False, 'no_wbr_speakers': np.int64(0), 'no_79.11plus_speakers': 0, 'no_qual_speakers': np.float64(0.0), 'no_teams2': 19, 'pts_speaking': np.float64(19.0), 'speaking_class': 'S-E'}}",27,6,135,J-A,2,,success,success,5,164,160
NHSDLC (China) BP 2024,https://thuiv2024.calicotab.com/nhsdlcbpo2024/,2024,,TRUE,English,BP,NHSDLC (China) BP,FALSE,University,,Asia,China,self,,,,,62,60,1,1,1.5,75.0,S-D,"['U16', 'Novice', 'U18']","['U16', 'Novice', 'U18', 'Open']","{'U16': {'is_highest_non_open_cat': False, 'no_wbr_speakers': np.int64(0), 'no_79.11plus_speakers': 0, 'no_qual_speakers': np.float64(0.0), 'no_teams2': 10, 'pts_speaking': np.float64(10.0), 'speaking_class': 'S-E'}, 'Novice': {'is_highest_non_open_cat': True, 'no_wbr_speakers': np.int64(1), 'no_79.11plus_speakers': 0, 'no_qual_speakers': np.float64(1.0), 'no_teams2': 27, 'pts_speaking': np.float64(37.0), 'speaking_class': 'S-E'}, 'U18': {'is_highest_non_open_cat': False, 'no_wbr_speakers': np.int64(0), 'no_79.11plus_speakers': 0, 'no_qual_speakers': np.float64(0.0), 'no_teams2': 4, 'pts_speaking': np.float64(4.0), 'speaking_class': 'S-E'}}",19,5,109,J-A,1,"Robert Raos, Pranav Kagalkar, Bea Legaspi",success,success,5,124,118
NHSDLC (China) BP 2025,https://nhsdlcbpopen.calicotab.com/nhsdlcbp2025/,2025,,TRUE,English,BP,NHSDLC (China) BP,FALSE,University,Online,Asia,China,public,,,,,73,72,2,0,2,93.0,S-D,"['Novice', 'School']","['Novice', 'Open', 'School']","{'Novice': {'is_highest_non_open_cat': True, 'no_wbr_speakers': np.int64(0), 'no_79.11plus_speakers': 0, 'no_qual_speakers': np.float64(0.0), 'no_teams2': 29, 'pts_speaking': np.float64(29.0), 'speaking_class': 'S-E'}, 'School': {'is_highest_non_open_cat': False, 'no_wbr_speakers': np.int64(1), 'no_79.11plus_speakers': 0, 'no_qual_speakers': np.float64(1.0), 'no_teams2': 20, 'pts_speaking': np.float64(30.0), 'speaking_class': 'S-E'}}",22,3,76,J-B,3,"Robert Raos, Naomi Ang, Sharon Wang",success,success,0,0,146
NHSDLC (China) BP (Spring) 2025,https://nhsdlcbpopen2025.calicotab.com/dlcbp2025/,2025,,TRUE,English,BP,NHSDLC (China) BP,FALSE,University,Online,Asia,China,public,,,,,58,56,0,0,0,56.0,S-E,"['School', 'Novice']","['Novice', 'School']","{'Novice': {'is_highest_non_open_cat': True, 'no_wbr_speakers': np.int64(0), 'no_79.11plus_speakers': 0, 'no_qual_speakers': np.float64(0.0), 'no_teams2': 18, 'pts_speaking': np.float64(18.0), 'speaking_class': 'S-E'}, 'School': {'is_highest_non_open_cat': False, 'no_wbr_speakers': np.int64(0), 'no_79.11plus_speakers': 0, 'no_qual_speakers': np.float64(0.0), 'no_teams2': 16, 'pts_speaking': np.float64(16.0), 'speaking_class': 'S-E'}}",16,2,52,J-C,0,"Naomi Ang, Robert Raos, Sharon Wang",success,success,5,116,110
NHSDLC (China) BP 2026,https://2026nhsdlcbpopen.calicotab.com/dlcbp2026/,2026,2026-02-07,TRUE,English,BP,NHSDLC (China) BP,FALSE,University,Online,Asia,China,self,,,,,76,72,0,1,0.5,77.0,S-D,"['Novice', 'School']","['Open', 'Novice', 'School']","{'Novice': {'is_highest_non_open_cat': True, 'no_wbr_speakers': np.int64(0), 'no_79.11plus_speakers': 0, 'no_qual_speakers': np.float64(0.0), 'no_teams2': 41, 'pts_speaking': np.float64(41.0), 'speaking_class': 'S-E'}, 'School': {'is_highest_non_open_cat': False, 'no_wbr_speakers': np.int64(0), 'no_79.11plus_speakers': 0, 'no_qual_speakers': np.float64(0.0), 'no_teams2': 18, 'pts_speaking': np.float64(18.0), 'speaking_class': 'S-E'}}",20,1,38,J-C,4,,success,success,5,151,144
NHSDLC (China) BP (National C) 2026,https://nhsdlc2026.calicotab.com/nhsdlcbp2026/,2026,2026-08-09,TRUE,English,BP,NHSDLC (China) BP,FALSE,University,In person,Asia,China,self,,,,,50,48,1,0,1,58.0,S-E,['School'],"['Schools', 'Open']",{'Schools': {'is_highest_non_open_cat': True}},13,1,31,J-C,3,,success,success,5,100,95
Nigeria DC Open (X) 2024,https://ndcopenx.calicotab.com/NDCopenX/,2024,,TRUE,English,BP,Nigeria DC Open,FALSE,University,Online,Africa,Nigeria,public,,,,,54,43,0,10,5,91.0,S-C,['Novice'],"['Open', 'Novice']","{'Novice': {'is_highest_non_open_cat': True, 'no_wbr_speakers': np.int64(0), 'no_79.11plus_speakers': 0, 'no_qual_speakers': np.float64(0.0), 'no_teams2': 12, 'pts_speaking': np.float64(12.0), 'speaking_class': 'S-E'}}",17,0,17,J-E,4,,success,success,5,105,76
Nigeria DC Open (XI) 2025,https://ndc-awari2025.calicotab.com/NDCXI/,2025,,TRUE,English,BP,Nigeria DC Open,FALSE,University,In person,Africa,Nigeria,public,,,,,17,16,0,12,6,76.0,S-C,[],[],{},6,0,6,J-E,2,,success,success,7,35,31
Nigeria TOC 2024,https://rrngtoc.calicotab.com/rrtoc2024/,2024,,TRUE,English,BP,Nigeria TOC,FALSE,University,,Africa,Nigeria,self,,,,,16,16,0,21,10.5,121.0,S-C,[],['Open'],{},14,0,14,J-E,4,,success,success,5,32,32
Nijmegen Open 2023,https://nijmegen2023.calicotab.com/nijmegen2023/,2023,,TRUE,English,BP,Nijmegen Open,FALSE,University,,Europe,Netherlands,self,,,,,33,32,1,4,3,62.0,S-C,['Novice'],['Novice'],"{'Novice': {'is_highest_non_open_cat': True, 'no_wbr_speakers': np.int64(0), 'no_79.11plus_speakers': 0, 'no_qual_speakers': np.float64(0.0), 'no_teams2': 11, 'pts_speaking': np.float64(11.0), 'speaking_class': 'S-E'}}",22,2,58,J-C,3,"Daan Spackler, Atyia Al-Hammud, Ted Chang, Aymaan Sheikh",success,success,4,66,64
Nijmegen Open 2024,https://nijmegen2024.calicotab.com/nijmegen2024/,2024,2024-12-14,TRUE,English,BP,Nijmegen Open,FALSE,University,In person,Europe,Netherlands,public,,,,,17,17,0,4,2,37.0,S-E,[],['Open'],{},12,0,12,J-E,4,,success,success,6,34,34
NLU Odisha BPD (10th) 2025,https://xbpdnluo.calicotab.com/XNLUOBPD25/,2025,2025-04-05,TRUE,English,BP,NLU Odisha BPD,FALSE,University,Online,Asia,India,public,,,,,36,28,0,3,1.5,41.0,S-E,['Novice'],['Novice'],"{'Novice': {'is_highest_non_open_cat': True, 'no_wbr_speakers': np.int64(0), 'no_79.11plus_speakers': 0, 'no_qual_speakers': np.float64(0.0), 'no_teams2': 12, 'pts_speaking': np.float64(12.0), 'speaking_class': 'S-E'}}",30,0,30,J-E,3,,success,success,5,72,56
NLU Odisha BPD 2026,https://xinluobpd.calicotab.com/NLUOPD26/,2026,,TRUE,English,BP,NLU Odisha BPD,FALSE,University,Online,Asia,India,public,,,,,58,56,1,8,5,106.0,S-C,['Novice'],"['Open', 'Novice']","{'Novice': {'is_highest_non_open_cat': True, 'no_wbr_speakers': np.int64(0), 'no_79.11plus_speakers': 0, 'no_qual_speakers': np.float64(0.0), 'no_teams2': 32, 'pts_speaking': np.float64(32.0), 'speaking_class': 'S-E'}}",28,0,28,J-E,5,,success,success,5,115,112
Nordic Open 2026,https://nordicopen2026.calicotab.com/nordicopen2026/,2026,2026-01-31,TRUE,English,BP,Nordic Open,FALSE,University,In person,Europe,Finland,self,,,,,48,48,2,5,4.5,93.0,S-C,['Novice'],"['Open', 'Novice']","{'Novice': {'is_highest_non_open_cat': True, 'no_wbr_speakers': np.int64(0), 'no_79.11plus_speakers': 0, 'no_qual_speakers': np.float64(0.0), 'no_teams2': 9, 'pts_speaking': np.float64(9.0), 'speaking_class': 'S-E'}}",28,2,64,J-C,3,,success,success,5,94,93
North Luzon BP 2024,https://nlbp2024.calicotab.com/nlbp2024/,2024,,TRUE,English,BP,North Luzon BP,FALSE,University,,Asia,Philippines,self,,,,,62,60,0,2,1,70.0,S-D,['Novice'],['Novice'],"{'Novice': {'is_highest_non_open_cat': True, 'no_wbr_speakers': np.int64(0), 'no_79.11plus_speakers': 0, 'no_qual_speakers': np.float64(0.0), 'no_teams2': 33, 'pts_speaking': np.float64(33.0), 'speaking_class': 'S-E'}}",35,0,35,J-E,3,,success,success,5,124,118
North Luzon Inv D 2025,https://nlid2025.calicotab.com/nlid2025/,2025,,TRUE,English,BP,North Luzon Inv D,FALSE,University,,Asia,Philippines,self,,,,,104,96,0,0,0,95.0,S-D,['Macli-ing Dulag'],['Macli-ing Dulag'],"{'Macli-ing Dulag': {'is_highest_non_open_cat': True, 'no_wbr_speakers': np.int64(0), 'no_79.11plus_speakers': 0, 'no_qual_speakers': np.float64(0.0), 'no_teams2': 42, 'pts_speaking': np.float64(42.0), 'speaking_class': 'S-E'}}",56,0,56,J-D,3,,success,success,4,203,187
North South U Dialogue 2026,https://nsu.calicotab.com/dialogue25/,2026,,TRUE,English,BP,North South U Dialogue,FALSE,University,In person,Asia,Bangladesh,public,,,,,32,32,1,9,5.5,87.0,S-C,['Novice'],"['Novice', 'Open']","{'Novice': {'is_highest_non_open_cat': True, 'no_wbr_speakers': np.int64(0), 'no_79.11plus_speakers': 0, 'no_qual_speakers': np.float64(0.0), 'no_teams2': 9, 'pts_speaking': np.float64(9.0), 'speaking_class': 'S-E'}}",27,0,27,J-E,4,,success,success,5,64,64
North-West Open 2024,https://nova2024.calicotab.com/Nova2024/,2024,,TRUE,English,BP,North-West Open,FALSE,University,,Africa,South Africa,self,,,,,28,24,0,0,0,24.0,S-E,[],['Open'],{},25,0,25,J-E,2,,success,success,5,56,48
Norwich IV 2026,https://norwichiv2026.calicotab.com/norwichiv2026/,2026,2026-03-28,TRUE,English,BP,Norwich IV,FALSE,University,In person,IONA,England,self,,,,,24,24,4,11,9.5,119.0,S-B,['Novice'],"['Open', 'Novice']","{'Novice': {'is_highest_non_open_cat': True, 'no_wbr_speakers': np.int64(1), 'no_79.11plus_speakers': 0, 'no_qual_speakers': np.float64(1.0), 'no_teams2': 9, 'pts_speaking': np.float64(19.0), 'speaking_class': 'S-E'}}",11,1,29,J-C,4,,success,success,5,47,46
Norwich Mini 2025,https://norwichmini2025.calicotab.com/norwichmini2025/,2025,2025-11-15,TRUE,English,BP,Norwich Mini,FALSE,University,In person,IONA,England,self,,,,,12,12,0,0,0,12.0,S-E,[],[],{},8,0,8,J-E,2,,success,success,4,24,23
Norwich Online 2025,https://norwichonline25.calicotab.com/norwichonline25/,2025,2025-06-22,TRUE,English,BP,Norwich Online,FALSE,University,Online,IONA,England,self,,,,,37,36,3,9,7.5,111.0,S-B,['ESL'],['ESL'],"{'ESL': {'is_highest_non_open_cat': True, 'no_wbr_speakers': np.int64(0), 'no_79.11plus_speakers': 0, 'no_qual_speakers': np.float64(0.0), 'no_teams2': 17, 'pts_speaking': np.float64(17.0), 'speaking_class': 'S-E'}}",29,0,29,J-E,3,,success,success,5,72,69
Nottingham Novices 2025,https://nottsnovs25.calicotab.com/NottsNovs2025/,2025,2025-10-18,TRUE,English,BP,Nottingham Novices,FALSE,University,In person,IONA,England,self,,,,,32,32,1,0,1,42.0,S-E,[],[],{},19,1,37,J-C,3,,success,success,4,60,60
NUALS PD (10th) 2026,https://nualspd2026.calicotab.com/nualspd2026/,2026,,TRUE,English,BP,NUALS PD,FALSE,University,In person,Asia,India,public,,,,,41,40,0,1,0.5,45.0,S-E,['Novice'],"['Novice', 'Open']","{'Novice': {'is_highest_non_open_cat': True, 'no_wbr_speakers': np.int64(0), 'no_79.11plus_speakers': 0, 'no_qual_speakers': np.float64(0.0), 'no_teams2': 25, 'pts_speaking': np.float64(25.0), 'speaking_class': 'S-E'}}",19,0,19,J-E,4,,success,success,5,82,80
NUS Pre-Worlds 2023,https://nuspreworlds.calicotab.com/_/,2023,,TRUE,English,BP,NUS Pre-Worlds,FALSE,University,,Asia,,self,,,,,44,44,4,12,10,144.0,S-B,['Schools'],[],{},16,0,16,J-E,2,,success,success,5,88,88
Odesa ESL Open 2021,https://odesa-esl.calicotab.com/odesa2021/,2021,,FALSE,English,BP,Odesa ESL Open,FALSE,University,,Europe,,self,,,,,45,44,0,5,2.5,68.0,S-D,['Novice'],['Novice'],"{'Novice': {'is_highest_non_open_cat': True, 'no_wbr_speakers': np.int64(0), 'no_79.11plus_speakers': 0, 'no_qual_speakers': np.float64(0.0), 'no_teams2': 9, 'pts_speaking': np.float64(9.0), 'speaking_class': 'S-E'}}",16,1,34,J-C,3,"Klaudia, Marta, Lovro",success,success,5,90,86
Odesa Open Pre-WUDC 2023,https://ukrainedebates.calicotab.com/odesa2023/,2023,,TRUE,English,BP,Odesa Open Pre-WUDC,FALSE,University,,Europe,,self,,,,,63,56,15,22,26,316.0,S-AA,"['ESL', 'Pro-Am']","['ESL', 'Pro-Am']","{'ESL': {'is_highest_non_open_cat': True, 'no_wbr_speakers': np.int64(3), 'no_79.11plus_speakers': 3, 'no_qual_speakers': np.float64(4.5), 'no_teams2': 26, 'pts_speaking': np.float64(71.0), 'speaking_class': 'S-C'}, 'Pro-Am': {'is_highest_non_open_cat': False, 'no_wbr_speakers': np.int64(0), 'no_79.11plus_speakers': 0, 'no_qual_speakers': np.float64(0.0), 'no_teams2': 18, 'pts_speaking': np.float64(18.0), 'speaking_class': 'S-E'}}",38,4,110,J-B,4,,success,success,5,123,111
Olympia IV 2023,https://olympia.calicotab.com/olympiainvitational2023/,2023,,TRUE,English,BP,Olympia IV,FALSE,University,In person,Africa,Uganda,public,,,,,16,16,0,6,3,46.0,S-C,[],['Open'],{},9,0,9,J-E,3,"Eze Nwakuba, Noluthando Honono, Mohamed Abdullahi",success,success,9,32,32
Open Coast Pre-Ghana UDC 2024,https://opencoast.calicotab.com/pre-gudc24/,2024,,TRUE,English,BP,Open Coast Pre-Ghana UDC,FALSE,University,Online,Africa,Ghana,public,,,,,67,53,0,0,0,53.0,S-E,['Novice'],"['Novice', 'Open']","{'Novice': {'is_highest_non_open_cat': True, 'no_wbr_speakers': np.int64(0), 'no_79.11plus_speakers': 0, 'no_qual_speakers': np.float64(0.0), 'no_teams2': 24, 'pts_speaking': np.float64(24.0), 'speaking_class': 'S-E'}}",28,0,28,J-E,0,,success,success,5,127,98
Open Coast Pre-Ghana UDC 2025,https://opencoast.calicotab.com/pre-gudc2025/,2025,,TRUE,English,BP,Open Coast Pre-Ghana UDC,FALSE,University,,Africa,,self,,,,,46,28,0,0,0,28.0,S-E,['Novice'],"['Open', 'Novice']","{'Novice': {'is_highest_non_open_cat': True, 'no_wbr_speakers': np.int64(0), 'no_79.11plus_speakers': 0, 'no_qual_speakers': np.float64(0.0), 'no_teams2': 8, 'pts_speaking': np.float64(8.0), 'speaking_class': 'S-E'}}",23,0,23,J-E,2,,success,success,5,88,52
Osaka IV 2024,https://osakaiv2024.calicotab.com/_/,2024,2024-09-07,TRUE,English,BP,Osaka IV,FALSE,University,,Asia,Japan,self,,,,,89,84,10,25,22.5,307.0,S-A+,['EFL'],['EFL'],"{'EFL': {'is_highest_non_open_cat': True, 'no_wbr_speakers': np.int64(1), 'no_79.11plus_speakers': 0, 'no_qual_speakers': np.float64(1.0), 'no_teams2': 26, 'pts_speaking': np.float64(36.0), 'speaking_class': 'S-E'}}",34,0,34,J-E,6,,success,success,5,177,168
Ottawa IV 2025,https://eds.calicotab.com/ottawaiv2025/,2025,2025-02-01,TRUE,English,BP,Ottawa IV,FALSE,University,In person,North America,Canada,public,,,,,53,52,6,8,10,152.0,S-B,['Novice'],['Novice'],"{'Novice': {'is_highest_non_open_cat': True, 'no_wbr_speakers': np.int64(0), 'no_79.11plus_speakers': 0, 'no_qual_speakers': np.float64(0.0), 'no_teams2': 19, 'pts_speaking': np.float64(19.0), 'speaking_class': 'S-E'}}",30,2,66,J-C,5,,success,success,5,106,104
Ottawa IV 2026,https://eds.calicotab.com/ottawaiv2026/,2026,2026-01-31,TRUE,English,BP,Ottawa IV,FALSE,University,In person,North America,Canada,public,,,,,45,44,3,11,8.5,128.0,S-B,['Novice'],"['Novice', 'Open']","{'Novice': {'is_highest_non_open_cat': True, 'no_wbr_speakers': np.int64(0), 'no_79.11plus_speakers': 0, 'no_qual_speakers': np.float64(0.0), 'no_teams2': 10, 'pts_speaking': np.float64(10.0), 'speaking_class': 'S-E'}}",24,1,42,J-C,4,,success,success,5,90,87
Ottawa Open 2025,https://ottawa27wudc.calicotab.com/ottawaopen2025/,2025,2025-07-19,TRUE,English,BP,Ottawa Open,FALSE,University,Online,North America,Canada,self,,,,,74,73,19,28,33,403.0,S-AA,"['ESL', 'Novice']","['ESL', 'Novice']","{'ESL': {'is_highest_non_open_cat': True, 'no_wbr_speakers': np.int64(4), 'no_79.11plus_speakers': 3, 'no_qual_speakers': np.float64(5.5), 'no_teams2': 18, 'pts_speaking': np.float64(73.0), 'speaking_class': 'S-C'}, 'Novice': {'is_highest_non_open_cat': False, 'no_wbr_speakers': np.int64(1), 'no_79.11plus_speakers': 1, 'no_qual_speakers': np.float64(1.5), 'no_teams2': 9, 'pts_speaking': np.float64(24.0), 'speaking_class': 'S-E'}}",28,10,208,J-AA,6,,success,success,5,148,145
Ottawa Round Robin 2025,https://eds.calicotab.com/ottawaroundrobin2025/,2025,,TRUE,English,BP,Ottawa Round Robin,FALSE,University,,North America,Canada,self,,,,,16,16,5,11,10.5,121.0,S-B,[],['Open'],{},25,0,25,J-E,0,,success,success,10,32,32
Ottawa Round Robin 2026,https://eds.calicotab.com/ottawaroundrobin2026/,2026,,TRUE,English,BP,Ottawa Round Robin,FALSE,University,Hybrid,North America,Canada,public,,,,,16,16,4,7,7.5,91.0,S-B,[],['Open'],{},15,0,15,J-E,2,,success,success,10,32,32
Ottawa Summer 2026,https://ottawasummer2026.calicotab.com/_/,2026,2026-06-25,TRUE,English,BP,Ottawa Summer,FALSE,University,Online,North America,Canada,self,,,,,86,83,7,22,18,263.0,S-A+,['ESL'],"['ESL', 'Open']","{'ESL': {'is_highest_non_open_cat': True, 'no_wbr_speakers': np.int64(0), 'no_79.11plus_speakers': 1, 'no_qual_speakers': np.float64(0.5), 'no_teams2': 25, 'pts_speaking': np.float64(30.0), 'speaking_class': 'S-E'}}",40,4,112,J-B,8,,success,success,5,166,162
Oxford Charity Open 2025,https://oxfordcharity25.calicotab.com/_/,2025,2025-10-19,TRUE,English,BP,Oxford Charity Open,FALSE,University,Online,IONA,England,self,,,,,54,52,6,17,14.5,197.0,S-A,[],[],{},19,3,73,J-B,3,,success,success,4,107,103
Oxford Charity Open 2026,https://oxfordcharity26.calicotab.com/_/,2026,2026-02-15,TRUE,English,BP,Oxford Charity Open,FALSE,University,Online,IONA,England,self,,,,,75,72,14,26,27,341.0,S-AA,"['Novice', 'ESL']","['Novice', 'Open', 'ESL']","{'Novice': {'is_highest_non_open_cat': False, 'no_wbr_speakers': np.int64(0), 'no_79.11plus_speakers': 0, 'no_qual_speakers': np.float64(0.0), 'no_teams2': 20, 'pts_speaking': np.float64(20.0), 'speaking_class': 'S-E'}, 'ESL': {'is_highest_non_open_cat': True, 'no_wbr_speakers': np.int64(1), 'no_79.11plus_speakers': 2, 'no_qual_speakers': np.float64(2.0), 'no_teams2': 31, 'pts_speaking': np.float64(51.0), 'speaking_class': 'S-E'}}",21,3,75,J-B,4,,success,success,4,147,142
Oxford Charity Open (III) 2026,https://oxfordcharity26.calicotab.com/iii/,2026,2026-06-13,TRUE,English,BP,Oxford Charity Open,FALSE,University,Online,IONA,England,self,,,,,88,80,9,26,22,300.0,S-A+,"['ESL', 'Novice']","['Open', 'ESL', 'Novice']","{'ESL': {'is_highest_non_open_cat': True, 'no_wbr_speakers': np.int64(1), 'no_79.11plus_speakers': 1, 'no_qual_speakers': np.float64(1.5), 'no_teams2': 35, 'pts_speaking': np.float64(50.0), 'speaking_class': 'S-E'}, 'Novice': {'is_highest_non_open_cat': False, 'no_wbr_speakers': np.int64(0), 'no_79.11plus_speakers': 0, 'no_qual_speakers': np.float64(0.0), 'no_teams2': 22, 'pts_speaking': np.float64(22.0), 'speaking_class': 'S-E'}}",29,4,101,J-B,2,,success,success,5,168,160
Oxford IV 2020,https://oxfordiv2020.netlify.app/2020/,2020,,TRUE,English,BP,Oxford IV,FALSE,University,,IONA,England,self,,,,,190,181,11,54,38,559.0,S-AA,"['ESL', 'Novice']","['ESL', 'Novice']","{'ESL': {'is_highest_non_open_cat': True, 'no_wbr_speakers': np.int64(0), 'no_79.11plus_speakers': 3, 'no_qual_speakers': np.float64(1.5), 'no_teams2': 60, 'pts_speaking': np.float64(75.0), 'speaking_class': 'S-D'}, 'Novice': {'is_highest_non_open_cat': False, 'no_wbr_speakers': np.int64(0), 'no_79.11plus_speakers': 1, 'no_qual_speakers': np.float64(0.5), 'no_teams2': 42, 'pts_speaking': np.float64(47.0), 'speaking_class': 'S-E'}}",112,22,508,J-AAA,5,,success,success,5,375,356
Oxford IV 2021,https://oxford2021.calicotab.com/oxfordiv2021/,2021,,TRUE,English,BP,Oxford IV,FALSE,University,,IONA,England,self,,,,,156,153,25,41,45.5,608.0,S-AA+,"['ESL', 'Novice']","['ESL', 'Novice']","{'ESL': {'is_highest_non_open_cat': True, 'no_wbr_speakers': np.int64(3), 'no_79.11plus_speakers': 1, 'no_qual_speakers': np.float64(3.5), 'no_teams2': 62, 'pts_speaking': np.float64(97.0), 'speaking_class': 'S-C'}, 'Novice': {'is_highest_non_open_cat': False, 'no_wbr_speakers': np.int64(0), 'no_79.11plus_speakers': 1, 'no_qual_speakers': np.float64(0.5), 'no_teams2': 40, 'pts_speaking': np.float64(45.0), 'speaking_class': 'S-E'}}",70,29,592,J-AAA,5,,success,success,5,310,303
Oxford IV 2022,https://oxfordiv2022.calicotab.com/_/,2022,,TRUE,English,BP,Oxford IV,FALSE,University,,IONA,England,self,,,,,113,108,37,56,65,758.0,S-AAA,"['ESL', 'Novice']","['ESL', 'Novice']","{'ESL': {'is_highest_non_open_cat': True, 'no_wbr_speakers': np.int64(6), 'no_79.11plus_speakers': 10, 'no_qual_speakers': np.float64(11.0), 'no_teams2': 19, 'pts_speaking': np.float64(129.0), 'speaking_class': 'S-B'}, 'Novice': {'is_highest_non_open_cat': False, 'no_wbr_speakers': np.int64(0), 'no_79.11plus_speakers': 0, 'no_qual_speakers': np.float64(0.0), 'no_teams2': 21, 'pts_speaking': np.float64(21.0), 'speaking_class': 'S-E'}}",67,17,373,J-AA+,5,,success,success,5,222,215
Oxford IV 2023,https://oxfordiv2023.calicotab.com/_/,2023,,TRUE,English,BP,Oxford IV,FALSE,University,,IONA,England,self,,,,,128,128,23,37,41.5,543.0,S-AA+,"['ESL', 'Novice']","['ESL', 'Novice']","{'ESL': {'is_highest_non_open_cat': True, 'no_wbr_speakers': np.int64(2), 'no_79.11plus_speakers': 2, 'no_qual_speakers': np.float64(3.0), 'no_teams2': 28, 'pts_speaking': np.float64(58.0), 'speaking_class': 'S-C'}, 'Novice': {'is_highest_non_open_cat': False, 'no_wbr_speakers': np.int64(0), 'no_79.11plus_speakers': 0, 'no_qual_speakers': np.float64(0.0), 'no_teams2': 24, 'pts_speaking': np.float64(24.0), 'speaking_class': 'S-E'}}",64,16,352,J-AA+,5,,success,success,5,254,253
Oxford IV 2024,https://oxiv2024.calicotab.com/_/,2024,2024-11-09,TRUE,English,BP,Oxford IV,FALSE,University,,IONA,England,self,,,,,113,111,19,45,41.5,526.0,S-AA+,"['ESL', 'Novice']","['ESL', 'Novice']","{'ESL': {'is_highest_non_open_cat': True, 'no_wbr_speakers': np.int64(4), 'no_79.11plus_speakers': 4, 'no_qual_speakers': np.float64(6.0), 'no_teams2': 18, 'pts_speaking': np.float64(78.0), 'speaking_class': 'S-B'}, 'Novice': {'is_highest_non_open_cat': False, 'no_wbr_speakers': np.int64(0), 'no_79.11plus_speakers': 0, 'no_qual_speakers': np.float64(0.0), 'no_teams2': 18, 'pts_speaking': np.float64(18.0), 'speaking_class': 'S-E'}}",83,17,389,J-AA+,5,,success,success,5,225,221
Oxford IV 2025,https://oxfordiv2025.calicotab.com/_/,2025,2025-11-15,TRUE,English,BP,Oxford IV,FALSE,University,In person,IONA,England,self,,,,,134,132,25,38,44,572.0,S-AA+,"['Novice', 'ESL']","['Novice', 'ESL']","{'Novice': {'is_highest_non_open_cat': False, 'no_wbr_speakers': np.int64(0), 'no_79.11plus_speakers': 0, 'no_qual_speakers': np.float64(0.0), 'no_teams2': 29, 'pts_speaking': np.float64(29.0), 'speaking_class': 'S-E'}, 'ESL': {'is_highest_non_open_cat': True, 'no_wbr_speakers': np.int64(2), 'no_79.11plus_speakers': 4, 'no_qual_speakers': np.float64(4.0), 'no_teams2': 25, 'pts_speaking': np.float64(65.0), 'speaking_class': 'S-C'}}",93,13,327,J-AA,5,,success,success,5,267,264
Oxford ROSMD (DOTY) 2025,https://docs.google.com/spreadsheets/d/1-lpe7j1wAaGc2Zwd6B2BTCZIAmmYMSS0iufEWj8ZXDE/edit?gid=631217382#gid=631217382,2025,2025-06-01,TRUE,English,BP,Oxford ROSMD (DOTY),FALSE,University,In person,IONA,England,self,TRUE,,,Complete,,12,8,11,13.5,147.0,S-A,,[],{},,,,,,,error getting speaker tab,no prelims,,,24
Oxford ROSMD (DOTY) 2026,https://docs.google.com/spreadsheets/d/15MTTkiuI-XZgZ0c_iLr9-iytEOShlaH4XepF0Z2CApg/edit?gid=631217382#gid=631217382,2026,2026-04-26,TRUE,English,BP,Oxford ROSMD (DOTY),FALSE,University,In person,IONA,England,self,TRUE,,,,,16,8,15,15.5,171.0,S-A,,[],{},,,,,,,error getting speaker tab,no rounds,,,32
PakDebate Forum Open 2025,https://pakdebateforum.calicotab.com/open2025/,2025,,TRUE,English,BP,PakDebate Forum Open,FALSE,University,Online,Asia,Pakistan,public,,,,,45,43,12,13,18.5,228.0,S-A+,['ESL'],['ESL'],"{'ESL': {'is_highest_non_open_cat': True, 'no_wbr_speakers': np.int64(2), 'no_79.11plus_speakers': 0, 'no_qual_speakers': np.float64(2.0), 'no_teams2': 13, 'pts_speaking': np.float64(33.0), 'speaking_class': 'S-E'}}",20,3,74,J-B,5,,success,success,5,90,86
Pakistan Debate Open 2021,https://awdppakistanopen.calicotab.com/pakdo2021/,2021,,TRUE,English,BP,Pakistan Debate Open,FALSE,University,,Asia,Pakistan,self,,,,,107,105,1,2,2,124.0,S-D,['Novice'],['Novice'],"{'Novice': {'is_highest_non_open_cat': True, 'no_wbr_speakers': np.int64(0), 'no_79.11plus_speakers': 0, 'no_qual_speakers': np.float64(0.0), 'no_teams2': 41, 'pts_speaking': np.float64(41.0), 'speaking_class': 'S-E'}}",60,3,114,J-B,5,,success,success,4,213,205
Pakistan Pre-ABP 2024,https://pakdebateforum.calicotab.com/pakistanpreabp/,2024,2024-09-28,TRUE,English,BP,Pakistan Pre-ABP,FALSE,University,Online,Asia,Pakistan,public,,,,,100,92,13,19,22.5,316.0,S-A+,"['Novice', 'EFL']","['Novice', 'EFL', 'Open']","{'Novice': {'is_highest_non_open_cat': False, 'no_wbr_speakers': np.int64(0), 'no_79.11plus_speakers': 0, 'no_qual_speakers': np.float64(0.0), 'no_teams2': 23, 'pts_speaking': np.float64(23.0), 'speaking_class': 'S-E'}, 'EFL': {'is_highest_non_open_cat': True, 'no_wbr_speakers': np.int64(0), 'no_79.11plus_speakers': 0, 'no_qual_speakers': np.float64(0.0), 'no_teams2': 17, 'pts_speaking': np.float64(17.0), 'speaking_class': 'S-E'}}",42,3,96,J-B,5,,success,success,5,197,178
Panamanian DC 2023,https://pdc2023.calicotab.com/_/,2023,,TRUE,English,BP,Panamanian DC,FALSE,University,,Latin America,Panama,self,,,,,26,23,0,3,1.5,38.0,S-E,[],[],{},14,0,14,J-E,0,,success,success,4,50,45
Parliamate BP 2025,https://parliamatebp2025.calicotab.com/parliamatebp2025/,2025,2025-09-21,TRUE,English,BP,Parliamate BP,FALSE,University,Online,Asia,Philippines,public,,,,,49,48,0,0,0,48.0,S-E,"['Novice', 'Highschool']","['Novice', 'Highschool']","{'Novice': {'is_highest_non_open_cat': True, 'no_wbr_speakers': np.int64(0), 'no_79.11plus_speakers': 0, 'no_qual_speakers': np.float64(0.0), 'no_teams2': 19, 'pts_speaking': np.float64(19.0), 'speaking_class': 'S-E'}, 'Highschool': {'is_highest_non_open_cat': False, 'no_wbr_speakers': np.int64(0), 'no_79.11plus_speakers': 0, 'no_qual_speakers': np.float64(0.0), 'no_teams2': 13, 'pts_speaking': np.float64(13.0), 'speaking_class': 'S-E'}}",31,0,31,J-E,3,,success,success,4,98,95
PAUDC 2021,https://mace.calicotab.com/paudc2021/,2021,,TRUE,English,BP,PAUDC,TRUE,University,,Africa,,self,,,,,75,71,0,2,1,80.0,S-D,[],[],{},43,1,61,J-C,4,,success,success,9,151,137
PAUDC 2022,https://paudc2022.calicotab.com/PAUDC2022/,2022,,TRUE,English,BP,PAUDC,TRUE,University,,Africa,,self,,,,,64,64,0,3,1.5,79.0,S-D,[],[],{},55,0,55,J-D,3,"Boemo Delano Phirinyane, Erasmus, Wairimu Manyara, Davida Paul, Chantelle Mukabi, Umar Buckus,  Andrews",success,success,9,129,128
Nutifafa PAUDC 2023,https://nutifafapaudc.calicotab.com/paudc2023/,2023,,TRUE,English,BP,PAUDC,TRUE,University,,Africa,,self,,,,,64,64,0,2,1,72.0,S-D,[],[],{},56,1,74,J-C,4,,success,success,9,128,123
Kampala PAUDC 2024,https://paudc2024.calicotab.com/paudcK24/,2024,2024-12-15,TRUE,English,BP,PAUDC,TRUE,University,,Africa,Uganda,self,,,,,72,72,0,12,6,132.0,S-C,[],[],{},54,0,54,J-D,6,,success,success,9,144,143
Jozi PAUDC 2025,https://lucien.calicotab.com/paudc2025/,2025,2025-12-03,TRUE,English,BP,PAUDC,TRUE,University,In person,Africa,South Africa,self,,,,,105,104,0,17,8.5,187.0,S-C,[],[],{},86,1,104,J-C,5,,success,success,9,210,207
Pearl Pre-ABP BPD 2021,https://pearlpd.calicotab.com/pearlbpd2021/,2021,,FALSE,English,BP,Pearl Pre-ABP BPD,FALSE,University,,Asia,,self,,,,,83,79,0,0,0,79.0,S-D,['Novice'],['Novice'],"{'Novice': {'is_highest_non_open_cat': True, 'no_wbr_speakers': np.int64(0), 'no_79.11plus_speakers': 0, 'no_qual_speakers': np.float64(0.0), 'no_teams2': 36, 'pts_speaking': np.float64(36.0), 'speaking_class': 'S-E'}}",64,0,64,J-D,4,,success,success,5,166,156
Peking Pro-Am 2024,https://pkuproam24.calicotab.com/pkuproam24/,2024,,TRUE,English,BP,Peking Pro-Am,FALSE,University,Online,Asia,,public,,,,,81,80,3,8,7,150.0,S-B,[],[],{},25,2,61,J-C,2,,success,success,5,162,159
Peking Pro-Am 2025,https://pkuproam25.calicotab.com/_/,2025,2025-08-07,TRUE,English,BP,Peking Pro-Am,FALSE,University,Online,Asia,China,public,,,,,57,56,0,3,1.5,71.0,S-D,['Am-Am'],['Am-Am'],"{'Am-Am': {'is_highest_non_open_cat': True, 'no_wbr_speakers': np.int64(0), 'no_79.11plus_speakers': 0, 'no_qual_speakers': np.float64(0.0), 'no_teams2': 8, 'pts_speaking': np.float64(8.0), 'speaking_class': 'S-E'}}",17,2,53,J-C,4,,success,success,5,114,112
Peking Pro-Am 2026,https://pkuproam26.calicotab.com/_/,2026,2026-08-01,TRUE,English,BP,Peking Pro-Am,FALSE,University,Online,Asia,China,public,,,,,48,48,4,3,5.5,103.0,S-C,['Am-Am'],"['Open', 'Am-Am']","{'Am-Am': {'is_highest_non_open_cat': True, 'no_wbr_speakers': np.int64(0), 'no_79.11plus_speakers': 0, 'no_qual_speakers': np.float64(0.0), 'no_teams2': 16, 'pts_speaking': np.float64(16.0), 'speaking_class': 'S-E'}}",14,2,50,J-C,3,,success,success,5,95,94
Penn Pre-WUDC 2024,https://pennwsdc2024.calicotab.com/ppw2024/,2024,2024-11-23,TRUE,English,BP,Penn Pre-WUDC,FALSE,University,,North America,United States,self,,,,,86,76,15,35,32.5,401.0,S-AA,"['ESL', 'Novice']","['ESL', 'Novice']","{'ESL': {'is_highest_non_open_cat': True, 'no_wbr_speakers': np.int64(2), 'no_79.11plus_speakers': 2, 'no_qual_speakers': np.float64(3.0), 'no_teams2': 23, 'pts_speaking': np.float64(53.0), 'speaking_class': 'S-C'}, 'Novice': {'is_highest_non_open_cat': False, 'no_wbr_speakers': np.int64(0), 'no_79.11plus_speakers': 0, 'no_qual_speakers': np.float64(0.0), 'no_teams2': 15, 'pts_speaking': np.float64(15.0), 'speaking_class': 'S-E'}}",45,4,117,J-B,6,,success,success,5,168,150
Peter Maguire IV 2025,https://pmiv25.calicotab.com/petermaguire25/,2025,2025-10-04,TRUE,English,BP,Peter Maguire IV,FALSE,University,In person,IONA,Ireland,self,,,,,45,44,0,9,4.5,89.0,S-C,['Novice'],['Novice'],"{'Novice': {'is_highest_non_open_cat': True, 'no_wbr_speakers': np.int64(0), 'no_79.11plus_speakers': 0, 'no_qual_speakers': np.float64(0.0), 'no_teams2': 24, 'pts_speaking': np.float64(24.0), 'speaking_class': 'S-E'}}",27,1,45,J-C,3,,success,success,5,90,86
Philippine IDC 2021,https://pidc2021.calicotab.com/pidc2021/,2021,,TRUE,English,BP,Philippine IDC,FALSE,University,,Asia,Philippines,self,,,,,82,82,5,3,6.5,147.0,S-C,['Sinag Cup'],['Open'],{},83,1,101,J-C,5,,success,success,7,246,245
Philippine NDC 2022,https://ndcdiliman2022.calicotab.com/NDCDiliman2022/,2022,,FALSE,English,BP,Philippine NDC,FALSE,University,,Asia,Philippines,self,,,,,110,107,2,13,8.5,192.0,S-B,['Union Cup'],[],{},91,1,109,J-C,5,,success,success,7,220,214
Philippine NDC 2024,https://ndc2024.calicotab.com/hermosa/,2024,2024-11-13,TRUE,English,BP,Philippine NDC,FALSE,University,In person,Asia,Philippines,public,,,,,62,60,2,19,11.5,173.0,S-B,['Union Cup'],['Union Cup'],"{'Union Cup': {'is_highest_non_open_cat': True, 'no_wbr_speakers': np.int64(0), 'no_79.11plus_speakers': 0, 'no_qual_speakers': np.float64(0.0), 'no_teams2': 16, 'pts_speaking': np.float64(16.0), 'speaking_class': 'S-E'}}",60,1,78,J-C,4,,success,success,7,123,120
Philippine NDC 2025,https://ndc2025.calicotab.com/ndc2025/,2025,,TRUE,English,BP,Philippine NDC,FALSE,University,,Asia,Philippines,self,,,,,119,115,1,11,6.5,179.0,S-C,['Union Cup'],"['Open', 'Union Cup']","{'Union Cup': {'is_highest_non_open_cat': True, 'no_wbr_speakers': np.int64(0), 'no_79.11plus_speakers': 0, 'no_qual_speakers': np.float64(0.0), 'no_teams2': 50, 'pts_speaking': np.float64(50.0), 'speaking_class': 'S-E'}}",118,1,136,J-C,5,,success,success,7,237,227
Piper's Pre-WUDC 2022,https://pipers.calicotab.com/pipers/,2022,,TRUE,English,BP,Piper's Pre-WUDC,FALSE,University,,North America,United States,self,,,,,32,29,7,8,11,139.0,S-B,[],[],{},16,1,34,J-C,3,,success,success,5,62,56
Porto IDC 2025,https://idc25.calicotab.com/idc2025/,2025,2025-07-19,TRUE,English,BP,Porto IDC,FALSE,University,In person,Europe,Portugal,public,,,,,20,20,0,0,0,20.0,S-E,[],['Open'],{},7,1,25,J-C,3,"Petar Znidar, Marta Vasic, Marília Montenegro",success,success,5,40,40
Poznań Open 2026,https://poznanopen2026.calicotab.com/poznanopen2026/,2026,2026-05-23,TRUE,English,BP,Poznań Open,FALSE,University,,Europe,Poland,self,,,,,37,36,1,5,3.5,71.0,S-C,['Novice'],"['Open', 'Novice']","{'Novice': {'is_highest_non_open_cat': True, 'no_wbr_speakers': np.int64(0), 'no_79.11plus_speakers': 0, 'no_qual_speakers': np.float64(0.0), 'no_teams2': 12, 'pts_speaking': np.float64(12.0), 'speaking_class': 'S-E'}}",18,0,18,J-E,4,,success,success,5,74,72
Prague Open 2024,https://pragueopen2024.calicotab.com/_/,2024,2024-09-21,TRUE,English,BP,Prague Open,FALSE,University,In person,Europe,Czechia,public,,,,,41,40,0,5,2.5,65.0,S-D,['Novice'],['Novice'],"{'Novice': {'is_highest_non_open_cat': True, 'no_wbr_speakers': np.int64(0), 'no_79.11plus_speakers': 0, 'no_qual_speakers': np.float64(0.0), 'no_teams2': 14, 'pts_speaking': np.float64(14.0), 'speaking_class': 'S-E'}}",26,1,44,J-C,3,,success,success,5,82,78
Prague Open 2025,https://pragueopen2025.calicotab.com/_/,2025,2025-11-01,TRUE,English,BP,Prague Open,FALSE,University,In person,Europe,Czechia,self,,,,,38,36,1,2,2,56.0,S-E,['Novice'],['Novice'],"{'Novice': {'is_highest_non_open_cat': True, 'no_wbr_speakers': np.int64(0), 'no_79.11plus_speakers': 0, 'no_qual_speakers': np.float64(0.0), 'no_teams2': 10, 'pts_speaking': np.float64(10.0), 'speaking_class': 'S-E'}}",14,3,68,J-B,3,,success,success,5,73,70
Prativaad National PD 2025,https://prativaad.calicotab.com/prativaad25/,2025,,TRUE,English,BP,Prativaad National PD,FALSE,University,In person,Asia,India,public,,,,,53,42,1,5,3.5,75.0,S-C,['Novice'],['Novice'],"{'Novice': {'is_highest_non_open_cat': True, 'no_wbr_speakers': np.int64(0), 'no_79.11plus_speakers': 0, 'no_qual_speakers': np.float64(0.0), 'no_teams2': 18, 'pts_speaking': np.float64(18.0), 'speaking_class': 'S-E'}}",32,0,32,J-E,4,,success,success,5,106,84
Pre-EUDC Challenge Inv. 2024,https://preeudcchallenge2024mini.calicotab.com/_/,2024,2024-07-,TRUE,English,BP,Pre-EUDC Challenge Inv.,FALSE,University,,Europe,,self,,,,,20,20,7,14,14,160.0,S-A,[],[],{},8,0,8,J-E,3,,success,success,4,40,40
Pre-SIDO Charity Open 2026,https://presido2026.calicotab.com/_/,2026,,TRUE,English,BP,Pre-SIDO Charity Open,FALSE,University,Online,Asia,China,public,,,,,55,52,0,0,0,52.0,S-E,"['Novice', 'Schools']","['Novice', 'Open', 'Schools']","{'Novice': {'is_highest_non_open_cat': True, 'no_wbr_speakers': np.int64(0), 'no_79.11plus_speakers': 0, 'no_qual_speakers': np.float64(0.0), 'no_teams2': 15, 'pts_speaking': np.float64(15.0), 'speaking_class': 'S-E'}, 'Schools': {'is_highest_non_open_cat': False, 'no_wbr_speakers': np.int64(0), 'no_79.11plus_speakers': 0, 'no_qual_speakers': np.float64(0.0), 'no_teams2': 5, 'pts_speaking': np.float64(5.0), 'speaking_class': 'S-E'}}",20,1,38,J-C,4,,success,success,5,110,102
Pretoria Parley IV 2021,https://ppiv2021.calicotab.com/ppiv2021/,2021,,,English,BP,Pretoria Parley IV,FALSE,University,,Africa,,self,,,,,65,52,0,5,2.5,75.0,S-D,['Novice'],['Novice'],"{'Novice': {'is_highest_non_open_cat': True, 'no_wbr_speakers': np.int64(0), 'no_79.11plus_speakers': 0, 'no_qual_speakers': np.float64(0.0), 'no_teams2': 16, 'pts_speaking': np.float64(16.0), 'speaking_class': 'S-E'}}",29,0,29,J-E,5,,success,success,5,126,95
Pretoria STUKU 2025,https://stukudebate2025.calicotab.com/stubate2025/,2025,2025-07-24,TRUE,English,BP,Pretoria STUKU,FALSE,University,In person,Africa,South Africa,public,,,,,53,50,0,2,1,60.0,S-D,[],['Open'],{},47,0,47,J-D,1,"Sibusisiwe Shamase, Zion van Wyk, Lucien Mendela",success,success,4,152,110
Pretoria STUKU 2026,https://stkdebate26.calicotab.com/stuku2026/,2026,,TRUE,English,BP,Pretoria STUKU,FALSE,University,,Africa,South Africa,self,,,,,40,35,0,0,0,32.0,S-E,[],['Open'],{},38,0,38,J-E,4,,success,success,6,96,69
Princeton IV 2021,https://princetoniv2021.calicotab.com/princetoniv2021/,2021,,FALSE,English,BP,Princeton IV,FALSE,University,,North America,United States,self,,,,,143,137,12,56,40,536.0,S-AA+,['ESL'],['ESL'],"{'ESL': {'is_highest_non_open_cat': True, 'no_wbr_speakers': np.int64(0), 'no_79.11plus_speakers': 6, 'no_qual_speakers': np.float64(3.0), 'no_teams2': 48, 'pts_speaking': np.float64(78.0), 'speaking_class': 'S-C'}}",91,13,325,J-AA,8,,success,success,5,284,271
Princeton IV 2023,https://princetoniv2023.calicotab.com/princeton23/,2023,,TRUE,English,BP,Princeton IV,FALSE,University,,North America,United States,self,,,,,165,153,44,67,77.5,928.0,S-AAA+,"['ESL', 'Novice']","['ESL', 'Novice']","{'ESL': {'is_highest_non_open_cat': True, 'no_wbr_speakers': np.int64(3), 'no_79.11plus_speakers': 2, 'no_qual_speakers': np.float64(4.0), 'no_teams2': 52, 'pts_speaking': np.float64(92.0), 'speaking_class': 'S-C'}, 'Novice': {'is_highest_non_open_cat': False, 'no_wbr_speakers': np.int64(0), 'no_79.11plus_speakers': 2, 'no_qual_speakers': np.float64(1.0), 'no_teams2': 34, 'pts_speaking': np.float64(44.0), 'speaking_class': 'S-E'}}",119,26,587,J-AAA,6,,success,success,5,328,305
Princeton IV 2024,https://princetoniv2024.calicotab.com/princetoniv2024/,2024,2024-09-21,TRUE,English,BP,Princeton IV,FALSE,University,,North America,United States,self,,,,,135,129,20,45,42.5,554.0,S-AA+,['ESL'],['ESL'],"{'ESL': {'is_highest_non_open_cat': True, 'no_wbr_speakers': np.int64(1), 'no_79.11plus_speakers': 4, 'no_qual_speakers': np.float64(3.0), 'no_teams2': 43, 'pts_speaking': np.float64(73.0), 'speaking_class': 'S-C'}}",99,9,261,J-A+,7,,success,success,5,268,255
Princeton IV 2025,https://princetoniv2025.calicotab.com/princetoniv25/,2025,2025-09-20,TRUE,English,BP,Princeton IV,FALSE,University,Online,North America,United States,self,,,,,134,127,26,49,50.5,631.0,S-AAA,['ESL'],['ESL'],"{'ESL': {'is_highest_non_open_cat': True, 'no_wbr_speakers': np.int64(1), 'no_79.11plus_speakers': 5, 'no_qual_speakers': np.float64(3.5), 'no_teams2': 39, 'pts_speaking': np.float64(74.0), 'speaking_class': 'S-C'}}",105,11,303,J-AA,6,,success,success,5,267,251
Pro Ams Parliamentary 2020,https://paqo2020.calicotab.com/proam/,2020,,TRUE,English,BP,Pro Ams Parliamentary,FALSE,University,,Asia,,self,,,,,62,59,0,4,2,79.0,S-D,"['Novice', 'Schools']","['Schools', 'Novice']","{'Schools': {'is_highest_non_open_cat': False, 'no_wbr_speakers': np.int64(0), 'no_79.11plus_speakers': 0, 'no_qual_speakers': np.float64(0.0), 'no_teams2': 8, 'pts_speaking': np.float64(8.0), 'speaking_class': 'S-E'}, 'Novice': {'is_highest_non_open_cat': True, 'no_wbr_speakers': np.int64(0), 'no_79.11plus_speakers': 0, 'no_qual_speakers': np.float64(0.0), 'no_teams2': 29, 'pts_speaking': np.float64(29.0), 'speaking_class': 'S-E'}}",13,0,13,J-E,7,,success,success,5,122,115
QatarDebate Open 2025,https://qdep2526.calicotab.com/qdopenbp2526/,2025,,TRUE,English,BP,QatarDebate Open,FALSE,University,,Asia,,self,,,,,76,76,0,4,2,96.0,S-D,"['International Schools (Juniors)', 'Schools', 'International schools']","['International schools', 'Schools']","{'International schools': {'is_highest_non_open_cat': False, 'no_wbr_speakers': np.int64(0), 'no_79.11plus_speakers': 0, 'no_qual_speakers': np.float64(0.0), 'no_teams2': 34, 'pts_speaking': np.float64(34.0), 'speaking_class': 'S-E'}, 'Schools': {'is_highest_non_open_cat': False, 'no_wbr_speakers': np.int64(0), 'no_79.11plus_speakers': 0, 'no_qual_speakers': np.float64(0.0), 'no_teams2': 51, 'pts_speaking': np.float64(51.0), 'speaking_class': 'S-E'}}",46,0,46,J-D,0,,success,success,4,157,155
Queen Mary IV 2021,https://tabtastic.calicotab.com/qmiv2021/,2021,,FALSE,English,BP,Queen Mary IV,FALSE,University,,IONA,England,self,,,,,34,32,1,8,5,81.0,S-C,['Pro-Am'],['Pro-Am'],"{'Pro-Am': {'is_highest_non_open_cat': True, 'no_wbr_speakers': np.int64(0), 'no_79.11plus_speakers': 0, 'no_qual_speakers': np.float64(0.0), 'no_teams2': 14, 'pts_speaking': np.float64(14.0), 'speaking_class': 'S-E'}}",20,2,56,J-C,3,,success,success,4,68,64
Queen Mary IV 2025,https://queenmarytournaments.calicotab.com/qmiv25/,2025,2025-03-01,TRUE,English,BP,Queen Mary IV,FALSE,University,In person,IONA,England,self,,,,,24,24,2,5,4.5,69.0,S-C,[],[],{},23,0,23,J-E,3,,success,success,4,48,46
Queen Mary Open 2026,https://qmulopen26.calicotab.com/qmulopen26/,2026,2026-02-28,TRUE,English,BP,Queen Mary Open,FALSE,University,In person,IONA,England,self,,,,,50,48,2,4,4,88.0,S-C,['Pro-Am'],"['Pro-Am', 'Open']","{'Pro-Am': {'is_highest_non_open_cat': True, 'no_wbr_speakers': np.int64(0), 'no_79.11plus_speakers': 0, 'no_qual_speakers': np.float64(0.0), 'no_teams2': 32, 'pts_speaking': np.float64(32.0), 'speaking_class': 'S-E'}}",31,0,31,J-E,3,,success,success,4,97,95
Queen's Tower Charity Open 2021,https://qto2021.netlify.app/2021/,2021,,TRUE,English,BP,Queen's Tower Charity Open,FALSE,University,,IONA,,self,,,,,17,16,5,6,8,96.0,S-B,[],[],{},7,0,7,J-E,3,"Rhys Steele, Katharina Margareta Jansen, Jack Williams",success,success,4,33,31
Queen's U Belfast Open 2026,https://qubopen.calicotab.com/qubopen2026/,2026,2026-02-28,TRUE,English,BP,Queen's U Belfast Open,FALSE,University,In person,IONA,Ireland,self,,,,,24,24,1,2,2,44.0,S-E,['Novice'],"['Novice', 'Open']","{'Novice': {'is_highest_non_open_cat': True, 'no_wbr_speakers': np.int64(0), 'no_79.11plus_speakers': 0, 'no_qual_speakers': np.float64(0.0), 'no_teams2': 13, 'pts_speaking': np.float64(13.0), 'speaking_class': 'S-E'}}",27,1,45,J-C,2,,success,success,5,47,47
Ram Manohar Lohiya PD 2026,https://rmlpd2025.calicotab.com/rmlpd26/,2026,2026-04-10,TRUE,English,BP,Ram Manohar Lohiya PD,FALSE,University,,Asia,India,self,,,,,47,39,0,3,1.5,54.0,S-E,['Novice'],"['Novice', 'Open']","{'Novice': {'is_highest_non_open_cat': True, 'no_wbr_speakers': np.int64(0), 'no_79.11plus_speakers': 0, 'no_qual_speakers': np.float64(0.0), 'no_teams2': 16, 'pts_speaking': np.float64(16.0), 'speaking_class': 'S-E'}}",20,0,20,J-E,5,,success,success,5,94,78
Ramadan Debate Open 2024,https://pakdebateforum.calicotab.com/rdo2024/,2024,2024-03-22,TRUE,English,BP,Ramadan Debate Open,FALSE,University,,Asia,,self,,,,,80,80,2,1,2.5,104.0,S-D,['Novice'],['Novice'],"{'Novice': {'is_highest_non_open_cat': True, 'no_wbr_speakers': np.int64(0), 'no_79.11plus_speakers': 0, 'no_qual_speakers': np.float64(0.0), 'no_teams2': 34, 'pts_speaking': np.float64(34.0), 'speaking_class': 'S-E'}}",40,0,40,J-E,4,,success,success,4,158,155
Ramadan Debate Open 2025,https://pakdebateforum.calicotab.com/rdo2025/,2025,2025-03-22,TRUE,English,BP,Ramadan Debate Open,FALSE,University,Online,Asia,Pakistan,self,,,,,118,111,1,7,4.5,155.0,S-C,"['Novice', 'School']","['Novice', 'School']","{'Novice': {'is_highest_non_open_cat': True, 'no_wbr_speakers': np.int64(1), 'no_79.11plus_speakers': 0, 'no_qual_speakers': np.float64(1.0), 'no_teams2': 53, 'pts_speaking': np.float64(63.0), 'speaking_class': 'S-D'}, 'School': {'is_highest_non_open_cat': False, 'no_wbr_speakers': np.int64(0), 'no_79.11plus_speakers': 0, 'no_qual_speakers': np.float64(0.0), 'no_teams2': 24, 'pts_speaking': np.float64(24.0), 'speaking_class': 'S-E'}}",42,4,114,J-B,6,,success,success,4,235,219
Ramadan Debate Open 2026,https://pakdebateforum.calicotab.com/rdo2026/,2026,,TRUE,English,BP,Ramadan Debate Open,FALSE,University,,Asia,Pakistan,self,,,,,63,57,0,7,3.5,90.0,S-C,['Novice'],"['Novice', 'Open']","{'Novice': {'is_highest_non_open_cat': True, 'no_wbr_speakers': np.int64(0), 'no_79.11plus_speakers': 0, 'no_qual_speakers': np.float64(0.0), 'no_teams2': 22, 'pts_speaking': np.float64(22.0), 'speaking_class': 'S-E'}}",20,2,56,J-C,5,,success,success,4,123,106
Ramaiah Round Robin 2021,https://ramaiah.calicotab.com/RRR21/,2021,,TRUE,English,BP,Ramaiah Round Robin,FALSE,University,,Asia,,self,,,,,16,16,1,7,4.5,61.0,S-C,[],[],{},22,1,40,J-C,5,,success,success,5,32,32
Random Pro-Am V 2023,https://randompa5.calicotab.com/rpav/,2023,,TRUE,English,BP,Random Pro-Am V,FALSE,University,,North America,,self,,,,,38,33,2,6,5,83.0,S-C,"['ESL', 'Novice']","['ESL', 'Novice']","{'ESL': {'is_highest_non_open_cat': True, 'no_wbr_speakers': np.int64(0), 'no_79.11plus_speakers': 0, 'no_qual_speakers': np.float64(0.0), 'no_teams2': 9, 'pts_speaking': np.float64(9.0), 'speaking_class': 'S-E'}, 'Novice': {'is_highest_non_open_cat': False, 'no_wbr_speakers': np.int64(0), 'no_79.11plus_speakers': 0, 'no_qual_speakers': np.float64(0.0), 'no_teams2': 5, 'pts_speaking': np.float64(5.0), 'speaking_class': 'S-E'}}",12,0,12,J-E,2,,success,success,5,75,65
RCL (Ramaiah) PD 2024,https://rclpd2024.calicotab.com/rclpd24/,2024,,TRUE,English,BP,RCL (Ramaiah) PD,FALSE,University,In person,Asia,India,self,,,,,58,56,1,5,3.5,91.0,S-C,['Novice'],['Novice'],"{'Novice': {'is_highest_non_open_cat': True, 'no_wbr_speakers': np.int64(0), 'no_79.11plus_speakers': 0, 'no_qual_speakers': np.float64(0.0), 'no_teams2': 38, 'pts_speaking': np.float64(38.0), 'speaking_class': 'S-E'}}",33,2,69,J-C,5,,success,success,5,116,112
RCL (Ramaiah) PD 2025,https://rclpd2025.calicotab.com/rclpd25/,2025,,TRUE,English,BP,RCL (Ramaiah) PD,FALSE,University,In person,Asia,India,public,,,,,,,,,,,S-D,,"['Open', 'Novice']",{'Novice': {'is_highest_non_open_cat': True}},33,2,69,J-C,4,,error getting speaker tab,success,5,,
River State U Open 2025,https://riversstateuniversityopen.calicotab.com/rsuopen2025/,2025,,TRUE,English,BP,River State U Open,FALSE,University,In person,Africa,Nigeria,public,,,,,16,16,0,6,3,46.0,S-C,['Novice'],"['Open', 'Novice']","{'Novice': {'is_highest_non_open_cat': True, 'no_wbr_speakers': np.int64(0), 'no_79.11plus_speakers': 0, 'no_qual_speakers': np.float64(0.0), 'no_teams2': 11, 'pts_speaking': np.float64(11.0), 'speaking_class': 'S-E'}}",14,0,14,J-E,3,,success,success,5,32,32
RMLBPD Pre-WUDC 2023,https://rmlbpd23.calicotab.com/rmlbpd2023/,2023,,TRUE,English,BP,RMLBPD Pre-WUDC,FALSE,University,,Asia,,self,,,,,90,81,3,11,8.5,166.0,S-B,['Novice'],['Novice'],"{'Novice': {'is_highest_non_open_cat': True, 'no_wbr_speakers': np.int64(0), 'no_79.11plus_speakers': 0, 'no_qual_speakers': np.float64(0.0), 'no_teams2': 36, 'pts_speaking': np.float64(36.0), 'speaking_class': 'S-E'}}",79,1,97,J-C,5,,success,success,5,180,159
Rotterdam Pre-EUDC 2025,https://rotterdampreeudc.calicotab.com/rotterdampreeudc/,2025,2025-06-07,TRUE,English,BP,Rotterdam Pre-EUDC,FALSE,University,In person,Europe,Netherlands,self,,,,,48,48,4,13,10.5,153.0,S-B,"['Novice', 'ESL Final']","['Novice', 'ESL']","{'Novice': {'is_highest_non_open_cat': False, 'no_wbr_speakers': np.int64(0), 'no_79.11plus_speakers': 0, 'no_qual_speakers': np.float64(0.0), 'no_teams2': 9, 'pts_speaking': np.float64(9.0), 'speaking_class': 'S-E'}, 'ESL': {'is_highest_non_open_cat': True}}",42,6,150,J-A,3,,success,success,5,95,94
Royal Rhetorics Anniv. Cup 2022,https://rrac22.calicotab.com/rrac2022/,2022,,FALSE,English,BP,Royal Rhetorics Anniv. Cup,FALSE,University,,Africa,,self,,,,,36,35,0,3,1.5,52.0,S-E,[],['Open'],{},14,0,14,J-E,4,,success,success,5,70,69
Royal Rhetorics Anniv. Cup 2023,https://samuelayodele.calicotab.com/rrac2023/,2023,,TRUE,English,BP,Royal Rhetorics Anniv. Cup,FALSE,University,,Africa,,self,,,,,71,52,0,5,2.5,77.0,S-D,[],['Open'],{},16,0,16,J-E,6,,success,success,5,140,98
Royal Rhetorics Anniv. Cup 2024,https://rrac24.calicotab.com/anniversarycup2024/,2024,,TRUE,English,BP,Royal Rhetorics Anniv. Cup,FALSE,University,Online,Africa,,public,,,,,38,37,0,12,6,95.0,S-C,[],['Open'],{},18,0,18,J-E,4,,success,success,5,74,68
Royal Rhetorics Anniv. Cup 2025,https://rrac.calicotab.com/rrac2025/,2025,,TRUE,English,BP,Royal Rhetorics Anniv. Cup,FALSE,University,,Africa,,self,,,,,90,65,0,3,1.5,93.0,S-D,['Novice'],"['Open', 'Novice']","{'Novice': {'is_highest_non_open_cat': True, 'no_wbr_speakers': np.int64(0), 'no_79.11plus_speakers': 0, 'no_qual_speakers': np.float64(0.0), 'no_teams2': 18, 'pts_speaking': np.float64(18.0), 'speaking_class': 'S-E'}}",41,0,41,J-E,4,,success,success,6,179,150
RPDA Internals 3.0 2021,https://mace.calicotab.com/RPDA2021/,2021,,,English,BP,RPDA Internals 3.0,FALSE,University,,Africa,Zimbabwe,self,,,,,28,28,0,0,0,28.0,S-E,['RPDA Seniors'],['RPDA Seniors'],"{'RPDA Seniors': {'is_highest_non_open_cat': True, 'no_wbr_speakers': np.int64(0), 'no_79.11plus_speakers': 0, 'no_qual_speakers': np.float64(0.0), 'no_teams2': 7, 'pts_speaking': np.float64(7.0), 'speaking_class': 'S-E'}}",15,0,15,J-E,4,,success,success,4,59,55
RPDA Internals 4.0 2022,https://mace.calicotab.com/rpdainternals2022/,2022,,,English,BP,RPDA Internals 4.0,FALSE,University,,Africa,Zimbabwe,self,,,,,20,20,0,1,0.5,23.0,S-E,['RPDA Seniors'],['RPDA Seniors'],"{'RPDA Seniors': {'is_highest_non_open_cat': True, 'no_wbr_speakers': np.int64(0), 'no_79.11plus_speakers': 1, 'no_qual_speakers': np.float64(0.5), 'no_teams2': 6, 'pts_speaking': np.float64(11.0), 'speaking_class': 'S-E'}}",20,0,20,J-E,0,,success,success,4,30,30
RPDA Pre-PAUDC 2022,https://mace.calicotab.com/prepaudc2022/,2022,,TRUE,English,BP,RPDA Pre-PAUDC,FALSE,University,,Africa,,self,,,,,105,74,0,12,6,134.0,S-C,[],['Open'],{},20,0,20,J-E,4,,success,success,5,201,139
RPDA Pre-PAUDC 2023,https://mace.calicotab.com/rpdapre-paudc2023/,2023,,TRUE,English,BP,RPDA Pre-PAUDC,FALSE,University,,Africa,Zimbabwe,self,,,,,120,104,0,14,7,172.0,S-C,[],[],{},45,0,45,J-D,3,,success,success,5,235,193
RPDA Pre-PAUDC 2024,https://mace.calicotab.com/pre-paudc24/,2024,,TRUE,English,BP,RPDA Pre-PAUDC,FALSE,University,,Africa,,self,,,,,97,81,0,14,7,158.0,S-C,[],[],{},35,0,35,J-E,2,,success,success,6,194,170
RPDA Pre-PAUDC 2025,https://mace.calicotab.com/rpdapre_paudc2025/,2025,,TRUE,English,BP,RPDA Pre-PAUDC,FALSE,University,,Africa,,self,,,,,115,102,0,13,6.5,161.0,S-C,[],[],{},46,0,46,J-D,4,"Peace John-Kalio, Kelvin Kwebana-Asamoah Damptey, Menzimuhle Ncube, Providence Nhongo",success,success,5,211,187
RPMD 2021,https://rpmd2021.calicotab.com/rpmd21/,2021,,FALSE,English,BP,RPMD,FALSE,University,,Asia,,self,,,,,117,111,1,6,4,151.0,S-C,['Novice'],['Novice'],"{'Novice': {'is_highest_non_open_cat': True, 'no_wbr_speakers': np.int64(0), 'no_79.11plus_speakers': 0, 'no_qual_speakers': np.float64(0.0), 'no_teams2': 48, 'pts_speaking': np.float64(48.0), 'speaking_class': 'S-E'}}",62,0,62,J-D,8,,success,success,5,232,221
RV Debate Tournament 2021,https://rvdt.calicotab.com/rvdt2021/,2021,,FALSE,English,BP,RV Debate Tournament,FALSE,University,,Asia,,self,,,,,85,85,1,6,4,124.0,S-C,['Novice'],['Novice'],"{'Novice': {'is_highest_non_open_cat': True, 'no_wbr_speakers': np.int64(1), 'no_79.11plus_speakers': 0, 'no_qual_speakers': np.float64(1.0), 'no_teams2': 31, 'pts_speaking': np.float64(41.0), 'speaking_class': 'S-E'}}",52,0,52,J-D,5,,success,success,5,169,168
RVCE Bangalore DT 2023,https://rvdt.calicotab.com/rvdt2023/,2023,,TRUE,English,BP,RVCE Bangalore DT,FALSE,University,In person,Asia,,public,,,,,29,29,0,5,2.5,54.0,S-E,['Novice'],['Novice'],"{'Novice': {'is_highest_non_open_cat': True, 'no_wbr_speakers': np.int64(0), 'no_79.11plus_speakers': 0, 'no_qual_speakers': np.float64(0.0), 'no_teams2': 16, 'pts_speaking': np.float64(16.0), 'speaking_class': 'S-E'}}",20,1,38,J-C,5,"Abhilash Sane, Angad Singh Chawla, Lavanya Puri, Medhavini Singh, Shuvam Mitra",success,success,4,58,58
Santa Mesa DO 2023,https://stamesa23.calicotab.com/stamesa23/,2023,,TRUE,English,BP,Santa Mesa DO,FALSE,University,,Asia,Philippines,self,,,,,99,92,1,1,1.5,106.0,S-D,['Novice'],['Novice'],"{'Novice': {'is_highest_non_open_cat': True, 'no_wbr_speakers': np.int64(0), 'no_79.11plus_speakers': 0, 'no_qual_speakers': np.float64(0.0), 'no_teams2': 51, 'pts_speaking': np.float64(51.0), 'speaking_class': 'S-E'}}",36,0,36,J-E,5,,success,success,5,196,180
Santa Mesa DO 2024,https://smdo24.calicotab.com/stamesa24/,2024,2024-02-24,TRUE,English,BP,Santa Mesa DO,FALSE,University,,Asia,Philippines,self,,,,,139,136,1,1,1.5,150.0,S-D,['Novice'],['Novice'],"{'Novice': {'is_highest_non_open_cat': True, 'no_wbr_speakers': np.int64(0), 'no_79.11plus_speakers': 0, 'no_qual_speakers': np.float64(0.0), 'no_teams2': 76, 'pts_speaking': np.float64(76.0), 'speaking_class': 'S-D'}}",74,1,92,J-C,4,,success,success,5,276,269
Scotland Pre-EUDC 2026,https://scotlandpreeudc2026.calicotab.com/scotlandpreeudc2026/,2026,2026-07-04,TRUE,English,BP,Scotland Pre-EUDC,FALSE,University,Online,IONA,Scotland,self,,,,,93,88,14,23,25.5,341.0,S-AA,['ESL'],"['Open', 'ESL']","{'ESL': {'is_highest_non_open_cat': True, 'no_wbr_speakers': np.int64(0), 'no_79.11plus_speakers': 0, 'no_qual_speakers': np.float64(0.0), 'no_teams2': 29, 'pts_speaking': np.float64(29.0), 'speaking_class': 'S-E'}}",48,4,120,J-B,5,,success,success,5,180,172
Scottish Mace 2022,https://scottishmace.calicotab.com/Mace2022/,2022,,FALSE,English,BP,Scottish Mace,FALSE,University,,IONA,Scotland,self,,,,,20,20,0,0,0,20.0,S-E,[],[],{},9,6,117,J-A,2,,success,success,5,38,38
Scottish Mace 2024,https://mace2024.calicotab.com/mace24/,2024,,TRUE,English,BP,Scottish Mace,FALSE,University,In person,IONA,Scotland,public,,,,,26,24,2,11,7.5,99.0,S-B,[],[],{},17,1,35,J-C,4,,success,success,5,49,47
Scottish Mace 2025,https://mace2025.calicotab.com/mace2025/,2025,2025-03-01,TRUE,English,BP,Scottish Mace,FALSE,University,In person,IONA,Scotland,public,,,,,24,24,3,7,6.5,89.0,S-B,[],[],{},15,2,51,J-C,4,"Emma Walker, Aymaan Sheikh, Cal Birtley, Myra",success,success,5,45,44
Scottish Mace 2026,https://scottishmace2026.calicotab.com/scottishmace2026/,2026,2026-02-14,TRUE,English,BP,Scottish Mace,FALSE,University,In person,IONA,Scotland,self,,,,,20,20,1,18,10,119.0,S-C,[],['Open'],{},18,0,18,J-E,4,,success,success,5,40,40
SEA Kay-San Cup (II) 2022,https://seakaysancupii.calicotab.com/kaysancupii/,2022,2022-09-24,TRUE,English,BP,SEA Kay-San Cup,FALSE,University,Online,Asia,,public,,,,,26,24,0,2,1,34.0,S-E,['Novice'],['Novice'],"{'Novice': {'is_highest_non_open_cat': True, 'no_wbr_speakers': np.int64(0), 'no_79.11plus_speakers': 0, 'no_qual_speakers': np.float64(0.0), 'no_teams2': 12, 'pts_speaking': np.float64(12.0), 'speaking_class': 'S-E'}}",9,0,9,J-E,0,,success,success,5,51,48
Seattle IV (in-person) 2023,https://suiv23.calicotab.com/seattleiv2023/,2023,,TRUE,English,BP,Seattle IV (in-person),FALSE,University,,North America,United States,self,,,,,65,64,1,2,2,84.0,S-D,['Novice'],"['Novice', 'Open']","{'Novice': {'is_highest_non_open_cat': True, 'no_wbr_speakers': np.int64(0), 'no_79.11plus_speakers': 0, 'no_qual_speakers': np.float64(0.0), 'no_teams2': 21, 'pts_speaking': np.float64(21.0), 'speaking_class': 'S-E'}}",33,1,51,J-C,2,,success,success,5,129,128
Seattle IV (in-person) 2024,https://suiv24yodl.calicotab.com/suiv24yodl/,2024,,TRUE,English,BP,Seattle IV (in-person),FALSE,University,In person,North America,United States,public,,,,,57,56,1,0,1,66.0,S-D,['Novice'],['Novice'],"{'Novice': {'is_highest_non_open_cat': True, 'no_wbr_speakers': np.int64(0), 'no_79.11plus_speakers': 0, 'no_qual_speakers': np.float64(0.0), 'no_teams2': 21, 'pts_speaking': np.float64(21.0), 'speaking_class': 'S-E'}}",26,0,26,J-E,2,,success,success,5,114,112
Seattle IV (in-person) 2025,https://suiv2025.calicotab.com/suiv2025/,2025,2025-12-06,TRUE,English,BP,Seattle IV (in-person),FALSE,University,In person,North America,United States,self,,,,,48,48,0,1,0.5,53.0,S-E,['Novice'],['Novice'],"{'Novice': {'is_highest_non_open_cat': True, 'no_wbr_speakers': np.int64(0), 'no_79.11plus_speakers': 0, 'no_qual_speakers': np.float64(0.0), 'no_teams2': 12, 'pts_speaking': np.float64(12.0), 'speaking_class': 'S-E'}}",33,0,33,J-E,2,,success,success,5,96,96
Seattle IV (online) 2021,https://suiv2022.calicotab.com/seattleiv2021/,2021,,,English,BP,Seattle IV (online),FALSE,University,,North America,United States,self,,,,,54,52,0,0,0,52.0,S-E,['Novice'],['Novice'],"{'Novice': {'is_highest_non_open_cat': True, 'no_wbr_speakers': np.int64(0), 'no_79.11plus_speakers': 0, 'no_qual_speakers': np.float64(0.0), 'no_teams2': 16, 'pts_speaking': np.float64(16.0), 'speaking_class': 'S-E'}}",40,0,40,J-E,1,,success,success,5,108,103
Seattle IV (online) 2022,https://seattleiv2022online.calicotab.com/seattleiv22online/,2022,,,English,BP,Seattle IV (online),FALSE,University,Online,North America,United States,self,,,,,25,24,1,2,2,44.0,S-E,[],[],{},17,1,35,J-C,2,,success,success,5,50,48
Seattle IV (online) 2023,https://suonlinemini23.calicotab.com/suonlinemini2023/,2023,,TRUE,English,BP,Seattle IV (online),FALSE,University,,North America,United States,self,,,,,38,36,1,6,4,76.0,S-C,['Novice'],['Novice'],"{'Novice': {'is_highest_non_open_cat': True, 'no_wbr_speakers': np.int64(0), 'no_79.11plus_speakers': 0, 'no_qual_speakers': np.float64(0.0), 'no_teams2': 14, 'pts_speaking': np.float64(14.0), 'speaking_class': 'S-E'}}",19,0,19,J-E,2,,success,success,4,74,69
Seattle IV (online) 2024,https://seattle2024fri.calicotab.com/seattlefri24/,2024,,TRUE,English,BP,Seattle IV (online),FALSE,University,Online,North America,United States,public,,,,,30,29,0,0,0,28.0,S-E,['Novice'],"['Novice', 'Open']","{'Novice': {'is_highest_non_open_cat': True, 'no_wbr_speakers': np.int64(0), 'no_79.11plus_speakers': 0, 'no_qual_speakers': np.float64(0.0), 'no_teams2': 4, 'pts_speaking': np.float64(4.0), 'speaking_class': 'S-E'}}",27,0,27,J-E,0,,success,success,4,57,51
Seattle IV (online) 2025,https://suiv2025.calicotab.com/suiv2025online/,2025,2025-12-05,TRUE,English,BP,Seattle IV (online),FALSE,University,Online,North America,United States,self,,,,,43,42,0,1,0.5,47.0,S-E,['Novice'],['Novice'],"{'Novice': {'is_highest_non_open_cat': True, 'no_wbr_speakers': np.int64(0), 'no_79.11plus_speakers': 0, 'no_qual_speakers': np.float64(0.0), 'no_teams2': 10, 'pts_speaking': np.float64(10.0), 'speaking_class': 'S-E'}}",32,1,50,J-C,0,"Parker Davidson, Brian Sung",success,success,4,86,82
Serious IV 2025,https://siv2025.calicotab.com/seriousiv2025/,2025,2025-02-07,TRUE,English,BP,Serious IV,FALSE,University,Online,Asia,,public,,,,,71,68,1,6,4,108.0,S-C,['Novice'],['Novice'],"{'Novice': {'is_highest_non_open_cat': True, 'no_wbr_speakers': np.int64(0), 'no_79.11plus_speakers': 0, 'no_qual_speakers': np.float64(0.0), 'no_teams2': 27, 'pts_speaking': np.float64(27.0), 'speaking_class': 'S-E'}}",36,3,90,J-B,5,"Kelvin Kwabena-Asamoah Damptey, Kiki Liew, Amitai Ben Porat, Himan Nayak, Wendy Lian",success,success,5,138,133
Serious IV 2026,https://seriousiv2026.calicotab.com/_/,2026,2026-03-28,TRUE,English,BP,Serious IV,FALSE,University,,Asia,,public,,,,,38,31,0,0,0,30.0,S-E,['Novice'],"['Open', 'Novice']","{'Novice': {'is_highest_non_open_cat': True, 'no_wbr_speakers': np.int64(0), 'no_79.11plus_speakers': 0, 'no_qual_speakers': np.float64(0.0), 'no_teams2': 14, 'pts_speaking': np.float64(14.0), 'speaking_class': 'S-E'}}",11,1,29,J-C,4,,success,success,5,76,60
Severn Cup 2023,https://severncup23.calicotab.com/severncup/,2023,,TRUE,English,BP,Severn Cup,FALSE,University,,IONA,,self,,,,,16,16,0,2,1,26.0,S-E,[],[],{},14,1,32,J-C,2,,success,success,4,32,32
Severn Cup 2025,https://severn25.calicotab.com/severn25/,2025,,TRUE,English,BP,Severn Cup,FALSE,University,In person,IONA,England,self,,,,,21,20,0,2,1,30.0,S-E,[],[],{},13,1,31,J-C,3,,success,success,4,40,39
Shahjiwana IDC 2025,https://shahjiwana.calicotab.com/SIDC25/,2025,2025-01-31,TRUE,English,BP,Shahjiwana IDC,FALSE,University,In person,Asia,Pakistan,public,,,,,70,66,1,13,7.5,141.0,S-C,"['Novice', 'U-19']","['Novice', 'U-19']","{'Novice': {'is_highest_non_open_cat': True, 'no_wbr_speakers': np.int64(0), 'no_79.11plus_speakers': 0, 'no_qual_speakers': np.float64(0.0), 'no_teams2': 22, 'pts_speaking': np.float64(22.0), 'speaking_class': 'S-E'}, 'U-19': {'is_highest_non_open_cat': False, 'no_wbr_speakers': np.int64(0), 'no_79.11plus_speakers': 0, 'no_qual_speakers': np.float64(0.0), 'no_teams2': 16, 'pts_speaking': np.float64(16.0), 'speaking_class': 'S-E'}}",15,0,15,J-E,3,"Ruth Selorme, Muaz Judoon, Ali Osjah Bukhari, Shahkaar Ali Bokhari, Imaad Hassan Jafri",success,success,5,138,130
Shanghai IDC 2022,https://sidc.calicotab.com/sidc/,2022,,FALSE,English,BP,Shanghai IDC,FALSE,University,,Asia,China,self,,,,,79,75,1,9,5.5,130.0,S-C,[],[],{},26,3,80,J-B,4,"Grace Baylis, Judy Ji, Kiki Liew, Tota Takahashi",success,success,5,157,149
Shanghai IDC 2024,https://sidc2024.calicotab.com/SIDC2024/,2024,,TRUE,English,BP,Shanghai IDC,FALSE,University,In person,Asia,China,public,,,,,89,88,7,9,11.5,203.0,S-B,['High School'],['High School'],"{'High School': {'is_highest_non_open_cat': True, 'no_wbr_speakers': np.int64(1), 'no_79.11plus_speakers': 0, 'no_qual_speakers': np.float64(1.0), 'no_teams2': 41, 'pts_speaking': np.float64(51.0), 'speaking_class': 'S-E'}}",26,1,44,J-C,0,,success,success,5,178,176
Shanghai International T 2025,https://sit.calicotab.com/sit2025/,2025,,TRUE,English,BP,Shanghai International T,FALSE,University,,Asia,China,self,,,,,68,68,1,1,1.5,83.0,S-D,"['University', 'School', 'Novice']","['University', 'School', 'Novice', 'Open']","{'University': {'is_highest_non_open_cat': False, 'no_wbr_speakers': np.int64(0), 'no_79.11plus_speakers': 0, 'no_qual_speakers': np.float64(0.0), 'no_teams2': 30, 'pts_speaking': np.float64(30.0), 'speaking_class': 'S-E'}, 'School': {'is_highest_non_open_cat': False, 'no_wbr_speakers': np.int64(0), 'no_79.11plus_speakers': 0, 'no_qual_speakers': np.float64(0.0), 'no_teams2': 14, 'pts_speaking': np.float64(14.0), 'speaking_class': 'S-E'}, 'Novice': {'is_highest_non_open_cat': True, 'no_wbr_speakers': np.int64(0), 'no_79.11plus_speakers': 0, 'no_qual_speakers': np.float64(0.0), 'no_teams2': 17, 'pts_speaking': np.float64(17.0), 'speaking_class': 'S-E'}}",19,0,19,J-E,3,"Haikal Daniel, Christopher Chua, Ann Zhang",success,success,5,136,136
Shanghai Novice DO 2023,https://sndo2023.calicotab.com/sndo2023/,2023,2023-11-18,TRUE,English,BP,Shanghai Novice DO,FALSE,University,Online,Asia,China,public,,,,,87,80,0,0,0,80.0,S-D,['High School'],['High School'],"{'High School': {'is_highest_non_open_cat': True, 'no_wbr_speakers': np.int64(0), 'no_79.11plus_speakers': 0, 'no_qual_speakers': np.float64(0.0), 'no_teams2': 20, 'pts_speaking': np.float64(20.0), 'speaking_class': 'S-E'}}",32,4,104,J-B,2,,success,success,4,170,155
Shanghai Novice DO 2024,https://sndo2024.calicotab.com/sndo2024/,2024,,TRUE,English,BP,Shanghai Novice DO,FALSE,University,,Asia,China,self,,,,,114,111,1,0,1,121.0,S-D,['High School'],"['Open', 'High School']","{'High School': {'is_highest_non_open_cat': True, 'no_wbr_speakers': np.int64(0), 'no_79.11plus_speakers': 0, 'no_qual_speakers': np.float64(0.0), 'no_teams2': 43, 'pts_speaking': np.float64(43.0), 'speaking_class': 'S-E'}}",35,2,71,J-C,2,"Ayal Hayut-man, Velina Andonova",success,success,4,225,219
Shanghai Novice DO 2025,https://sndo25.calicotab.com/sndo25/,2025,,TRUE,English,BP,Shanghai Novice DO,FALSE,University,Online,Asia,China,public,,,,,105,100,0,0,0,100.0,S-D,['High School'],"['Open', 'High School']","{'High School': {'is_highest_non_open_cat': True, 'no_wbr_speakers': np.int64(0), 'no_79.11plus_speakers': 0, 'no_qual_speakers': np.float64(0.0), 'no_teams2': 41, 'pts_speaking': np.float64(41.0), 'speaking_class': 'S-E'}}",37,5,127,J-A,1,,success,success,4,205,195
Sheffield IV 2020,https://sheffieldiv2020.netlify.app/2020/,2020,,TRUE,English,BP,Sheffield IV,FALSE,University,,IONA,England,self,,,,,46,44,1,11,6.5,108.0,S-C,['Pro-Am'],['Pro-Am'],"{'Pro-Am': {'is_highest_non_open_cat': True, 'no_wbr_speakers': np.int64(0), 'no_79.11plus_speakers': 0, 'no_qual_speakers': np.float64(0.0), 'no_teams2': 19, 'pts_speaking': np.float64(19.0), 'speaking_class': 'S-E'}}",21,3,75,J-B,3,,success,success,5,86,86
Sheffield IV 2023,https://sheffieldiv2023.calicotab.com/sheffieldiv2023/,2023,,TRUE,English,BP,Sheffield IV,FALSE,University,,IONA,England,self,,,,,21,20,2,7,5.5,75.0,S-C,['Pro-Am'],[],{},11,0,11,J-E,3,,success,success,4,42,40
Sheffield Novices 2023,https://sheffieldnovices23.calicotab.com/sheffieldnovices2023/,2023,,TRUE,English,BP,Sheffield Novices,FALSE,University,,IONA,England,self,,,,,44,44,1,1,1.5,59.0,S-E,['Non-Schools'],['Non-Schools'],"{'Non-Schools': {'is_highest_non_open_cat': True, 'no_wbr_speakers': np.int64(0), 'no_79.11plus_speakers': 0, 'no_qual_speakers': np.float64(0.0), 'no_teams2': 15, 'pts_speaking': np.float64(15.0), 'speaking_class': 'S-E'}}",30,0,30,J-E,3,,success,success,4,85,85
Sheffield Pro-Am 2026,https://sheffieldproam26.calicotab.com/sheffield26/,2026,2026-05-02,TRUE,English,BP,Sheffield Pro-Am,FALSE,University,In person,IONA,England,self,,,,,16,16,0,0,0,16.0,S-E,[],['Open'],{},11,0,11,J-E,4,,success,success,4,29,29
Shivaji PD 2026,https://shivajienglishpd.calicotab.com/shivajipd26/,2026,2026-01-17,TRUE,English,BP,Shivaji PD,FALSE,University,In person,Asia,India,public,,,,,75,62,0,5,2.5,86.0,S-D,['Novice'],"['Open', 'Novice']","{'Novice': {'is_highest_non_open_cat': True, 'no_wbr_speakers': np.int64(0), 'no_79.11plus_speakers': 0, 'no_qual_speakers': np.float64(0.0), 'no_teams2': 34, 'pts_speaking': np.float64(34.0), 'speaking_class': 'S-E'}}",38,0,38,J-E,5,,success,success,5,152,124
Shri Ram Pre-ABP 2021,https://srcc.calicotab.com/shrirampreabp2021/,2021,,TRUE,English,BP,Shri Ram Pre-ABP,FALSE,University,,Asia,India,self,,,,,47,43,0,0,0,43.0,S-E,[],[],{},34,1,52,J-C,3,,success,success,5,94,85
Shri Ram Pre-ABP 2022,https://srcc.calicotab.com/shrirampreabp2022/,2022,2022-11-04,TRUE,English,BP,Shri Ram Pre-ABP,FALSE,University,Online,Asia,India,public,,,,,78,72,0,3,1.5,87.0,S-D,[],[],{},51,0,51,J-D,4,,success,success,5,154,141
Shri Ram Pre-ABP 2023,https://srbp2023.calicotab.com/srbp2023/,2023,,TRUE,English,BP,Shri Ram Pre-ABP,FALSE,University,Online,Asia,India,public,,,,,116,113,0,1,0.5,118.0,S-D,['Novice'],['Novice'],"{'Novice': {'is_highest_non_open_cat': True, 'no_wbr_speakers': np.int64(0), 'no_79.11plus_speakers': 0, 'no_qual_speakers': np.float64(0.0), 'no_teams2': 67, 'pts_speaking': np.float64(67.0), 'speaking_class': 'S-D'}}",72,0,72,J-D,4,,success,success,5,232,224
Shri Ram Pre-ABP 2024,https://srbp2024.calicotab.com/srbp2024/,2024,2024-09-14,TRUE,English,BP,Shri Ram Pre-ABP,FALSE,University,,Asia,India,self,,,,,79,73,4,2,5,123.0,S-C,['Novice'],['Novice'],"{'Novice': {'is_highest_non_open_cat': True, 'no_wbr_speakers': np.int64(0), 'no_79.11plus_speakers': 0, 'no_qual_speakers': np.float64(0.0), 'no_teams2': 42, 'pts_speaking': np.float64(42.0), 'speaking_class': 'S-E'}}",66,1,84,J-C,4,,success,success,5,153,141
Shri Ram Pre-ABP 2025,https://srbp25.calicotab.com/srbp25/,2025,2025-08-16,TRUE,English,BP,Shri Ram Pre-ABP,FALSE,University,Online,Asia,India,self,,,,,94,82,5,10,10,180.0,S-B,['Novice'],['Novice'],"{'Novice': {'is_highest_non_open_cat': True, 'no_wbr_speakers': np.int64(0), 'no_79.11plus_speakers': 0, 'no_qual_speakers': np.float64(0.0), 'no_teams2': 26, 'pts_speaking': np.float64(26.0), 'speaking_class': 'S-E'}}",74,1,92,J-C,4,,success,success,5,187,163
Shri Ram Pre-ABP 2026,https://debsocsrcc.calicotab.com/srbp2026/,2026,2026-08-15,TRUE,English,BP,Shri Ram Pre-ABP,FALSE,University,Online,Asia,India,self,,,,,41,40,0,0,0,39.0,S-E,['Novice'],"['Novice', 'Open']","{'Novice': {'is_highest_non_open_cat': True, 'no_wbr_speakers': np.int64(0), 'no_79.11plus_speakers': 0, 'no_qual_speakers': np.float64(0.0), 'no_teams2': 21, 'pts_speaking': np.float64(21.0), 'speaking_class': 'S-E'}}",40,0,40,J-E,2,,success,success,5,82,79
Shumen Online Open 2026,https://shumenonlineopen2026.calicotab.com/_/,2026,2026-05-23,TRUE,English,BP,Shumen Online Open,FALSE,University,Online,Europe,Bulgaria,self,,,,,29,28,4,18,13,158.0,S-A,['Novice'],"['Open', 'Novice']","{'Novice': {'is_highest_non_open_cat': True, 'no_wbr_speakers': np.int64(0), 'no_79.11plus_speakers': 0, 'no_qual_speakers': np.float64(0.0), 'no_teams2': 11, 'pts_speaking': np.float64(11.0), 'speaking_class': 'S-E'}}",19,3,73,J-B,3,,success,success,5,57,56
SIDO 2022,https://sido22.calicotab.com/sido22/,2022,,TRUE,English,BP,SIDO,FALSE,University,,Asia,China,self,,,,,157,150,12,30,27,420.0,S-AA,['High School'],['High School'],"{'High School': {'is_highest_non_open_cat': True, 'no_wbr_speakers': np.int64(0), 'no_79.11plus_speakers': 0, 'no_qual_speakers': np.float64(0.0), 'no_teams2': 50, 'pts_speaking': np.float64(50.0), 'speaking_class': 'S-E'}}",44,20,404,J-AAA,7,,success,success,7,313,299
SIDO 2023,https://sido23.calicotab.com/sido2023/,2023,,TRUE,English,BP,SIDO,FALSE,University,,Asia,China,self,,,,,92,88,4,10,9,178.0,S-B,"['Highschool', 'Open']",['High School'],{'High School': {'is_highest_non_open_cat': True}},24,9,186,J-A+,3,"Brian Wong, Luigi Alcaneses, David Africa",success,success,6,183,176
SIDO 2024,https://sido2024.calicotab.com/sido/,2024,2024-03-29,TRUE,English,BP,SIDO,FALSE,University,,Asia,China,self,,,,,121,116,13,22,24,356.0,S-AA,"['High School', 'Open']",['High School'],"{'High School': {'is_highest_non_open_cat': True, 'no_wbr_speakers': np.int64(0), 'no_79.11plus_speakers': 4, 'no_qual_speakers': np.float64(2.0), 'no_teams2': 77, 'pts_speaking': np.float64(97.0), 'speaking_class': 'S-D'}}",27,8,171,J-A+,6,,success,success,7,242,232
SIDO 2025,https://sido2025.calicotab.com/sido2025/,2025,2025-04-18,TRUE,English,BP,SIDO,FALSE,University,In person,Asia,China,self,,,,,154,153,4,12,10,253.0,S-B,"['U14', 'Over 16', 'U16']","['Open', 'U14', 'Over 16', 'U16']","{'U14': {'is_highest_non_open_cat': False, 'no_wbr_speakers': np.int64(0), 'no_79.11plus_speakers': 0, 'no_qual_speakers': np.float64(0.0), 'no_teams2': 19, 'pts_speaking': np.float64(19.0), 'speaking_class': 'S-E'}, 'Over 16': {'is_highest_non_open_cat': True, 'no_wbr_speakers': np.int64(0), 'no_79.11plus_speakers': 0, 'no_qual_speakers': np.float64(0.0), 'no_teams2': 34, 'pts_speaking': np.float64(34.0), 'speaking_class': 'S-E'}, 'U16': {'is_highest_non_open_cat': False, 'no_wbr_speakers': np.int64(0), 'no_79.11plus_speakers': 0, 'no_qual_speakers': np.float64(0.0), 'no_teams2': 44, 'pts_speaking': np.float64(44.0), 'speaking_class': 'S-E'}}",39,11,237,J-AA,5,"Luigi Alcañeses, Bea Legaspi, Klaudia Maciejewska, Vinodhan Kuppusamy, George Chen",success,success,6,308,305
SIDO 2026,https://sido2026.calicotab.com/sido2026/,2026,2026-03-20,TRUE,English,BP,SIDO,FALSE,University,In person,Asia,China,public,,,,,192,192,15,19,24.5,437.0,S-AA,"['Open', 'U14', 'Over 16', 'U16']","['Open', 'U14', 'Over 16', 'U16']","{'U14': {'is_highest_non_open_cat': False, 'no_wbr_speakers': np.int64(1), 'no_79.11plus_speakers': 0, 'no_qual_speakers': np.float64(1.0), 'no_teams2': 32, 'pts_speaking': np.float64(42.0), 'speaking_class': 'S-E'}, 'Over 16': {'is_highest_non_open_cat': True, 'no_wbr_speakers': np.int64(0), 'no_79.11plus_speakers': 0, 'no_qual_speakers': np.float64(0.0), 'no_teams2': 27, 'pts_speaking': np.float64(27.0), 'speaking_class': 'S-E'}, 'U16': {'is_highest_non_open_cat': False, 'no_wbr_speakers': np.int64(0), 'no_79.11plus_speakers': 0, 'no_qual_speakers': np.float64(0.0), 'no_teams2': 56, 'pts_speaking': np.float64(56.0), 'speaking_class': 'S-E'}}",49,17,355,J-AA+,4,,success,success,6,384,384
Singapore DO 2024,https://sdo2024.calicotab.com/sdo2024/,2024,2024-12-07,TRUE,English,BP,Singapore DO,FALSE,University,In person,Asia,Singapore,public,,,,,44,44,2,9,6.5,109.0,S-B,['Schools'],"['Open', 'Schools']","{'Schools': {'is_highest_non_open_cat': True, 'no_wbr_speakers': np.int64(0), 'no_79.11plus_speakers': 0, 'no_qual_speakers': np.float64(0.0), 'no_teams2': 31, 'pts_speaking': np.float64(31.0), 'speaking_class': 'S-E'}}",17,0,17,J-E,2,"Cavan Tay, Naomi Ang",success,success,5,88,88
Singapore DO 2025,https://sdo2025.calicotab.com/_/,2025,2025-12-13,TRUE,English,BP,Singapore DO,FALSE,University,In person,Asia,Singapore,public,,,,,57,56,4,7,7.5,131.0,S-B,['High School'],"['High School', 'Open']","{'High School': {'is_highest_non_open_cat': True, 'no_wbr_speakers': np.int64(0), 'no_79.11plus_speakers': 0, 'no_qual_speakers': np.float64(0.0), 'no_teams2': 28, 'pts_speaking': np.float64(28.0), 'speaking_class': 'S-E'}}",28,2,64,J-C,2,,success,success,5,114,110
Skopje Open 2025,https://mofturniri.calicotab.com/skopjeopen2025/,2025,2025-09-27,TRUE,English,BP,Skopje Open,FALSE,University,In person,Europe,North Macedonia,public,,,,,33,32,1,2,2,52.0,S-E,['Novice'],['Novice'],"{'Novice': {'is_highest_non_open_cat': True, 'no_wbr_speakers': np.int64(0), 'no_79.11plus_speakers': 0, 'no_qual_speakers': np.float64(0.0), 'no_teams2': 16, 'pts_speaking': np.float64(16.0), 'speaking_class': 'S-E'}}",14,0,14,J-E,3,,success,success,5,66,64
Smart Debates Mini 2021,https://smartdebates2020.calicotab.com/sdmini/,2021,,,English,BP,Smart Debates Mini,FALSE,University,,Asia,,self,,,,,42,37,1,0,1,47.0,S-E,['Novice'],['Novice'],"{'Novice': {'is_highest_non_open_cat': True, 'no_wbr_speakers': np.int64(0), 'no_79.11plus_speakers': 0, 'no_qual_speakers': np.float64(0.0), 'no_teams2': 19, 'pts_speaking': np.float64(19.0), 'speaking_class': 'S-E'}}",12,0,12,J-E,4,,success,success,5,84,71
Smart Debates Open 2021,https://smartdebates2020.calicotab.com/sd2021/,2021,,FALSE,English,BP,Smart Debates Open,FALSE,University,,Asia,,self,,,,,30,29,0,15,7.5,101.0,S-C,['Open'],[],{},14,0,14,J-E,3,,success,success,4,59,56
SMVIT Bangalore PD (2.0) 2024,https://www.smvitdebsoctab.com/smvitpd2024/,2024,,TRUE,English,BP,SMVIT Bangalore PD,FALSE,University,,Asia,Pakistan,self,,,,,57,56,0,1,0.5,61.0,S-D,['Novice'],"['Open', 'Novice']","{'Novice': {'is_highest_non_open_cat': True, 'no_wbr_speakers': np.int64(0), 'no_79.11plus_speakers': 0, 'no_qual_speakers': np.float64(0.0), 'no_teams2': 28, 'pts_speaking': np.float64(28.0), 'speaking_class': 'S-E'}}",63,0,63,J-D,4,,success,success,5,171,168
SMVIT Bangalore PD (3.0) 2025,https://smvitpd2025.calicotab.com/smvitpd2025/,2025,,TRUE,English,BP,SMVIT Bangalore PD,FALSE,University,Online,Asia,,public,,,,,62,52,0,3,1.5,67.0,S-D,['Novice'],"['Open', 'Novice']","{'Novice': {'is_highest_non_open_cat': True, 'no_wbr_speakers': np.int64(0), 'no_79.11plus_speakers': 0, 'no_qual_speakers': np.float64(0.0), 'no_teams2': 34, 'pts_speaking': np.float64(34.0), 'speaking_class': 'S-E'}}",36,0,36,J-E,3,,success,success,5,123,104
SMVIT Bangalore PD (4.0) 2026,https://smvitpd2025.calicotab.com/smvitpd26/,2026,,TRUE,English,BP,SMVIT Bangalore PD,FALSE,University,,Asia,Pakistan,self,,,,,19,15,0,3,1.5,30.0,S-E,[],['Open'],{},11,1,29,J-C,3,,success,success,5,38,30
SNUDA x KIDA Pro-Am 2024,https://snudaxkidaproam2024.calicotab.com/snudaproam/,2024,,TRUE,English,BP,SNUDA x KIDA Pro-Am,FALSE,University,,Asia,South Korea,self,,,,,20,20,0,3,1.5,35.0,S-E,[],[],{},15,2,51,J-C,3,,success,success,4,40,40
Socialism Open 2021,https://socialismopen.calicotab.com/SocialismOpen/,2021,,,English,BP,Socialism Open,FALSE,University,,North America,,self,,,,,70,64,1,8,5,111.0,S-C,"['ESL', 'EFL']","['ESL', 'EFL']","{'ESL': {'is_highest_non_open_cat': True, 'no_wbr_speakers': np.int64(0), 'no_79.11plus_speakers': 0, 'no_qual_speakers': np.float64(0.0), 'no_teams2': 19, 'pts_speaking': np.float64(19.0), 'speaking_class': 'S-E'}, 'EFL': {'is_highest_non_open_cat': False, 'no_wbr_speakers': np.int64(0), 'no_79.11plus_speakers': 0, 'no_qual_speakers': np.float64(0.0), 'no_teams2': 5, 'pts_speaking': np.float64(5.0), 'speaking_class': 'S-E'}}",27,1,45,J-C,5,,success,success,4,135,122
Sofia Online Open 2023,https://sofiaonline2023.calicotab.com/_/,2023,,TRUE,English,BP,Sofia Online Open,FALSE,University,,Europe,Bulgaria,self,,,,,69,65,19,26,32,385.0,S-AA,"['ESL', 'Pro-Am']","['ESL', 'Pro-Am']","{'ESL': {'is_highest_non_open_cat': True, 'no_wbr_speakers': np.int64(0), 'no_79.11plus_speakers': 0, 'no_qual_speakers': np.float64(0.0), 'no_teams2': 19, 'pts_speaking': np.float64(19.0), 'speaking_class': 'S-E'}, 'Pro-Am': {'is_highest_non_open_cat': False, 'no_wbr_speakers': np.int64(0), 'no_79.11plus_speakers': 0, 'no_qual_speakers': np.float64(0.0), 'no_teams2': 24, 'pts_speaking': np.float64(24.0), 'speaking_class': 'S-E'}}",31,10,211,J-AA,5,,success,success,5,137,127
Sofia Online Open 2024,https://sofiaonline24.calicotab.com/_/,2024,2024-03-09,TRUE,English,BP,Sofia Online Open,FALSE,University,,Europe,Bulgaria,self,,,,,93,91,22,26,35,441.0,S-AA,"['ESL', 'Novice']","['ESL', 'Novice']","{'ESL': {'is_highest_non_open_cat': True, 'no_wbr_speakers': np.int64(3), 'no_79.11plus_speakers': 0, 'no_qual_speakers': np.float64(3.0), 'no_teams2': 45, 'pts_speaking': np.float64(75.0), 'speaking_class': 'S-C'}, 'Novice': {'is_highest_non_open_cat': False, 'no_wbr_speakers': np.int64(1), 'no_79.11plus_speakers': 0, 'no_qual_speakers': np.float64(1.0), 'no_teams2': 23, 'pts_speaking': np.float64(33.0), 'speaking_class': 'S-E'}}",31,11,229,J-AA,5,,success,success,5,185,181
Sofia Online Open (Part 2) 2024,https://sofiaonlinept2.calicotab.com/soopt2/,2024,2024-05-25,TRUE,English,BP,Sofia Online Open,FALSE,University,,Europe,Bulgaria,self,,,,,132,129,16,36,34,467.0,S-AA,"['ESL', 'Novice']","['ESL', 'Novice']","{'ESL': {'is_highest_non_open_cat': True, 'no_wbr_speakers': np.int64(2), 'no_79.11plus_speakers': 1, 'no_qual_speakers': np.float64(2.5), 'no_teams2': 49, 'pts_speaking': np.float64(74.0), 'speaking_class': 'S-D'}, 'Novice': {'is_highest_non_open_cat': False, 'no_wbr_speakers': np.int64(1), 'no_79.11plus_speakers': 0, 'no_qual_speakers': np.float64(1.0), 'no_teams2': 21, 'pts_speaking': np.float64(31.0), 'speaking_class': 'S-E'}}",47,12,263,J-AA,5,,success,success,5,262,253
Sofia Open 2022,https://sofiaopen2022.calicotab.com/sofia2022/,2022,,TRUE,English,BP,Sofia Open,FALSE,University,,Europe,Bulgaria,self,,,,,41,40,6,6,9,130.0,S-B,['Novice'],['Novice'],"{'Novice': {'is_highest_non_open_cat': True, 'no_wbr_speakers': np.int64(0), 'no_79.11plus_speakers': 0, 'no_qual_speakers': np.float64(0.0), 'no_teams2': 18, 'pts_speaking': np.float64(18.0), 'speaking_class': 'S-E'}}",14,4,86,J-B,4,"Lovro Šprem, Jessica Musulin, Caoimhin Hamill, Nikolay Angelov, Maria Matcheva",success,success,6,82,80
Sofia Open 2024,https://sofiaopen2024.calicotab.com/_/,2024,2024-10-12,TRUE,English,BP,Sofia Open,FALSE,University,,Europe,Bulgaria,self,,,,,30,28,5,13,11.5,143.0,S-B,['Novice'],['Novice'],"{'Novice': {'is_highest_non_open_cat': True, 'no_wbr_speakers': np.int64(0), 'no_79.11plus_speakers': 0, 'no_qual_speakers': np.float64(0.0), 'no_teams2': 9, 'pts_speaking': np.float64(9.0), 'speaking_class': 'S-E'}}",9,3,63,J-B,4,,success,success,5,58,55
Sofia Pre-EUDC 2023,https://sofiapreeudc.calicotab.com/_/,2023,,TRUE,English,BP,Sofia Pre-EUDC,FALSE,University,,Europe,Bulgaria,self,,,,,60,60,22,21,32.5,385.0,S-AA,['ESL'],['ESL'],"{'ESL': {'is_highest_non_open_cat': True, 'no_wbr_speakers': np.int64(1), 'no_79.11plus_speakers': 1, 'no_qual_speakers': np.float64(1.5), 'no_teams2': 30, 'pts_speaking': np.float64(45.0), 'speaking_class': 'S-E'}}",40,16,328,J-AA+,5,,success,success,5,121,120
South Atlantic DC 2025,https://satl.calicotab.com/2025/,2025,2025-11-01,TRUE,English,BP,South Atlantic DC,FALSE,University,Online,Latin America,Brazil,self,,,,,152,118,1,10,6,178.0,S-C,"['ESL', 'Novice']","['ESL', 'Novice']","{'ESL': {'is_highest_non_open_cat': True, 'no_wbr_speakers': np.int64(0), 'no_79.11plus_speakers': 1, 'no_qual_speakers': np.float64(0.5), 'no_teams2': 77, 'pts_speaking': np.float64(82.0), 'speaking_class': 'S-D'}, 'Novice': {'is_highest_non_open_cat': False, 'no_wbr_speakers': np.int64(0), 'no_79.11plus_speakers': 0, 'no_qual_speakers': np.float64(0.0), 'no_teams2': 38, 'pts_speaking': np.float64(38.0), 'speaking_class': 'S-E'}}",84,1,102,J-C,7,,success,success,5,296,224
South East Asia DC 2026,https://seadc2026.calicotab.com/seadc2026/,2026,2026-02-21,TRUE,English,BP,South East Asia DC,FALSE,University,,Asia,,self,,,,,97,97,3,8,7,167.0,S-B,['Novice'],"['Novice', 'Open']","{'Novice': {'is_highest_non_open_cat': True, 'no_wbr_speakers': np.int64(0), 'no_79.11plus_speakers': 0, 'no_qual_speakers': np.float64(0.0), 'no_teams2': 50, 'pts_speaking': np.float64(50.0), 'speaking_class': 'S-E'}}",46,1,64,J-C,4,,success,success,5,194,193
South India Pre-ABP 2026,https://southindiapreabp.calicotab.com/southindiapreabp2026/,2026,,TRUE,English,BP,South India Pre-ABP,FALSE,University,,Asia,India,self,,,,,74,65,1,1,1.5,80.0,S-D,['Novice'],"['Open', 'Novice']","{'Novice': {'is_highest_non_open_cat': True, 'no_wbr_speakers': np.int64(0), 'no_79.11plus_speakers': 0, 'no_qual_speakers': np.float64(0.0), 'no_teams2': 45, 'pts_speaking': np.float64(45.0), 'speaking_class': 'S-E'}}",35,0,35,J-E,2,,success,success,5,142,129
Southampton Novices 2025,https://sotonnovices25.calicotab.com/sotonnovices25/,2025,,TRUE,English,BP,Southampton Novices,FALSE,University,In person,IONA,England,self,,,,,20,20,0,0,0,20.0,S-E,['Non-Schools'],['Non-Schools'],"{'Non-Schools': {'is_highest_non_open_cat': True, 'no_wbr_speakers': np.int64(0), 'no_79.11plus_speakers': 0, 'no_qual_speakers': np.float64(0.0), 'no_teams2': 9, 'pts_speaking': np.float64(9.0), 'speaking_class': 'S-E'}}",13,0,13,J-E,3,,success,success,4,40,39
Southampton Open 2022,https://southamptonopen2022.calicotab.com/_/,2022,2022-03-05,FALSE,English,BP,Southampton Open,FALSE,University,In person,Europe,England,public,,,,,28,28,1,6,4,68.0,S-C,['Pro-Am'],['Pro-Am'],"{'Pro-Am': {'is_highest_non_open_cat': True, 'no_wbr_speakers': np.int64(0), 'no_79.11plus_speakers': 0, 'no_qual_speakers': np.float64(0.0), 'no_teams2': 18, 'pts_speaking': np.float64(18.0), 'speaking_class': 'S-E'}}",14,5,104,J-A,3,,success,success,4,52,52
Southampton Open 2023,https://southamptonopen2023.calicotab.com/_/,2023,,TRUE,English,BP,Southampton Open,FALSE,University,,IONA,England,self,,,,,37,37,2,10,7,107.0,S-B,['Pro Am'],['Pro Am'],"{'Pro Am': {'is_highest_non_open_cat': True, 'no_wbr_speakers': np.int64(0), 'no_79.11plus_speakers': 0, 'no_qual_speakers': np.float64(0.0), 'no_teams2': 20, 'pts_speaking': np.float64(20.0), 'speaking_class': 'S-E'}}",20,5,110,J-A,3,,success,success,4,74,74
Southampton Open 2024,https://southampton2024.calicotab.com/_/,2024,2024-05-04,TRUE,English,BP,Southampton Open,FALSE,University,In person,IONA,England,public,,,,,28,28,1,8,5,78.0,S-C,['Pro-Am'],['Pro-Am'],"{'Pro-Am': {'is_highest_non_open_cat': True, 'no_wbr_speakers': np.int64(0), 'no_79.11plus_speakers': 0, 'no_qual_speakers': np.float64(0.0), 'no_teams2': 14, 'pts_speaking': np.float64(14.0), 'speaking_class': 'S-E'}}",19,2,55,J-C,3,"Ananya Venkatesan, Arjun Raman, Rick Tan",success,success,4,53,53
Southampton Open 2025,https://southamptonopen2025.calicotab.com/southamptonopen2025/,2025,2025-03-15,TRUE,English,BP,Southampton Open,FALSE,University,In person,IONA,England,public,,,,,32,32,1,6,4,72.0,S-C,['Pro-AM'],['Pro-AM'],"{'Pro-AM': {'is_highest_non_open_cat': True, 'no_wbr_speakers': np.int64(0), 'no_79.11plus_speakers': 0, 'no_qual_speakers': np.float64(0.0), 'no_teams2': 17, 'pts_speaking': np.float64(17.0), 'speaking_class': 'S-E'}}",22,0,22,J-E,3,,success,success,4,62,61
Southampton Open 2026,https://southamptonopen26.calicotab.com/sotonopen26/,2026,,TRUE,English,BP,Southampton Open,FALSE,University,,Europe,England,self,,,,,20,20,0,4,2,40.0,S-E,[],['Open'],{},14,0,14,J-E,3,,success,success,4,40,40
Southampton Pro-Am 2024,https://sotonproam24.calicotab.com/SotonProAm24/,2024,2024-11-30,TRUE,English,BP,Southampton Pro-Am,FALSE,University,,IONA,England,self,,,,,40,40,2,7,5.5,95.0,S-C,[],[],{},32,0,32,J-E,3,,success,success,4,79,79
Southampton Pro-Am 2026,https://sotonproam26.calicotab.com/sotonproam26/,2026,2026-02-07,TRUE,English,BP,Southampton Pro-Am,FALSE,University,In person,IONA,England,self,,,,,20,20,0,2,1,30.0,S-E,[],[],{},14,0,14,J-E,3,,success,success,4,40,40
Southampton Sillies 2025,https://sotonsillies25.calicotab.com/sotonsillies25/,2025,2025-03-01,TRUE,English,BP,Southampton Sillies,FALSE,University,In person,IONA,England,public,,,,,8,8,0,0,0,8.0,S-E,[],[],{},4,0,4,J-E,2,,success,success,4,16,16
Southern African UDC 2017,https://docs.google.com/spreadsheets/d/12pPM0-QBDfQYXmJKJduXLOpMpNeARJ7G/edit?gid=1420280541#gid=1420280541,2017,,TRUE,English,BP,Southern African UDC,FALSE,University,In person,Africa,South Africa,public,TRUE,,,"speaking only, no outrounds",,112,0,11,5.5,164.0,S-C,,[],{},,,,,,,,,,,218
Southern African UDC 2018,https://docs.google.com/spreadsheets/d/1IcrbPIyyXW8aOR8mITn3_5r85fW9S3nj/edit?gid=1136817271#gid=1136817271,2018,,TRUE,English,BP,Southern African UDC,FALSE,University,In person,Africa,South Africa,public,TRUE,,,"speaking only, no outrounds",,146,0,3,1.5,161.0,S-D,,[],{},,,,,,,,,,,289
Southern African UDC 2021,https://mace.calicotab.com/saudc2022/,2021,,,English,BP,Southern African UDC,FALSE,University,,Africa,South Africa,self,,,,,44,36,0,0,0,36.0,S-E,[],['ESL'],{'ESL': {'is_highest_non_open_cat': True}},17,0,17,J-E,5,,success,success,5,80,69
Southern African UDC 2022,https://mace1996.calicotab.com/saudc2022/,2022,,TRUE,English,BP,Southern African UDC,FALSE,University,,Africa,,self,,,,,70,65,0,0,0,64.0,S-D,[],['ESL'],{'ESL': {'is_highest_non_open_cat': True}},39,0,39,J-E,9,,success,success,7,139,125
Southern African UDC 2023,https://saudc2023.calicotab.com/saudc2023/,2023,,TRUE,English,BP,Southern African UDC,FALSE,University,,Africa,,self,,,,,61,60,0,1,0.5,64.0,S-D,[],['ESL'],{'ESL': {'is_highest_non_open_cat': True}},50,1,68,J-C,5,,success,success,7,122,119
Southern African UDC 2024,https://lucien.calicotab.com/SAUDC2024/,2024,2024-07-01,TRUE,English,BP,Southern African UDC,FALSE,University,In person,Africa,Botswana,public,,,,,78,68,0,3,1.5,83.0,S-D,[],"['Open', 'ESL']",{'ESL': {'is_highest_non_open_cat': True}},57,0,57,J-D,5,,success,success,9,153,136
Southern African UDC 2025,https://lucien.calicotab.com/SAUDC2025/,2025,,TRUE,English,BP,Southern African UDC,FALSE,University,,Africa,,self,,,,,72,72,0,1,0.5,76.0,S-D,['Novice'],['Novice'],"{'Novice': {'is_highest_non_open_cat': True, 'no_wbr_speakers': np.int64(0), 'no_79.11plus_speakers': 0, 'no_qual_speakers': np.float64(0.0), 'no_teams2': 44, 'pts_speaking': np.float64(44.0), 'speaking_class': 'S-E'}}",61,0,61,J-D,6,,success,success,9,144,144
Speech Forces Easter's 2023,https://easter23.calicotab.com/elsj23/,2023,,TRUE,English,BP,Speech Forces Easter's,FALSE,University,,Africa,Ghana,self,,,,,48,48,0,13,6.5,113.0,S-C,['Novice'],[],{},,,,,,,success,no rounds,5,95,94
Speech Forces Easter's 2024,https://speechforces.calicotab.com/Easters/,2024,,TRUE,English,BP,Speech Forces Easter's,FALSE,University,,Africa,Ghana,self,,,,,53,52,0,3,1.5,67.0,S-D,[],"['Novice', 'Open']",{'Novice': {'is_highest_non_open_cat': True}},39,0,39,J-E,2,,success,success,5,106,104
Speech Forces Easter's 2025,https://speechforces.calicotab.com/Easters2025/,2025,,TRUE,English,BP,Speech Forces Easter's,FALSE,University,,Africa,Ghana,self,,,,,37,36,0,0,0,36.0,S-E,['Novice'],"['Novice', 'Open']","{'Novice': {'is_highest_non_open_cat': True, 'no_wbr_speakers': np.int64(0), 'no_79.11plus_speakers': 0, 'no_qual_speakers': np.float64(0.0), 'no_teams2': 16, 'pts_speaking': np.float64(16.0), 'speaking_class': 'S-E'}}",28,0,28,J-E,3,,success,success,5,72,68
Speech Forces Genesis DO 2022,https://speechforces.calicotab.com/genesis22/,2022,2022-01-06,FALSE,English,BP,Speech Forces Genesis DO,FALSE,University,,Africa,Ghana,self,,,,,16,16,0,3,1.5,29.0,S-E,[],['Open'],{},7,0,7,J-E,3,,success,success,7,32,29
Speech Forces Genesis DO 2023,https://genesis.calicotab.com/genesis2023/,2023,,TRUE,English,BP,Speech Forces Genesis DO,FALSE,University,,Africa,Ghana,self,,,,,20,20,0,5,2.5,45.0,S-E,[],[],{},10,0,10,J-E,3,,success,success,7,40,40
Speech Forces Genesis DO 2024,https://speechforces.calicotab.com/Genesis2024/,2024,,TRUE,English,BP,Speech Forces Genesis DO,FALSE,University,,Africa,Ghana,self,,,,,20,20,0,3,1.5,35.0,S-E,[],['Open'],{},16,1,34,J-C,3,,success,success,5,40,40
Speech Forces Genesis DO 2025,https://speechforces.calicotab.com/genesis2025/,2025,,TRUE,English,BP,Speech Forces Genesis DO,FALSE,University,,Africa,Ghana,self,,,,,24,24,0,10,5,74.0,S-C,[],['Open'],{},13,0,13,J-E,3,,success,success,7,48,48
Speech Forces Genesis DO 2026,https://speechforces.calicotab.com/GenesisAtAshesi/,2026,,TRUE,English,BP,Speech Forces Genesis DO,FALSE,University,,Africa,Ghana,self,,,,,28,28,0,6,3,58.0,S-C,['Novice'],"['Novice', 'Open']","{'Novice': {'is_highest_non_open_cat': True, 'no_wbr_speakers': np.int64(0), 'no_79.11plus_speakers': 0, 'no_qual_speakers': np.float64(0.0), 'no_teams2': 7, 'pts_speaking': np.float64(7.0), 'speaking_class': 'S-E'}}",17,0,17,J-E,3,,success,success,7,56,56
Split Open 2023,https://open-communication.calicotab.com/split2023/,2023,,TRUE,English,BP,Split Open,FALSE,University,,Europe,Croatia,self,,,,,24,24,7,8,11,134.0,S-B,[],['Open'],{},14,2,50,J-C,3,"Marta Vasic, Velina Andonova, Matt Caito",success,success,5,48,48
Split Open 2024,https://splitopen2024.calicotab.com/splitopen2024/,2024,2024-07-06,TRUE,English,BP,Split Open,FALSE,University,In person,Europe,Croatia,public,,,,,32,32,3,8,7,102.0,S-B,[],['Open'],{},14,1,32,J-C,3,,success,success,5,64,64
Split Open 2025,https://splitopen2025.calicotab.com/split2025/,2025,2025-07-19,TRUE,English,BP,Split Open,FALSE,University,,Europe,Croatia,self,,,,,29,28,3,8,7,98.0,S-B,[],[],{},22,1,40,J-C,3,"Alex McCreadie, Aymaan Sheikh, Ilija Ivanišević",success,success,5,58,55
Split Open 2026,https://splitopen2026.calicotab.com/SplitOpen2026/,2026,2026-07-18,TRUE,English,BP,Split Open,FALSE,University,In person,Europe,Croatia,self,,,,,32,32,4,10,9,122.0,S-B,['Novice'],"['Open', 'Novice']","{'Novice': {'is_highest_non_open_cat': True, 'no_wbr_speakers': np.int64(0), 'no_79.11plus_speakers': 0, 'no_qual_speakers': np.float64(0.0), 'no_teams2': 10, 'pts_speaking': np.float64(10.0), 'speaking_class': 'S-E'}}",17,0,17,J-E,3,,success,success,5,64,64
Spring Challenge Open 2025,https://challengeopen.calicotab.com/springchallenge2025/,2025,2025-03-29,TRUE,English,BP,Spring Challenge Open,FALSE,University,Online,Europe,"Israel, Greece",self,,,,,35,33,6,6,9,123.0,S-B,['Pro-Am'],['Pro-Am'],"{'Pro-Am': {'is_highest_non_open_cat': True, 'no_wbr_speakers': np.int64(1), 'no_79.11plus_speakers': 0, 'no_qual_speakers': np.float64(1.0), 'no_teams2': 7, 'pts_speaking': np.float64(17.0), 'speaking_class': 'S-E'}}",16,5,106,J-A,4,,success,success,5,68,63
Squid Games IV 2025,https://sgiv2025.calicotab.com/sgiv2025/,2025,2025-05-03,TRUE,English,BP,Squid Games IV,FALSE,University,Online,Asia,,public,,,,,17,16,0,0,0,16.0,S-E,[],[],{},8,0,8,J-E,2,,success,success,4,31,31
SSDC Pro-Am 2026,https://proam2026.calicotab.com/proam2026/,2026,,TRUE,English,BP,SSDC Pro-Am,FALSE,University,,Europe,Scotland,self,,,,,37,37,2,8,6,97.0,S-B,[],['Open'],{},26,0,26,J-E,4,,success,success,4,73,72
SSE Riga IV 2022,https://sserdebates.calicotab.com/rigaiv/,2022,2022-12-17,TRUE,English,BP,SSE Riga IV,FALSE,University,In person,Europe,Latvia,public,,,,,28,28,1,2,2,48.0,S-E,[],['Open'],{},8,1,26,J-C,3,,success,success,5,52,51
SSE Riga IV 2023,https://sserigaiv23.calicotab.com/sseriv2023/,2023,,TRUE,English,BP,SSE Riga IV,FALSE,University,,Europe,,self,,,,,25,24,0,6,3,54.0,S-C,[],[],{},7,0,7,J-E,3,,success,success,5,50,48
SSE Riga IV 2024,https://sserigaivpart24.calicotab.com/sseriv24/,2024,2024-12-14,TRUE,English,BP,SSE Riga IV,FALSE,University,In person,Europe,Latvia,public,,,,,37,36,1,5,3.5,71.0,S-C,['Novice'],"['Novice', 'Open']","{'Novice': {'is_highest_non_open_cat': True, 'no_wbr_speakers': np.int64(0), 'no_79.11plus_speakers': 0, 'no_qual_speakers': np.float64(0.0), 'no_teams2': 13, 'pts_speaking': np.float64(13.0), 'speaking_class': 'S-E'}}",15,0,15,J-E,3,,success,success,5,73,72
SSE Riga IV 2025,https://tab.pikta.lt/sseriv25/,2025,2025-12-13,TRUE,English,BP,SSE Riga IV,FALSE,University,In person,Europe,Latvia,self,,,,,28,28,0,2,1,38.0,S-E,['Novice'],"['Open', 'Novice']","{'Novice': {'is_highest_non_open_cat': True, 'no_wbr_speakers': np.int64(0), 'no_79.11plus_speakers': 0, 'no_qual_speakers': np.float64(0.0), 'no_teams2': 7, 'pts_speaking': np.float64(7.0), 'speaking_class': 'S-E'}}",7,0,7,J-E,3,,success,success,5,56,55
SSE Riga Pro-Am 2024,https://sserigaproamvii.calicotab.com/Pro-AmVIII/,2024,,TRUE,English,BP,SSE Riga Pro-Am,FALSE,University,,Europe,,self,,,,,36,36,0,0,0,36.0,S-E,[],[],{},16,0,16,J-E,0,,success,success,4,70,70
SSE Riga Pro-Am 2025,https://sserigaproam2025.calicotab.com/sserproam20254/,2025,2025-10-25,TRUE,English,BP,SSE Riga Pro-Am,FALSE,University,In person,Europe,Latvia,self,,,,,40,40,0,0,0,40.0,S-E,[],[],{},15,0,15,J-E,0,,success,success,4,80,80
St Andrews Open 2024,https://staopen2024.calicotab.com/staopen24/,2024,,TRUE,English,BP,St Andrews Open,FALSE,University,In person,IONA,Scotland,public,,,,,20,20,5,11,10.5,125.0,S-B,[],['Open'],{},13,0,13,J-E,2,,success,success,5,40,40
St Andrews Open 2025,https://standrewsopen2025.calicotab.com/standrewsopen2025/,2025,2025-03-01,TRUE,English,BP,St Andrews Open,FALSE,University,In person,IONA,Scotland,self,,,,,25,24,2,9,6.5,89.0,S-B,[],[],{},14,1,32,J-C,3,,success,success,5,48,47
St Andrews Open 2026,https://staopen2026.calicotab.com/staopen2026/,2026,2026-03-21,TRUE,English,BP,St Andrews Open,FALSE,University,In person,IONA,Scotland,public,,,,,33,32,0,8,4,72.0,S-C,['Novice'],"['Open', 'Novice']","{'Novice': {'is_highest_non_open_cat': True, 'no_wbr_speakers': np.int64(0), 'no_79.11plus_speakers': 0, 'no_qual_speakers': np.float64(0.0), 'no_teams2': 16, 'pts_speaking': np.float64(16.0), 'speaking_class': 'S-E'}}",20,0,20,J-E,2,"William Smith, Michele Liu, Nuan Ning Teioh, Ben Francis",success,success,5,64,61
St Andrews Pre-EUDC 2024,https://staspreeudc.calicotab.com/_/,2024,2024-07-06,TRUE,English,BP,St Andrews Pre-EUDC,FALSE,University,,IONA,Scotland,self,,,,,82,79,16,45,38.5,464.0,S-AA+,"['ESL', 'Pro-Am']","['ESL', 'Pro-Am']","{'ESL': {'is_highest_non_open_cat': True, 'no_wbr_speakers': np.int64(2), 'no_79.11plus_speakers': 2, 'no_qual_speakers': np.float64(3.0), 'no_teams2': 21, 'pts_speaking': np.float64(51.0), 'speaking_class': 'S-C'}, 'Pro-Am': {'is_highest_non_open_cat': False, 'no_wbr_speakers': np.int64(2), 'no_79.11plus_speakers': 2, 'no_qual_speakers': np.float64(3.0), 'no_teams2': 15, 'pts_speaking': np.float64(45.0), 'speaking_class': 'S-C'}}",46,9,208,J-A+,4,,success,success,5,162,154
St Andrews Pre-EUDC 2025,https://standrewspreeudc2025.calicotab.com/_/,2025,2025-07-05,TRUE,English,BP,St Andrews Pre-EUDC,FALSE,University,Online,IONA,Scotland,self,,,,,92,86,16,32,32,405.0,S-AA,"['Novice', 'ESL']","['Novice', 'ESL']","{'Novice': {'is_highest_non_open_cat': False, 'no_wbr_speakers': np.int64(0), 'no_79.11plus_speakers': 0, 'no_qual_speakers': np.float64(0.0), 'no_teams2': 7, 'pts_speaking': np.float64(7.0), 'speaking_class': 'S-E'}, 'ESL': {'is_highest_non_open_cat': True, 'no_wbr_speakers': np.int64(2), 'no_79.11plus_speakers': 1, 'no_qual_speakers': np.float64(2.5), 'no_teams2': 28, 'pts_speaking': np.float64(53.0), 'speaking_class': 'S-E'}}",58,6,166,J-A,4,,success,success,5,182,168
St Andrews Pre-EUDC (Part 1) 2026,https://standrewspreeudcpart1.calicotab.com/standrewspreeudcpart1/,2026,2026-04-25,TRUE,English,BP,St Andrews Pre-EUDC,FALSE,University,Online,IONA,UK,public,,,,,46,45,3,15,10.5,149.0,S-B,['ESL'],"['ESL', 'Open']","{'ESL': {'is_highest_non_open_cat': True, 'no_wbr_speakers': np.int64(1), 'no_79.11plus_speakers': 1, 'no_qual_speakers': np.float64(1.5), 'no_teams2': 15, 'pts_speaking': np.float64(30.0), 'speaking_class': 'S-E'}}",27,2,63,J-C,3,,success,success,5,90,85
St Andrews Pre-EUDC (Part 2) 2026,https://standrewspart2.calicotab.com/_/,2026,2026-06-27,TRUE,English,BP,St Andrews Pre-EUDC,FALSE,University,Online,IONA,Scotland,self,,,,,78,71,6,25,18.5,256.0,S-A+,['ESL'],"['ESL', 'Open']","{'ESL': {'is_highest_non_open_cat': True, 'no_wbr_speakers': np.int64(0), 'no_79.11plus_speakers': 0, 'no_qual_speakers': np.float64(0.0), 'no_teams2': 37, 'pts_speaking': np.float64(37.0), 'speaking_class': 'S-E'}}",42,3,96,J-B,4,,success,success,5,149,142
Stockholm Pre-EUDC 2025,https://stockholm2025.calicotab.com/stockholmpe25/,2025,2025-08-01,TRUE,English,BP,Stockholm Pre-EUDC,FALSE,University,In person,Europe,Sweden,public,,,,,21,21,4,14,11,131.0,S-B,[],[],{},8,0,8,J-E,2,,success,success,6,41,40
Strait Debate Open 2023,https://sdoofficial.calicotab.com/sdo2023/,2023,,TRUE,English,BP,Strait Debate Open,FALSE,University,,Asia,,self,,,,,36,36,0,3,1.5,51.0,S-E,['Novice'],['Novice'],"{'Novice': {'is_highest_non_open_cat': True, 'no_wbr_speakers': np.int64(0), 'no_79.11plus_speakers': 0, 'no_qual_speakers': np.float64(0.0), 'no_teams2': 11, 'pts_speaking': np.float64(11.0), 'speaking_class': 'S-E'}}",8,2,44,J-C,3,,success,success,5,72,72
Structural Reasons Pre-WUDC 2022,https://structuralreasons.calicotab.com/structural/,2022,,TRUE,English,BP,Structural Reasons Pre-WUDC,FALSE,University,,Europe,Bulgaria,self,,,,,77,76,32,51,57.5,651.0,S-AAA,[],['ESL'],{'ESL': {'is_highest_non_open_cat': True}},26,10,206,J-AA,4,,success,success,5,154,151
Structural Reasons Volume 2 2023,https://structuralreasons2.calicotab.com/_/,2023,,TRUE,English,BP,Structural Reasons Volume 2,FALSE,University,,Europe,Bulgaria,self,,,,,94,91,32,44,54,631.0,S-AAA,"['ESL', 'Novice']","['ESL', 'Novice']","{'ESL': {'is_highest_non_open_cat': True, 'no_wbr_speakers': np.int64(3), 'no_79.11plus_speakers': 7, 'no_qual_speakers': np.float64(6.5), 'no_teams2': 42, 'pts_speaking': np.float64(107.0), 'speaking_class': 'S-B'}, 'Novice': {'is_highest_non_open_cat': False, 'no_wbr_speakers': np.int64(0), 'no_79.11plus_speakers': 0, 'no_qual_speakers': np.float64(0.0), 'no_teams2': 10, 'pts_speaking': np.float64(10.0), 'speaking_class': 'S-E'}}",49,18,373,J-AA+,2,,success,success,5,187,181
Sudan & DRC Fundraiser 2025,https://ssudrcan.calicotab.com/SDRC2025/,2025,2025-03-22,TRUE,English,BP,Sudan & DRC Fundraiser,FALSE,University,Online,Europe,,public,,,,,16,16,2,2,3,46.0,S-C,[],[],{},7,1,25,J-C,5,,success,success,3,32,29
Sudan Fundraiser 2024,https://mace.calicotab.com/fundraiser2024/,2024,2024-08-17,TRUE,English,BP,Sudan Fundraiser,FALSE,University,,Africa,,self,,,,,23,20,5,6,8,100.0,S-B,[],[],{},11,0,11,J-E,3,,success,success,3,45,39
Summer National DO 2023,https://summernationaldebate.calicotab.com/sndo2023/,2023,,TRUE,English,BP,Summer National DO,FALSE,University,Online,North America,,public,,,,,80,80,1,15,8.5,165.0,S-C,['Junior'],"['Open', 'Junior']","{'Junior': {'is_highest_non_open_cat': True, 'no_wbr_speakers': np.int64(1), 'no_79.11plus_speakers': 2, 'no_qual_speakers': np.float64(2.0), 'no_teams2': 46, 'pts_speaking': np.float64(66.0), 'speaking_class': 'S-D'}}",29,2,65,J-C,6,,success,success,5,160,158
Summer Wars (2.0) 2022,https://summerwars2022.calicotab.com/SWDO2022/,2022,,,English,BP,Summer Wars,FALSE,University,,Africa,,self,,,,,60,56,0,4,2,85.0,S-D,[],['Novice'],{'Novice': {'is_highest_non_open_cat': True}},25,0,25,J-E,4,,success,success,4,121,121
Summer Wars (3.0) 2024,https://debatefoster.calicotab.com/summerwars24/,2024,,TRUE,English,BP,Summer Wars,FALSE,University,,Africa,,self,,,,,78,64,0,7,3.5,98.0,S-C,['Novice'],"['Open', 'Novice']","{'Novice': {'is_highest_non_open_cat': True, 'no_wbr_speakers': np.int64(0), 'no_79.11plus_speakers': 0, 'no_qual_speakers': np.float64(0.0), 'no_teams2': 25, 'pts_speaking': np.float64(25.0), 'speaking_class': 'S-E'}}",23,0,23,J-E,4,,success,success,5,152,118
Sunway Debate Open 2022,https://sunwaydebate.calicotab.com/sundo2022/,2022,,TRUE,English,BP,Sunway Debate Open,FALSE,University,,Asia,Malaysia,self,,,,,78,71,5,15,12.5,196.0,S-A,['Novice'],['Novice'],"{'Novice': {'is_highest_non_open_cat': True, 'no_wbr_speakers': np.int64(0), 'no_79.11plus_speakers': 0, 'no_qual_speakers': np.float64(0.0), 'no_teams2': 37, 'pts_speaking': np.float64(37.0), 'speaking_class': 'S-E'}}",36,4,108,J-B,4,,success,success,5,154,141
Sunway Debate Open 2023,https://sunwaydebate.calicotab.com/sundo2023/,2023,,TRUE,English,BP,Sunway Debate Open,FALSE,University,,Asia,Malaysia,self,,,,,91,89,11,29,25.5,344.0,S-AA,['Novice'],['Novice'],"{'Novice': {'is_highest_non_open_cat': True, 'no_wbr_speakers': np.int64(1), 'no_79.11plus_speakers': 1, 'no_qual_speakers': np.float64(1.5), 'no_teams2': 34, 'pts_speaking': np.float64(49.0), 'speaking_class': 'S-E'}}",54,2,90,J-C,5,,success,success,6,186,177
Sunway Debate Open 2024,https://sunwaydebate.calicotab.com/sundo2024/,2024,2024-08-24,TRUE,English,BP,Sunway Debate Open,FALSE,University,,Asia,Malaysia,self,,,,,32,32,4,4,6,92.0,S-B,['Novice'],['Novice'],"{'Novice': {'is_highest_non_open_cat': True, 'no_wbr_speakers': np.int64(0), 'no_79.11plus_speakers': 0, 'no_qual_speakers': np.float64(0.0), 'no_teams2': 13, 'pts_speaking': np.float64(13.0), 'speaking_class': 'S-E'}}",11,2,47,J-C,6,,success,success,5,66,64
Sunway Debate Open 2025,https://sunwaydebate.calicotab.com/sundo2025/,2025,2025-08-09,TRUE,English,BP,Sunway Debate Open,FALSE,University,Online,Asia,Malaysia,public,,,,,80,75,6,18,15,226.0,S-A,['Novice'],['Novice'],"{'Novice': {'is_highest_non_open_cat': True, 'no_wbr_speakers': np.int64(0), 'no_79.11plus_speakers': 0, 'no_qual_speakers': np.float64(0.0), 'no_teams2': 19, 'pts_speaking': np.float64(19.0), 'speaking_class': 'S-E'}}",19,2,55,J-C,5,,success,success,6,169,154
Sunway Debate Open 2026,https://sunwaydebate.calicotab.com/sundo2026/,2026,2026-08-15,TRUE,English,BP,Sunway Debate Open,FALSE,University,Online,Asia,Malaysia,self,,,,,87,83,4,19,13.5,218.0,S-A,['Novice'],"['Novice', 'Open']","{'Novice': {'is_highest_non_open_cat': True, 'no_wbr_speakers': np.int64(0), 'no_79.11plus_speakers': 0, 'no_qual_speakers': np.float64(0.0), 'no_teams2': 23, 'pts_speaking': np.float64(23.0), 'speaking_class': 'S-E'}}",29,0,29,J-E,3,,success,success,5,173,165
Sunway Pre-Nationals 2023,https://sunwaydebate.calicotab.com/spren2023/,2023,,TRUE,English,BP,Sunway Pre-Nationals,FALSE,University,,Asia,Malaysia,self,,,,,62,59,8,5,10.5,167.0,S-B,['Novice'],['Novice'],"{'Novice': {'is_highest_non_open_cat': True, 'no_wbr_speakers': np.int64(2), 'no_79.11plus_speakers': 0, 'no_qual_speakers': np.float64(2.0), 'no_teams2': 17, 'pts_speaking': np.float64(37.0), 'speaking_class': 'S-E'}}",30,1,48,J-C,4,,success,success,6,128,123
Surabaya Open 2023,https://surabaya-open2023.au-tab.app/so2023/,2023,,TRUE,English,BP,Surabaya Open,FALSE,University,,Asia,,self,,,,,33,32,1,9,5.5,85.0,S-C,[],[],{},9,2,45,J-C,1,"Bobby Ongkojoyo, Daud Hernoud, Banun Sabri",success,success,4,66,64
Surprise IV 2022,https://surpriseiv.calicotab.com/surprise22/,2022,,FALSE,English,BP,Surprise IV,FALSE,University,,North America,,self,,,,,16,16,0,2,1,26.0,S-E,[],[],{},7,0,7,J-E,4,,success,success,4,32,32
Swan IV 2023,https://swaniv23.calicotab.com/swaniv23/,2023,,TRUE,English,BP,Swan IV,FALSE,University,,IONA,,self,,,,,13,12,0,0,0,12.0,S-E,[],[],{},6,0,6,J-E,3,,success,success,3,24,22
Sydney Mini 2018,https://usutabs2018.calicotab.com/mini2018/,2018,,TRUE,English,BP,Sydney Mini,FALSE,University,In person,Oceania,Australia,self,,,,,40,40,8,32,24,278.0,S-AA,[],['Open'],{},21,3,75,J-B,3,,success,success,5,92,76
Sydney Mini 2019,https://usutabs2019.calicotab.com/mini/,2019,,TRUE,English,BP,Sydney Mini,FALSE,University,In person,Oceania,Australia,self,,,,,42,41,16,24,28,318.0,S-AA,[],['Open'],{},21,6,129,J-A,2,,success,success,5,87,79
Sydney Mini 2022,https://sydmini2022.calicotab.com/sydmini2022/,2022,,FALSE,English,BP,Sydney Mini,FALSE,University,,Oceania,Australia,self,,,,,34,32,6,20,16,192.0,S-A,[],[],{},19,1,37,J-C,2,,success,success,5,68,64
Sydney Mini 2023,https://sydneymini2023.calicotab.com/sydneymini2023/,2023,,TRUE,English,BP,Sydney Mini,FALSE,University,,Oceania,Australia,self,,,,,36,36,18,25,30.5,340.0,S-AA,[],[],{},21,5,111,J-A,4,,success,success,5,72,69
Sydney Mini 2024,https://sydmini2024.calicotab.com/sydmini24/,2024,2024-12-13,TRUE,English,BP,Sydney Mini,FALSE,University,,Oceania,Australia,self,,,,,40,40,23,25,35.5,395.0,S-AA,['Novice'],['Novice'],"{'Novice': {'is_highest_non_open_cat': True, 'no_wbr_speakers': np.int64(0), 'no_79.11plus_speakers': 0, 'no_qual_speakers': np.float64(0.0), 'no_teams2': 7, 'pts_speaking': np.float64(7.0), 'speaking_class': 'S-E'}}",18,5,108,J-A,4,,success,success,5,78,76
Sydney Mini 2025,http://www.sydneymini2025.calicotab.com/sydneymini2025/tab/speaker/,2025,2025-12-12,TRUE,English,BP,Sydney Mini,FALSE,University,In person,Oceania,Australia,public,,,,,24,21,15,23,26.5,286.0,S-AA,[],['Open'],{},20,1,38,J-C,4,,success,success,5,49,42
Symbiosis Law School PD 2023,https://sls.calicotab.com/slspd2023/,2023,,TRUE,English,BP,Symbiosis Law School PD,FALSE,University,,Asia,India,self,,,,,37,36,0,3,1.5,51.0,S-E,['Novice'],"['Novice', 'Open']","{'Novice': {'is_highest_non_open_cat': True, 'no_wbr_speakers': np.int64(0), 'no_79.11plus_speakers': 0, 'no_qual_speakers': np.float64(0.0), 'no_teams2': 22, 'pts_speaking': np.float64(22.0), 'speaking_class': 'S-E'}}",27,1,45,J-C,6,,success,success,5,74,72
Symbiosis Law School PD 2024,https://sls.calicotab.com/slspd2024/,2024,,TRUE,English,BP,Symbiosis Law School PD,FALSE,University,,Asia,India,self,,,,,48,48,1,3,2.5,73.0,S-D,['Novice'],"['Novice', 'Open']","{'Novice': {'is_highest_non_open_cat': True, 'no_wbr_speakers': np.int64(0), 'no_79.11plus_speakers': 0, 'no_qual_speakers': np.float64(0.0), 'no_teams2': 29, 'pts_speaking': np.float64(29.0), 'speaking_class': 'S-E'}}",36,2,72,J-C,5,,success,success,5,96,96
Symbiosis Law School PD 2025,https://sls.calicotab.com/slspd2025/,2025,,TRUE,English,BP,Symbiosis Law School PD,FALSE,University,,Asia,India,self,,,,,64,64,1,4,3,94.0,S-C,['Novice'],"['Novice', 'Open']","{'Novice': {'is_highest_non_open_cat': True, 'no_wbr_speakers': np.int64(0), 'no_79.11plus_speakers': 0, 'no_qual_speakers': np.float64(0.0), 'no_teams2': 47, 'pts_speaking': np.float64(47.0), 'speaking_class': 'S-E'}}",43,1,61,J-C,6,,success,success,5,128,128
Symbiosis Law School PD 2026,https://sls.calicotab.com/slspd2026/,2026,,TRUE,English,BP,Symbiosis Law School PD,FALSE,University,,Asia,India,self,,,,,54,51,0,7,3.5,86.0,S-C,['Novice'],"['Novice', 'Open']","{'Novice': {'is_highest_non_open_cat': True, 'no_wbr_speakers': np.int64(0), 'no_79.11plus_speakers': 0, 'no_qual_speakers': np.float64(0.0), 'no_teams2': 38, 'pts_speaking': np.float64(38.0), 'speaking_class': 'S-E'}}",38,0,38,J-E,5,,success,success,5,108,102
SZABIST IV 2024,https://zabiv.calicotab.com/zabiv2024/,2024,,TRUE,English,BP,SZABIST IV,FALSE,University,In person,Asia,Pakistan,public,,,,,28,28,0,3,1.5,43.0,S-E,[],[],{},7,0,7,J-E,4,,success,success,5,56,56
Tabtastic Autumn Open 2023,https://autumnopen2023.calicotab.com/_/,2023,2023-07-10,TRUE,English,BP,Tabtastic Autumn Open,FALSE,University,Online,IONA,Ireland,public,,,,,48,44,13,17,21.5,259.0,S-A+,"['Pro-Am', 'ESL']","['Pro-Am', 'ESL']","{'Pro-Am': {'is_highest_non_open_cat': False, 'no_wbr_speakers': np.int64(0), 'no_79.11plus_speakers': 0, 'no_qual_speakers': np.float64(0.0), 'no_teams2': 13, 'pts_speaking': np.float64(13.0), 'speaking_class': 'S-E'}, 'ESL': {'is_highest_non_open_cat': True, 'no_wbr_speakers': np.int64(0), 'no_79.11plus_speakers': 1, 'no_qual_speakers': np.float64(0.5), 'no_teams2': 20, 'pts_speaking': np.float64(25.0), 'speaking_class': 'S-E'}}",17,5,107,J-A,5,,success,success,5,95,88
Tabtastic Spring Open 2023,https://springopen2023.calicotab.com/_/,2023,,TRUE,English,BP,Tabtastic Spring Open,FALSE,University,,IONA,Ireland,self,,,,,63,57,14,23,25.5,312.0,S-AA,['ESL'],['ESL'],"{'ESL': {'is_highest_non_open_cat': True, 'no_wbr_speakers': np.int64(0), 'no_79.11plus_speakers': 1, 'no_qual_speakers': np.float64(0.5), 'no_teams2': 25, 'pts_speaking': np.float64(30.0), 'speaking_class': 'S-E'}}",23,11,221,J-AA,4,,success,success,5,121,110
Tabtastic Summer Open 2023,https://summeropen2023.calicotab.com/_/,2023,2023-07-01,TRUE,English,BP,Tabtastic Summer Open,FALSE,University,Online,Europe,Ireland,public,,,,,76,72,21,25,33.5,407.0,S-AA,"['Novice', 'ESL']","['Novice', 'ESL']","{'Novice': {'is_highest_non_open_cat': False, 'no_wbr_speakers': np.int64(0), 'no_79.11plus_speakers': 0, 'no_qual_speakers': np.float64(0.0), 'no_teams2': 16, 'pts_speaking': np.float64(16.0), 'speaking_class': 'S-E'}, 'ESL': {'is_highest_non_open_cat': True, 'no_wbr_speakers': np.int64(3), 'no_79.11plus_speakers': 0, 'no_qual_speakers': np.float64(3.0), 'no_teams2': 25, 'pts_speaking': np.float64(55.0), 'speaking_class': 'S-C'}}",40,9,202,J-A+,4,,success,success,5,151,144
Taft Debate Open 2024,https://taftdebateopen2024.calicotab.com/tdo2024/,2024,2024-10-26,TRUE,English,BP,Taft Debate Open,FALSE,University,Online,Asia,Philippines,public,,,,,70,66,2,7,5.5,120.0,S-C,"['Novice', 'Highschool']",['Novice'],"{'Novice': {'is_highest_non_open_cat': True, 'no_wbr_speakers': np.int64(0), 'no_79.11plus_speakers': 0, 'no_qual_speakers': np.float64(0.0), 'no_teams2': 30, 'pts_speaking': np.float64(30.0), 'speaking_class': 'S-E'}}",40,0,40,J-E,4,"Pao Taino, Jill Aycardo, Naomi Ang, Bea Anlacan",success,success,4,140,132
Taipei DO 2024,https://taipeidebateopen2024.calicotab.com/taipeidebateopen2024/,2024,,TRUE,English,BP,Taipei DO,FALSE,University,,Asia,Taiwan,self,,,,,20,20,1,0,1,30.0,S-E,[],['Open'],{},8,3,62,J-B,4,,success,success,5,40,40
Tartu Pre-EUDC 2026,https://tartupreeudc.calicotab.com/t/,2026,2026-06-20,TRUE,English,BP,Tartu Pre-EUDC,FALSE,University,Online,Europe,Estonia,self,,,,,29,21,2,6,5,71.0,S-C,[],['Open'],{},16,1,34,J-C,3,"Tanel Mütt, Kristjan Suuder, Lucy Murphy",success,success,5,51,42
Taylor's Debate Open 2022,https://taydo2022.calicotab.com/taydo2022/,2022,,TRUE,English,BP,Taylor's Debate Open,FALSE,University,,Asia,Malaysia,self,,,,,42,42,8,5,10.5,146.0,S-B,['Novice'],"['Open', 'Novice']","{'Novice': {'is_highest_non_open_cat': True, 'no_wbr_speakers': np.int64(0), 'no_79.11plus_speakers': 0, 'no_qual_speakers': np.float64(0.0), 'no_teams2': 24, 'pts_speaking': np.float64(24.0), 'speaking_class': 'S-E'}}",33,3,87,J-B,3,,success,success,4,125,125
Taylor's Debate Open 2023,https://taylorsdebate.calicotab.com/taydo2023/,2023,,TRUE,English,BP,Taylor's Debate Open,FALSE,University,,Asia,Malaysia,self,,,,,52,52,2,11,7.5,123.0,S-B,['Novice'],"['Open', 'Novice']","{'Novice': {'is_highest_non_open_cat': True, 'no_wbr_speakers': np.int64(0), 'no_79.11plus_speakers': 0, 'no_qual_speakers': np.float64(0.0), 'no_teams2': 25, 'pts_speaking': np.float64(25.0), 'speaking_class': 'S-E'}}",21,1,39,J-C,3,,success,success,4,105,103
Taylor's Debate Open 2024,https://taydo2022.calicotab.com/taydo2024/,2024,,TRUE,English,BP,Taylor's Debate Open,FALSE,University,,Asia,Malaysia,self,,,,,48,48,1,3,2.5,73.0,S-D,"['Novice', 'Schools']","['Open', 'High School', 'Novice']","{'High School': {'is_highest_non_open_cat': False}, 'Novice': {'is_highest_non_open_cat': True, 'no_wbr_speakers': np.int64(0), 'no_79.11plus_speakers': 0, 'no_qual_speakers': np.float64(0.0), 'no_teams2': 30, 'pts_speaking': np.float64(30.0), 'speaking_class': 'S-E'}}",17,0,17,J-E,5,,success,success,4,96,96
Taylor's Debate Open 2025,https://taydo2022.calicotab.com/taydo2025/,2025,,TRUE,English,BP,Taylor's Debate Open,FALSE,University,,Asia,Malaysia,self,,,,,41,40,4,7,7.5,115.0,S-B,"['Schools', 'Novice']","['Schools', 'Novice']","{'Schools': {'is_highest_non_open_cat': False, 'no_wbr_speakers': np.int64(0), 'no_79.11plus_speakers': 0, 'no_qual_speakers': np.float64(0.0), 'no_teams2': 13, 'pts_speaking': np.float64(13.0), 'speaking_class': 'S-E'}, 'Novice': {'is_highest_non_open_cat': True, 'no_wbr_speakers': np.int64(0), 'no_79.11plus_speakers': 0, 'no_qual_speakers': np.float64(0.0), 'no_teams2': 23, 'pts_speaking': np.float64(23.0), 'speaking_class': 'S-E'}}",13,0,13,J-E,3,,success,success,5,82,79
Taylor's KL Charity Pro-Am 2025,https://klcharityproams25.calicotab.com/klcharity25/,2025,,TRUE,English,BP,Taylor's KL Charity Pro-Am,FALSE,University,,Asia,Malaysia,self,,,,,29,28,0,0,0,28.0,S-E,['Am-Am'],"['Open', 'Am-Am']","{'Am-Am': {'is_highest_non_open_cat': True, 'no_wbr_speakers': np.int64(0), 'no_79.11plus_speakers': 0, 'no_qual_speakers': np.float64(0.0), 'no_teams2': 10, 'pts_speaking': np.float64(10.0), 'speaking_class': 'S-E'}}",8,1,26,J-C,3,,success,success,5,56,54
Technion Open 2023,https://technion2023.calicotab.com/_/,2023,,TRUE,English,BP,Technion Open,FALSE,University,,Europe,,self,,,,,58,56,4,14,11,165.0,S-B,['ESL'],['ESL'],"{'ESL': {'is_highest_non_open_cat': True, 'no_wbr_speakers': np.int64(1), 'no_79.11plus_speakers': 2, 'no_qual_speakers': np.float64(2.0), 'no_teams2': 33, 'pts_speaking': np.float64(53.0), 'speaking_class': 'S-E'}}",23,7,149,J-A,5,,success,success,5,115,112
Technion Open 2026,https://technionopen26.calicotab.com/Technion26/,2026,2026-05-16,TRUE,English,BP,Technion Open,FALSE,University,Online,Europe,Israel,self,,,,,34,32,5,10,10,132.0,S-B,['ESL'],"['Open', 'ESL']","{'ESL': {'is_highest_non_open_cat': True, 'no_wbr_speakers': np.int64(0), 'no_79.11plus_speakers': 1, 'no_qual_speakers': np.float64(0.5), 'no_teams2': 16, 'pts_speaking': np.float64(21.0), 'speaking_class': 'S-E'}}",20,2,56,J-C,5,,success,success,5,67,64
Thane Pre-ABP 2026,https://thanepreabp.calicotab.com/thanepreabp2026/,2026,2026-08-08,TRUE,English,BP,Thane Pre-ABP,FALSE,University,Online,Asia,,self,,,,,86,76,5,13,11.5,190.0,S-B,['Novice'],"['Novice', 'Open']","{'Novice': {'is_highest_non_open_cat': True, 'no_wbr_speakers': np.int64(0), 'no_79.11plus_speakers': 0, 'no_qual_speakers': np.float64(0.0), 'no_teams2': 23, 'pts_speaking': np.float64(23.0), 'speaking_class': 'S-E'}}",43,2,79,J-C,5,,success,success,5,172,149
The Call Out 2022,https://thecallout2022.calicotab.com/_/,2022,,TRUE,English,BP,The Call Out,FALSE,University,,Africa,,self,,,,,32,30,4,15,11.5,145.0,S-B,['ESL'],['ESL'],"{'ESL': {'is_highest_non_open_cat': True, 'no_wbr_speakers': np.int64(3), 'no_79.11plus_speakers': 6, 'no_qual_speakers': np.float64(6.0), 'no_teams2': 15, 'pts_speaking': np.float64(75.0), 'speaking_class': 'S-B'}}",13,1,31,J-C,2,,success,success,4,63,58
The Call Out DOC 2021,https://mace.calicotab.com/tco2021/,2021,,,English,BP,The Call Out DOC,FALSE,University,,Africa,,self,,,,,41,36,0,1,0.5,41.0,S-E,[],[],{},19,0,19,J-E,6,,success,success,4,76,68
The Delhi Debate 2024,https://thedelhidebate2024.calicotab.com/delhidebate2024/,2024,2024-07-12,TRUE,English,BP,The Delhi Debate,FALSE,University,,Asia,India,self,,,,,88,83,1,0,1,92.0,S-D,['Novice'],['Novice'],"{'Novice': {'is_highest_non_open_cat': True, 'no_wbr_speakers': np.int64(0), 'no_79.11plus_speakers': 0, 'no_qual_speakers': np.float64(0.0), 'no_teams2': 39, 'pts_speaking': np.float64(39.0), 'speaking_class': 'S-E'}}",49,1,67,J-C,5,,success,success,5,176,162
The Delhi Debate 2025,https://thedelhidebate2025.calicotab.com/thedelhidebate2025/,2025,,TRUE,English,BP,The Delhi Debate,FALSE,University,,Asia,India,self,,,,,47,43,1,3,2.5,66.0,S-D,['Novice'],"['Novice', 'Open']","{'Novice': {'is_highest_non_open_cat': True, 'no_wbr_speakers': np.int64(0), 'no_79.11plus_speakers': 0, 'no_qual_speakers': np.float64(0.0), 'no_teams2': 14, 'pts_speaking': np.float64(14.0), 'speaking_class': 'S-E'}}",33,0,33,J-E,2,,success,success,5,94,83
The Global Summer Open 2025,https://gsdctab.calicotab.com/TGSO25/,2025,2025-06-14,TRUE,English,BP,The Global Summer Open,FALSE,University,Online,Asia,Philippines,public,,,,,60,57,0,0,0,57.0,S-E,['Novice'],['Novice'],"{'Novice': {'is_highest_non_open_cat': True, 'no_wbr_speakers': np.int64(0), 'no_79.11plus_speakers': 0, 'no_qual_speakers': np.float64(0.0), 'no_teams2': 27, 'pts_speaking': np.float64(27.0), 'speaking_class': 'S-E'}}",46,0,46,J-D,2,,success,success,5,120,114
The RV Debating Tournament 2022,https://rvdt.calicotab.com/rvdt2022/,2022,,FALSE,English,BP,The RV Debating Tournament,FALSE,University,,Africa,,self,,,,,49,46,0,4,2,66.0,S-D,['Novice'],['Novice'],"{'Novice': {'is_highest_non_open_cat': True, 'no_wbr_speakers': np.int64(0), 'no_79.11plus_speakers': 0, 'no_qual_speakers': np.float64(0.0), 'no_teams2': 11, 'pts_speaking': np.float64(11.0), 'speaking_class': 'S-E'}}",26,0,26,J-E,4,,success,success,5,98,90
Theology Open 2021,https://tabtastic.calicotab.com/theologyopen2021/,2021,,FALSE,English,BP,Theology Open,FALSE,University,,IONA,,self,,,,,33,32,2,19,11.5,147.0,S-B,[],[],{},27,0,27,J-E,3,"Katharina Margareta Jansen, Miriam Kalman, Uphie Abdurrahman",success,success,4,66,64
Tilburg Open 2024,https://tilburgopen2024.calicotab.com/TilburgOpen2024/,2024,2024-02-17,TRUE,English,BP,Tilburg Open,FALSE,University,In person,Europe,Netherlands,public,,,,,21,20,1,9,5.5,75.0,S-C,['Pro-Am'],['Pro-Am'],"{'Pro-Am': {'is_highest_non_open_cat': True, 'no_wbr_speakers': np.int64(0), 'no_79.11plus_speakers': 0, 'no_qual_speakers': np.float64(0.0), 'no_teams2': 9, 'pts_speaking': np.float64(9.0), 'speaking_class': 'S-E'}}",10,0,10,J-E,4,,success,success,5,42,38
TOA Kampala Pre-EAUDC 2026,https://inspired.calicotab.com/pre_eaudc2026/,2026,,TRUE,English,BP,TOA Kampala Pre-EAUDC,FALSE,University,,Africa,,self,,,,,66,55,0,7,3.5,88.0,S-C,[],['Open'],{},13,0,13,J-E,4,,success,success,5,131,99
Tokyo IV 2023,https://tokyoiv2023.calicotab.com/tokyoiv2023/,2023,,TRUE,English,BP,Tokyo IV,FALSE,University,,Asia,Japan,self,,,,,94,90,10,32,26,348.0,S-AA,['Novice'],['Novice'],"{'Novice': {'is_highest_non_open_cat': True, 'no_wbr_speakers': np.int64(0), 'no_79.11plus_speakers': 0, 'no_qual_speakers': np.float64(0.0), 'no_teams2': 22, 'pts_speaking': np.float64(22.0), 'speaking_class': 'S-E'}}",44,6,152,J-A,4,,success,success,5,187,179
Tokyo IV 2025,https://tokyoiv2025.calicotab.com/tokyoiv2025/,2025,2025-09-06,TRUE,English,BP,Tokyo IV,FALSE,University,Online,Asia,Japan,self,,,,,115,112,9,21,19.5,305.0,S-A+,"['ESL', 'Novice']","['ESL', 'Novice']","{'ESL': {'is_highest_non_open_cat': True, 'no_wbr_speakers': np.int64(1), 'no_79.11plus_speakers': 1, 'no_qual_speakers': np.float64(1.5), 'no_teams2': 50, 'pts_speaking': np.float64(65.0), 'speaking_class': 'S-D'}, 'Novice': {'is_highest_non_open_cat': False, 'no_wbr_speakers': np.int64(0), 'no_79.11plus_speakers': 0, 'no_qual_speakers': np.float64(0.0), 'no_teams2': 27, 'pts_speaking': np.float64(27.0), 'speaking_class': 'S-E'}}",57,8,201,J-A+,2,,success,success,5,229,223
Transform OA Varsities (1.0) 2024,https://debatefoster.calicotab.com/toavarsities/,2024,,TRUE,English,BP,Transform OA Varsities,FALSE,University,,Africa,,self,,,,,65,52,0,4,2,70.0,S-D,[],['Open'],{},25,0,25,J-E,3,,success,success,5,123,92
Trinity IV 2021,https://tabtastic.calicotab.com/trinityiv2021/,2021,,FALSE,English,BP,Trinity IV,FALSE,University,,IONA,Ireland,self,,,,,74,70,2,22,13,200.0,S-B,"['ESL', 'Pro-Am']","['ESL', 'Pro-Am']","{'ESL': {'is_highest_non_open_cat': True, 'no_wbr_speakers': np.int64(0), 'no_79.11plus_speakers': 0, 'no_qual_speakers': np.float64(0.0), 'no_teams2': 16, 'pts_speaking': np.float64(16.0), 'speaking_class': 'S-E'}, 'Pro-Am': {'is_highest_non_open_cat': False, 'no_wbr_speakers': np.int64(0), 'no_79.11plus_speakers': 0, 'no_qual_speakers': np.float64(0.0), 'no_teams2': 18, 'pts_speaking': np.float64(18.0), 'speaking_class': 'S-E'}}",39,4,111,J-B,3,,success,success,5,148,138
Trinity IV 2022,https://trinity2022.calicotab.com/iv/,2022,,FALSE,English,BP,Trinity IV,FALSE,University,,IONA,Ireland,self,,,,,85,83,15,22,26,343.0,S-AA,"['ESL', 'Pro-Am']","['ESL', 'Pro-Am']","{'ESL': {'is_highest_non_open_cat': True, 'no_wbr_speakers': np.int64(0), 'no_79.11plus_speakers': 0, 'no_qual_speakers': np.float64(0.0), 'no_teams2': 22, 'pts_speaking': np.float64(22.0), 'speaking_class': 'S-E'}, 'Pro-Am': {'is_highest_non_open_cat': False, 'no_wbr_speakers': np.int64(1), 'no_79.11plus_speakers': 1, 'no_qual_speakers': np.float64(1.5), 'no_teams2': 34, 'pts_speaking': np.float64(49.0), 'speaking_class': 'S-E'}}",50,14,302,J-AA,4,,success,success,5,169,165
Trinity IV 2023,https://trinity2023.calicotab.com/iv/,2023,,TRUE,English,BP,Trinity IV,FALSE,University,,IONA,Ireland,self,,,,,57,56,9,21,19.5,251.0,S-A+,['Novice'],['Novice'],"{'Novice': {'is_highest_non_open_cat': True, 'no_wbr_speakers': np.int64(0), 'no_79.11plus_speakers': 0, 'no_qual_speakers': np.float64(0.0), 'no_teams2': 14, 'pts_speaking': np.float64(14.0), 'speaking_class': 'S-E'}}",32,11,230,J-AA,4,,success,success,5,114,110
Trinity IV 2024,https://trinity2024.calicotab.com/iv/,2024,2024-02-10,TRUE,English,BP,Trinity IV,FALSE,University,,IONA,Ireland,self,,,,,45,44,8,17,16.5,208.0,S-A,['Novice'],[],{},27,3,81,J-B,4,,success,success,5,90,87
Trinity IV 2025,https://trinityiv2025.calicotab.com/trinityiv2025/,2025,2025-02-08,TRUE,English,BP,Trinity IV,FALSE,University,In person,IONA,Ireland,self,,,,,53,52,9,21,19.5,247.0,S-A+,['Novice'],['Novice'],"{'Novice': {'is_highest_non_open_cat': True, 'no_wbr_speakers': np.int64(0), 'no_79.11plus_speakers': 0, 'no_qual_speakers': np.float64(0.0), 'no_teams2': 18, 'pts_speaking': np.float64(18.0), 'speaking_class': 'S-E'}}",28,4,100,J-B,3,,success,success,5,106,104
Trinity IV 2026,https://trinityiv2026.calicotab.com/trinityiv2026/,2026,2026-02-07,TRUE,English,BP,Trinity IV,FALSE,University,In person,IONA,Ireland,self,,,,,72,72,9,22,20,272.0,S-A+,['Novice'],"['Open', 'Novice']","{'Novice': {'is_highest_non_open_cat': True, 'no_wbr_speakers': np.int64(0), 'no_79.11plus_speakers': 0, 'no_qual_speakers': np.float64(0.0), 'no_teams2': 29, 'pts_speaking': np.float64(29.0), 'speaking_class': 'S-E'}}",60,5,150,J-A,3,,success,success,5,144,143
Trinity Open 2023,https://trinityopen2023.calicotab.com/trinityopen2023/,2023,,TRUE,English,BP,Trinity Open,FALSE,University,,IONA,Ireland,self,,,,,44,44,8,23,19.5,239.0,S-A+,['ProAm'],['ProAm'],"{'ProAm': {'is_highest_non_open_cat': True, 'no_wbr_speakers': np.int64(0), 'no_79.11plus_speakers': 2, 'no_qual_speakers': np.float64(1.0), 'no_teams2': 17, 'pts_speaking': np.float64(27.0), 'speaking_class': 'S-E'}}",22,3,76,J-B,4,,success,success,5,87,84
Trinity Open 2024,https://trinityopen2024.calicotab.com/trinityopen2024/,2024,,TRUE,English,BP,Trinity Open,FALSE,University,In person,IONA,Ireland,public,,,,,28,28,5,21,15.5,183.0,S-A,['Pro-am/ Novice'],[],{},24,1,42,J-C,2,,success,success,5,56,56
Trinity Open 2025,https://trinityopen2025.calicotab.com/trinityopen2025/,2025,2025-05-31,TRUE,English,BP,Trinity Open,FALSE,University,In person,IONA,Ireland,self,,,,,41,40,3,12,9,130.0,S-B,['Novice'],['Novice'],"{'Novice': {'is_highest_non_open_cat': True, 'no_wbr_speakers': np.int64(0), 'no_79.11plus_speakers': 0, 'no_qual_speakers': np.float64(0.0), 'no_teams2': 12, 'pts_speaking': np.float64(12.0), 'speaking_class': 'S-E'}}",25,3,79,J-B,5,,success,success,5,82,79
Trinity Open 2026,https://trinityopen2026.calicotab.com/trinityopen2026/,2026,2026-06-06,TRUE,English,BP,Trinity Open,FALSE,University,In person,IONA,Ireland,self,,,,,40,40,4,19,13.5,175.0,S-A,['Novice/ Pro-Am'],"['Open', 'Pro-Am']",{'Pro-Am': {'is_highest_non_open_cat': True}},26,1,44,J-C,4,,success,success,5,80,78
Turkey Pre-WUDC 2025,https://tabserverofturkey.calicotab.com/turkeyonlineprewudc2025/,2025,2025-09-13,TRUE,English,BP,Turkey Pre-WUDC,FALSE,University,Online,Europe,Turkey,self,,,,,41,31,0,5,2.5,56.0,S-E,['ESL'],['ESL'],"{'ESL': {'is_highest_non_open_cat': True, 'no_wbr_speakers': np.int64(0), 'no_79.11plus_speakers': 0, 'no_qual_speakers': np.float64(0.0), 'no_teams2': 18, 'pts_speaking': np.float64(18.0), 'speaking_class': 'S-E'}}",28,0,28,J-E,3,,success,success,5,74,60
U Queensland Online Open 2025,https://uqonlineopen2025.calicotab.com/uqonlineopen2025/,2025,2025-08-23,TRUE,English,BP,U Queensland Online Open,FALSE,University,Online,Oceania,Australia,self,,,,,32,32,7,7,10.5,136.0,S-B,[],[],{},19,1,37,J-C,3,,success,success,5,64,62
U Queensland Pre-WUDC 2025,https://uqprewudc2025.calicotab.com/uqprewudc2025/,2025,2025-11-29,TRUE,English,BP,U Queensland Pre-WUDC,FALSE,University,Online,Oceania,Australia,self,,,,,24,19,1,2,2,38.0,S-E,[],[],{},12,0,12,J-E,4,,success,success,3,47,35
UBC IV 2024,https://ubcivfall2024.calicotab.com/ubciv2024/,2024,,TRUE,English,BP,UBC IV,FALSE,University,,North America,Canada,self,,,,,33,32,0,2,1,40.0,S-E,['Novice'],"['Novice', 'Open']","{'Novice': {'is_highest_non_open_cat': True, 'no_wbr_speakers': np.int64(0), 'no_79.11plus_speakers': 0, 'no_qual_speakers': np.float64(0.0), 'no_teams2': 10, 'pts_speaking': np.float64(10.0), 'speaking_class': 'S-E'}}",13,0,13,J-E,4,,success,success,5,63,61
UC Riverside IV 2024,https://ucriv2024.calicotab.com/ucriv2024/,2024,,TRUE,English,BP,UC Riverside IV,FALSE,University,Hybrid,North America,,public,,,,,17,16,0,1,0.5,21.0,S-E,[],[],{},10,0,10,J-E,1,,success,success,3,34,32
UCD Peter Maguire IV 2022,https://petermaguireiv.calicotab.com/petermaguireiv2022/,2022,,TRUE,English,BP,UCD Peter Maguire IV,FALSE,University,,IONA,Ireland,self,,,,,33,32,5,9,9.5,127.0,S-B,['ProAm'],['ProAm'],"{'ProAm': {'is_highest_non_open_cat': True, 'no_wbr_speakers': np.int64(0), 'no_79.11plus_speakers': 0, 'no_qual_speakers': np.float64(0.0), 'no_teams2': 17, 'pts_speaking': np.float64(17.0), 'speaking_class': 'S-E'}}",18,1,36,J-C,3,,success,success,5,66,64
UCD Peter Maguire IV 2023,https://pmiv23.calicotab.com/_/,2023,,TRUE,English,BP,UCD Peter Maguire IV,FALSE,University,,IONA,Ireland,self,,,,,31,28,4,8,8,108.0,S-B,['Novice'],['Novice'],"{'Novice': {'is_highest_non_open_cat': True, 'no_wbr_speakers': np.int64(0), 'no_79.11plus_speakers': 0, 'no_qual_speakers': np.float64(0.0), 'no_teams2': 13, 'pts_speaking': np.float64(13.0), 'speaking_class': 'S-E'}}",25,2,61,J-C,4,,success,success,5,61,55
UCD Peter Maguire IV 2025,https://petermaguire2025.calicotab.com/petermaguire2025/,2025,2025-01-25,TRUE,English,BP,UCD Peter Maguire IV,FALSE,University,In person,IONA,Ireland,public,,,,,29,28,3,10,8,107.0,S-B,['Novice'],['Novice'],"{'Novice': {'is_highest_non_open_cat': True, 'no_wbr_speakers': np.int64(0), 'no_79.11plus_speakers': 0, 'no_qual_speakers': np.float64(0.0), 'no_teams2': 13, 'pts_speaking': np.float64(13.0), 'speaking_class': 'S-E'}}",16,1,34,J-C,3,,success,success,5,54,54
UCL Autumn Champs 2025,https://uclautumnchamps2025.calicotab.com/autumnchamps2025/,2025,,TRUE,English,BP,UCL Autumn Champs,FALSE,University,In person,IONA,England,self,,,,,20,20,0,0,0,20.0,S-E,[],[],{},10,0,10,J-E,0,,success,success,4,40,40
UCL IV 2021,https://ucl.calicotab.com/iv2021/,2021,,FALSE,English,BP,UCL IV,FALSE,University,,IONA,England,self,,,,,28,24,1,9,5.5,79.0,S-C,['Pro-Am'],['Pro-Am'],"{'Pro-Am': {'is_highest_non_open_cat': True, 'no_wbr_speakers': np.int64(0), 'no_79.11plus_speakers': 0, 'no_qual_speakers': np.float64(0.0), 'no_teams2': 7, 'pts_speaking': np.float64(7.0), 'speaking_class': 'S-E'}}",15,3,69,J-B,4,,success,success,5,55,47
UCL IV 2023,https://ucliv2023.calicotab.com/_/,2023,,TRUE,English,BP,UCL IV,FALSE,University,,IONA,England,self,,,,,41,40,5,21,15.5,195.0,S-A,['Pro-Am'],['Pro-Am'],"{'Pro-Am': {'is_highest_non_open_cat': True, 'no_wbr_speakers': np.int64(0), 'no_79.11plus_speakers': 4, 'no_qual_speakers': np.float64(2.0), 'no_teams2': 26, 'pts_speaking': np.float64(46.0), 'speaking_class': 'S-E'}}",23,1,41,J-C,2,"Umar Buckus, Joseph Lewis, Klaudia Maciejewska",success,success,5,82,80
UCL IV 2024,https://ucliv24.calicotab.com/ucliv2024/,2024,2024-03-23,TRUE,English,BP,UCL IV,FALSE,University,,IONA,England,self,,,,,30,28,3,10,8,108.0,S-B,['Pro-Am'],['Pro-Am'],"{'Pro-Am': {'is_highest_non_open_cat': True, 'no_wbr_speakers': np.int64(0), 'no_79.11plus_speakers': 2, 'no_qual_speakers': np.float64(1.0), 'no_teams2': 15, 'pts_speaking': np.float64(25.0), 'speaking_class': 'S-E'}}",21,2,57,J-C,3,,success,success,5,60,55
UCL IV 2026,https://ucl2026.calicotab.com/ucl2026/,2026,2026-03-14,TRUE,English,BP,UCL IV,FALSE,University,In person,IONA,England,public,,,,,33,32,2,8,6,92.0,S-B,['Novice'],"['Novice', 'Open']","{'Novice': {'is_highest_non_open_cat': True, 'no_wbr_speakers': np.int64(0), 'no_79.11plus_speakers': 0, 'no_qual_speakers': np.float64(0.0), 'no_teams2': 9, 'pts_speaking': np.float64(9.0), 'speaking_class': 'S-E'}}",22,2,58,J-C,4,,success,success,5,66,63
UCL President's Cup 2021,https://uclpresidents2021.calicotab.com/_/,2021,,TRUE,English,BP,UCL President's Cup,FALSE,University,,IONA,England,self,,,,,54,52,0,0,0,52.0,S-E,['Non-Schools'],['Non-Schools'],"{'Non-Schools': {'is_highest_non_open_cat': True, 'no_wbr_speakers': np.int64(0), 'no_79.11plus_speakers': 0, 'no_qual_speakers': np.float64(0.0), 'no_teams2': 14, 'pts_speaking': np.float64(14.0), 'speaking_class': 'S-E'}}",23,2,59,J-C,3,,success,success,4,107,103
UCL President's Cup 2024,https://uclpcup24.calicotab.com/pcup2024/,2024,2024-10-05,TRUE,English,BP,UCL President's Cup,FALSE,University,In person,IONA,England,public,,,,,32,32,0,0,0,32.0,S-E,['Non-Schools'],['Non-Schools'],"{'Non-Schools': {'is_highest_non_open_cat': True, 'no_wbr_speakers': np.int64(0), 'no_79.11plus_speakers': 0, 'no_qual_speakers': np.float64(0.0), 'no_teams2': 7, 'pts_speaking': np.float64(7.0), 'speaking_class': 'S-E'}}",33,1,51,J-C,3,,success,success,4,64,64
UCL President's Cup 2025,https://uclprescup2025.calicotab.com/uclprescup2025/,2025,2025-10-18,TRUE,English,BP,UCL President's Cup,FALSE,University,In person,IONA,England,self,,,,,44,44,0,2,1,54.0,S-E,['Non-Schools'],['Non-Schools'],"{'Non-Schools': {'is_highest_non_open_cat': True, 'no_wbr_speakers': np.int64(0), 'no_79.11plus_speakers': 0, 'no_qual_speakers': np.float64(0.0), 'no_teams2': 16, 'pts_speaking': np.float64(16.0), 'speaking_class': 'S-E'}}",39,0,39,J-E,3,,success,success,4,88,87
UCL Pro-Am 2022,https://uclwinterproam.calicotab.com/_/,2022,,TRUE,English,BP,UCL Pro-Am,FALSE,University,,IONA,England,self,,,,,24,24,0,2,1,34.0,S-E,[],[],{},16,1,34,J-C,3,"Alexandra McCreadie, Ahmed Elsammak, Yusuf Steel",success,success,4,48,47
UCL Pro-Am 2024,https://uclproam23.calicotab.com/proam2024/,2024,,TRUE,English,BP,UCL Pro-Am,FALSE,University,,IONA,England,self,,,,,48,48,0,10,5,98.0,S-C,[],[],{},30,1,48,J-C,3,,success,success,4,96,96
UCL Pro-Am 2025,https://uclproam2025.calicotab.com/uclproam2025/,2025,2025-02-02,TRUE,English,BP,UCL Pro-Am,FALSE,University,In person,IONA,England,self,,,,,44,44,5,8,9,134.0,S-B,[],[],{},36,2,72,J-C,3,,success,success,4,87,85
UCL Pro-Am 2026,https://uclproam2026.calicotab.com/_/,2026,2026-02-15,TRUE,English,BP,UCL Pro-Am,FALSE,University,In person,IONA,England,self,,,,,44,44,1,3,2.5,69.0,S-D,[],['Open'],{},43,3,97,J-B,3,,success,success,4,88,88
UCLA IV 2023,https://ucladebateunion.calicotab.com/uclaiv2023/,2023,,TRUE,English,BP,UCLA IV,FALSE,University,,North America,United States,self,,,,,62,57,13,14,20,257.0,S-A+,['Novice'],['Novice'],"{'Novice': {'is_highest_non_open_cat': True, 'no_wbr_speakers': np.int64(0), 'no_79.11plus_speakers': 0, 'no_qual_speakers': np.float64(0.0), 'no_teams2': 14, 'pts_speaking': np.float64(14.0), 'speaking_class': 'S-E'}}",42,7,168,J-A,3,,success,success,5,122,109
UCLA IV 2024,https://uclaiv2024.calicotab.com/uclaiv2024/,2024,2024-09-24,TRUE,English,BP,UCLA IV,FALSE,University,,North America,United States,self,,,,,49,48,5,6,8,128.0,S-B,"['ESL', 'Pro-am']","['ESL', 'Pro-Am']","{'ESL': {'is_highest_non_open_cat': True, 'no_wbr_speakers': np.int64(0), 'no_79.11plus_speakers': 0, 'no_qual_speakers': np.float64(0.0), 'no_teams2': 14, 'pts_speaking': np.float64(14.0), 'speaking_class': 'S-E'}, 'Pro-Am': {'is_highest_non_open_cat': False}}",30,8,174,J-A+,4,,success,success,5,96,94
UCLA IV 2025,https://uclaiv2025.calicotab.com/uclaiv2025/,2025,2025-09-27,TRUE,English,BP,UCLA IV,FALSE,University,Online,North America,United States,self,,,,,94,79,14,28,28,359.0,S-AA,"['ESL', 'Novice']","['ESL', 'Novice']","{'ESL': {'is_highest_non_open_cat': True, 'no_wbr_speakers': np.int64(1), 'no_79.11plus_speakers': 3, 'no_qual_speakers': np.float64(2.5), 'no_teams2': 19, 'pts_speaking': np.float64(44.0), 'speaking_class': 'S-E'}, 'Novice': {'is_highest_non_open_cat': False, 'no_wbr_speakers': np.int64(0), 'no_79.11plus_speakers': 0, 'no_qual_speakers': np.float64(0.0), 'no_teams2': 10, 'pts_speaking': np.float64(10.0), 'speaking_class': 'S-E'}}",39,6,147,J-A,4,,success,success,5,180,158
Uganda Easter Debate 2024,https://debatefoster.calicotab.com/ued24/,2024,,TRUE,English,BP,Uganda Easter Debate,FALSE,University,Online,Africa,Uganda,public,,,,,34,26,0,4,2,47.0,S-E,[],[],{},,,,J-E,,,success,no rounds,6,68,61
Uganda Easter Debate 2025,https://debatefoster.calicotab.com/UED2025/,2025,,TRUE,English,BP,Uganda Easter Debate,FALSE,University,,Africa,,self,,,,,55,46,0,5,2.5,71.0,S-D,[],[],{},19,0,19,J-E,2,,success,success,5,109,82
Uhuru Worlds (Loxodonta) 2021,https://uhuru-worlds.calicotab.com/loxodonta/,2021,,FALSE,English,BP,Uhuru Worlds,FALSE,University,,Africa,South Africa,self,,,,,122,108,1,5,3.5,142.0,S-C,"['ESL', 'Schools']",['ESL'],"{'ESL': {'is_highest_non_open_cat': True, 'no_wbr_speakers': np.int64(0), 'no_79.11plus_speakers': 2, 'no_qual_speakers': np.float64(1.0), 'no_teams2': 77, 'pts_speaking': np.float64(87.0), 'speaking_class': 'S-D'}}",35,0,35,J-E,8,,success,success,7,240,208
Uhuru Worlds (Panthera) 2021,https://uhuru-worlds.calicotab.com/panthera/,2021,,FALSE,English,BP,Uhuru Worlds,FALSE,University,,Africa,South Africa,self,,,,,82,65,0,9,4.5,110.0,S-C,"['ESL', 'Schools']",[],{},26,0,26,J-E,6,,success,success,7,163,129
Uhuru Worlds (Outrounds) 2021,https://uhuru-worlds.calicotab.com/uw2021outrounds/,2021,,FALSE,English,BP,Uhuru Worlds,FALSE,University,Online,Africa,South Africa,self,,,,,,,,,,,,,"['Schools', 'ESL']","{'Schools': {'is_highest_non_open_cat': False}, 'ESL': {'is_highest_non_open_cat': True}}",38,3,92,J-B,10,"Daniel Maier-Gant, Will Fraser, Francois Brits, Shruti Deb, Anam Azhar, Artem Sviridov, Daniel Wiyarta Tenggara, Katherine Harris, Felix Andueza, Noluthando Honono, Wairiumu Manyara, Rachana Nagaraj",error getting speaker tab,success,0,,
Uhuru Worlds (Loxodonta) 2022,https://uhuruworlds2022.calicotab.com/loxuhuruworlds2022/,2022,,FALSE,English,BP,Uhuru Worlds,FALSE,University,,Africa,South Africa,self,,,,,114,102,0,2,1,112.0,S-D,"['ESL', 'Schools']",[],{},45,0,45,J-D,7,,success,success,7,227,202
Uhuru Worlds (Panthera) 2022,https://uhuruworlds2022.calicotab.com/pan_uhuruworlds2022/,2022,,FALSE,English,BP,Uhuru Worlds,FALSE,University,,Africa,South Africa,self,,,,,79,71,1,10,6,129.0,S-C,[],[],{},38,0,38,J-E,9,,success,success,7,157,135
Uhuru Worlds (Outrounds) 2022,https://uhuruworlds2022.calicotab.com/uhuruworlds2022outrounds/,2022,,FALSE,English,BP,Uhuru Worlds,FALSE,University,Online,Africa,South Africa,self,,,,,,,,,,,,,"['Schools', 'ESL']","{'Schools': {'is_highest_non_open_cat': False}, 'ESL': {'is_highest_non_open_cat': True}}",41,2,77,J-C,11,,error getting speaker tab,success,0,,
Uhuru Worlds 2023,https://uhuruworlds2023.calicotab.com/uhuru2023/,2023,,TRUE,English,BP,Uhuru Worlds,FALSE,University,,Africa,South Africa,self,,,,,259,228,8,14,15,378.0,S-A,"['ESL', 'Novice', 'Schools']","['ESL', 'Schools', 'Novice']","{'ESL': {'is_highest_non_open_cat': True, 'no_wbr_speakers': np.int64(1), 'no_79.11plus_speakers': 1, 'no_qual_speakers': np.float64(1.5), 'no_teams2': 121, 'pts_speaking': np.float64(136.0), 'speaking_class': 'S-D'}, 'Schools': {'is_highest_non_open_cat': False, 'no_wbr_speakers': np.int64(0), 'no_79.11plus_speakers': 0, 'no_qual_speakers': np.float64(0.0), 'no_teams2': 30, 'pts_speaking': np.float64(30.0), 'speaking_class': 'S-E'}, 'Novice': {'is_highest_non_open_cat': False, 'no_wbr_speakers': np.int64(1), 'no_79.11plus_speakers': 0, 'no_qual_speakers': np.float64(1.0), 'no_teams2': 90, 'pts_speaking': np.float64(100.0), 'speaking_class': 'S-D'}}",73,2,109,J-C,4,"Andrews Terku, Joel Law, Mauricio Jarufe Caballero, Prosper Michael Ametu, Becky Alek",success,success,5,504,436
Uhuru Worlds 2024,https://uhuruworlds2024.calicotab.com/uhuruworlds2024/,2024,2024-06-21,TRUE,English,BP,Uhuru Worlds,FALSE,University,,Africa,South Africa,self,,,,,391,348,9,29,23.5,582.0,S-A+,"['ESL', 'Schools']","['ESL', 'Schools']","{'ESL': {'is_highest_non_open_cat': True, 'no_wbr_speakers': np.int64(1), 'no_79.11plus_speakers': 4, 'no_qual_speakers': np.float64(3.0), 'no_teams2': 227, 'pts_speaking': np.float64(257.0), 'speaking_class': 'S-C'}, 'Schools': {'is_highest_non_open_cat': False, 'no_wbr_speakers': np.int64(0), 'no_79.11plus_speakers': 0, 'no_qual_speakers': np.float64(0.0), 'no_teams2': 43, 'pts_speaking': np.float64(43.0), 'speaking_class': 'S-E'}}",147,3,201,J-B,6,,success,success,5,772,675
Uhuru Worlds 2025,https://uhuru2025.calicotab.com/_/,2025,2025-06-27,TRUE,English,BP,Uhuru Worlds,FALSE,University,Online,Africa,South Africa,self,,,,,421,375,11,36,29,664.0,S-AA,"['ESL', 'EFL', 'Schools']","['EFL', 'ESL', 'Schools']","{'EFL': {'is_highest_non_open_cat': False, 'no_wbr_speakers': np.int64(0), 'no_79.11plus_speakers': 0, 'no_qual_speakers': np.float64(0.0), 'no_teams2': 64, 'pts_speaking': np.float64(64.0), 'speaking_class': 'S-D'}, 'ESL': {'is_highest_non_open_cat': True, 'no_wbr_speakers': np.int64(1), 'no_79.11plus_speakers': 3, 'no_qual_speakers': np.float64(2.5), 'no_teams2': 233, 'pts_speaking': np.float64(258.0), 'speaking_class': 'S-D'}, 'Schools': {'is_highest_non_open_cat': False, 'no_wbr_speakers': np.int64(0), 'no_79.11plus_speakers': 0, 'no_qual_speakers': np.float64(0.0), 'no_teams2': 40, 'pts_speaking': np.float64(40.0), 'speaking_class': 'S-E'}}",140,4,212,J-B,9,,success,success,5,831,728
ULAB (Bangladesh) Daring 2020,https://tahsinraian.calicotab.com/ulab/,2020,,TRUE,English,BP,ULAB (Bangladesh) Daring,FALSE,University,,Asia,,self,,,,,20,20,2,2,3,50.0,S-C,[],[],{},5,0,5,J-E,3,"Shudipto R. Ahmed, Aliya Fairuz, Inqiyad Patwary",success,success,4,40,40
Unity Cup 2025,https://unitycup25.calicotab.com/unity25/,2025,2025-10-25,TRUE,English,BP,Unity Cup,FALSE,University,In person,North America,Canada,public,,,,,24,24,0,3,1.5,39.0,S-E,['Novice'],['Novice'],"{'Novice': {'is_highest_non_open_cat': True, 'no_wbr_speakers': np.int64(0), 'no_79.11plus_speakers': 0, 'no_qual_speakers': np.float64(0.0), 'no_teams2': 7, 'pts_speaking': np.float64(7.0), 'speaking_class': 'S-E'}}",9,0,9,J-E,0,,success,success,5,48,48
UNSW Pre-WUDC 2024,https://unswtabs2024.calicotab.com/prewudc24/,2024,,TRUE,English,BP,UNSW Pre-WUDC,FALSE,University,,Oceania,Australia,self,,,,,17,16,0,5,2.5,39.0,S-E,[],['Open'],{},9,1,27,J-C,4,,success,success,5,32,27
UNSW Pro-Am 2022,https://unsw22.calicotab.com/pro-am2022/,2022,2022-08-20,TRUE,English,BP,UNSW Pro-Am,FALSE,University,,Oceania,Australia,public,,,,,30,28,11,18,20,227.0,S-A+,[],['Open'],{},8,1,26,J-C,3,,success,success,5,59,55
UNSW Sports IV 2025,https://unswtabs2025.calicotab.com/sportsiv/,2025,2025-11-08,TRUE,English,BP,UNSW Sports IV,FALSE,University,Online,Oceania,Australia,self,,,,,28,24,8,16,16,183.0,S-A,[],[],{},7,0,7,J-E,3,,success,success,5,55,47
Untitled Pre-EUDC 2023,https://untitledpreeudc.calicotab.com/2023/,2023,,TRUE,English,BP,Untitled Pre-EUDC,FALSE,University,,IONA,England,self,,,,,63,60,19,16,27,329.0,S-AA,[],[],{},35,7,161,J-A,3,,success,success,4,126,119
Untitled Pre-Glasgow 2024,https://untitledpreglasgow.calicotab.com/2024/,2024,2024-06-08,TRUE,English,BP,Untitled Pre-Glasgow,FALSE,University,,IONA,England,self,,,,,64,63,15,35,32.5,387.0,S-AA,[],[],{},33,5,123,J-A,4,,success,success,5,127,122
Untitled Spring Open 2025,https://untitledspringopen.calicotab.com/untitledspringopen/,2025,2025-03-01,TRUE,English,BP,Untitled Spring Open,FALSE,University,Online,IONA,United Kingdom,public,,,,,32,32,6,20,16,192.0,S-A,['ESL'],['ESL'],"{'ESL': {'is_highest_non_open_cat': True, 'no_wbr_speakers': np.int64(0), 'no_79.11plus_speakers': 1, 'no_qual_speakers': np.float64(0.5), 'no_teams2': 11, 'pts_speaking': np.float64(16.0), 'speaking_class': 'S-E'}}",15,4,87,J-B,2,,success,success,5,64,63
UoVermont LDU Huber Debates 2024,https://huber24.calicotab.com/huber2024/,2024,,TRUE,English,BP,UoVermont LDU Huber Debates,FALSE,University,,North America,United States,self,,,,,60,60,0,0,0,60.0,S-D,"['Rookie', 'Novice', 'ESL']","['Rookie', 'Open', 'Novice']","{'Rookie': {'is_highest_non_open_cat': False, 'no_wbr_speakers': np.int64(0), 'no_79.11plus_speakers': 0, 'no_qual_speakers': np.float64(0.0), 'no_teams2': 8, 'pts_speaking': np.float64(8.0), 'speaking_class': 'S-E'}, 'Novice': {'is_highest_non_open_cat': True, 'no_wbr_speakers': np.int64(0), 'no_79.11plus_speakers': 0, 'no_qual_speakers': np.float64(0.0), 'no_teams2': 23, 'pts_speaking': np.float64(23.0), 'speaking_class': 'S-E'}}",45,2,81,J-C,5,"Eben Mnzava, Kitana Hudgens, Rachel Kussick, Edwin Owusu, Brendan Stern",success,success,5,120,120
UPES Vidhiutsav BPD 2024,https://upesbpd24.calicotab.com/upesbpd24/,2024,2024-04-06,TRUE,English,BP,UPES Vidhiutsav BPD,FALSE,University,Online,Asia,,public,,,,,16,16,0,3,1.5,31.0,S-E,[],[],{},7,0,7,J-E,2,,success,success,3,32,31
USC IV 2021,https://usciv2021.calicotab.com/usciv2021/,2021,,FALSE,English,BP,USC IV,FALSE,University,,North America,United States,self,,,,"missing categories on team tab, skipped Novice outrounds",69,68,1,7,4.5,111.0,S-C,[],['Novice'],{'Novice': {'is_highest_non_open_cat': True}},44,1,62,J-C,3,,success,success,5,135,130
USC IV 2022,https://usc.calicotab.com/usciv22/,2022,,,English,BP,USC IV,FALSE,University,,North America,United States,self,,,,,47,45,0,0,0,45.0,S-E,['Novice'],['Novice'],"{'Novice': {'is_highest_non_open_cat': True, 'no_wbr_speakers': np.int64(0), 'no_79.11plus_speakers': 0, 'no_qual_speakers': np.float64(0.0), 'no_teams2': 8, 'pts_speaking': np.float64(8.0), 'speaking_class': 'S-E'}}",20,0,20,J-E,3,,success,success,6,92,83
USC IV 2023,https://usciv.calicotab.com/usciv2023/,2023,,TRUE,English,BP,USC IV,FALSE,University,,North America,United States,self,,,,,40,40,0,2,1,50.0,S-E,['Novice'],"['Novice', 'Open']","{'Novice': {'is_highest_non_open_cat': True, 'no_wbr_speakers': np.int64(0), 'no_79.11plus_speakers': 0, 'no_qual_speakers': np.float64(0.0), 'no_teams2': 12, 'pts_speaking': np.float64(12.0), 'speaking_class': 'S-E'}}",24,0,24,J-E,1,Vivian Zhu,success,success,6,79,77
USC IV 2024,https://usciv2024.calicotab.com/usciv2024/,2024,,TRUE,English,BP,USC IV,FALSE,University,,North America,United States,self,,,,,52,52,3,4,5,101.0,S-C,['Novice'],"['Novice', 'Open']","{'Novice': {'is_highest_non_open_cat': True, 'no_wbr_speakers': np.int64(0), 'no_79.11plus_speakers': 0, 'no_qual_speakers': np.float64(0.0), 'no_teams2': 23, 'pts_speaking': np.float64(23.0), 'speaking_class': 'S-E'}}",29,0,29,J-E,4,,success,success,5,103,102
USC IV 2025,https://usciv2025.calicotab.com/_/,2025,2025-02-15,TRUE,English,BP,USC IV,FALSE,University,In person,North America,United States,public,,,,,53,51,9,20,19,241.0,S-A+,['Novice'],['Novice'],"{'Novice': {'is_highest_non_open_cat': True, 'no_wbr_speakers': np.int64(0), 'no_79.11plus_speakers': 0, 'no_qual_speakers': np.float64(0.0), 'no_teams2': 16, 'pts_speaking': np.float64(16.0), 'speaking_class': 'S-E'}}",23,4,95,J-B,5,,success,success,5,102,99
USC IV 2026,https://usciv2026.calicotab.com/_/,2026,2026-04-25,TRUE,English,BP,USC IV,FALSE,University,,North America,United States,public,,,,,36,36,7,6,10,135.0,S-B,['Novice'],"['Open', 'Novice']","{'Novice': {'is_highest_non_open_cat': True, 'no_wbr_speakers': np.int64(0), 'no_79.11plus_speakers': 0, 'no_qual_speakers': np.float64(0.0), 'no_teams2': 15, 'pts_speaking': np.float64(15.0), 'speaking_class': 'S-E'}}",21,3,75,J-B,2,"Will Ryan, Ayal Mor",success,success,5,71,71
USU BP Novice 2025,https://usutabs2025.calicotab.com/usubpnovice/,2025,,TRUE,English,BP,USU BP Novice,FALSE,University,,Oceania,Australia,self,,,,,16,16,0,0,0,15.0,S-E,[],['Open'],{},5,0,5,J-E,5,,success,success,5,32,32
USU IV 2026,https://usutabs2025.calicotab.com/usuiv2025/,2026,,TRUE,English,BP,USU IV,FALSE,University,In person,Oceania,Australia,public,,,,,16,16,11,10,16,176.0,S-A,[],['Open'],{},4,2,40,J-C,2,,success,success,5,32,32
HWS USUDC 2020,https://usudc2020.calicotab.com/usudc2020/,2020,,TRUE,English,BP,USUDC,FALSE,University,,North America,United States,self,,,,,147,144,5,29,19.5,339.0,S-A,['Novice'],['Novice'],"{'Novice': {'is_highest_non_open_cat': True, 'no_wbr_speakers': np.int64(0), 'no_79.11plus_speakers': 0, 'no_qual_speakers': np.float64(0.0), 'no_teams2': 44, 'pts_speaking': np.float64(44.0), 'speaking_class': 'S-E'}}",141,13,375,J-AA,5,,success,success,8,291,286
HWS USUDC 2022,https://usudc2022.calicotab.com/usudc2022/,2022,,TRUE,English,BP,USUDC,FALSE,University,,North America,United States,self,,,,,77,76,9,23,20.5,281.0,S-A+,['Novice'],['Novice'],"{'Novice': {'is_highest_non_open_cat': True, 'no_wbr_speakers': np.int64(0), 'no_79.11plus_speakers': 0, 'no_qual_speakers': np.float64(0.0), 'no_teams2': 38, 'pts_speaking': np.float64(38.0), 'speaking_class': 'S-E'}}",51,6,159,J-A,5,,success,success,8,154,152
HWS USUDC 2023,https://usudc2023.calicotab.com/usudc2023/,2023,,TRUE,English,BP,USUDC,FALSE,University,,North America,United States,self,,,,,79,76,7,20,17,246.0,S-A,['Novice'],['Novice'],"{'Novice': {'is_highest_non_open_cat': True, 'no_wbr_speakers': np.int64(0), 'no_79.11plus_speakers': 0, 'no_qual_speakers': np.float64(0.0), 'no_teams2': 33, 'pts_speaking': np.float64(33.0), 'speaking_class': 'S-E'}}",48,8,192,J-A+,5,,success,success,8,158,152
Dartmouth USUDC 2025,https://usudc2025.calicotab.com/_/,2025,2025-03-01,TRUE,English,BP,USUDC,FALSE,University,In person,North America,United States,self,,,,,80,80,19,33,35.5,435.0,S-AA,['Novice'],['Novice'],"{'Novice': {'is_highest_non_open_cat': True, 'no_wbr_speakers': np.int64(0), 'no_79.11plus_speakers': 2, 'no_qual_speakers': np.float64(1.0), 'no_teams2': 20, 'pts_speaking': np.float64(30.0), 'speaking_class': 'S-E'}}",44,5,134,J-A,7,,success,success,5,160,160
Penn USUDC 2025,https://pennusudc2025.calicotab.com/_/,2025,2025-11-21,TRUE,English,BP,USUDC,FALSE,University,In person,North America,United States,self,,,,,80,80,7,18,16,240.0,S-A,['Novice'],['Novice'],"{'Novice': {'is_highest_non_open_cat': True, 'no_wbr_speakers': np.int64(0), 'no_79.11plus_speakers': 0, 'no_qual_speakers': np.float64(0.0), 'no_teams2': 26, 'pts_speaking': np.float64(26.0), 'speaking_class': 'S-E'}}",64,14,316,J-AA,5,,success,success,6,160,160
UT Mara IV 2024,https://maradebates.calicotab.com/maraiv2024/,2024,,TRUE,English,BP,UT Mara IV,FALSE,University,Online,Asia,Malaysia,public,,,,,48,48,4,3,5.5,103.0,S-C,['Novice'],['Novice'],"{'Novice': {'is_highest_non_open_cat': True, 'no_wbr_speakers': np.int64(0), 'no_79.11plus_speakers': 0, 'no_qual_speakers': np.float64(0.0), 'no_teams2': 30, 'pts_speaking': np.float64(30.0), 'speaking_class': 'S-E'}}",18,0,18,J-E,4,,success,success,5,96,96
UT Sydney IV 2021,https://utsiv2021.calicotab.com/uts-iv-2021/,2021,,,English,BP,UT Sydney IV,FALSE,University,,Oceania,Sydney,self,,,,,20,20,2,15,9.5,115.0,S-B,['Novice'],['Novice'],"{'Novice': {'is_highest_non_open_cat': True, 'no_wbr_speakers': np.int64(0), 'no_79.11plus_speakers': 3, 'no_qual_speakers': np.float64(1.5), 'no_teams2': 12, 'pts_speaking': np.float64(27.0), 'speaking_class': 'S-E'}}",3,0,3,J-E,3,,success,success,3,41,40
Utrecht Open 2023,https://utrecht23.calicotab.com/utrecht2023/,2023,2023-05-20,TRUE,English,BP,Utrecht Open,FALSE,University,In person,Europe,Netherlands,public,,,,,32,32,1,8,5,82.0,S-C,['Pro Am'],['Pro-Am'],{'Pro-Am': {'is_highest_non_open_cat': True}},21,1,39,J-C,3,"Harmen de Jong, Anna Cox, Guyberli van Thuijl, Abinav Mohanty",success,success,5,63,63
Utrecht Open 2025,https://utrechtopen2025.calicotab.com/_/,2025,2025-05-24,TRUE,English,BP,Utrecht Open,FALSE,University,In person,Europe,Netherlands,self,,,,,46,44,1,10,6,104.0,S-C,['Novice'],['Novice'],"{'Novice': {'is_highest_non_open_cat': True, 'no_wbr_speakers': np.int64(0), 'no_79.11plus_speakers': 0, 'no_qual_speakers': np.float64(0.0), 'no_teams2': 12, 'pts_speaking': np.float64(12.0), 'speaking_class': 'S-E'}}",25,2,61,J-C,4,,success,success,5,91,88
Utrecht Open 2026,https://utrechtopen2026.calicotab.com/utrechtopen2026/,2026,2026-05-30,TRUE,English,BP,Utrecht Open,FALSE,University,,Europe,Netherlands,self,,,,,21,20,0,2,1,30.0,S-E,['Novice'],['Open'],{},11,0,11,J-E,3,,success,success,5,40,39
UTS Around the World 2026,https://utsdebsoc.calicotab.com/aroundtheworld26/,2026,,TRUE,English,BP,UTS Around the World,FALSE,University,,Oceania,Australia,self,,,,,12,9,1,2,2,28.0,S-E,[],[],{},1,0,1,J-E,5,,success,success,7,24,15
UTS Open 2022,https://utsopen2022.calicotab.com/utsopen2022/,2022,2022-09-10,TRUE,English,BP,UTS Open,FALSE,University,,Oceania,Australia,public,,,,,20,20,8,13,14.5,164.0,S-A,[],['Open'],{},8,1,26,J-C,3,,success,success,5,38,37
Vanderbilt IV 2024,https://vandy2024.calicotab.com/vandy2024/,2024,2024-02-03,TRUE,English,BP,Vanderbilt IV,FALSE,University,,North America,United States,self,,,,,72,72,0,0,0,72.0,S-D,['Novice'],['Novice'],"{'Novice': {'is_highest_non_open_cat': True, 'no_wbr_speakers': np.int64(0), 'no_79.11plus_speakers': 0, 'no_qual_speakers': np.float64(0.0), 'no_teams2': 23, 'pts_speaking': np.float64(23.0), 'speaking_class': 'S-E'}}",52,1,70,J-C,1,"Gina Iberri-Shea, Robert Margesson, Will Reid",success,success,6,144,144
Vanguard Open 2025,https://africandebating.calicotab.com/vanguard2025/,2025,,TRUE,English,BP,Vanguard Open,FALSE,University,,Africa,,self,,,,,97,77,0,3,1.5,91.0,S-D,['Novice'],['Novice'],"{'Novice': {'is_highest_non_open_cat': True, 'no_wbr_speakers': np.int64(0), 'no_79.11plus_speakers': 0, 'no_qual_speakers': np.float64(0.0), 'no_teams2': 17, 'pts_speaking': np.float64(17.0), 'speaking_class': 'S-E'}}",29,0,29,J-E,4,,success,success,5,189,146
Vienna IV 2022,https://viv22.calicotab.com/viv2022/,2022,,FALSE,English,BP,Vienna IV,FALSE,University,,Europe,Austria,self,,,,,88,88,14,30,29,378.0,S-AA,"['ESL', 'Pro Am']","['ESL', 'Pro Am']","{'ESL': {'is_highest_non_open_cat': True, 'no_wbr_speakers': np.int64(2), 'no_79.11plus_speakers': 3, 'no_qual_speakers': np.float64(3.5), 'no_teams2': 45, 'pts_speaking': np.float64(80.0), 'speaking_class': 'S-C'}, 'Pro Am': {'is_highest_non_open_cat': False, 'no_wbr_speakers': np.int64(0), 'no_79.11plus_speakers': 0, 'no_qual_speakers': np.float64(0.0), 'no_teams2': 32, 'pts_speaking': np.float64(32.0), 'speaking_class': 'S-E'}}",57,7,183,J-A,3,"Hadar Goldberg, Teck Wei Tan, Mukhtar Tashkenbayev, Marta Vasić",success,success,5,176,172
Vienna IV 2023,https://viv2023.calicotab.com/_/,2023,,TRUE,English,BP,Vienna IV,FALSE,University,,Europe,Austria,self,,,,,88,88,18,27,31.5,403.0,S-AA,"['ESL', 'Novice']","['ESL', 'Novice']","{'ESL': {'is_highest_non_open_cat': True, 'no_wbr_speakers': np.int64(0), 'no_79.11plus_speakers': 0, 'no_qual_speakers': np.float64(0.0), 'no_teams2': 46, 'pts_speaking': np.float64(46.0), 'speaking_class': 'S-E'}, 'Novice': {'is_highest_non_open_cat': False, 'no_wbr_speakers': np.int64(0), 'no_79.11plus_speakers': 0, 'no_qual_speakers': np.float64(0.0), 'no_teams2': 29, 'pts_speaking': np.float64(29.0), 'speaking_class': 'S-E'}}",62,13,296,J-AA,4,,success,success,5,175,174
Vienna IV 2024,https://viennaiv24.calicotab.com/viv24/,2024,2024-05-11,TRUE,English,BP,Vienna IV,FALSE,University,,Europe,Austria,self,,,,,90,88,15,38,34,428.0,S-AA,"['ESL', 'Novice']","['ESL', 'Novice']","{'ESL': {'is_highest_non_open_cat': True, 'no_wbr_speakers': np.int64(0), 'no_79.11plus_speakers': 6, 'no_qual_speakers': np.float64(3.0), 'no_teams2': 61, 'pts_speaking': np.float64(91.0), 'speaking_class': 'S-C'}, 'Novice': {'is_highest_non_open_cat': False, 'no_wbr_speakers': np.int64(0), 'no_79.11plus_speakers': 0, 'no_qual_speakers': np.float64(0.0), 'no_teams2': 31, 'pts_speaking': np.float64(31.0), 'speaking_class': 'S-E'}}",56,5,146,J-A,6,,success,success,5,180,175
Vienna IV 2025,https://viennaiv2025.calicotab.com/ViennaIV2025/,2025,2025-05-17,TRUE,English,BP,Vienna IV,FALSE,University,In person,Europe,Austria,self,,,,,89,88,19,32,35,437.0,S-AA,"['Novice', 'ESL']","['Novice', 'ESL']","{'Novice': {'is_highest_non_open_cat': False, 'no_wbr_speakers': np.int64(0), 'no_79.11plus_speakers': 0, 'no_qual_speakers': np.float64(0.0), 'no_teams2': 15, 'pts_speaking': np.float64(15.0), 'speaking_class': 'S-E'}, 'ESL': {'is_highest_non_open_cat': True, 'no_wbr_speakers': np.int64(1), 'no_79.11plus_speakers': 1, 'no_qual_speakers': np.float64(1.5), 'no_teams2': 48, 'pts_speaking': np.float64(63.0), 'speaking_class': 'S-D'}}",75,11,273,J-AA,4,,success,success,5,178,175
Vienna IV 2026,https://viennaiv2026.calicotab.com/_/,2026,2026-04-18,TRUE,English,BP,Vienna IV,FALSE,University,In person,Europe,Austria,self,,,,,90,88,23,30,38,468.0,S-AA+,"['esl', 'novice']","['esl', 'novice', 'Open']","{'esl': {'is_highest_non_open_cat': False, 'no_wbr_speakers': np.int64(1), 'no_79.11plus_speakers': 2, 'no_qual_speakers': np.float64(2.0), 'no_teams2': 45, 'pts_speaking': np.float64(65.0), 'speaking_class': 'S-D'}, 'novice': {'is_highest_non_open_cat': False, 'no_wbr_speakers': np.int64(0), 'no_79.11plus_speakers': 0, 'no_qual_speakers': np.float64(0.0), 'no_teams2': 15, 'pts_speaking': np.float64(15.0), 'speaking_class': 'S-E'}}",59,6,167,J-A,5,,success,success,5,179,174
Vienna Novice Cup 2023,https://vnc2023.calicotab.com/vnc2023/,2023,,TRUE,English,BP,Vienna Novice Cup,FALSE,University,In person,Europe,Austria,public,,,,,20,20,0,0,0,20.0,S-E,[],['Open'],{},7,0,7,J-E,3,,success,success,3,40,40
Vienna Novice Cup 2024,https://vnc2024.calicotab.com/vnc2024/,2024,,TRUE,English,BP,Vienna Novice Cup,FALSE,University,In person,Europe,Austria,public,,,,,20,20,0,0,0,20.0,S-E,[],['Open'],{},7,0,7,J-E,4,,success,success,3,40,40
Vienna Novice Cup 2025,https://vnc2025.calicotab.com/vnc2025/,2025,,TRUE,English,BP,Vienna Novice Cup,FALSE,University,In person,Europe,Austria,public,,,,,28,28,0,0,0,29.0,S-E,[],['Open'],{},15,0,15,J-E,4,,success,success,3,57,56
Vienna Novice Cup 2026,https://vnc2026.calicotab.com/vnc2026/,2026,2026-03-21,TRUE,English,BP,Vienna Novice Cup,FALSE,University,In person,Europe,Austria,public,,,,,40,40,0,0,0,40.0,S-E,[],['Open'],{},18,2,54,J-C,4,,success,success,3,79,79
Vienna Pre-EUDC 2024,https://viennapreeudc2024.calicotab.com/_/,2024,2024-06-29,TRUE,English,BP,Vienna Pre-EUDC,FALSE,University,,Europe,Austria,self,,,,,113,105,31,45,53.5,639.0,S-AAA,"['ESL', 'Novice']","['ESL', 'Novice']","{'ESL': {'is_highest_non_open_cat': True, 'no_wbr_speakers': np.int64(4), 'no_79.11plus_speakers': 3, 'no_qual_speakers': np.float64(5.5), 'no_teams2': 34, 'pts_speaking': np.float64(89.0), 'speaking_class': 'S-C'}, 'Novice': {'is_highest_non_open_cat': False, 'no_wbr_speakers': np.int64(0), 'no_79.11plus_speakers': 0, 'no_qual_speakers': np.float64(0.0), 'no_teams2': 15, 'pts_speaking': np.float64(15.0), 'speaking_class': 'S-E'}}",64,12,280,J-AA,6,,success,success,5,223,208
Vienna Pre-EUDC 2026,https://viennapreeudc2026.calicotab.com/_/,2026,2026-07-11,TRUE,English,BP,Vienna Pre-EUDC,FALSE,University,Online,Europe,Austria,self,,,,,51,48,4,11,9.5,143.0,S-B,['esl'],"['Open', 'esl']","{'esl': {'is_highest_non_open_cat': True, 'no_wbr_speakers': np.int64(1), 'no_79.11plus_speakers': 0, 'no_qual_speakers': np.float64(1.0), 'no_teams2': 18, 'pts_speaking': np.float64(28.0), 'speaking_class': 'S-E'}}",31,1,49,J-C,4,,success,success,5,94,92
Vienna Pre-WUDC 2022,https://viennaprewudc.calicotab.com/_/,2022,,TRUE,English,BP,Vienna Pre-WUDC,FALSE,University,,Europe,Austria,self,,,,,120,115,30,48,54,654.0,S-AAA,"['ESL', 'Novice']","['ESL', 'Novice']","{'ESL': {'is_highest_non_open_cat': True, 'no_wbr_speakers': np.int64(2), 'no_79.11plus_speakers': 6, 'no_qual_speakers': np.float64(5.0), 'no_teams2': 45, 'pts_speaking': np.float64(95.0), 'speaking_class': 'S-C'}, 'Novice': {'is_highest_non_open_cat': False, 'no_wbr_speakers': np.int64(0), 'no_79.11plus_speakers': 2, 'no_qual_speakers': np.float64(1.0), 'no_teams2': 18, 'pts_speaking': np.float64(28.0), 'speaking_class': 'S-E'}}",47,12,263,J-AA,4,,success,success,5,239,227
Vienna Pre-WUDC 2024,https://viennaprewudc2024.calicotab.com/prewudcvoo2024/,2024,2024-12-21,TRUE,English,BP,Vienna Pre-WUDC,FALSE,University,,Europe,Austria,self,,,,,129,127,23,44,45,576.0,S-AA+,"['ESL', 'Novice']","['ESL', 'Novice']","{'ESL': {'is_highest_non_open_cat': True, 'no_wbr_speakers': np.int64(3), 'no_79.11plus_speakers': 1, 'no_qual_speakers': np.float64(3.5), 'no_teams2': 54, 'pts_speaking': np.float64(89.0), 'speaking_class': 'S-C'}, 'Novice': {'is_highest_non_open_cat': False, 'no_wbr_speakers': np.int64(0), 'no_79.11plus_speakers': 0, 'no_qual_speakers': np.float64(0.0), 'no_teams2': 27, 'pts_speaking': np.float64(27.0), 'speaking_class': 'S-E'}}",57,12,273,J-AA,6,,success,success,5,255,249
Vienna Pre-WUDC 2025,https://viennaonline2025.calicotab.com/viennaonline025/,2025,2025-12-20,TRUE,English,BP,Vienna Pre-WUDC,FALSE,University,Online,Europe,Austria,self,,,,,155,150,21,57,49.5,645.0,S-AAA,"['ESL', 'Novice']","['ESL', 'Novice', 'Open']","{'ESL': {'is_highest_non_open_cat': True, 'no_wbr_speakers': np.int64(3), 'no_79.11plus_speakers': 3, 'no_qual_speakers': np.float64(4.5), 'no_teams2': 51, 'pts_speaking': np.float64(96.0), 'speaking_class': 'S-C'}, 'Novice': {'is_highest_non_open_cat': False, 'no_wbr_speakers': np.int64(0), 'no_79.11plus_speakers': 0, 'no_qual_speakers': np.float64(0.0), 'no_teams2': 22, 'pts_speaking': np.float64(22.0), 'speaking_class': 'S-E'}}",78,17,384,J-AA+,5,,success,success,5,304,292
Vietnam BP (English) 2026,https://vbc2026.calicotab.com/vbc26en/,2026,,TRUE,English,BP,Vietnam BP (English),FALSE,University,,Asia,Vietnam,self,,,,,77,76,0,4,2,96.0,S-D,['Junior'],"['Junior', 'Open']","{'Junior': {'is_highest_non_open_cat': True, 'no_wbr_speakers': np.int64(0), 'no_79.11plus_speakers': 0, 'no_qual_speakers': np.float64(0.0), 'no_teams2': 36, 'pts_speaking': np.float64(36.0), 'speaking_class': 'S-E'}}",32,0,32,J-E,4,,success,success,5,154,152
Visayas Novice DC 2025,https://3rdvndc.calicotab.com/vndc2025/,2025,2025-10-25,TRUE,English,BP,Visayas Novice DC,FALSE,University,Online,Asia,Philippines,public,,,,,69,66,0,0,0,66.0,S-D,['High School'],['High School'],"{'High School': {'is_highest_non_open_cat': True, 'no_wbr_speakers': np.int64(0), 'no_79.11plus_speakers': 0, 'no_qual_speakers': np.float64(0.0), 'no_teams2': 40, 'pts_speaking': np.float64(40.0), 'speaking_class': 'S-E'}}",46,0,46,J-D,2,,success,success,4,138,132
Visayas Pro-Am 2026,https://visayasproam2026.calicotab.com/VisayasProAm2026/,2026,,TRUE,English,BP,Visayas Pro-Am,FALSE,University,,Asia,Philippines,self,,,,,48,48,1,1,1.5,63.0,S-D,['Novice'],"['Open', 'Novice']","{'Novice': {'is_highest_non_open_cat': True, 'no_wbr_speakers': np.int64(0), 'no_79.11plus_speakers': 0, 'no_qual_speakers': np.float64(0.0), 'no_teams2': 14, 'pts_speaking': np.float64(14.0), 'speaking_class': 'S-E'}}",25,0,25,J-E,3,,success,success,4,96,96
Visayas UDC BP (8th) 2024,https://8thvubp.calicotab.com/8thvubp/,2024,,TRUE,English,BP,Visayas UDC BP,FALSE,University,,Asia,Philippines,self,,,,,58,55,0,0,0,55.0,S-E,"['Open', 'High School']","['Open', 'High School']","{'High School': {'is_highest_non_open_cat': True, 'no_wbr_speakers': np.int64(0), 'no_79.11plus_speakers': 0, 'no_qual_speakers': np.float64(0.0), 'no_teams2': 19, 'pts_speaking': np.float64(19.0), 'speaking_class': 'S-E'}}",33,0,33,J-E,4,,success,success,5,116,109
Visayas UDC BP (9th) 2026,https://9thvubp.calicotab.com/9thvubp/,2026,,TRUE,English,BP,Visayas UDC BP,FALSE,University,,Asia,Philippines,self,,,,,40,40,0,0,0,40.0,S-E,"['College', 'High School']","['College', 'High School']","{'College': {'is_highest_non_open_cat': False, 'no_wbr_speakers': np.int64(0), 'no_79.11plus_speakers': 0, 'no_qual_speakers': np.float64(0.0), 'no_teams2': 18, 'pts_speaking': np.float64(18.0), 'speaking_class': 'S-E'}, 'High School': {'is_highest_non_open_cat': False, 'no_wbr_speakers': np.int64(0), 'no_79.11plus_speakers': 0, 'no_qual_speakers': np.float64(0.0), 'no_teams2': 19, 'pts_speaking': np.float64(19.0), 'speaking_class': 'S-E'}}",16,0,16,J-E,3,,success,success,4,80,80
Visayas-Mindanao DC (15th) 2024,https://15thvmdc.calicotab.com/vmdc2024/,2024,,TRUE,English,BP,Visayas-Mindanao DC,FALSE,University,,Asia,Philippines,self,,,,,32,32,0,1,0.5,37.0,S-E,['High School'],[],{},,,,J-E,,,success,no rounds,5,64,64
VIT Vivaatam Pre-ABP 2024,https://vivaatam2024.calicotab.com/vivaatam2024/,2024,,TRUE,English,BP,VIT Vivaatam Pre-ABP,FALSE,University,Online,Asia,India,public,,,,,70,68,0,1,0.5,71.0,S-D,[],['Novice'],{'Novice': {'is_highest_non_open_cat': True}},49,0,49,J-D,3,,success,success,4,138,135
VIT Vivaatam Pre-ABP 2025,https://vivaatam.calicotab.com/vivaatam25/,2025,2025-07-26,TRUE,English,BP,VIT Vivaatam Pre-ABP,FALSE,University,,Asia,,self,,,,,120,114,4,8,8,193.0,S-B,['Novice'],['Novice'],"{'Novice': {'is_highest_non_open_cat': True, 'no_wbr_speakers': np.int64(0), 'no_79.11plus_speakers': 0, 'no_qual_speakers': np.float64(0.0), 'no_teams2': 48, 'pts_speaking': np.float64(48.0), 'speaking_class': 'S-E'}}",51,1,69,J-C,5,,success,success,5,240,226
VITDT Round Robin 2023,https://vitdt23.calicotab.com/vitdt2023/,2023,,TRUE,English,BP,VITDT Round Robin,FALSE,University,,Asia,,self,,,,,17,17,0,5,2.5,42.0,S-E,[],[],{},7,1,25,J-C,2,,success,success,5,33,33
Warwick IV 2022,https://warwickiv2022.calicotab.com/warwickiv2022/,2022,,FALSE,English,BP,Warwick IV,FALSE,University,,IONA,England,self,,,,,52,49,7,13,13.5,184.0,S-A,[],[],{},26,5,116,J-A,3,,success,success,4,101,96
Warwick Open 2024,https://warwickopen2024.calicotab.com/warwickopen2024/,2024,2024-03-16,TRUE,English,BP,Warwick Open,FALSE,University,,IONA,England,self,,,,,42,41,5,8,9,131.0,S-B,['ESL'],['ESL'],"{'ESL': {'is_highest_non_open_cat': True, 'no_wbr_speakers': np.int64(0), 'no_79.11plus_speakers': 0, 'no_qual_speakers': np.float64(0.0), 'no_teams2': 18, 'pts_speaking': np.float64(18.0), 'speaking_class': 'S-E'}}",23,3,77,J-B,4,,success,success,5,81,80
Warwick Open 2025,https://warwickopen.calicotab.com/warwickopen/,2025,2025-01-15,TRUE,English,BP,Warwick Open,FALSE,University,Online,IONA,England,self,,,,,78,75,10,25,22.5,300.0,S-A+,"['ESL', 'Novice']","['ESL', 'Novice']","{'ESL': {'is_highest_non_open_cat': True, 'no_wbr_speakers': np.int64(0), 'no_79.11plus_speakers': 0, 'no_qual_speakers': np.float64(0.0), 'no_teams2': 31, 'pts_speaking': np.float64(31.0), 'speaking_class': 'S-E'}, 'Novice': {'is_highest_non_open_cat': False, 'no_wbr_speakers': np.int64(0), 'no_79.11plus_speakers': 1, 'no_qual_speakers': np.float64(0.5), 'no_teams2': 19, 'pts_speaking': np.float64(24.0), 'speaking_class': 'S-E'}}",31,8,175,J-A+,4,,success,success,5,154,149
Warwick Open 2026,https://warwickopen2026.calicotab.com/bp88team/,2026,2026-02-28,TRUE,English,BP,Warwick Open,FALSE,University,In person,IONA,England,self,,,,,28,28,2,5,4.5,73.0,S-C,[],['Open'],{},12,0,12,J-E,2,,success,success,4,56,56
Warwick Pre-EUDC 2025,https://warwick2025.calicotab.com/_/,2025,2025-07-12,TRUE,English,BP,Warwick Pre-EUDC,FALSE,University,Online,IONA,England,self,,,,,120,116,19,29,33.5,451.0,S-AA,"['ESL', 'Novice']","['ESL', 'Novice']","{'ESL': {'is_highest_non_open_cat': True, 'no_wbr_speakers': np.int64(2), 'no_79.11plus_speakers': 0, 'no_qual_speakers': np.float64(2.0), 'no_teams2': 46, 'pts_speaking': np.float64(66.0), 'speaking_class': 'S-D'}, 'Novice': {'is_highest_non_open_cat': False, 'no_wbr_speakers': np.int64(0), 'no_79.11plus_speakers': 0, 'no_qual_speakers': np.float64(0.0), 'no_teams2': 15, 'pts_speaking': np.float64(15.0), 'speaking_class': 'S-E'}}",63,6,171,J-A,4,,success,success,5,232,228
Warwick Pre-EUDC 2026,https://warwick2026.calicotab.com/_/,2026,2026-07-11,TRUE,English,BP,Warwick Pre-EUDC,FALSE,University,,IONA,England,self,,,,,103,93,11,19,20.5,295.0,S-A+,"['ESL', 'Novice']","['ESL', 'Novice', 'Open']","{'ESL': {'is_highest_non_open_cat': True, 'no_wbr_speakers': np.int64(0), 'no_79.11plus_speakers': 0, 'no_qual_speakers': np.float64(0.0), 'no_teams2': 39, 'pts_speaking': np.float64(39.0), 'speaking_class': 'S-E'}, 'Novice': {'is_highest_non_open_cat': False, 'no_wbr_speakers': np.int64(0), 'no_79.11plus_speakers': 0, 'no_qual_speakers': np.float64(0.0), 'no_teams2': 14, 'pts_speaking': np.float64(14.0), 'speaking_class': 'S-E'}}",49,2,85,J-C,5,,success,success,5,196,184
Waterloo IV 2025,https://waterlooiv.calicotab.com/waterlooiv2025/,2025,2025-06-21,TRUE,English,BP,Waterloo IV,FALSE,University,In person,North America,Canada,self,,,,,32,32,2,7,5.5,87.0,S-C,['Novice'],['Novice'],"{'Novice': {'is_highest_non_open_cat': True, 'no_wbr_speakers': np.int64(0), 'no_79.11plus_speakers': 0, 'no_qual_speakers': np.float64(0.0), 'no_teams2': 10, 'pts_speaking': np.float64(10.0), 'speaking_class': 'S-E'}}",18,4,90,J-B,5,,success,success,5,64,64
Waterloo IV 2026,https://waterlooiv.calicotab.com/waterlooiv2026/,2026,2026-05-23,TRUE,English,BP,Waterloo IV,FALSE,University,In person,North America,Canada,public,,,,,37,36,4,9,8.5,120.0,S-B,['Novice'],"['Novice', 'Open']","{'Novice': {'is_highest_non_open_cat': True, 'no_wbr_speakers': np.int64(0), 'no_79.11plus_speakers': 1, 'no_qual_speakers': np.float64(0.5), 'no_teams2': 10, 'pts_speaking': np.float64(15.0), 'speaking_class': 'S-E'}}",24,4,96,J-B,4,,success,success,5,74,72
West African UDC 2024,https://rrwaudc.calicotab.com/waudc2024/,2024,,TRUE,English,BP,West African UDC,FALSE,University,,Africa,,self,,,,,70,51,0,2,1,60.0,S-D,[],[],{},39,0,39,J-E,2,,success,success,9,132,90
West African UDC 2025,https://rrwaudc.calicotab.com/waudc2025/,2025,,TRUE,English,BP,West African UDC,FALSE,University,,Africa,,self,,,,,95,81,0,11,5.5,135.0,S-C,[],[],{},41,0,41,J-E,6,,success,success,9,183,151
Western IV 2022,https://westerniv.calicotab.com/westerniv2022/,2022,,TRUE,English,BP,Western IV,FALSE,University,,North America,Canada,self,,,,,94,88,15,28,29,378.0,S-AA,"['ESL', 'Novice']","['ESL', 'Novice']","{'ESL': {'is_highest_non_open_cat': True, 'no_wbr_speakers': np.int64(0), 'no_79.11plus_speakers': 0, 'no_qual_speakers': np.float64(0.0), 'no_teams2': 24, 'pts_speaking': np.float64(24.0), 'speaking_class': 'S-E'}, 'Novice': {'is_highest_non_open_cat': False, 'no_wbr_speakers': np.int64(0), 'no_79.11plus_speakers': 2, 'no_qual_speakers': np.float64(1.0), 'no_teams2': 24, 'pts_speaking': np.float64(34.0), 'speaking_class': 'S-E'}}",47,9,209,J-A+,6,"Devesh Kodnani, Erasmus Mawuli Segbefia, Geneva Roy, Klaudia Maciejewska, Matt Caito, Tyler Li",success,success,5,187,172
Western IV 2023,https://western2023.calicotab.com/western2023/,2023,,TRUE,English,BP,Western IV,FALSE,University,,North America,Canada,self,,,,,103,98,9,22,20,298.0,S-A+,"['ESL', 'Novice']","['ESL', 'Novice']","{'ESL': {'is_highest_non_open_cat': True, 'no_wbr_speakers': np.int64(1), 'no_79.11plus_speakers': 0, 'no_qual_speakers': np.float64(1.0), 'no_teams2': 32, 'pts_speaking': np.float64(42.0), 'speaking_class': 'S-E'}, 'Novice': {'is_highest_non_open_cat': False, 'no_wbr_speakers': np.int64(0), 'no_79.11plus_speakers': 0, 'no_qual_speakers': np.float64(0.0), 'no_teams2': 27, 'pts_speaking': np.float64(27.0), 'speaking_class': 'S-E'}}",61,5,151,J-A,5,,success,success,5,204,194
Western IV 2024,https://westerniv2024.calicotab.com/western2024/,2024,2024-10-05,TRUE,English,BP,Western IV,FALSE,University,,North America,Canada,self,,,,,59,56,8,8,12,176.0,S-A,"['ESL', 'Novice']","['ESL', 'Novice']","{'ESL': {'is_highest_non_open_cat': True, 'no_wbr_speakers': np.int64(0), 'no_79.11plus_speakers': 0, 'no_qual_speakers': np.float64(0.0), 'no_teams2': 24, 'pts_speaking': np.float64(24.0), 'speaking_class': 'S-E'}, 'Novice': {'is_highest_non_open_cat': False, 'no_wbr_speakers': np.int64(0), 'no_79.11plus_speakers': 0, 'no_qual_speakers': np.float64(0.0), 'no_teams2': 14, 'pts_speaking': np.float64(14.0), 'speaking_class': 'S-E'}}",41,7,167,J-A,6,,success,success,5,114,106
Western IV 2025,https://westerniv2025.calicotab.com/_/,2025,2025-10-11,TRUE,English,BP,Western IV,FALSE,University,Online,North America,Canada,self,,,,,89,74,11,23,22.5,299.0,S-A+,"['Novice', 'ESL']","['Novice', 'ESL']","{'Novice': {'is_highest_non_open_cat': False, 'no_wbr_speakers': np.int64(0), 'no_79.11plus_speakers': 0, 'no_qual_speakers': np.float64(0.0), 'no_teams2': 15, 'pts_speaking': np.float64(15.0), 'speaking_class': 'S-E'}, 'ESL': {'is_highest_non_open_cat': True, 'no_wbr_speakers': np.int64(2), 'no_79.11plus_speakers': 2, 'no_qual_speakers': np.float64(3.0), 'no_teams2': 26, 'pts_speaking': np.float64(56.0), 'speaking_class': 'S-C'}}",45,8,189,J-A+,4,,success,success,5,172,145
Western States 2022,https://2022westernstates.calicotab.com/2022WesternStates/,2022,,FALSE,English,BP,Western States,FALSE,University,,North America,,self,,,,,51,48,0,4,2,68.0,S-D,['Novice'],['Novice'],"{'Novice': {'is_highest_non_open_cat': True, 'no_wbr_speakers': np.int64(0), 'no_79.11plus_speakers': 0, 'no_qual_speakers': np.float64(0.0), 'no_teams2': 9, 'pts_speaking': np.float64(9.0), 'speaking_class': 'S-E'}}",36,1,54,J-C,3,"Nicholas Aranda, Darrin Hicks, Sage Margesson",success,success,6,99,95
Winter Wars DO (1.0) 2025,https://debatefoster.calicotab.com/wwdo25/,2025,,TRUE,English,BP,Winter Wars DO,FALSE,University,,Africa,,self,,,,,71,61,0,6,3,87.0,S-C,[],['Open'],{},32,0,32,J-E,0,,success,success,5,131,108
Winter Wars DO 2026,https://debatefoster.calicotab.com/WWDO26/,2026,,TRUE,English,BP,Winter Wars DO,FALSE,University,,Africa,,self,,,,,57,44,0,9,4.5,87.0,S-C,[],['Open'],{},8,0,8,J-E,4,,success,success,5,102,78
Wolce Novice Cup 2022,https://wolce.calicotab.com/novice22/,2022,,,English,BP,Wolce Novice Cup,FALSE,University,,Asia,,self,,,,,28,28,0,1,0.5,33.0,S-E,[],[],{},11,0,11,J-E,3,,success,success,4,59,58
Wolce Pre-ABP 2020,https://wpa2020.calicotab.com/preabp/,2020,,TRUE,English,BP,Wolce Pre-ABP,FALSE,University,,Asia,,self,,,,,87,82,0,2,1,89.0,S-D,[],[],{},38,0,38,J-E,4,,success,success,4,162,158
Wolce Pro Am 2021,https://wolce.calicotab.com/pro-ams2021/,2021,,,English,BP,Wolce Pro Am,FALSE,University,,Asia,,self,,,,,26,24,0,1,0.5,29.0,S-E,[],[],{},17,1,35,J-C,3,,success,success,4,52,48
World Debate Open 2021,https://midp.calicotab.com/wdo2021/,2021,,,English,BP,World Debate Open,FALSE,University,,Asia,,self,,,,,49,49,0,1,0.5,54.0,S-E,['Novice'],['Novice'],"{'Novice': {'is_highest_non_open_cat': True, 'no_wbr_speakers': np.int64(0), 'no_79.11plus_speakers': 0, 'no_qual_speakers': np.float64(0.0), 'no_teams2': 20, 'pts_speaking': np.float64(20.0), 'speaking_class': 'S-E'}}",18,0,18,J-E,5,"Yash, Njuguna, Sera, Xiao-ke, Toshiya",success,success,4,98,98
World Debate Open 2022,https://midp.calicotab.com/wdo2022/,2022,,TRUE,English,BP,World Debate Open,FALSE,University,,Asia,Malaysia,self,,,,,60,56,2,7,5.5,110.0,S-C,['EFL'],['EFL'],"{'EFL': {'is_highest_non_open_cat': True, 'no_wbr_speakers': np.int64(0), 'no_79.11plus_speakers': 0, 'no_qual_speakers': np.float64(0.0), 'no_teams2': 17, 'pts_speaking': np.float64(17.0), 'speaking_class': 'S-E'}}",18,0,18,J-E,2,,success,success,4,119,112
World Novice DC BP 2023,https://wndp.calicotab.com/wndcbp2023/,2023,2023-09-23,TRUE,English,BP,World Novice DC BP,FALSE,University,Online,Asia,South Korea,public,,,,,17,16,0,0,0,16.0,S-E,"['University EFL', 'University Open', 'Youth Open']","['Open', 'University EFL']","{'University EFL': {'is_highest_non_open_cat': True, 'no_wbr_speakers': np.int64(0), 'no_79.11plus_speakers': 0, 'no_qual_speakers': np.float64(0.0), 'no_teams2': 4, 'pts_speaking': np.float64(4.0), 'speaking_class': 'S-E'}}",9,0,9,J-E,4,,success,success,5,34,32
Chennai WUDC 2014,https://wudc2014.calicotab.com/wudc2014/,2014,2014-01-02,FALSE,English,BP,WUDC,TRUE,University,In person,WUDC,India,self,,,,,342,340,24,89,68.5,1025.0,S-WUDC,"['ESL', 'EFL']","['ESL', 'EFL']","{'ESL': {'is_highest_non_open_cat': True, 'no_wbr_speakers': np.int64(0), 'no_79.11plus_speakers': 0, 'no_qual_speakers': np.float64(0.0), 'no_teams2': 89, 'pts_speaking': np.float64(89.0), 'speaking_class': 'S-D'}, 'EFL': {'is_highest_non_open_cat': False, 'no_wbr_speakers': np.int64(0), 'no_79.11plus_speakers': 0, 'no_qual_speakers': np.float64(0.0), 'no_teams2': 48, 'pts_speaking': np.float64(48.0), 'speaking_class': 'S-E'}}",331,41,1069,J-WUDC,6,"Michael Baer, Harish Natarajan, Ely Zosa, Fiona Prowse, Michael Shapira, Steve Whittington",success,success,9,684,680
Malaysia WUDC 2015,https://wudc2015.calicotab.com/_/,2015,2015-01-02,FALSE,English,BP,WUDC,TRUE,University,In person,WUDC,Malaysia,self,,,,"Speaking only, no outrounds",362,360,38,115,95.5,1314.0,S-WUDC,"['EFL', 'ESL']","['EFL', 'ESL']","{'EFL': {'is_highest_non_open_cat': False, 'no_wbr_speakers': np.int64(0), 'no_79.11plus_speakers': 0, 'no_qual_speakers': np.float64(0.0), 'no_teams2': 55, 'pts_speaking': np.float64(55.0), 'speaking_class': 'S-E'}, 'ESL': {'is_highest_non_open_cat': True, 'no_wbr_speakers': np.int64(3), 'no_79.11plus_speakers': 5, 'no_qual_speakers': np.float64(5.5), 'no_teams2': 143, 'pts_speaking': np.float64(198.0), 'speaking_class': 'S-C'}}",274,0,274,J-WUDC,0,,success,success,9,724,720
Thessaloniki WUDC 2016,https://web.archive.org/web/20201002235840/https://www.tabbie.org/thessaloniki-wudc-2016/#speaker-tab,2016,2016-01-02,FALSE,English,BP,WUDC,TRUE,University,In person,WUDC,Greece,self,TRUE,,,"Speaker tab, team tab, and open finalists (+result) only",,383,47,103,98.5,1383.0,S-WUDC,,[],{},,,,J-WUDC,,,error getting speaker tab,no prelims,,,768
Dutch WUDC 2017,https://docs.google.com/spreadsheets/d/1mhNLrH-ZfEozNLfGie6_sW_BdVexayYX/edit?gid=1845854710#gid=1845854710,2017,2017-01-02,FALSE,English,BP,WUDC,TRUE,University,In person,WUDC,Netherlands,self,TRUE,,,"Speaker tab, team tab, and open finalists (+result) only",,371,51,136,119,1556.0,S-WUDC,,[],{},,,,J-WUDC,,,error getting speaker tab,no prelims,,,727
Mexico WUDC 2018,https://wudc2018.calicotab.com/wudc2018/,2018,2018-01-02,FALSE,English,BP,WUDC,TRUE,University,In person,WUDC,Mexico,self,,,,,315,314,31,129,95.5,1269.0,S-WUDC,"['ESL', 'EFL']","['ESL', 'EFL']","{'ESL': {'is_highest_non_open_cat': True, 'no_wbr_speakers': np.int64(0), 'no_79.11plus_speakers': 7, 'no_qual_speakers': np.float64(3.5), 'no_teams2': 96, 'pts_speaking': np.float64(131.0), 'speaking_class': 'S-C'}, 'EFL': {'is_highest_non_open_cat': False, 'no_wbr_speakers': np.int64(0), 'no_79.11plus_speakers': 0, 'no_qual_speakers': np.float64(0.0), 'no_teams2': 49, 'pts_speaking': np.float64(49.0), 'speaking_class': 'S-E'}}",249,46,1077,J-WUDC,8,,success,success,9,630,624
Cape Town WUDC 2019,https://docs.google.com/spreadsheets/d/1RaAzZEhjby_IBj8pZxCbXzDuq6Qi4dda/edit?gid=1354848172#gid=1354848172,2019,2019-01-02,FALSE,English,BP,WUDC,TRUE,University,In person,WUDC,South Africa,self,TRUE,,,Complete,,264,37,94,84,1108.0,S-WUDC,,"['ESL', 'EFL']","{'ESL': {'is_highest_non_open_cat': True, 'no_wbr_speakers': np.int64(1), 'no_79.11plus_speakers': 5, 'no_qual_speakers': np.float64(3.5), 'no_teams2': 87, 'pts_speaking': np.float64(122.0), 'speaking_class': 'S-C'}, 'EFL': {'is_highest_non_open_cat': False, 'no_wbr_speakers': np.int64(0), 'no_79.11plus_speakers': 0, 'no_qual_speakers': np.float64(0.0), 'no_teams2': 33, 'pts_speaking': np.float64(33.0), 'speaking_class': 'S-E'}}",,35,,J-WUDC,,,error getting speaker tab,no prelims,,,528
Thailand WUDC 2020,https://wudc2020.calicotab.com/wudc2020/,2020,2020-01-02,FALSE,English,BP,WUDC,TRUE,University,,WUDC,Thailand,self,,,,,353,348,45,132,111,1458.0,S-WUDC,"['ESL', 'EFL']","['ESL', 'EFL']","{'ESL': {'is_highest_non_open_cat': True, 'no_wbr_speakers': np.int64(2), 'no_79.11plus_speakers': 4, 'no_qual_speakers': np.float64(4.0), 'no_teams2': 136, 'pts_speaking': np.float64(176.0), 'speaking_class': 'S-C'}, 'EFL': {'is_highest_non_open_cat': False, 'no_wbr_speakers': np.int64(0), 'no_79.11plus_speakers': 0, 'no_qual_speakers': np.float64(0.0), 'no_teams2': 61, 'pts_speaking': np.float64(61.0), 'speaking_class': 'S-D'}}",276,32,852,J-WUDC,9,,success,success,9,707,696
Korea WUDC 2021,https://wudckorea.calicotab.com/2021/,2021,2021-07-07,FALSE,English,BP,WUDC,TRUE,University,,WUDC,Korea,self,,,,,372,368,20,129,84.5,1212.0,S-WUDC,"['ESL', 'EFL']","['ESL', 'Open', 'EFL']","{'ESL': {'is_highest_non_open_cat': True, 'no_wbr_speakers': np.int64(0), 'no_79.11plus_speakers': 10, 'no_qual_speakers': np.float64(5.0), 'no_teams2': 181, 'pts_speaking': np.float64(231.0), 'speaking_class': 'S-C'}, 'EFL': {'is_highest_non_open_cat': False, 'no_wbr_speakers': np.int64(0), 'no_79.11plus_speakers': 0, 'no_qual_speakers': np.float64(0.0), 'no_teams2': 87, 'pts_speaking': np.float64(87.0), 'speaking_class': 'S-D'}}",301,36,949,J-WUDC,10,"Boemo Phirinyane, Bobbi Leet, Milos Marjanovic, Connor O'Brien, Dan Lahav, Sebastian Dasso, Teck Wei Tan, Mubarrat Wassey, Tejal Patwardhan, Sooyoung Park",success,success,9,744,733
Belgrade WUDC 2022,https://wudc2022.calicotab.com/wudc/,2022,2022-07-20,FALSE,English,BP,WUDC,TRUE,University,,WUDC,Serbia,self,,,,,371,363,28,86,71,1073.0,S-WUDC,"['ESL', 'EFL']","['ESL', 'Open', 'EFL']","{'ESL': {'is_highest_non_open_cat': True, 'no_wbr_speakers': np.int64(1), 'no_79.11plus_speakers': 4, 'no_qual_speakers': np.float64(3.0), 'no_teams2': 189, 'pts_speaking': np.float64(219.0), 'speaking_class': 'S-C'}, 'EFL': {'is_highest_non_open_cat': False, 'no_wbr_speakers': np.int64(0), 'no_79.11plus_speakers': 0, 'no_qual_speakers': np.float64(0.0), 'no_teams2': 73, 'pts_speaking': np.float64(73.0), 'speaking_class': 'S-D'}}",269,37,935,J-WUDC,8,"Enting Lee, Milos Marjanović, Donald Schmidt, Hadar Goldberg, Juanita Hincapié Restrepo, Noluthando Honono, Robert Barrie, Yarn Shih",success,success,9,738,721
Madrid WUDC 2023,https://wudc2023.calicotab.com/wudc/,2023,2023-01-02,FALSE,English,BP,WUDC,TRUE,University,,WUDC,Spain,self,,,,,259,256,69,120,129,1546.0,S-WUDC,"['ESL', 'EFL']","['ESL', 'Open', 'EFL']","{'ESL': {'is_highest_non_open_cat': True, 'no_wbr_speakers': np.int64(2), 'no_79.11plus_speakers': 6, 'no_qual_speakers': np.float64(5.0), 'no_teams2': 67, 'pts_speaking': np.float64(117.0), 'speaking_class': 'S-C'}, 'EFL': {'is_highest_non_open_cat': False, 'no_wbr_speakers': np.int64(2), 'no_79.11plus_speakers': 2, 'no_qual_speakers': np.float64(3.0), 'no_teams2': 24, 'pts_speaking': np.float64(54.0), 'speaking_class': 'S-C'}}",214,49,1096,J-WUDC,5,,success,success,9,518,512
Vietnam WUDC 2024,https://wudc2024.calicotab.com/wudc/,2024,2024-01-02,FALSE,English,BP,WUDC,TRUE,University,,WUDC,Vietnam,self,,,,,298,296,51,96,99,1283.0,S-WUDC,"['ESL', 'EFL']","['ESL', 'Open', 'EFL']","{'ESL': {'is_highest_non_open_cat': True, 'no_wbr_speakers': np.int64(1), 'no_79.11plus_speakers': 3, 'no_qual_speakers': np.float64(2.5), 'no_teams2': 100, 'pts_speaking': np.float64(125.0), 'speaking_class': 'S-D'}, 'EFL': {'is_highest_non_open_cat': False, 'no_wbr_speakers': np.int64(0), 'no_79.11plus_speakers': 0, 'no_qual_speakers': np.float64(0.0), 'no_teams2': 36, 'pts_speaking': np.float64(36.0), 'speaking_class': 'S-E'}}",207,38,891,J-WUDC,8,"Banun Sabri, Daniel Maier-Gant, Aditya Dhar, Ellie Stephenson, Luigi Alcaneses, Davida Paul, Mauricio Jarufe Caballero, Niki Angelov",success,success,9,598,589
Panama WUDC 2025,https://wudc2025.calicotab.com/open/,2025,2025-01-02,FALSE,English,BP,WUDC,TRUE,University,In person,WUDC,Panama,self,,,,,220,210,48,92,94,1149.0,S-WUDC,"['ESL', 'EFL']","['ESL', 'Open', 'EFL']","{'ESL': {'is_highest_non_open_cat': True, 'no_wbr_speakers': np.int64(3), 'no_79.11plus_speakers': 3, 'no_qual_speakers': np.float64(4.5), 'no_teams2': 44, 'pts_speaking': np.float64(89.0), 'speaking_class': 'S-C'}, 'EFL': {'is_highest_non_open_cat': False, 'no_wbr_speakers': np.int64(0), 'no_79.11plus_speakers': 0, 'no_qual_speakers': np.float64(0.0), 'no_teams2': 23, 'pts_speaking': np.float64(23.0), 'speaking_class': 'S-E'}}",164,42,920,J-WUDC,7,,success,success,9,418,418
Sofia WUDC 2026,https://wudc2026.calicotab.com/open/,2026,2026-01-01,FALSE,English,BP,WUDC,TRUE,University,In person,WUDC,Bulgaria,self,,,,,335,323,58,116,116,1483.0,S-WUDC,"['ESL', 'EFL']","['ESL', 'Open', 'EFL']","{'ESL': {'is_highest_non_open_cat': True, 'no_wbr_speakers': np.int64(2), 'no_79.11plus_speakers': 6, 'no_qual_speakers': np.float64(5.0), 'no_teams2': 118, 'pts_speaking': np.float64(168.0), 'speaking_class': 'S-C'}, 'EFL': {'is_highest_non_open_cat': False, 'no_wbr_speakers': np.int64(0), 'no_79.11plus_speakers': 0, 'no_qual_speakers': np.float64(0.0), 'no_teams2': 56, 'pts_speaking': np.float64(56.0), 'speaking_class': 'S-E'}}",273,63,1407,J-WUDC,10,,success,success,9,657,642
Yaatly Online DL (#4) 2024,https://yodl4ay25.calicotab.com/yodl4ay25/,2024,,TRUE,English,BP,Yaatly Online DL,FALSE,University,,North America,United States,self,,,,,84,84,0,0,0,84.0,S-D,"['Honors', 'Novice']","['Novice', 'Honors', 'Open']","{'Novice': {'is_highest_non_open_cat': True, 'no_wbr_speakers': np.int64(0), 'no_79.11plus_speakers': 0, 'no_qual_speakers': np.float64(0.0), 'no_teams2': 28, 'pts_speaking': np.float64(28.0), 'speaking_class': 'S-E'}, 'Honors': {'is_highest_non_open_cat': False, 'no_wbr_speakers': np.int64(0), 'no_79.11plus_speakers': 0, 'no_qual_speakers': np.float64(0.0), 'no_teams2': 39, 'pts_speaking': np.float64(39.0), 'speaking_class': 'S-E'}}",76,0,76,J-D,0,"Steve Johnson, Shawn Briscoe]",success,success,4,168,168
Yaatly Online DL Champs 2025,https://champs.calicotab.com/yodl25/,2025,,TRUE,English,BP,Yaatly Online DL Champs,FALSE,University,,North America,United States,self,,,,,64,64,0,0,0,64.0,S-D,"['Honors', 'Novice']","['Novice', 'Honors', 'Open']","{'Novice': {'is_highest_non_open_cat': True, 'no_wbr_speakers': np.int64(0), 'no_79.11plus_speakers': 0, 'no_qual_speakers': np.float64(0.0), 'no_teams2': 17, 'pts_speaking': np.float64(17.0), 'speaking_class': 'S-E'}, 'Honors': {'is_highest_non_open_cat': False, 'no_wbr_speakers': np.int64(0), 'no_79.11plus_speakers': 0, 'no_qual_speakers': np.float64(0.0), 'no_teams2': 39, 'pts_speaking': np.float64(39.0), 'speaking_class': 'S-E'}}",42,0,42,J-E,0,,success,success,6,128,128
Yaatly Online DL Nationals 2024,https://yodlusafa2024.calicotab.com/yodl2024/,2024,,TRUE,English,BP,Yaatly Online DL Nationals,FALSE,University,,North America,United States,self,,,,,84,84,0,0,0,84.0,S-D,['Novice'],"['Novice', 'Open']","{'Novice': {'is_highest_non_open_cat': True, 'no_wbr_speakers': np.int64(0), 'no_79.11plus_speakers': 0, 'no_qual_speakers': np.float64(0.0), 'no_teams2': 28, 'pts_speaking': np.float64(28.0), 'speaking_class': 'S-E'}}",66,1,84,J-C,4,"Miranda Zigler, Harmoni Blackstock, Will Reid, Parker Davidson",success,success,6,168,168
Yale IV 2019,https://yaleiv2019.calicotab.com/yaleiv2019/,2019,,TRUE,English,BP,Yale IV,FALSE,University,In person,North America,United States,self,,,,,,,,,,,,,"['Novice', 'Open']",{'Novice': {'is_highest_non_open_cat': True}},88,10,268,J-AA,4,,error getting speaker tab,success,6,,
Yale IV 2021,https://yaleiv2021.netlify.app/2021/,2021,,FALSE,English,BP,Yale IV,FALSE,University,,North America,United States,self,,,,,174,168,13,55,40.5,573.0,S-AA+,"['ESL', 'Novice']","['ESL', 'Novice']","{'ESL': {'is_highest_non_open_cat': True, 'no_wbr_speakers': np.int64(0), 'no_79.11plus_speakers': 4, 'no_qual_speakers': np.float64(2.0), 'no_teams2': 28, 'pts_speaking': np.float64(48.0), 'speaking_class': 'S-E'}, 'Novice': {'is_highest_non_open_cat': False, 'no_wbr_speakers': np.int64(0), 'no_79.11plus_speakers': 0, 'no_qual_speakers': np.float64(0.0), 'no_teams2': 34, 'pts_speaking': np.float64(34.0), 'speaking_class': 'S-E'}}",110,16,398,J-AA+,5,,success,success,5,345,334
Yale IV 2022,https://yaleiv2022.calicotab.com/_/,2022,,TRUE,English,BP,Yale IV,FALSE,University,,North America,United States,self,,,,,121,120,14,34,31,430.0,S-AA,"['ESL', 'Novice']","['ESL', 'Novice']","{'ESL': {'is_highest_non_open_cat': True, 'no_wbr_speakers': np.int64(0), 'no_79.11plus_speakers': 0, 'no_qual_speakers': np.float64(0.0), 'no_teams2': 17, 'pts_speaking': np.float64(17.0), 'speaking_class': 'S-E'}, 'Novice': {'is_highest_non_open_cat': False, 'no_wbr_speakers': np.int64(0), 'no_79.11plus_speakers': 1, 'no_qual_speakers': np.float64(0.5), 'no_teams2': 56, 'pts_speaking': np.float64(61.0), 'speaking_class': 'S-D'}}",72,9,234,J-A+,5,,success,success,5,239,237
Yale IV 2023,https://yaleiv2023.calicotab.com/yaleiv2023/,2023,,TRUE,English,BP,Yale IV,FALSE,University,,North America,United States,self,,,,,101,100,13,26,26,360.0,S-AA,['Novice'],['Novice'],"{'Novice': {'is_highest_non_open_cat': True, 'no_wbr_speakers': np.int64(0), 'no_79.11plus_speakers': 3, 'no_qual_speakers': np.float64(1.5), 'no_teams2': 48, 'pts_speaking': np.float64(63.0), 'speaking_class': 'S-D'}}",63,5,153,J-A,4,,success,success,5,201,198
Yale IV 2024,https://yaleiv2024.calicotab.com/_/,2024,2024-11-02,TRUE,English,BP,Yale IV,FALSE,University,,North America,United States,self,,,,,136,136,19,45,41.5,551.0,S-AA+,['Novice'],['Novice'],"{'Novice': {'is_highest_non_open_cat': True, 'no_wbr_speakers': np.int64(0), 'no_79.11plus_speakers': 4, 'no_qual_speakers': np.float64(2.0), 'no_teams2': 56, 'pts_speaking': np.float64(76.0), 'speaking_class': 'S-D'}}",109,12,325,J-AA,4,"Arthur Lee, Tanay Patri, Xiao-Ke Lu, Dennis Su",success,success,5,272,270
Yale IV 2025,https://yaleiv2025.calicotab.com/_/,2025,2025-11-01,TRUE,English,BP,Yale IV,FALSE,University,In person,North America,United States,self,,,,,120,120,13,25,25.5,375.0,S-AA,"['ESL', 'Novice']",['Novice'],"{'Novice': {'is_highest_non_open_cat': True, 'no_wbr_speakers': np.int64(0), 'no_79.11plus_speakers': 0, 'no_qual_speakers': np.float64(0.0), 'no_teams2': 53, 'pts_speaking': np.float64(53.0), 'speaking_class': 'S-E'}}",84,6,192,J-A,5,,success,success,5,239,239
Yale IV Fall 2021,https://yaleivfall21.calicotab.com/_/,2021,,TRUE,English,BP,Yale IV Fall,FALSE,University,,North America,United States,self,,,,,133,128,13,30,28,408.0,S-AA,"['ESL', 'Novice']","['ESL', 'Novice']","{'ESL': {'is_highest_non_open_cat': True, 'no_wbr_speakers': np.int64(0), 'no_79.11plus_speakers': 1, 'no_qual_speakers': np.float64(0.5), 'no_teams2': 35, 'pts_speaking': np.float64(40.0), 'speaking_class': 'S-E'}, 'Novice': {'is_highest_non_open_cat': False, 'no_wbr_speakers': np.int64(0), 'no_79.11plus_speakers': 0, 'no_qual_speakers': np.float64(0.0), 'no_teams2': 33, 'pts_speaking': np.float64(33.0), 'speaking_class': 'S-E'}}",99,20,459,J-AAA,4,,success,success,5,265,255
Youth Online Debate Open 2021,https://midp.calicotab.com/yodo2021/,2021,,,English,BP,Youth Online Debate Open,FALSE,University,,Asia,,self,,,,,36,36,0,0,0,35.0,S-E,['Novice'],['Novice'],"{'Novice': {'is_highest_non_open_cat': True, 'no_wbr_speakers': np.int64(0), 'no_79.11plus_speakers': 0, 'no_qual_speakers': np.float64(0.0), 'no_teams2': 30, 'pts_speaking': np.float64(30.0), 'speaking_class': 'S-E'}}",12,0,12,J-E,0,,success,success,4,71,71
Zadek DO 2022,https://mace1996.calicotab.com/Zadek2022/,2022,2022-09-10,TRUE,English,BP,Zadek DO,FALSE,University,Online,Africa,,public,,,,,81,68,0,0,0,66.0,S-D,[],"['Open', 'Novice']",{'Novice': {'is_highest_non_open_cat': True}},23,0,23,J-E,5,,success,success,5,157,125
Zagreb Open 2024,https://tab.debate.si/zagreb-open-24/,2024,2024-03-02,TRUE,English,BP,Zagreb Open,FALSE,University,,Europe,Croatia,self,,,,,49,48,10,21,20.5,253.0,S-A+,"['ESL', 'Novice', 'EFL']",['Novice'],"{'Novice': {'is_highest_non_open_cat': True, 'no_wbr_speakers': np.int64(0), 'no_79.11plus_speakers': 1, 'no_qual_speakers': np.float64(0.5), 'no_teams2': 19, 'pts_speaking': np.float64(24.0), 'speaking_class': 'S-E'}}",19,7,145,J-A,4,"Lucy Murphy, Vladimira Šuflaj, Matt Caito, Geneva Roy",success,success,5,98,96
Zagreb Open 2025,https://zgopen2025.calicotab.com/zgopen2025/,2025,2025-03-15,TRUE,English,BP,Zagreb Open,FALSE,University,In person,Europe,Croatia,self,,,,,56,56,4,15,11.5,171.0,S-B,['Novice'],['Novice'],"{'Novice': {'is_highest_non_open_cat': True, 'no_wbr_speakers': np.int64(0), 'no_79.11plus_speakers': 1, 'no_qual_speakers': np.float64(0.5), 'no_teams2': 23, 'pts_speaking': np.float64(28.0), 'speaking_class': 'S-E'}}",26,3,80,J-B,4,,success,success,5,112,112
Zagreb Open 2026,https://brinatabby.calicotab.com/zagreb2026/,2026,2026-03-28,TRUE,English,BP,Zagreb Open,FALSE,University,In person,Europe,Croatia,self,,,,,44,44,5,8,9,134.0,S-B,['Novice'],"['Open', 'Novice']","{'Novice': {'is_highest_non_open_cat': True, 'no_wbr_speakers': np.int64(0), 'no_79.11plus_speakers': 0, 'no_qual_speakers': np.float64(0.0), 'no_teams2': 9, 'pts_speaking': np.float64(9.0), 'speaking_class': 'S-E'}}",15,3,69,J-B,4,,success,success,5,87,87
Zagreb Pre-EUDC 2024,https://zagrebpreeudc2024.calicotab.com/zagrebpreeudc24/,2024,2024-06-15,TRUE,English,BP,Zagreb Pre-EUDC,FALSE,University,,Europe,Croatia,self,,,,,72,70,15,24,27,339.0,S-AA,[],[],{},30,4,102,J-B,3,,success,success,5,144,138
Zagreb Pre-EUDC 2025,https://zagrebpreeudc2025.calicotab.com/_/,2025,2025-06-14,TRUE,English,BP,Zagreb Pre-EUDC,FALSE,University,Online,Europe,Croatia,self,,,,,97,93,13,29,27.5,368.0,S-AA,"['ESL', 'Novice']","['ESL', 'Novice']","{'ESL': {'is_highest_non_open_cat': True, 'no_wbr_speakers': np.int64(1), 'no_79.11plus_speakers': 4, 'no_qual_speakers': np.float64(3.0), 'no_teams2': 31, 'pts_speaking': np.float64(61.0), 'speaking_class': 'S-C'}, 'Novice': {'is_highest_non_open_cat': False, 'no_wbr_speakers': np.int64(0), 'no_79.11plus_speakers': 0, 'no_qual_speakers': np.float64(0.0), 'no_teams2': 10, 'pts_speaking': np.float64(10.0), 'speaking_class': 'S-E'}}",75,5,165,J-A,4,,success,success,5,193,184
Zagreb Pre-EUDC 2026,https://zgpreeudc26.calicotab.com/zagrebpreeudc26/,2026,2026-06-20,TRUE,English,BP,Zagreb Pre-EUDC,FALSE,University,Online,Europe,Zagreb,self,,,,,100,96,10,23,21.5,311.0,S-A+,"['ESL', 'Novice']","['ESL', 'Open', 'Novice']","{'ESL': {'is_highest_non_open_cat': True, 'no_wbr_speakers': np.int64(5), 'no_79.11plus_speakers': 4, 'no_qual_speakers': np.float64(7.0), 'no_teams2': 43, 'pts_speaking': np.float64(113.0), 'speaking_class': 'S-B'}, 'Novice': {'is_highest_non_open_cat': False, 'no_wbr_speakers': np.int64(0), 'no_79.11plus_speakers': 0, 'no_qual_speakers': np.float64(0.0), 'no_teams2': 11, 'pts_speaking': np.float64(11.0), 'speaking_class': 'S-E'}}",51,7,177,J-A,3,,success,success,5,195,190
Zagreb Pre-WUDC 2023,https://zagrebprewudc.calicotab.com/_/,2023,,TRUE,English,BP,Zagreb Pre-WUDC,FALSE,University,,Europe,Croatia,self,,,,,94,91,28,45,50.5,595.0,S-AAA,"['ESL', 'Novice']","['ESL', 'Novice']","{'ESL': {'is_highest_non_open_cat': True, 'no_wbr_speakers': np.int64(2), 'no_79.11plus_speakers': 3, 'no_qual_speakers': np.float64(3.5), 'no_teams2': 34, 'pts_speaking': np.float64(69.0), 'speaking_class': 'S-C'}, 'Novice': {'is_highest_non_open_cat': False, 'no_wbr_speakers': np.int64(1), 'no_79.11plus_speakers': 0, 'no_qual_speakers': np.float64(1.0), 'no_teams2': 12, 'pts_speaking': np.float64(22.0), 'speaking_class': 'S-E'}}",59,15,329,J-AA+,4,,success,success,5,187,181
Zagreb Pre-WUDC 2024,https://zagreb2024.calicotab.com/zagreb2024/,2024,2024-10-16,TRUE,English,BP,Zagreb Pre-WUDC,FALSE,University,,Europe,Croatia,self,,,,,49,48,12,17,20.5,253.0,S-A+,[],[],{},37,7,163,J-A,3,,success,success,5,97,95
Zagreb Pre-WUDC 2025,https://zagrebprewudc2025.calicotab.com/zagreb2025/,2025,2025-12-06,TRUE,English,BP,Zagreb Pre-WUDC,FALSE,University,Online,Europe,Croatia,self,,,,,102,100,28,49,52.5,625.0,S-AAA,['ESL'],['ESL'],"{'ESL': {'is_highest_non_open_cat': True, 'no_wbr_speakers': np.int64(0), 'no_79.11plus_speakers': 3, 'no_qual_speakers': np.float64(1.5), 'no_teams2': 39, 'pts_speaking': np.float64(54.0), 'speaking_class': 'S-E'}}",69,11,267,J-AA,3,,success,success,5,202,198
Zimbabwe Easters DC 2022,https://mace.calicotab.com/easters2022/,2022,,FALSE,English,BP,Zimbabwe Easters DC,FALSE,University,,Africa,Zimbabwe,self,,,,,75,62,0,6,3,92.0,S-C,['Novice'],['Novice'],"{'Novice': {'is_highest_non_open_cat': True, 'no_wbr_speakers': np.int64(0), 'no_79.11plus_speakers': 0, 'no_qual_speakers': np.float64(0.0), 'no_teams2': 21, 'pts_speaking': np.float64(21.0), 'speaking_class': 'S-E'}}",22,0,22,J-E,3,,success,success,5,143,118
Zimbabwe Easters DC 2023,https://mace.calicotab.com/zimbabweeasters2023/,2023,,TRUE,English,BP,Zimbabwe Easters DC,FALSE,University,,Africa,Zimbabwe,self,,,,,24,24,0,0,0,13.0,S-E,['Novice  & High School'],"['Open', 'Novice  & High School']","{'Novice  & High School': {'is_highest_non_open_cat': True, 'no_wbr_speakers': np.int64(0), 'no_79.11plus_speakers': 0, 'no_qual_speakers': np.float64(0.0), 'no_teams2': 1, 'pts_speaking': np.float64(1.0), 'speaking_class': 'S-E'}}",13,0,13,J-E,0,,success,success,6,24,24
Zimbabwe Easters DC 2024,https://mace1996.calicotab.com/zimbabwe_easters2024/,2024,,TRUE,English,BP,Zimbabwe Easters DC,FALSE,University,,Africa,Zimbabwe,self,,,,,24,24,0,4,2,44.0,S-E,[],['Open'],{},18,0,18,J-E,0,,success,success,5,48,48
Zimbabwe Easters DC 2025,https://mace.calicotab.com/easters2025/,2025,,TRUE,English,BP,Zimbabwe Easters DC,FALSE,University,In person,Africa,Zimbabwe,public,,,,,36,36,0,0,0,36.0,S-E,[],['Open'],{},14,0,14,J-E,4,,success,success,4,72,72
Zimbabwe Eliminations 2021,https://mace.calicotab.com/zodleliminations2021/,2021,,,English,BP,Zimbabwe Eliminations,FALSE,University,,Africa,Zimbabwe,self,,,,,32,32,0,3,1.5,18.0,S-E,[],[],{},8,1,26,J-C,2,"Prosper Michael, Hillary Monroe-Simmons, Ahana Chaudhuri, Ruth Serlome",success,success,1,3,3
Zurich Open 2024,https://zurichopen2024.calicotab.com/_/,2024,2024-11-02,TRUE,English,BP,Zurich Open,FALSE,University,,Europe,Switzerland,self,,,,,16,16,0,3,1.5,31.0,S-E,[],[],{},12,1,30,J-C,3,,success,success,6,32,32
Zurich Open 2025,https://zurichopen2025.calicotab.com/_/,2025,,TRUE,English,BP,Zurich Open,FALSE,University,In person,Europe,Switzerland,self,,,,,29,22,1,1,1.5,37.0,S-E,[],['Open'],{},10,4,82,J-B,3,,success,success,5,55,40
NorthAms 2021,https://northams2021.calicotab.com/northams2021/,2021,2021-01-30,FALSE,English,NorthAms,NorthAms,FALSE,University,,North America,United States,self,,,,,64,62,6,36,24,604.0,S-AA+,['Novice'],['Novice'],"{'Novice': {'is_highest_non_open_cat': True, 'no_wbr_speakers': np.int64(0), 'no_79.11plus_speakers': 1, 'no_qual_speakers': np.float64(0.5), 'no_teams2': 18, 'pts_speaking': np.float64(46.0), 'speaking_class': 'S-E'}}",36,4,108,J-B,5,,success,success,6,128,123
NorthAms 2023,https://norams2023.calicotab.com/norams2023/,2023,,TRUE,English,NorthAms,NorthAms,FALSE,University,,North America,,self,,,,,64,62,12,15,19.5,514.0,S-AA+,['Novice'],['Novice'],"{'Novice': {'is_highest_non_open_cat': True, 'no_wbr_speakers': np.int64(0), 'no_79.11plus_speakers': 0, 'no_qual_speakers': np.float64(0.0), 'no_teams2': 20, 'pts_speaking': np.float64(40.0), 'speaking_class': 'S-E'}}",35,5,125,J-A,4,,success,success,6,126,122
NorthAms 2024,https://norams2024.calicotab.com/norams2024/,2024,2024-01-20,TRUE,English,NorthAms,NorthAms,FALSE,University,,North America,United States,self,,,,,72,69,9,24,21,558.0,S-AA+,['Novice'],['Novice'],"{'Novice': {'is_highest_non_open_cat': True, 'no_wbr_speakers': np.int64(0), 'no_79.11plus_speakers': 0, 'no_qual_speakers': np.float64(0.0), 'no_teams2': 26, 'pts_speaking': np.float64(52.0), 'speaking_class': 'S-E'}}",38,11,236,J-AA,5,,success,success,6,143,138
NorthAms 2025,https://northams2025.calicotab.com/_/,2025,2025-01-18,TRUE,English,NorthAms,NorthAms,FALSE,University,Hybrid,North America,Canada,self,,,,,49,48,11,18,20,496.0,S-AA+,['Novice'],['Novice'],"{'Novice': {'is_highest_non_open_cat': True, 'no_wbr_speakers': np.int64(0), 'no_79.11plus_speakers': 0, 'no_qual_speakers': np.float64(0.0), 'no_teams2': 12, 'pts_speaking': np.float64(24.0), 'speaking_class': 'S-E'}}",34,5,124,J-A,4,,success,success,6,98,96
NorthAms 2026,https://northams2026.calicotab.com/northams2026/,2026,2026-01-17,TRUE,English,NorthAms,NorthAms,FALSE,University,In person,North America,United States,self,,,,,31,30,4,20,14,340.0,S-AA,['Novice'],"['Open', 'Novice']","{'Novice': {'is_highest_non_open_cat': True, 'no_wbr_speakers': np.int64(0), 'no_79.11plus_speakers': 2, 'no_qual_speakers': np.float64(1.0), 'no_teams2': 8, 'pts_speaking': np.float64(36.0), 'speaking_class': 'S-E'}}",16,3,70,J-B,5,,success,success,6,62,60
Bangladesh Pre-WSDC (21st) 2024,https://bdc.calicotab.com/pws24/,2024,,TRUE,English,AP,Bangladesh Pre-WSDC,FALSE,School,,Asia,Bangladesh,self,,,,,65,65,0,1,0.5,136.7,S-D,['Novice'],['Novice'],"{'Novice': {'is_highest_non_open_cat': True, 'no_wbr_speakers': np.int64(0), 'no_79.11plus_speakers': 0, 'no_qual_speakers': np.float64(0.0), 'no_teams2': 35, 'pts_speaking': np.float64(70.0), 'speaking_class': 'S-D'}}",58,1,76,J-C,7,,success,success,6,195,194
Bangladesh Pre-WSDC (22nd) 2025,https://bdc.calicotab.com/pws25/,2025,2025-11-13,TRUE,English,AP,Bangladesh Pre-WSDC,FALSE,School,,Asia,Bangladesh,self,,,,,60,56,0,1,0.5,118.7,S-D,"['Novice', 'Open']",['Novice'],"{'Novice': {'is_highest_non_open_cat': True, 'no_wbr_speakers': np.int64(0), 'no_79.11plus_speakers': 0, 'no_qual_speakers': np.float64(0.0), 'no_teams2': 21, 'pts_speaking': np.float64(42.0), 'speaking_class': 'S-E'}}",42,0,42,J-E,4,,success,success,6,179,166
Intertext Asia Schools AP Jnr 2025,https://intertext.calicotab.com/asap2025j/,2025,,TRUE,English,AP,Intertext Asia Schools AP Jnr,FALSE,School,Online,Asia,,public,,,,,32,32,0,0,0,64.0,S-D,[],[],{},20,0,20,J-E,0,,success,success,4,96,96
Intertext Asia Schools AP Snr 2025,https://intertext.calicotab.com/asap2025s/,2025,,TRUE,English,AP,Intertext Asia Schools AP Snr,FALSE,School,Online,Asia,,public,,,,,29,28,0,0,0,56.0,S-E,[],[],{},16,0,16,J-E,0,,success,success,4,87,83
NEADC Schools 2025,https://edudrift.calicotab.com/neadcschools2025/,2025,,TRUE,English,AP,NEADC Schools,FALSE,School,In person,Asia,China,self,,,,,20,20,0,5,2.5,73.3,S-C,"['U18', 'U11', 'U14', 'U16']","['U18', 'U11', 'U14', 'U16']","{'U18': {'is_highest_non_open_cat': False, 'no_wbr_speakers': np.int64(0), 'no_79.11plus_speakers': 4, 'no_qual_speakers': np.float64(2.0), 'no_teams2': 4, 'pts_speaking': np.float64(34.66666666666667), 'speaking_class': 'S-E'}, 'U11': {'is_highest_non_open_cat': False, 'no_wbr_speakers': np.int64(0), 'no_79.11plus_speakers': 0, 'no_qual_speakers': np.float64(0.0), 'no_teams2': 2, 'pts_speaking': np.float64(4.0), 'speaking_class': 'S-E'}, 'U14': {'is_highest_non_open_cat': False, 'no_wbr_speakers': np.int64(0), 'no_79.11plus_speakers': 1, 'no_qual_speakers': np.float64(0.5), 'no_teams2': 8, 'pts_speaking': np.float64(22.666666666666668), 'speaking_class': 'S-E'}, 'U16': {'is_highest_non_open_cat': False, 'no_wbr_speakers': np.int64(0), 'no_79.11plus_speakers': 0, 'no_qual_speakers': np.float64(0.0), 'no_teams2': 5, 'pts_speaking': np.float64(10.0), 'speaking_class': 'S-E'}}",8,2,44,J-C,5,"Jusung Jung, Mikkel Neri, Harper Smith, James Boland, Krish Singh",success,success,6,60,60
Philippine Nat. Asians HSDC 2024,https://nashdc2024.calicotab.com/nashdc2024/,2024,2024-08-28,TRUE,English,AP,Philippine Nat. Asians HSDC,FALSE,School,In person,Africa,Philippines,public,,,,,60,60,0,0,0,118.0,S-D,['Novice'],['Novice'],"{'Novice': {'is_highest_non_open_cat': True, 'no_wbr_speakers': np.int64(0), 'no_79.11plus_speakers': 0, 'no_qual_speakers': np.float64(0.0), 'no_teams2': 33, 'pts_speaking': np.float64(66.0), 'speaking_class': 'S-D'}}",38,1,56,J-C,4,,success,success,7,180,180
Philippine Nat. Asians HSDC 2025,https://nashdc.calicotab.com/nashdc2025/,2025,,TRUE,English,AP,Philippine Nat. Asians HSDC,FALSE,School,,Asia,Philippines,self,,,,,63,62,0,0,0,122.0,S-D,['Novice'],"['Open', 'Novice']","{'Novice': {'is_highest_non_open_cat': True, 'no_wbr_speakers': np.int64(0), 'no_79.11plus_speakers': 0, 'no_qual_speakers': np.float64(0.0), 'no_teams2': 36, 'pts_speaking': np.float64(72.0), 'speaking_class': 'S-D'}}",29,0,29,J-E,4,,success,success,7,189,186
Vietnam Asian Schools DC 2025,https://asdc2025.calicotab.com/asdc2025/,2025,2025-06-15,TRUE,English,AP,Vietnam Asian Schools DC,FALSE,School,In person,Asia,Vietnam,public,,,,,62,62,0,0,0,124.0,S-D,"['Novice', 'Junior']","['Novice', 'Junior']","{'Novice': {'is_highest_non_open_cat': True, 'no_wbr_speakers': np.int64(0), 'no_79.11plus_speakers': 0, 'no_qual_speakers': np.float64(0.0), 'no_teams2': 41, 'pts_speaking': np.float64(82.0), 'speaking_class': 'S-D'}, 'Junior': {'is_highest_non_open_cat': False, 'no_wbr_speakers': np.int64(0), 'no_79.11plus_speakers': 0, 'no_qual_speakers': np.float64(0.0), 'no_teams2': 31, 'pts_speaking': np.float64(62.0), 'speaking_class': 'S-D'}}",42,9,204,J-A+,6,,success,success,6,235,227
Vietnam Asian Schools DC 2026,https://asdc2026.calicotab.com/asdc2026/,2026,2026-06-21,TRUE,English,AP,Vietnam Asian Schools DC,FALSE,School,In person,Asia,Vietnam,self,,,,,100,100,0,3,1.5,220.0,S-D,"['U16', 'U14']","['Open', 'U16', 'U14']","{'U16': {'is_highest_non_open_cat': False, 'no_wbr_speakers': np.int64(0), 'no_79.11plus_speakers': 0, 'no_qual_speakers': np.float64(0.0), 'no_teams2': 62, 'pts_speaking': np.float64(124.0), 'speaking_class': 'S-D'}, 'U14': {'is_highest_non_open_cat': False, 'no_wbr_speakers': np.int64(0), 'no_79.11plus_speakers': 0, 'no_qual_speakers': np.float64(0.0), 'no_teams2': 38, 'pts_speaking': np.float64(76.0), 'speaking_class': 'S-D'}}",63,5,153,J-A,5,,success,success,7,373,349
WoLCE HELP Asian DC 2023,https://wolce.calicotab.com/helpadc23/,2023,,TRUE,English,AP,WoLCE HELP Asian DC,FALSE,School,Online,Asia,,public,,,,,70,67,0,0,0,134.0,S-D,[],['Open'],{},39,0,39,J-E,3,,success,success,5,210,200
Harvard Aus & NZ SDC 2024,https://harvardanz2024.calicotab.com/HarvardANZ2024/,2024,,TRUE,English,Australs,Harvard Aus & NZ SDC,FALSE,School,,Oceania,Australia,self,,,,,60,60,0,1,0.5,18.7,S-E,[],[],{},34,8,178,J-A+,1,Ally Pitt,success,success,4,11,11
ADA Oxbridge Schools DC 2025,https://africandebate3.calicotab.com/oxbridge2025senior/,2025,,TRUE,English,BP,ADA Oxbridge Schools DC,FALSE,School,In person,Africa,Kenya,public,,,,,74,73,0,0,0,73.0,S-D,"['Silver Cup', 'Gold Cup', 'Plate Cup', 'Bowl Cup', 'Scholars Cup', 'Main Cup', 'Shield Cup', 'Challenge Cup', 'Bronze Cup']","['Plate Cup', 'Bowl Cup', 'Main Cup', 'Open', 'Shield Cup', 'Scholars Cup', 'Challenge Cup']","{'Plate Cup': {'is_highest_non_open_cat': False, 'no_wbr_speakers': np.int64(0), 'no_79.11plus_speakers': 0, 'no_qual_speakers': np.float64(0.0), 'no_teams2': 46, 'pts_speaking': np.float64(46.0), 'speaking_class': 'S-E'}, 'Bowl Cup': {'is_highest_non_open_cat': False, 'no_wbr_speakers': np.int64(0), 'no_79.11plus_speakers': 0, 'no_qual_speakers': np.float64(0.0), 'no_teams2': 46, 'pts_speaking': np.float64(46.0), 'speaking_class': 'S-E'}, 'Main Cup': {'is_highest_non_open_cat': False, 'no_wbr_speakers': np.int64(0), 'no_79.11plus_speakers': 0, 'no_qual_speakers': np.float64(0.0), 'no_teams2': 46, 'pts_speaking': np.float64(46.0), 'speaking_class': 'S-E'}, 'Shield Cup': {'is_highest_non_open_cat': False, 'no_wbr_speakers': np.int64(0), 'no_79.11plus_speakers': 0, 'no_qual_speakers': np.float64(0.0), 'no_teams2': 46, 'pts_speaking': np.float64(46.0), 'speaking_class': 'S-E'}, 'Scholars Cup': {'is_highest_non_open_cat': False, 'no_wbr_speakers': np.int64(0), 'no_79.11plus_speakers': 0, 'no_qual_speakers': np.float64(0.0), 'no_teams2': 46, 'pts_speaking': np.float64(46.0), 'speaking_class': 'S-E'}, 'Challenge Cup': {'is_highest_non_open_cat': False, 'no_wbr_speakers': np.int64(0), 'no_79.11plus_speakers': 0, 'no_qual_speakers': np.float64(0.0), 'no_teams2': 46, 'pts_speaking': np.float64(46.0), 'speaking_class': 'S-E'}}",38,0,38,J-E,0,,success,success,5,146,142
Ayrshire Schools Cup 2026,https://ayrshirecup26.calicotab.com/ayrshirecup26/,2026,,TRUE,English,BP,Ayrshire Schools Cup,FALSE,School,In person,IONA,Scotland,public,,,,,36,36,0,0,0,36.0,S-E,['Junior Final'],['Open'],{},12,1,30,J-C,3,,success,success,3,72,72
CABP North Asia Schools 2024,https://cabp2025.calicotab.com/cabp_na/,2024,2024-11-23,TRUE,English,BP,CABP North Asia Schools,FALSE,School,Online,Asia,China,self,,,,,23,20,0,0,0,20.0,S-E,[],[],{},3,2,39,J-C,3,,success,success,5,44,38
Cambridge Schools Finals Day 2024,https://cambridgeschools2024.calicotab.com/_/,2024,2024-03-,TRUE,English,BP,Cambridge Schools Finals Day,FALSE,School,In person,IONA,England,self,,,,,60,60,0,2,1,70.0,S-D,[],[],{},21,2,57,J-C,3,,success,success,4,120,120
Cambridge Schools Finals Day 2025,https://cambridgeschools2025.calicotab.com/cambridgeschools2025/,2025,2025-03-22,TRUE,English,BP,Cambridge Schools Finals Day,FALSE,School,In person,IONA,England,self,,,,,76,76,0,1,0.5,81.0,S-D,['State'],['State'],"{'State': {'is_highest_non_open_cat': True, 'no_wbr_speakers': np.int64(0), 'no_79.11plus_speakers': 0, 'no_qual_speakers': np.float64(0.0), 'no_teams2': 16, 'pts_speaking': np.float64(16.0), 'speaking_class': 'S-E'}}",23,2,59,J-C,3,,success,success,4,151,151
Cambridge Schools Finals Day 2026,https://cambridgeschools2026.calicotab.com/cambridgeschools2026/,2026,2026-03-21,TRUE,English,BP,Cambridge Schools Finals Day,FALSE,School,In person,IONA,England,self,,,,,68,68,0,1,0.5,73.0,S-D,[],['Open'],{},25,3,79,J-B,0,,success,success,4,138,136
Canada WSDC Fundraiser Summer 2025,https://tcfundraisers25.calicotab.com/TCFundraiserS25/,2025,,TRUE,English,BP,Canada WSDC Fundraiser,FALSE,School,,North America,Canada,self,,,,,36,36,0,0,0,36.0,S-E,['Junior'],"['Open', 'Junior']","{'Junior': {'is_highest_non_open_cat': True, 'no_wbr_speakers': np.int64(0), 'no_79.11plus_speakers': 0, 'no_qual_speakers': np.float64(0.0), 'no_teams2': 21, 'pts_speaking': np.float64(21.0), 'speaking_class': 'S-E'}}",24,0,24,J-E,0,,success,success,5,72,72
China FLTRP Schools BP 2025,https://2025fltrpcssdc.calicotab.com/bp/,2025,2025-12-13,TRUE,English,BP,China FLTRP Schools BP,FALSE,School,Online,Asia,China,self,,,,,40,40,0,0,0,40.0,S-E,"['Under 15', 'Novice']","['Under 15', 'Novice', 'Open']","{'Under 15': {'is_highest_non_open_cat': False, 'no_wbr_speakers': np.int64(0), 'no_79.11plus_speakers': 0, 'no_qual_speakers': np.float64(0.0), 'no_teams2': 18, 'pts_speaking': np.float64(18.0), 'speaking_class': 'S-E'}, 'Novice': {'is_highest_non_open_cat': True, 'no_wbr_speakers': np.int64(0), 'no_79.11plus_speakers': 0, 'no_qual_speakers': np.float64(0.0), 'no_teams2': 11, 'pts_speaking': np.float64(11.0), 'speaking_class': 'S-E'}}",18,4,90,J-B,2,,success,success,5,80,80
Durham Schools 2023,https://durhamschools23.calicotab.com/schools2023/,2023,2023-03-25,TRUE,English,BP,Durham Schools,FALSE,School,In person,IONA,England,public,,,,,97,97,0,0,0,96.0,S-D,['Novice'],['Novice'],"{'Novice': {'is_highest_non_open_cat': True, 'no_wbr_speakers': np.int64(0), 'no_79.11plus_speakers': 0, 'no_qual_speakers': np.float64(0.0), 'no_teams2': 36, 'pts_speaking': np.float64(36.0), 'speaking_class': 'S-E'}}",32,0,32,J-E,3,,success,success,4,194,192
Edinburgh BP WC (Schools) 2024,https://ebpworldcup.calicotab.com/EBPWoldCup/,2024,,TRUE,English,BP,Edinburgh BP WC (Schools),FALSE,School,Online,IONA,Scotland,self,,,,,33,33,0,0,0,33.0,S-E,['Novice'],['Novice'],"{'Novice': {'is_highest_non_open_cat': True, 'no_wbr_speakers': np.int64(0), 'no_79.11plus_speakers': 0, 'no_qual_speakers': np.float64(0.0), 'no_teams2': 13, 'pts_speaking': np.float64(13.0), 'speaking_class': 'S-E'}}",17,2,53,J-C,2,,success,success,5,63,63
Edinburgh BP WC (Schools) 2025,https://edbpworldcup25.calicotab.com/edbpworldcup25/,2025,,TRUE,English,BP,Edinburgh BP WC (Schools),FALSE,School,,IONA,Scotland,self,,,,,41,41,0,0,0,41.0,S-E,['Novice'],['Novice'],"{'Novice': {'is_highest_non_open_cat': True, 'no_wbr_speakers': np.int64(0), 'no_79.11plus_speakers': 0, 'no_qual_speakers': np.float64(0.0), 'no_teams2': 10, 'pts_speaking': np.float64(10.0), 'speaking_class': 'S-E'}}",12,1,30,J-C,2,,success,success,5,82,81
Edinburgh Schools 2026,https://edschools2026.calicotab.com/EdSchools2026/,2026,,TRUE,English,BP,Edinburgh Schools,FALSE,School,In person,IONA,Scotland,public,,,,,28,28,0,0,0,28.0,S-E,[],['Open'],{},20,0,20,J-E,1,,success,success,3,55,53
Hart House High Schools 2026,https://hhhs.calicotab.com/hhhs26/,2026,,TRUE,English,BP,Hart House High Schools,FALSE,School,,North America,Canada,self,,,,,,,,,,,,,['Open'],{},63,0,63,J-D,4,,error getting speaker tab,success,4,,
Hart House SO (Schools) 2023,https://hhsummer.calicotab.com/hhsummer/,2023,,TRUE,English,BP,Hart House SO (Schools),FALSE,School,Online,North America,Canada,public,,,,,142,140,0,26,13,270.0,S-C,['Junior'],['Junior'],"{'Junior': {'is_highest_non_open_cat': True, 'no_wbr_speakers': np.int64(0), 'no_79.11plus_speakers': 3, 'no_qual_speakers': np.float64(1.5), 'no_teams2': 82, 'pts_speaking': np.float64(97.0), 'speaking_class': 'S-D'}}",39,7,165,J-A,3,,success,success,5,284,280
Hart House SO (Schools) 2024,https://hhsummer24.calicotab.com/hhsummer2024/,2024,,TRUE,English,BP,Hart House SO (Schools),FALSE,School,Online,North America,Canada,public,,,,,120,120,0,6,3,149.0,S-C,['Junior'],['Junior'],"{'Junior': {'is_highest_non_open_cat': True, 'no_wbr_speakers': np.int64(0), 'no_79.11plus_speakers': 0, 'no_qual_speakers': np.float64(0.0), 'no_teams2': 65, 'pts_speaking': np.float64(65.0), 'speaking_class': 'S-D'}}",32,4,104,J-B,2,,success,success,5,240,239
Hart House WO (Schools) 2026,https://hhwo26.calicotab.com/hhwo26/,2026,,TRUE,English,BP,Hart House WO (Schools),FALSE,School,,North America,Canada,self,,,,,49,48,0,13,6.5,111.0,S-C,['Junior'],"['Junior', 'Open']","{'Junior': {'is_highest_non_open_cat': True, 'no_wbr_speakers': np.int64(0), 'no_79.11plus_speakers': 0, 'no_qual_speakers': np.float64(0.0), 'no_teams2': 13, 'pts_speaking': np.float64(13.0), 'speaking_class': 'S-E'}}",17,0,17,J-E,5,,success,success,5,98,96
Hong Kong DO 2026,https://hkdo2026.calicotab.com/hkdo26/,2026,2026-04-03,TRUE,English,BP,Hong Kong DO,FALSE,School,In person,Asia,Hong Kong,self,,,,,76,76,0,5,2.5,101.0,S-D,"['Elementary', 'Junior']","['Open', 'Elementary', 'Junior']","{'Elementary': {'is_highest_non_open_cat': False, 'no_wbr_speakers': 0, 'no_79.11plus_speakers': 0, 'no_qual_speakers': 0.0, 'no_teams2': 25, 'pts_speaking': 25.0, 'speaking_class': 'S-E'}, 'Junior': {'is_highest_non_open_cat': False, 'no_wbr_speakers': np.int64(0), 'no_79.11plus_speakers': 0, 'no_qual_speakers': np.float64(0.0), 'no_teams2': 32, 'pts_speaking': np.float64(32.0), 'speaking_class': 'S-E'}}",22,2,58,J-C,4,,success,success,8,152,152
ICYD Finals Day 2022,https://icyd2022.calicotab.com/finalsday/,2022,,FALSE,English,BP,ICYD Finals Day,FALSE,School,Hybrid,IONA,England,self,,,,,48,48,0,0,0,48.0,S-E,['Newcomer School'],['Newcomer'],{'Newcomer': {'is_highest_non_open_cat': True}},14,0,14,J-E,5,"Andrew Chen, Adya Manoj, Aniket Chakravorty, Heather Li, Liberty Osborne",success,success,4,96,96
ICYD Finals Day 2024,https://icyd2024.calicotab.com/icyd2024/,2024,,TRUE,English,BP,ICYD Finals Day,FALSE,School,,IONA,England,self,,,,,52,52,0,0,0,52.0,S-E,"['ESL', 'Novice']","['ESL', 'Novice']","{'ESL': {'is_highest_non_open_cat': True, 'no_wbr_speakers': np.int64(0), 'no_79.11plus_speakers': 0, 'no_qual_speakers': np.float64(0.0), 'no_teams2': 14, 'pts_speaking': np.float64(14.0), 'speaking_class': 'S-E'}, 'Novice': {'is_highest_non_open_cat': False, 'no_wbr_speakers': np.int64(0), 'no_79.11plus_speakers': 0, 'no_qual_speakers': np.float64(0.0), 'no_teams2': 16, 'pts_speaking': np.float64(16.0), 'speaking_class': 'S-E'}}",11,1,29,J-C,4,"Tajei Puthucheary, Bharath Anantham, Bonfilio Dazzle Gyula, Heather Li",success,success,4,104,104
ICYD Finals Day 2025,https://cambridgeschools2025.calicotab.com/icyd2025/,2025,2025-05-03,TRUE,English,BP,ICYD Finals Day,FALSE,School,In person,IONA,England,self,,,,,56,52,0,0,0,52.0,S-E,['ESL'],['ESL'],"{'ESL': {'is_highest_non_open_cat': True, 'no_wbr_speakers': np.int64(0), 'no_79.11plus_speakers': 0, 'no_qual_speakers': np.float64(0.0), 'no_teams2': 8, 'pts_speaking': np.float64(8.0), 'speaking_class': 'S-E'}}",14,1,32,J-C,4,"James Tam, Anthony Gong, Elena Rees, Iris Lee",success,success,4,112,104
ICYD Finals Day 2026,https://icyd2026.calicotab.com/_/,2026,,TRUE,English,BP,ICYD Finals Day,FALSE,School,In person,IONA,England,self,,,,,,,,,,,,,"['Novice', 'Open', 'ESL']","{'Novice': {'is_highest_non_open_cat': False}, 'ESL': {'is_highest_non_open_cat': True}}",19,0,19,J-E,0,,error getting speaker tab,success,4,,
IIUM I School DC 2025,https://iiumdebates.calicotab.com/IIUMIDC25/,2025,,TRUE,English,BP,IIUM I School DC,FALSE,School,Online,Asia,Malaysia,public,,,,,,,,,,,,,[],{},26,0,26,J-E,3,,error getting speaker tab,success,5,,
Imperial Juniors 2025,https://imperialjuniors2025.calicotab.com/imperialjuniors2025/,2025,2025-02-08,TRUE,English,BP,Imperial Juniors,FALSE,School,In person,IONA,England,public,,,,,,,,,,,,,[],{},16,0,16,J-E,2,,error getting speaker tab,success,2,,
Laurier Fall H School T 2025,https://waterloohst.calicotab.com/laurierhst2025/,2025,,TRUE,English,BP,Laurier Fall H School T,FALSE,School,,North America,Canada,self,,,,,81,80,0,0,0,80.0,S-D,['Junior'],"['Junior', 'Open']","{'Junior': {'is_highest_non_open_cat': True, 'no_wbr_speakers': np.int64(0), 'no_79.11plus_speakers': 0, 'no_qual_speakers': np.float64(0.0), 'no_teams2': 31, 'pts_speaking': np.float64(31.0), 'speaking_class': 'S-E'}}",22,1,40,J-C,4,,success,success,5,162,160
Laurier Spring H School T 2026,https://laurierspringhst2026.calicotab.com/Laurierspring2026/,2026,,TRUE,English,BP,Laurier Spring H School T,FALSE,School,,North America,Canada,self,,,,,20,20,0,8,4,60.0,S-C,[],['Open'],{},4,0,4,J-E,4,,success,success,5,40,40
London Juniors (Schools) 2025,https://londonjuniors25.calicotab.com/londonjuniors25/,2025,,TRUE,English,BP,London Juniors (Schools),FALSE,School,,IONA,England,self,,,,,98,95,0,0,0,95.0,S-D,"['ESL', 'EFL']","['ESL', 'Open', 'EFL']","{'ESL': {'is_highest_non_open_cat': True, 'no_wbr_speakers': np.int64(0), 'no_79.11plus_speakers': 0, 'no_qual_speakers': np.float64(0.0), 'no_teams2': 41, 'pts_speaking': np.float64(41.0), 'speaking_class': 'S-E'}, 'EFL': {'is_highest_non_open_cat': False, 'no_wbr_speakers': np.int64(0), 'no_79.11plus_speakers': 0, 'no_qual_speakers': np.float64(0.0), 'no_teams2': 21, 'pts_speaking': np.float64(21.0), 'speaking_class': 'S-E'}}",39,0,39,J-E,3,"Arjun Raman, Eric Kazadi, Joy Hadome, Shuvajyoti Kar",success,success,4,193,186
LSE Seniors 2022,https://lsedebate.calicotab.com/lsesrs/,2022,2022-11-20,TRUE,English,BP,LSE Seniors,FALSE,School,Online,IONA,England,public,,,,,68,65,0,1,0.5,70.0,S-D,['Novice'],['Novice'],"{'Novice': {'is_highest_non_open_cat': True, 'no_wbr_speakers': np.int64(0), 'no_79.11plus_speakers': 0, 'no_qual_speakers': np.float64(0.0), 'no_teams2': 25, 'pts_speaking': np.float64(25.0), 'speaking_class': 'S-E'}}",21,1,39,J-C,3,,success,success,4,135,130
Manchester Schools 2023,https://manchesterschools23.calicotab.com/manchesterschools23/,2023,2023-04-01,TRUE,English,BP,Manchester Schools,FALSE,School,In person,IONA,England,public,,,,,28,28,0,0,0,28.0,S-E,['Novice'],['Novice'],"{'Novice': {'is_highest_non_open_cat': True, 'no_wbr_speakers': np.int64(0), 'no_79.11plus_speakers': 0, 'no_qual_speakers': np.float64(0.0), 'no_teams2': 14, 'pts_speaking': np.float64(14.0), 'speaking_class': 'S-E'}}",14,2,50,J-C,4,,success,success,4,56,56
McGill Spring Cup HST 2024,https://springcup.calicotab.com/mcgillspringcup/,2024,,TRUE,English,BP,McGill Spring Cup HST,FALSE,School,,North America,Canada,self,,,,,42,41,0,3,1.5,56.0,S-E,['Junior'],"['Novice', 'Open']",{'Novice': {'is_highest_non_open_cat': True}},17,0,17,J-E,4,,success,success,4,84,81
New Zealand Schools BP 2024,https://nzschoolsbp2024.calicotab.com/fsunzsbp2024/,2024,,TRUE,English,BP,New Zealand Schools BP,FALSE,School,,Oceania,New Zealand,self,,,,,,,,,,,,,[],{},11,0,11,J-E,5,,error getting speaker tab,success,5,,
Oxford Schools Finals Day 2022,https://oxfordschoolsfinals2022.calicotab.com/oxfordschoolsfinals2022/,2022,,FALSE,English,BP,Oxford Schools Finals Day,FALSE,School,In person,IONA,England,self,,,,,104,104,0,0,0,104.0,S-D,"['ESL', 'Novice']","['ESL', 'Novice']","{'ESL': {'is_highest_non_open_cat': True, 'no_wbr_speakers': np.int64(0), 'no_79.11plus_speakers': 0, 'no_qual_speakers': np.float64(0.0), 'no_teams2': 13, 'pts_speaking': np.float64(13.0), 'speaking_class': 'S-E'}, 'Novice': {'is_highest_non_open_cat': False, 'no_wbr_speakers': np.int64(0), 'no_79.11plus_speakers': 0, 'no_qual_speakers': np.float64(0.0), 'no_teams2': 29, 'pts_speaking': np.float64(29.0), 'speaking_class': 'S-E'}}",33,3,87,J-B,5,"Alex Miller, Aniket Chakravorty, Gaby Lin, Sharon Chau, Tanae Rao",success,success,4,208,208
Oxford Schools Finals Day 2023,https://oxschools2023.calicotab.com/oxschools2023/,2023,,TRUE,English,BP,Oxford Schools Finals Day,FALSE,School,In person,IONA,England,self,,,,,116,116,0,1,0.5,121.0,S-D,"['ESL', 'Novice']","['ESL', 'Novice']","{'ESL': {'is_highest_non_open_cat': True, 'no_wbr_speakers': np.int64(0), 'no_79.11plus_speakers': 0, 'no_qual_speakers': np.float64(0.0), 'no_teams2': 12, 'pts_speaking': np.float64(12.0), 'speaking_class': 'S-E'}, 'Novice': {'is_highest_non_open_cat': False, 'no_wbr_speakers': np.int64(0), 'no_79.11plus_speakers': 0, 'no_qual_speakers': np.float64(0.0), 'no_teams2': 36, 'pts_speaking': np.float64(36.0), 'speaking_class': 'S-E'}}",41,6,149,J-A,5,"Anandita Abraham, David Logan, Dhruv Leekha, Elena Radulescu, Patrick Rees",success,success,4,232,232
Oxford Schools Finals Day 2024,https://oxschools2024.calicotab.com/_/,2024,2024-03-14,TRUE,English,BP,Oxford Schools Finals Day,FALSE,School,In person,IONA,England,self,,,,,121,121,0,0,0,121.0,S-D,"['ESL', 'Novice']","['ESL', 'Novice']","{'ESL': {'is_highest_non_open_cat': True, 'no_wbr_speakers': np.int64(0), 'no_79.11plus_speakers': 0, 'no_qual_speakers': np.float64(0.0), 'no_teams2': 13, 'pts_speaking': np.float64(13.0), 'speaking_class': 'S-E'}, 'Novice': {'is_highest_non_open_cat': False, 'no_wbr_speakers': np.int64(0), 'no_79.11plus_speakers': 0, 'no_qual_speakers': np.float64(0.0), 'no_teams2': 38, 'pts_speaking': np.float64(38.0), 'speaking_class': 'S-E'}}",31,2,67,J-C,4,"Lwandle Ntshangase, Tanush Agarwal, Justine Leung, Lexi Scholefield, Gareth Lim",success,success,4,242,242
Oxford Schools Finals Day 2025,https://oxfordschools2025.calicotab.com/2025/,2025,2025-03-15,TRUE,English,BP,Oxford Schools Finals Day,FALSE,School,In person,IONA,England,self,,,,,114,113,0,0,0,113.0,S-D,"['ESL', 'Novice', 'State']","['ESL', 'State School', 'Novice']","{'ESL': {'is_highest_non_open_cat': True, 'no_wbr_speakers': np.int64(0), 'no_79.11plus_speakers': 0, 'no_qual_speakers': np.float64(0.0), 'no_teams2': 17, 'pts_speaking': np.float64(17.0), 'speaking_class': 'S-E'}, 'State School': {'is_highest_non_open_cat': False}, 'Novice': {'is_highest_non_open_cat': False, 'no_wbr_speakers': np.int64(0), 'no_79.11plus_speakers': 0, 'no_qual_speakers': np.float64(0.0), 'no_teams2': 30, 'pts_speaking': np.float64(30.0), 'speaking_class': 'S-E'}}",33,5,123,J-A,4,,success,success,4,228,226
Oxford Schools Finals Day 2026,https://oxschools2026.calicotab.com/oxford/,2026,2026-03-14,TRUE,English,BP,Oxford Schools Finals Day,FALSE,School,In person,IONA,England,self,,,,,125,124,0,1,0.5,129.0,S-D,"['Novice', 'State School', 'ESL']","['Novice', 'State School', 'Open', 'ESL']","{'Novice': {'is_highest_non_open_cat': False, 'no_wbr_speakers': np.int64(0), 'no_79.11plus_speakers': 0, 'no_qual_speakers': np.float64(0.0), 'no_teams2': 32, 'pts_speaking': np.float64(32.0), 'speaking_class': 'S-E'}, 'State School': {'is_highest_non_open_cat': False, 'no_wbr_speakers': np.int64(0), 'no_79.11plus_speakers': 0, 'no_qual_speakers': np.float64(0.0), 'no_teams2': 22, 'pts_speaking': np.float64(22.0), 'speaking_class': 'S-E'}, 'ESL': {'is_highest_non_open_cat': True, 'no_wbr_speakers': np.int64(0), 'no_79.11plus_speakers': 0, 'no_qual_speakers': np.float64(0.0), 'no_teams2': 20, 'pts_speaking': np.float64(20.0), 'speaking_class': 'S-E'}}",36,7,162,J-A,4,,success,success,4,249,248
Oxford Schools Singapore R 2025,https://oxschoolssg2025.calicotab.com/oxschoolssg2025/,2025,2025-02-08,TRUE,English,BP,Oxford Schools Singapore R,FALSE,School,In person,Asia,Singapore,public,,,,,32,32,0,3,1.5,47.0,S-E,[],[],{},12,0,12,J-E,0,,success,success,4,64,63
Philippine Schools DC 2023,https://psdc2023.calicotab.com/psdc2023/,2023,,TRUE,English,BP,Philippine Schools DC,FALSE,School,,Asia,Philippines,self,,,,,105,104,0,4,2,124.0,S-D,['Ana Alano'],"['Open', 'Ana Alano']","{'Ana Alano': {'is_highest_non_open_cat': True, 'no_wbr_speakers': np.int64(0), 'no_79.11plus_speakers': 0, 'no_qual_speakers': np.float64(0.0), 'no_teams2': 41, 'pts_speaking': np.float64(41.0), 'speaking_class': 'S-E'}}",29,2,65,J-C,4,,success,success,7,210,206
Philippine Schools DC 2024,https://psdc2024homecoming.calicotab.com/psdc2024/,2024,,TRUE,English,BP,Philippine Schools DC,FALSE,School,,Asia,Philippines,self,,,,,132,132,0,5,2.5,157.0,S-D,['Ana Alano'],"['Ana Alano', 'Open']","{'Ana Alano': {'is_highest_non_open_cat': True, 'no_wbr_speakers': np.int64(0), 'no_79.11plus_speakers': 0, 'no_qual_speakers': np.float64(0.0), 'no_teams2': 64, 'pts_speaking': np.float64(64.0), 'speaking_class': 'S-D'}}",43,4,115,J-B,4,,success,success,7,264,264
Philippine Schools DC 2025,https://psdc2025.calicotab.com/psdc2025/,2025,,TRUE,English,BP,Philippine Schools DC,FALSE,School,,Asia,,self,,,,,135,132,0,3,1.5,147.0,S-D,['Ana Alano'],['Ana Alano'],"{'Ana Alano': {'is_highest_non_open_cat': True, 'no_wbr_speakers': np.int64(0), 'no_79.11plus_speakers': 0, 'no_qual_speakers': np.float64(0.0), 'no_teams2': 76, 'pts_speaking': np.float64(76.0), 'speaking_class': 'S-D'}}",43,3,97,J-B,4,,success,success,7,270,264
Philippine Schools DC 2026,https://psdc2026.calicotab.com/psdc2026/,2026,,TRUE,English,BP,Philippine Schools DC,FALSE,School,,Asia,Philippines,self,,,,,128,128,0,0,0,128.0,S-D,"['Open', 'Ana Alano']","['Open', 'Ana Alano']","{'Ana Alano': {'is_highest_non_open_cat': True, 'no_wbr_speakers': np.int64(0), 'no_79.11plus_speakers': 0, 'no_qual_speakers': np.float64(0.0), 'no_teams2': 73, 'pts_speaking': np.float64(73.0), 'speaking_class': 'S-D'}}",40,1,58,J-C,4,,success,success,7,256,255
SEED Championship 2024,https://seedtournaments.calicotab.com/seedchampionship2024/,2024,,TRUE,English,BP,SEED Championship,FALSE,School,,North America,Canada,self,,,,,56,56,0,2,1,66.0,S-D,['Junior'],"['Open', 'Junior']","{'Junior': {'is_highest_non_open_cat': True, 'no_wbr_speakers': np.int64(0), 'no_79.11plus_speakers': 0, 'no_qual_speakers': np.float64(0.0), 'no_teams2': 29, 'pts_speaking': np.float64(29.0), 'speaking_class': 'S-E'}}",15,1,33,J-C,0,,success,success,5,112,111
SEED Ottawa C (Schools) 2024,https://seedtournaments.calicotab.com/ottawaclassic2024/,2024,,TRUE,English,BP,SEED Ottawa C (Schools),FALSE,School,Online,North America,Canada,public,,,,,53,52,0,1,0.5,57.0,S-E,['Novice'],['Novice'],"{'Novice': {'is_highest_non_open_cat': True, 'no_wbr_speakers': np.int64(0), 'no_79.11plus_speakers': 0, 'no_qual_speakers': np.float64(0.0), 'no_teams2': 31, 'pts_speaking': np.float64(31.0), 'speaking_class': 'S-E'}}",16,0,16,J-E,2,"Diggory Waddle, Anais Kneppers",success,success,5,105,103
SEED Summer Bonanza 2023,https://summerbonanza.calicotab.com/summerbonanza/,2023,,TRUE,English,BP,SEED Summer Bonanza,FALSE,School,Online,North America,Canada,public,,,,,29,28,0,6,3,58.0,S-C,['Novice'],"['Open', 'Novice']","{'Novice': {'is_highest_non_open_cat': True, 'no_wbr_speakers': np.int64(0), 'no_79.11plus_speakers': 0, 'no_qual_speakers': np.float64(0.0), 'no_teams2': 17, 'pts_speaking': np.float64(17.0), 'speaking_class': 'S-E'}}",10,2,46,J-C,0,,success,success,5,58,54
Shanghai SDI (Schools) BP 2025,https://ssdi.calicotab.com/bp2025/,2025,,TRUE,English,BP,Shanghai SDI (Schools) BP,FALSE,School,,Asia,China,self,,,,,42,40,0,2,1,48.0,S-E,[],['Open'],{},10,3,64,J-B,1,"Ploopy, Sunghyun Park",success,success,5,83,79
UDM (Schools) BP Summer 2022,https://udm2bp.calicotab.com/UDMBP2/,2022,,TRUE,English,BP,UDM (Schools) BP Summer,FALSE,School,Online,North America,United States,public,,,,,60,60,0,0,0,60.0,S-D,['International'],"['Open', 'International']","{'International': {'is_highest_non_open_cat': True, 'no_wbr_speakers': np.int64(0), 'no_79.11plus_speakers': 0, 'no_qual_speakers': np.float64(0.0), 'no_teams2': 28, 'pts_speaking': np.float64(28.0), 'speaking_class': 'S-E'}}",16,1,34,J-C,0,,success,success,5,120,120
UP Fast Forward 2023,https://ff2023.calicotab.com/fastforward23/,2023,,TRUE,English,BP,UP Fast Forward,FALSE,School,,Asia,Philippines,self,,,,,,,,,,,,,"['Novice', 'Open']",{'Novice': {'is_highest_non_open_cat': True}},29,1,47,J-C,0,,error getting speaker tab,success,4,,
UWODS Winter H School T 2026,https://uwodshst2026.calicotab.com/winter2026/,2026,,TRUE,English,BP,UWODS Winter H School T,FALSE,School,,North America,Canada,self,,,,,93,92,0,30,15,240.0,S-C,['Junior'],"['Open', 'Junior']","{'Junior': {'is_highest_non_open_cat': True, 'no_wbr_speakers': np.int64(0), 'no_79.11plus_speakers': 0, 'no_qual_speakers': np.float64(0.0), 'no_teams2': 38, 'pts_speaking': np.float64(38.0), 'speaking_class': 'S-E'}}",30,2,66,J-C,4,,success,success,5,186,182
Waterloo OS Open (Schools) 2024,https://uwoso.calicotab.com/woso2024/,2024,,TRUE,English,BP,Waterloo OS Open (Schools),FALSE,School,Online,North America,Canada,public,,,,,57,56,0,2,1,65.0,S-D,['Junior'],['Junior'],"{'Junior': {'is_highest_non_open_cat': True, 'no_wbr_speakers': np.int64(0), 'no_79.11plus_speakers': 0, 'no_qual_speakers': np.float64(0.0), 'no_teams2': 19, 'pts_speaking': np.float64(19.0), 'speaking_class': 'S-E'}}",15,0,15,J-E,4,,success,success,5,109,107
Western Canada BP C (Schools) 2024,https://westcanbpchamps.calicotab.com/northerncanadabpchamps/,2024,,TRUE,English,BP,Western Canada BP C (Schools),FALSE,School,Online,North America,Canada,public,,,,,84,84,0,4,2,104.0,S-D,['Junior/Novice'],"['Novice', 'Open']",{'Novice': {'is_highest_non_open_cat': True}},41,1,59,J-C,7,,success,success,5,168,166
Western Summer S (Schools) 2025,https://westernhighschools.calicotab.com/westernsummer2025/,2025,,TRUE,English,BP,Western Summer S (Schools),FALSE,School,Online,North America,Canada,public,,,,,65,64,0,13,6.5,127.0,S-C,['Junior'],"['Open', 'Junior']","{'Junior': {'is_highest_non_open_cat': True, 'no_wbr_speakers': np.int64(0), 'no_79.11plus_speakers': 0, 'no_qual_speakers': np.float64(0.0), 'no_teams2': 33, 'pts_speaking': np.float64(33.0), 'speaking_class': 'S-E'}}",21,1,39,J-C,4,,success,success,5,130,128
Xavier Schools DC 2024,https://xsdc2024.calicotab.com/xsdc2024/,2024,,TRUE,English,BP,Xavier Schools DC,FALSE,School,In person,Asia,Philippines,public,,,,,65,64,0,0,0,64.0,S-D,['Am-Am'],['Am-Am'],"{'Am-Am': {'is_highest_non_open_cat': True, 'no_wbr_speakers': np.int64(0), 'no_79.11plus_speakers': 0, 'no_qual_speakers': np.float64(0.0), 'no_teams2': 20, 'pts_speaking': np.float64(20.0), 'speaking_class': 'S-E'}}",38,0,38,J-E,3,,success,success,4,130,128
Africa WSDC 2026,https://africawsdc.calicotab.com/awsdc2026/,2026,2026-03-27,TRUE,English,World Schools,Africa WSDC,FALSE,School,In person,Africa,,self,,,,,21,20,0,0,0,40.0,S-E,['Junior'],"['Open', 'Junior']","{'Junior': {'is_highest_non_open_cat': True, 'no_wbr_speakers': np.int64(0), 'no_79.11plus_speakers': 0, 'no_qual_speakers': np.float64(0.0), 'no_teams2': 7, 'pts_speaking': np.float64(14.0), 'speaking_class': 'S-E'}}",14,0,14,J-E,4,,success,success,6,78,68
African Schools DC 2022,https://mace.calicotab.com/asdc2022/,2022,2022-04-25,FALSE,English,World Schools,African Schools DC,FALSE,School,Online,Africa,Zimbabwe and Uganda,public,,,,,18,18,0,0,0,36.0,S-E,[],['Open'],{},21,0,21,J-E,5,,success,success,5,70,58
African Schools DC 2024,https://mace.calicotab.com/asdc2024/,2024,,TRUE,English,World Schools,African Schools DC,FALSE,School,,Africa,,self,,,,,16,16,0,3,1.5,58.0,S-E,[],['Open'],{},13,0,13,J-E,5,,success,success,5,60,60
African Schools DC 2025,https://mace.calicotab.com/asdc2025/,2025,,TRUE,English,World Schools,African Schools DC,FALSE,School,,Africa,,self,,,,,25,25,0,1,0.5,62.7,S-D,[],['Open'],{},24,0,24,J-E,3,,success,success,5,80,80
Angkor WSDC 2025,https://angkorwsdc.calicotab.com/angkorwsdc/,2025,,TRUE,English,World Schools,Angkor WSDC,FALSE,School,,Asia,Cambodia,self,,,,,18,18,0,0,0,36.0,S-E,['Novice'],['Novice'],"{'Novice': {'is_highest_non_open_cat': True, 'no_wbr_speakers': np.int64(0), 'no_79.11plus_speakers': 0, 'no_qual_speakers': np.float64(0.0), 'no_teams2': 7, 'pts_speaking': np.float64(14.0), 'speaking_class': 'S-E'}}",11,0,11,J-E,3,,success,success,5,66,60
Anglo-Chinese Schools DC 2026,https://acdc26.calicotab.com/acdc2026/,2026,,TRUE,English,World Schools,Anglo-Chinese Schools DC,FALSE,School,,Asia,Singapore,self,,,,,44,44,0,2,1,101.3,S-D,[],['Open'],{},22,0,22,J-E,2,,success,success,3,182,141
AODC Junior 2024,https://aodcjunior2024.calicotab.com/aodc/,2024,,TRUE,English,World Schools,AODC Junior,FALSE,School,,Asia,,self,,,,,109,108,0,0,0,216.0,S-D,"['U11', 'U13']",['U13'],"{'U13': {'is_highest_non_open_cat': True, 'no_wbr_speakers': np.int64(0), 'no_79.11plus_speakers': 0, 'no_qual_speakers': np.float64(0.0), 'no_teams2': 48, 'pts_speaking': np.float64(96.0), 'speaking_class': 'S-D'}}",73,2,109,J-C,3,,success,success,5,397,373
AODC Junior 2025,https://aodcjunior2025.calicotab.com/aodcjunior2025/,2025,2025-10-17,TRUE,English,World Schools,AODC Junior,FALSE,School,Online,Asia,,self,,,,,82,82,0,0,0,164.0,S-D,"['U11', 'U13']",['U13'],"{'U13': {'is_highest_non_open_cat': True, 'no_wbr_speakers': np.int64(0), 'no_79.11plus_speakers': 0, 'no_qual_speakers': np.float64(0.0), 'no_teams2': 40, 'pts_speaking': np.float64(80.0), 'speaking_class': 'S-D'}}",54,5,144,J-A,3,"Alex Chan, Ahmad Tousif Jami, Nguyễn Phạm Tâm Nguyên, Jagoda",success,success,5,323,296
Asia Junior WSDC 2024,https://debateland.calicotab.com/asiajwsdc24/,2024,,TRUE,English,World Schools,Asia Junior WSDC,FALSE,School,Online,Asia,,public,,,,,76,76,0,0,0,152.0,S-D,"['U-11', 'U-13']",['U-13'],"{'U-13': {'is_highest_non_open_cat': True, 'no_wbr_speakers': np.int64(0), 'no_79.11plus_speakers': 0, 'no_qual_speakers': np.float64(0.0), 'no_teams2': 40, 'pts_speaking': np.float64(80.0), 'speaking_class': 'S-D'}}",39,0,39,J-E,3,,success,success,4,263,256
Asia Pacific WSDC 2021,https://mwsdes.calicotab.com/apwsdc2021/,2021,,TRUE,English,World Schools,Asia Pacific WSDC,FALSE,School,,Asia,,self,,,,,54,54,0,5,2.5,141.3,S-C,['U16'],['U16'],"{'U16': {'is_highest_non_open_cat': True, 'no_wbr_speakers': np.int64(0), 'no_79.11plus_speakers': 0, 'no_qual_speakers': np.float64(0.0), 'no_teams2': 22, 'pts_speaking': np.float64(44.0), 'speaking_class': 'S-E'}}",30,1,48,J-C,4,,success,success,4,162,162
Asia Pacific WSDC 2022,https://mwsdes.calicotab.com/apwsdc2022/,2022,,FALSE,English,World Schools,Asia Pacific WSDC,FALSE,School,,Asia,,self,,,,,53,52,0,1,0.5,108.7,S-D,['U16'],['U16'],"{'U16': {'is_highest_non_open_cat': True, 'no_wbr_speakers': np.int64(0), 'no_79.11plus_speakers': 0, 'no_qual_speakers': np.float64(0.0), 'no_teams2': 26, 'pts_speaking': np.float64(52.0), 'speaking_class': 'S-E'}}",24,0,24,J-E,3,,success,success,4,185,182
Asia Pacific WSDC 2023,https://mwsdes.calicotab.com/apwsdc2023/,2023,,TRUE,English,World Schools,Asia Pacific WSDC,FALSE,School,,Asia,,self,,,,,48,48,0,1,0.5,88.7,S-D,['U-16'],['U-16'],"{'U-16': {'is_highest_non_open_cat': True, 'no_wbr_speakers': np.int64(0), 'no_79.11plus_speakers': 0, 'no_qual_speakers': np.float64(0.0), 'no_teams2': 18, 'pts_speaking': np.float64(36.0), 'speaking_class': 'S-E'}}",23,0,23,J-E,3,,success,success,4,173,170
Asia Pacific WSDC 2024,https://mwsdes.calicotab.com/apwsdc2024/,2024,,TRUE,English,World Schools,Asia Pacific WSDC,FALSE,School,,Asia,,self,,,,,43,42,0,0,0,70.0,S-D,['U16'],['U16'],"{'U16': {'is_highest_non_open_cat': True, 'no_wbr_speakers': np.int64(0), 'no_79.11plus_speakers': 0, 'no_qual_speakers': np.float64(0.0), 'no_teams2': 18, 'pts_speaking': np.float64(36.0), 'speaking_class': 'S-E'}}",26,0,26,J-E,3,,success,success,4,148,139
Asia WSDO 2022,https://midp.calicotab.com/awsdo2022/,2022,,FALSE,English,World Schools,Asia WSDO,FALSE,School,,Asia,,self,,,,,64,64,0,5,2.5,157.3,S-C,['Novice'],['Novice'],"{'Novice': {'is_highest_non_open_cat': True, 'no_wbr_speakers': np.int64(0), 'no_79.11plus_speakers': 0, 'no_qual_speakers': np.float64(0.0), 'no_teams2': 40, 'pts_speaking': np.float64(80.0), 'speaking_class': 'S-D'}}",34,0,34,J-E,4,,success,success,4,241,235
Asia WSDO 2023,https://midp.calicotab.com/awsdo2023/,2023,,TRUE,English,World Schools,Asia WSDO,FALSE,School,,Asia,,self,,,,,68,68,0,26,13,309.3,S-C,['Novice'],['Novice'],"{'Novice': {'is_highest_non_open_cat': True, 'no_wbr_speakers': np.int64(0), 'no_79.11plus_speakers': 4, 'no_qual_speakers': np.float64(2.0), 'no_teams2': 47, 'pts_speaking': np.float64(120.66666666666667), 'speaking_class': 'S-D'}}",36,1,54,J-C,3,"Vladimira Šuflaj, Aly Barranda, Daphne Wong",success,success,4,242,237
Asia WSDO 2024,https://midp.calicotab.com/awsdo2024/,2024,,TRUE,English,World Schools,Asia WSDO,FALSE,School,,Asia,,self,,,,,26,26,0,0,0,52.0,S-E,['Novice'],['Novice'],"{'Novice': {'is_highest_non_open_cat': True, 'no_wbr_speakers': np.int64(0), 'no_79.11plus_speakers': 0, 'no_qual_speakers': np.float64(0.0), 'no_teams2': 17, 'pts_speaking': np.float64(34.0), 'speaking_class': 'S-E'}}",14,0,14,J-E,3,,success,success,4,91,88
Asian ODC WSDC 2022,https://aodc2022.calicotab.com/aodc2022/,2022,,FALSE,English,World Schools,Asian ODC WSDC,FALSE,School,,Asia,,self,,,,,79,78,0,0,0,156.0,S-D,['Junior'],['Junior'],"{'Junior': {'is_highest_non_open_cat': True, 'no_wbr_speakers': np.int64(0), 'no_79.11plus_speakers': 0, 'no_qual_speakers': np.float64(0.0), 'no_teams2': 31, 'pts_speaking': np.float64(62.0), 'speaking_class': 'S-D'}}",39,2,75,J-C,4,,success,success,5,312,270
Asian ODC WSDC 2023,https://aodc2023.calicotab.com/aodcwsdc/,2023,,TRUE,English,World Schools,Asian ODC WSDC,FALSE,School,,Asia,,self,,,,,79,77,0,1,0.5,160.7,S-D,"['Junior', 'High School']","['Junior', 'High School']","{'Junior': {'is_highest_non_open_cat': False, 'no_wbr_speakers': np.int64(0), 'no_79.11plus_speakers': 0, 'no_qual_speakers': np.float64(0.0), 'no_teams2': 25, 'pts_speaking': np.float64(50.0), 'speaking_class': 'S-E'}, 'High School': {'is_highest_non_open_cat': False, 'no_wbr_speakers': np.int64(0), 'no_79.11plus_speakers': 0, 'no_qual_speakers': np.float64(0.0), 'no_teams2': 27, 'pts_speaking': np.float64(54.0), 'speaking_class': 'S-E'}}",52,3,106,J-B,5,,success,success,5,331,283
Asian ODC WSDC 2024,https://aodc2024.calicotab.com/aodcwsdc/,2024,,TRUE,English,World Schools,Asian ODC WSDC,FALSE,School,,Asia,,self,,,,,98,95,0,2,1,203.3,S-D,"['Middle School', 'Junior']","['Middle School', 'Junior']","{'Middle School': {'is_highest_non_open_cat': False, 'no_wbr_speakers': np.int64(0), 'no_79.11plus_speakers': 0, 'no_qual_speakers': np.float64(0.0), 'no_teams2': 58, 'pts_speaking': np.float64(116.0), 'speaking_class': 'S-D'}, 'Junior': {'is_highest_non_open_cat': False, 'no_wbr_speakers': np.int64(0), 'no_79.11plus_speakers': 0, 'no_qual_speakers': np.float64(0.0), 'no_teams2': 29, 'pts_speaking': np.float64(58.0), 'speaking_class': 'S-E'}}",49,6,157,J-A,5,"Tamkeen Nawab, Ngô Minh Kiên, Raymond Kimura, Ahmad Tousif Jami, Alec Becky, Marilena Hadjicosta",success,success,5,362,331
Asian ODC WSDC 2025,https://aodc2025.calicotab.com/aodc2025/,2025,,TRUE,English,World Schools,Asian ODC WSDC,FALSE,School,,Asia,,self,,,,,105,104,0,0,0,208.0,S-D,"['Middle School', 'Junior']","['Middle School', 'Junior']","{'Middle School': {'is_highest_non_open_cat': False, 'no_wbr_speakers': np.int64(0), 'no_79.11plus_speakers': 0, 'no_qual_speakers': np.float64(0.0), 'no_teams2': 29, 'pts_speaking': np.float64(58.0), 'speaking_class': 'S-E'}, 'Junior': {'is_highest_non_open_cat': False, 'no_wbr_speakers': np.int64(0), 'no_79.11plus_speakers': 0, 'no_qual_speakers': np.float64(0.0), 'no_teams2': 27, 'pts_speaking': np.float64(54.0), 'speaking_class': 'S-E'}}",62,10,242,J-AA,4,,success,success,5,394,366
Asian ODC WSDC 2026,https://aodc26.calicotab.com/aodcwsdc26/,2026,2026-06-05,TRUE,English,World Schools,Asian ODC WSDC,FALSE,School,,Asia,,self,,,,,108,108,0,3,1.5,236.0,S-D,"['U16', 'U14', 'U12']","['U16', 'U14', 'U12', 'Open']","{'U16': {'is_highest_non_open_cat': False, 'no_wbr_speakers': np.int64(0), 'no_79.11plus_speakers': 2, 'no_qual_speakers': np.float64(1.0), 'no_teams2': 87, 'pts_speaking': np.float64(187.33333333333334), 'speaking_class': 'S-D'}, 'U14': {'is_highest_non_open_cat': False, 'no_wbr_speakers': np.int64(0), 'no_79.11plus_speakers': 2, 'no_qual_speakers': np.float64(1.0), 'no_teams2': 63, 'pts_speaking': np.float64(139.33333333333334), 'speaking_class': 'S-D'}, 'U12': {'is_highest_non_open_cat': False, 'no_wbr_speakers': np.int64(0), 'no_79.11plus_speakers': 0, 'no_qual_speakers': np.float64(0.0), 'no_teams2': 19, 'pts_speaking': np.float64(38.0), 'speaking_class': 'S-E'}}",62,2,98,J-C,3,,success,success,5,401,382
Austria Pre-WSDC 2025,https://austriawsdc2025.calicotab.com/_/,2025,2025-06-20,TRUE,English,World Schools,Austria Pre-WSDC,FALSE,School,Online,Europe,Austria,self,,,,,31,30,0,2,1,73.3,S-D,"['ESL', 'Novice']","['ESL', 'Novice']","{'ESL': {'is_highest_non_open_cat': True, 'no_wbr_speakers': np.int64(0), 'no_79.11plus_speakers': 0, 'no_qual_speakers': np.float64(0.0), 'no_teams2': 13, 'pts_speaking': np.float64(26.0), 'speaking_class': 'S-E'}, 'Novice': {'is_highest_non_open_cat': False, 'no_wbr_speakers': np.int64(0), 'no_79.11plus_speakers': 0, 'no_qual_speakers': np.float64(0.0), 'no_teams2': 5, 'pts_speaking': np.float64(10.0), 'speaking_class': 'S-E'}}",28,2,64,J-C,4,,success,success,6,125,116
Austria Pre-WSDC 2026,https://austriawsdc2026.calicotab.com/_/,2026,2026-05-30,TRUE,English,World Schools,Austria Pre-WSDC,FALSE,School,Online,Europe,Austria,self,,,,,33,32,0,3,1.5,82.0,S-D,['novice'],"['novice', 'Open']","{'novice': {'is_highest_non_open_cat': True, 'no_wbr_speakers': np.int64(0), 'no_79.11plus_speakers': 0, 'no_qual_speakers': np.float64(0.0), 'no_teams2': 6, 'pts_speaking': np.float64(12.0), 'speaking_class': 'S-E'}}",42,2,78,J-C,4,,success,success,5,128,101
AWSDC (Thailand) 2023,https://159.223.65.214:8000/awsdc2023/,2023,,TRUE,English,World Schools,AWSDC (Thailand),FALSE,School,In person,Asia,Thailand,self,TRUE,,,judging only,,,,,,,,,['Novice'],{'Novice': {'is_highest_non_open_cat': True}},,9,,J-A+,,,error getting speaker tab,no prelims,0,,
AWSDC (Thailand) 2025,https://awsdc2025.calicotab.com/AWSDC2025/,2025,2025-06-30,TRUE,English,World Schools,AWSDC (Thailand),FALSE,School,In person,Asia,Thailand,self,,,,,64,64,0,5,2.5,161.3,S-C,['Novice'],['Novice'],"{'Novice': {'is_highest_non_open_cat': True, 'no_wbr_speakers': np.int64(0), 'no_79.11plus_speakers': 0, 'no_qual_speakers': np.float64(0.0), 'no_teams2': 10, 'pts_speaking': np.float64(20.0), 'speaking_class': 'S-E'}}",56,10,236,J-AA,5,,success,success,6,253,241
Bangladesh DC Pre-WSDC 2025,https://bdc.calicotab.com/bdprewsdc2025/,2025,,TRUE,English,World Schools,Bangladesh DC Pre-WSDC,FALSE,School,Online,Asia,,public,,,,,20,20,0,0,0,40.0,S-E,[],['Open'],{},14,0,14,J-E,1,,success,success,5,73,64
Bangladesh Pre-WSDC 2026,https://bdc.calicotab.com/BDPreWsdc26/,2026,2026-06-19,TRUE,English,World Schools,Bangladesh Pre-WSDC,FALSE,School,Online,Asia,Bangladesh,self,,,,,12,12,0,0,0,24.0,S-E,[],['Open'],{},15,0,15,J-E,1,,success,success,4,44,39
Canada WSDC Fundraiser 2024,https://fndo24.calicotab.com/24fndo/,2024,,TRUE,English,World Schools,Canada WSDC Fundraiser,FALSE,School,,North America,Canada,self,,,,,43,42,0,5,2.5,117.3,S-C,['Junior'],['Junior'],"{'Junior': {'is_highest_non_open_cat': True, 'no_wbr_speakers': np.int64(0), 'no_79.11plus_speakers': 0, 'no_qual_speakers': np.float64(0.0), 'no_teams2': 14, 'pts_speaking': np.float64(28.0), 'speaking_class': 'S-E'}}",24,1,42,J-C,0,"Brent Schmidt, Arsalan Ghaemi",success,success,5,181,171
Canada WSDC Fundraiser Fall 2025,https://tcanadawsdcfall25.calicotab.com/tcanadawsdcfall25/,2025,2025-12-13,TRUE,English,World Schools,Canada WSDC Fundraiser,FALSE,School,Online,North America,Canada,public,,,,,36,36,0,4,2,98.7,S-D,['Junior'],"['Junior', 'Open']","{'Junior': {'is_highest_non_open_cat': True, 'no_wbr_speakers': np.int64(0), 'no_79.11plus_speakers': 0, 'no_qual_speakers': np.float64(0.0), 'no_teams2': 12, 'pts_speaking': np.float64(24.0), 'speaking_class': 'S-E'}}",22,0,22,J-E,0,,success,success,5,159,151
China FLTRP Schools WSDC 2025,https://2025fltrpcssdc.calicotab.com/wsdc/,2025,2025-12-13,TRUE,English,World Schools,China FLTRP Schools WSDC,FALSE,School,Online,Asia,China,self,,,,,60,58,0,0,0,116.0,S-D,"['Under 17', 'Under 15', 'Novice']","['Under 15', 'Novice', 'Open']","{'Under 15': {'is_highest_non_open_cat': False, 'no_wbr_speakers': np.int64(0), 'no_79.11plus_speakers': 0, 'no_qual_speakers': np.float64(0.0), 'no_teams2': 19, 'pts_speaking': np.float64(38.0), 'speaking_class': 'S-E'}, 'Novice': {'is_highest_non_open_cat': True, 'no_wbr_speakers': np.int64(0), 'no_79.11plus_speakers': 0, 'no_qual_speakers': np.float64(0.0), 'no_teams2': 30, 'pts_speaking': np.float64(60.0), 'speaking_class': 'S-D'}}",32,2,68,J-C,3,,success,success,5,206,187
Columbia WSDC 2025,https://columbiawsdc2025.calicotab.com/columbiawsdc2025/,2025,2025-05-03,TRUE,English,World Schools,Columbia WSDC,FALSE,School,Online,North America,United States,self,,,,,56,56,0,1,0.5,118.7,S-D,['Novice'],['Novice'],"{'Novice': {'is_highest_non_open_cat': True, 'no_wbr_speakers': np.int64(0), 'no_79.11plus_speakers': 0, 'no_qual_speakers': np.float64(0.0), 'no_teams2': 17, 'pts_speaking': np.float64(34.0), 'speaking_class': 'S-E'}}",53,5,143,J-A,5,"Alice Bertoni, Klaudia Maciejewska, Reja Debevc, Ruth Selorme Acolatse, Clement Tsao, Edgar Cheng",success,success,5,216,185
Doxbridge WSDC 2022,https://doxbridge-wsdc2022.calicotab.com/doxwsdc/,2022,,FALSE,English,World Schools,Doxbridge WSDC,FALSE,School,,IONA,England,self,,,,,125,125,0,1,0.5,256.7,S-D,['National'],['National'],"{'National': {'is_highest_non_open_cat': True, 'no_wbr_speakers': np.int64(0), 'no_79.11plus_speakers': 1, 'no_qual_speakers': np.float64(0.5), 'no_teams2': 45, 'pts_speaking': np.float64(96.66666666666667), 'speaking_class': 'S-D'}}",100,8,244,J-A+,4,"Jason Xiao, Shudipto Ahmed, Tamkeen Nawab, Varshini Venkatesh, Eric Kazadi",success,success,6,513,470
DS Pakistan Inaugural 2024,https://dsp.calicotab.com/inaugural2024/,2024,,TRUE,English,World Schools,DS Pakistan Inaugural,FALSE,School,In person,Asia,Pakistan,public,,,,,38,38,0,1,0.5,82.7,S-D,[],[],{},43,0,43,J-E,4,"Mahad Akbar, Ali Hannan, Hania Sehr, Muhammad Bin Munir, Hamza Farookhi",success,success,4,148,131
DS Pakistan Senior Nats 2023,https://dsp2021-2024.calicotab.com/seniornationals2023/,2023,,TRUE,English,World Schools,DS Pakistan Senior Nats,FALSE,School,In person,Asia,Pakistan,public,,,,,56,56,0,1,0.5,118.7,S-D,[],[],{},61,0,61,J-D,7,,success,success,6,204,185
DS Pakistan South Regionals 2025,https://dsp.calicotab.com/southregionals25/,2025,,TRUE,English,World Schools,DS Pakistan South Regionals,FALSE,School,,Asia,Pakistan,public,,,,,22,22,0,0,0,44.0,S-E,[],[],{},22,1,40,J-C,4,,success,success,4,82,77
East African WSDC 2023,https://africandebate1.calicotab.com/EA-WSDC2023/,2023,,TRUE,English,World Schools,East African WSDC,FALSE,School,In person,Africa,,public,,,,,72,72,0,0,0,144.0,S-D,"['Junior - Main Cup', 'Senior - Silver Cup', 'Senior - Main Cup', 'Junior - Silver Cup', 'Senior - Gold Cup', 'Junior - Gold Cup']","['Senior - Main Cup', 'Junior - Main Cup']","{'Senior - Main Cup': {'is_highest_non_open_cat': False, 'no_wbr_speakers': np.int64(0), 'no_79.11plus_speakers': 0, 'no_qual_speakers': np.float64(0.0), 'no_teams2': 44, 'pts_speaking': np.float64(88.0), 'speaking_class': 'S-D'}, 'Junior - Main Cup': {'is_highest_non_open_cat': False, 'no_wbr_speakers': np.int64(0), 'no_79.11plus_speakers': 0, 'no_qual_speakers': np.float64(0.0), 'no_teams2': 28, 'pts_speaking': np.float64(56.0), 'speaking_class': 'S-E'}}",55,0,55,J-D,0,,success,success,6,273,246
East African WSDC 2024,https://africandebate2.calicotab.com/EA-WSDC2024/,2024,,TRUE,English,World Schools,East African WSDC,FALSE,School,,Africa,Kenya,self,,,,,42,42,0,0,0,84.0,S-D,"['Junior Gold Cup', 'Senior Gold Cup', 'Junior Silver Cup', 'Senior - Main Cup', 'Junior - Main Cup']","['Junior - Main Cup', 'Open', 'Senior - Main Cup']","{'Junior - Main Cup': {'is_highest_non_open_cat': False, 'no_wbr_speakers': np.int64(0), 'no_79.11plus_speakers': 0, 'no_qual_speakers': np.float64(0.0), 'no_teams2': 24, 'pts_speaking': np.float64(48.0), 'speaking_class': 'S-E'}, 'Senior - Main Cup': {'is_highest_non_open_cat': False, 'no_wbr_speakers': np.int64(0), 'no_79.11plus_speakers': 0, 'no_qual_speakers': np.float64(0.0), 'no_teams2': 18, 'pts_speaking': np.float64(36.0), 'speaking_class': 'S-E'}}",47,0,47,J-D,2,"Trudeau Okech, Becky Alec, Michelle Adika",success,success,5,140,126
East African WSDC Senior 2025,https://africandebate3.calicotab.com/eawsdc2025senior/,2025,,TRUE,English,World Schools,East African WSDC Senior,FALSE,School,,Africa,Kenya,self,,,,,34,34,0,0,0,68.0,S-D,"['Silver Cup', 'Main Cup', 'Gold Cup', 'Bronze Cup']","['Open', 'Main Cup']","{'Main Cup': {'is_highest_non_open_cat': True, 'no_wbr_speakers': np.int64(0), 'no_79.11plus_speakers': 0, 'no_qual_speakers': np.float64(0.0), 'no_teams2': 10, 'pts_speaking': np.float64(20.0), 'speaking_class': 'S-E'}}",24,0,24,J-E,0,,success,success,6,124,114
East African WSDC Senior 2026,https://africandebate4.calicotab.com/eawsdc2026senior/,2026,,TRUE,English,World Schools,East African WSDC Senior,FALSE,School,,Africa,Kenya,self,,,,,28,28,0,0,0,56.0,S-E,"['Silver Cup', 'Main Cup', 'Gold Cup', 'Bronze Cup']","['Open', 'Main Cup']","{'Main Cup': {'is_highest_non_open_cat': True, 'no_wbr_speakers': np.int64(0), 'no_79.11plus_speakers': 0, 'no_qual_speakers': np.float64(0.0), 'no_teams2': 8, 'pts_speaking': np.float64(16.0), 'speaking_class': 'S-E'}}",19,0,19,J-E,0,,success,success,6,107,97
Ecuadorian Nat. Schools DC 2025,https://ensdc2025.calicotab.com/ensdc2025/,2025,2025-11-14,TRUE,English,World Schools,Ecuadorian Nat. Schools DC,FALSE,School,Online,Latin America,Ecuador,public,,,,,9,6,0,0,0,12.0,S-E,[],['Open'],{},1,0,1,J-E,5,,success,success,5,20,17
Eurasian Schools DC 2023,https://esdc2023.calicotab.com/esdc2023/,2023,,TRUE,English,World Schools,Eurasian Schools DC,FALSE,School,In person,Europe,Turkey,public,,,,,34,34,0,1,0.5,74.7,S-D,[],[],{},33,1,51,J-C,2,,success,success,6,140,122
Eurasian Schools DC 2025,https://esdc.calicotab.com/esdc2025/,2025,2025-01-18,TRUE,English,World Schools,Eurasian Schools DC,FALSE,School,In person,Europe,Turkey,self,,,,,67,66,0,0,0,134.0,S-D,[],[],{},49,0,49,J-D,4,"Arsalan Ghaemi,",success,success,0,0,276
Eurasian Schools DC 2026,https://esdc.calicotab.com/esdc2026/,2026,2026-01-16,TRUE,English,World Schools,Eurasian Schools DC,FALSE,School,In person,Europe,Turkey,self,,,,,71,71,0,4,2,168.7,S-D,[],['Open'],{},56,2,92,J-C,5,"Kallina Basli, Joy Hadome, Reja Debevc, Klaudia Maciejewska, Anı Deniz Gündüz",success,success,6,285,260
European Schools DC 2024,https://tab.debate.si/eursdc24/,2024,,TRUE,English,World Schools,European Schools DC,FALSE,School,,Europe,,self,,,,,30,30,0,4,2,86.7,S-D,['Novice'],['Novice'],"{'Novice': {'is_highest_non_open_cat': True, 'no_wbr_speakers': np.int64(0), 'no_79.11plus_speakers': 0, 'no_qual_speakers': np.float64(0.0), 'no_teams2': 5, 'pts_speaking': np.float64(10.0), 'speaking_class': 'S-E'}}",48,6,156,J-A,3,"Matija Pušnik, Atiya Al-Hammud, Marilena Hadjicosta",success,success,6,129,123
European Schools DC 2025,https://eurosdc25.calicotab.com/eurosdc-25/,2025,2025-02-27,TRUE,English,World Schools,European Schools DC,FALSE,School,In person,Europe,Romania,self,,,,,34,34,0,2,1,81.3,S-D,['Novice'],['Novice'],"{'Novice': {'is_highest_non_open_cat': True, 'no_wbr_speakers': np.int64(0), 'no_79.11plus_speakers': 0, 'no_qual_speakers': np.float64(0.0), 'no_teams2': 7, 'pts_speaking': np.float64(14.0), 'speaking_class': 'S-E'}}",57,4,129,J-B,4,,success,success,6,141,130
European Schools DC 2026,https://tab.debate.si/eurosdc-2026/motions/,2026,2026-02-28,TRUE,English,World Schools,European Schools DC,FALSE,School,In person,Europe,North Macedonia,self,,,,,40,40,0,3,1.5,100.0,S-D,['Novice'],"['Novice', 'Open']","{'Novice': {'is_highest_non_open_cat': True, 'no_wbr_speakers': np.int64(0), 'no_79.11plus_speakers': 0, 'no_qual_speakers': np.float64(0.0), 'no_teams2': 5, 'pts_speaking': np.float64(10.0), 'speaking_class': 'S-E'}}",58,4,130,J-B,4,,success,success,6,174,153
EurOpen (Schools) 2025,https://europen2025.calicotab.com/europen25/,2025,2025-11-15,TRUE,English,World Schools,EurOpen (Schools),FALSE,School,In person,Europe,,self,,,,,42,42,0,0,0,84.0,S-D,['Novice'],['Novice'],"{'Novice': {'is_highest_non_open_cat': True, 'no_wbr_speakers': np.int64(0), 'no_79.11plus_speakers': 0, 'no_qual_speakers': np.float64(0.0), 'no_teams2': 10, 'pts_speaking': np.float64(20.0), 'speaking_class': 'S-E'}}",40,0,40,J-E,4,,success,success,6,158,155
Everest IWSDC 2024,https://dnn.calicotab.com/eiwsdc2024/,2024,,TRUE,English,World Schools,Everest IWSDC,FALSE,School,,Asia,,self,,,,,86,84,0,1,0.5,172.7,S-D,"['Middle School', 'Junior']","['Middle School', 'Junior']","{'Middle School': {'is_highest_non_open_cat': False, 'no_wbr_speakers': np.int64(0), 'no_79.11plus_speakers': 0, 'no_qual_speakers': np.float64(0.0), 'no_teams2': 20, 'pts_speaking': np.float64(40.0), 'speaking_class': 'S-E'}, 'Junior': {'is_highest_non_open_cat': False, 'no_wbr_speakers': np.int64(0), 'no_79.11plus_speakers': 0, 'no_qual_speakers': np.float64(0.0), 'no_teams2': 18, 'pts_speaking': np.float64(36.0), 'speaking_class': 'S-E'}}",49,2,85,J-C,7,,success,success,5,319,277
Everest IWSDC 2025,https://dnn.calicotab.com/wsdc2025/,2025,2025-07-04,TRUE,English,World Schools,Everest IWSDC,FALSE,School,,Asia,,self,,,,,43,42,0,0,0,84.0,S-D,"['Junior', 'Middle School']","['Junior', 'Middle School']","{'Junior': {'is_highest_non_open_cat': False, 'no_wbr_speakers': np.int64(0), 'no_79.11plus_speakers': 0, 'no_qual_speakers': np.float64(0.0), 'no_teams2': 15, 'pts_speaking': np.float64(30.0), 'speaking_class': 'S-E'}, 'Middle School': {'is_highest_non_open_cat': False, 'no_wbr_speakers': np.int64(0), 'no_79.11plus_speakers': 0, 'no_qual_speakers': np.float64(0.0), 'no_teams2': 9, 'pts_speaking': np.float64(18.0), 'speaking_class': 'S-E'}}",19,0,19,J-E,6,,success,success,5,143,132
Gondwana WSDC 2024,https://debateland.calicotab.com/gondwanawsdc/,2024,,TRUE,English,World Schools,Gondwana WSDC,FALSE,School,,Asia,,self,,,,,30,30,0,0,0,60.0,S-D,"['U-14', 'U-16']",['U-14'],"{'U-14': {'is_highest_non_open_cat': True, 'no_wbr_speakers': np.int64(0), 'no_79.11plus_speakers': 0, 'no_qual_speakers': np.float64(0.0), 'no_teams2': 10, 'pts_speaking': np.float64(20.0), 'speaking_class': 'S-E'}}",21,0,21,J-E,4,,success,success,4,107,106
Greater Bay Area WSDC 2024,https://gba2024.calicotab.com/gba/,2024,,TRUE,English,World Schools,Greater Bay Area WSDC,FALSE,School,,Asia,China,self,,,,,40,40,0,9,4.5,140.0,S-C,"['Senior', 'Junior', 'National']","['Senior', 'Junior', 'National']","{'Senior': {'is_highest_non_open_cat': False, 'no_wbr_speakers': np.int64(0), 'no_79.11plus_speakers': 4, 'no_qual_speakers': np.float64(2.0), 'no_teams2': 12, 'pts_speaking': np.float64(50.66666666666667), 'speaking_class': 'S-E'}, 'Junior': {'is_highest_non_open_cat': False, 'no_wbr_speakers': np.int64(0), 'no_79.11plus_speakers': 0, 'no_qual_speakers': np.float64(0.0), 'no_teams2': 20, 'pts_speaking': np.float64(40.0), 'speaking_class': 'S-E'}, 'National': {'is_highest_non_open_cat': False, 'no_wbr_speakers': np.int64(0), 'no_79.11plus_speakers': 5, 'no_qual_speakers': np.float64(2.5), 'no_teams2': 8, 'pts_speaking': np.float64(49.333333333333336), 'speaking_class': 'S-C'}}",21,4,93,J-B,5,,success,success,7,144,140
Harvard World Schools T 2024,https://wst2024.calicotab.com/wst2024/,2024,,TRUE,English,World Schools,Harvard World Schools T,FALSE,School,,North America,United States,self,,,,,60,59,0,9,4.5,178.0,S-C,['Novice'],['Novice'],"{'Novice': {'is_highest_non_open_cat': True, 'no_wbr_speakers': np.int64(0), 'no_79.11plus_speakers': 0, 'no_qual_speakers': np.float64(0.0), 'no_teams2': 19, 'pts_speaking': np.float64(38.0), 'speaking_class': 'S-E'}}",34,9,196,J-A+,7,,success,success,6,253,237
Harvard World Schools T 2025,https://wst.calicotab.com/harvardwst2025/,2025,2025-04-04,TRUE,English,World Schools,Harvard World Schools T,FALSE,School,In person,North America,United States,self,,,,,78,77,0,1,0.5,160.7,S-D,['Novice'],['Novice'],"{'Novice': {'is_highest_non_open_cat': True, 'no_wbr_speakers': np.int64(0), 'no_79.11plus_speakers': 0, 'no_qual_speakers': np.float64(0.0), 'no_teams2': 44, 'pts_speaking': np.float64(88.0), 'speaking_class': 'S-D'}}",44,2,80,J-C,8,,success,success,5,319,292
Harvard World Schools T 2026,https://wst.calicotab.com/harvardwst2026/,2026,2026-04-03,TRUE,English,World Schools,Harvard World Schools T,FALSE,School,In person,North America,United States,self,,,,,90,90,0,7,3.5,226.7,S-C,['Novice'],"['Open', 'Novice']","{'Novice': {'is_highest_non_open_cat': True, 'no_wbr_speakers': np.int64(0), 'no_79.11plus_speakers': 0, 'no_qual_speakers': np.float64(0.0), 'no_teams2': 38, 'pts_speaking': np.float64(76.0), 'speaking_class': 'S-D'}}",73,12,289,J-AA,6,,success,success,5,370,352
HKPDS WSDC (18th) 2022,https://hkpds2022.calicotab.com/hkpds/,2022,2022-11-11,TRUE,English,World Schools,HKPDS WSDC,FALSE,School,Online,Asia,Hong Kong,public,,,,,47,46,0,0,0,92.0,S-D,[],[],{},56,9,218,J-A+,4,"Loke Wing Fatt, Geetha Creffield, Benjamin Goh, Jacquelynn Lin, Huw Jones, Daisy Sun",success,success,8,212,185
IBA Karachi DC 2025,https://ibadc2025.calicotab.com/ibadc2025/,2025,,TRUE,English,World Schools,IBA Karachi DC,FALSE,School,In person,Asia,,public,,,,,41,40,0,0,0,80.0,S-D,[],[],{},28,0,28,J-E,4,,success,success,4,143,128
IDT Ljutomer (WSDC) 2023,https://tab.debate.si/idtl-23/,2023,,TRUE,English,World Schools,IDT Ljutomer,FALSE,School,,Europe,Slovenia,self,,,,,46,46,0,1,0.5,98.7,S-D,"['ESL', 'EFL']",['Open'],{},40,2,76,J-C,3,"Lucija Ivanuša, Rok Hafner, Luka Petrović",success,success,6,163,158
IDT Ljutomer (WSDC) 2024,https://tab.debate.si/idtl2024/,2024,,TRUE,English,World Schools,IDT Ljutomer,FALSE,School,,Europe,Slovenia,self,,,,,52,52,0,2,1,115.3,S-D,['Novice'],"['Novice', 'Open']","{'Novice': {'is_highest_non_open_cat': True, 'no_wbr_speakers': np.int64(0), 'no_79.11plus_speakers': 0, 'no_qual_speakers': np.float64(0.0), 'no_teams2': 17, 'pts_speaking': np.float64(34.0), 'speaking_class': 'S-E'}}",53,3,107,J-B,4,"Marta Vasić, Eta Krpanec, Lora Gržin, Rok Hafner",success,success,6,176,176
IDT Ljutomer (WSDC) 2025,https://zip.calicotab.com/idtl2025/,2025,,TRUE,English,World Schools,IDT Ljutomer,FALSE,School,,Europe,Slovenia,self,,,,,28,28,0,0,0,56.0,S-E,['Novice'],['Open'],{},23,1,41,J-C,3,,success,success,6,101,99
IDT Ljutomer (WSDC) 2026,https://zip.calicotab.com/idtl2026/,2026,,TRUE,English,World Schools,IDT Ljutomer,FALSE,School,,Europe,Slovenia,self,,,,,26,26,0,0,0,52.0,S-E,['Novice'],['Open'],{},25,0,25,J-E,0,,success,success,6,95,95
India Pre-WSDC 2026,https://indiaprewsdc2026.calicotab.com/_/,2026,2026-07-04,TRUE,English,World Schools,India Pre-WSDC,FALSE,School,Online,Asia,India,self,,,,,33,31,0,0,0,62.0,S-D,"['U15', 'Novice', 'U13']","['Novice', 'U15', 'Open', 'U13']","{'Novice': {'is_highest_non_open_cat': True, 'no_wbr_speakers': np.int64(0), 'no_79.11plus_speakers': 0, 'no_qual_speakers': np.float64(0.0), 'no_teams2': 10, 'pts_speaking': np.float64(20.0), 'speaking_class': 'S-E'}, 'U15': {'is_highest_non_open_cat': False, 'no_wbr_speakers': np.int64(0), 'no_79.11plus_speakers': 0, 'no_qual_speakers': np.float64(0.0), 'no_teams2': 16, 'pts_speaking': np.float64(32.0), 'speaking_class': 'S-E'}, 'U13': {'is_highest_non_open_cat': False, 'no_wbr_speakers': np.int64(0), 'no_79.11plus_speakers': 0, 'no_qual_speakers': np.float64(0.0), 'no_teams2': 7, 'pts_speaking': np.float64(14.0), 'speaking_class': 'S-E'}}",22,0,22,J-E,1,,success,success,5,111,98
Indian Schools Debating Championship 2025,https://isdc.calicotab.com/isdc/,2025,2025-11-29,TRUE,English,World Schools,Indian Schools Debating Championship,FALSE,School,Online,Asia,India,self,,,,,,,,,,,,,[],{},24,0,24,J-E,0,,error getting speaker tab,success,4,,
Indo-Pacific WSDC 2023,https://indopacific2023.calicotab.com/ipwsdc/,2023,,TRUE,English,World Schools,Indo-Pacific WSDC,FALSE,School,,Asia,,self,,,,,40,40,0,0,0,80.0,S-D,[],[],{},21,0,21,J-E,2,"Youngwoo Park, Kiki Liew",success,success,4,136,135
Indo-Pacific WSDO 2024,https://ufd.calicotab.com/ipwsdo24/,2024,,TRUE,English,World Schools,Indo-Pacific WSDO,FALSE,School,,Asia,,self,,,,,56,56,0,15,7.5,212.0,S-C,"['U-14', 'Novice']","['U-14', 'Novice']","{'U-14': {'is_highest_non_open_cat': False, 'no_wbr_speakers': np.int64(0), 'no_79.11plus_speakers': 0, 'no_qual_speakers': np.float64(0.0), 'no_teams2': 7, 'pts_speaking': np.float64(14.0), 'speaking_class': 'S-E'}, 'Novice': {'is_highest_non_open_cat': True, 'no_wbr_speakers': np.int64(0), 'no_79.11plus_speakers': 1, 'no_qual_speakers': np.float64(0.5), 'no_teams2': 14, 'pts_speaking': np.float64(34.666666666666664), 'speaking_class': 'S-E'}}",47,3,101,J-B,4,,success,success,4,208,203
Indo-Pacific WSDO 2025,https://ufd.calicotab.com/wsdo2025/,2025,,TRUE,English,World Schools,Indo-Pacific WSDO,FALSE,School,,Asia,,self,,,,,44,44,0,2,1,101.3,S-D,"['U-14', 'Novice', 'U-16']","['U-14', 'Novice']","{'U-14': {'is_highest_non_open_cat': False, 'no_wbr_speakers': np.int64(0), 'no_79.11plus_speakers': 0, 'no_qual_speakers': np.float64(0.0), 'no_teams2': 23, 'pts_speaking': np.float64(46.0), 'speaking_class': 'S-E'}, 'Novice': {'is_highest_non_open_cat': True, 'no_wbr_speakers': np.int64(0), 'no_79.11plus_speakers': 0, 'no_qual_speakers': np.float64(0.0), 'no_teams2': 19, 'pts_speaking': np.float64(38.0), 'speaking_class': 'S-E'}}",27,1,45,J-C,0,,success,success,5,152,147
Indo-Pacific WSDO 2026,https://ufd.calicotab.com/wsdo2026/,2026,,TRUE,English,World Schools,Indo-Pacific WSDO,FALSE,School,Online,Asia,Philippines,self,,,,,63,63,0,11,5.5,199.3,S-C,"['Under-14', 'Novice']","['Open', 'Under-14', 'Novice']","{'Under-14': {'is_highest_non_open_cat': False, 'no_wbr_speakers': np.int64(0), 'no_79.11plus_speakers': 0, 'no_qual_speakers': np.float64(0.0), 'no_teams2': 23, 'pts_speaking': np.float64(46.0), 'speaking_class': 'S-E'}, 'Novice': {'is_highest_non_open_cat': True, 'no_wbr_speakers': np.int64(0), 'no_79.11plus_speakers': 0, 'no_qual_speakers': np.float64(0.0), 'no_teams2': 23, 'pts_speaking': np.float64(46.0), 'speaking_class': 'S-E'}}",42,2,78,J-C,0,,success,success,5,228,206
Intercontinental WSDC C 2023,https://iwsdc2023.calicotab.com/_/,2023,,TRUE,English,World Schools,Intercontinental WSDC C,FALSE,School,,Asia,,self,,,,,67,66,0,17,8.5,245.3,S-C,"['U-14', 'U-16']",['U-14'],"{'U-14': {'is_highest_non_open_cat': True, 'no_wbr_speakers': np.int64(0), 'no_79.11plus_speakers': 1, 'no_qual_speakers': np.float64(0.5), 'no_teams2': 26, 'pts_speaking': np.float64(58.666666666666664), 'speaking_class': 'S-E'}}",38,5,128,J-A,1,,success,success,5,232,216
Intertext Asia WSDC Junior 2026,https://intertext.calicotab.com/asjwsdc2026/,2026,,TRUE,English,World Schools,Intertext Asia WSDC Junior,FALSE,School,,Asia,,self,,,,,30,28,0,0,0,56.0,S-E,"['U14', 'U12', 'U16']","['U14', 'U12', 'U16']","{'U14': {'is_highest_non_open_cat': False, 'no_wbr_speakers': np.int64(0), 'no_79.11plus_speakers': 0, 'no_qual_speakers': np.float64(0.0), 'no_teams2': 13, 'pts_speaking': np.float64(26.0), 'speaking_class': 'S-E'}, 'U12': {'is_highest_non_open_cat': False, 'no_wbr_speakers': np.int64(0), 'no_79.11plus_speakers': 0, 'no_qual_speakers': np.float64(0.0), 'no_teams2': 6, 'pts_speaking': np.float64(12.0), 'speaking_class': 'S-E'}, 'U16': {'is_highest_non_open_cat': False, 'no_wbr_speakers': np.int64(0), 'no_79.11plus_speakers': 0, 'no_qual_speakers': np.float64(0.0), 'no_teams2': 8, 'pts_speaking': np.float64(16.0), 'speaking_class': 'S-E'}}",21,1,39,J-C,3,,success,success,4,96,87
Intertext Pre-WSDC 2023,https://intertext.calicotab.com/ipwsdc2023s/,2023,,TRUE,English,World Schools,Intertext Pre-WSDC,FALSE,School,,Asia,,self,,,,,23,23,0,25,12.5,212.7,S-C,[],[],{},14,1,32,J-C,4,"Mubarrat Wassey, Audrey Melody, Soufiane Choubani, Abhishek Acharya",success,success,4,85,77
Intertext Pre-WSDC 2024,https://intertext.calicotab.com/ipwsdc2024/,2024,,TRUE,English,World Schools,Intertext Pre-WSDC,FALSE,School,,Asia,,self,,,,,27,24,0,0,0,48.0,S-E,"['U15', 'U19']",['U19'],"{'U19': {'is_highest_non_open_cat': True, 'no_wbr_speakers': np.int64(0), 'no_79.11plus_speakers': 0, 'no_qual_speakers': np.float64(0.0), 'no_teams2': 6, 'pts_speaking': np.float64(12.0), 'speaking_class': 'S-E'}}",31,0,31,J-E,0,,success,success,5,94,74
Intertext Pre-WSDC 2025,https://intertext.calicotab.com/ipwsdc2025/,2025,,TRUE,English,World Schools,Intertext Pre-WSDC,FALSE,School,Online,Asia,,self,,,,,19,18,0,0,0,36.0,S-E,"['Senior', 'Junior']",['Junior'],"{'Junior': {'is_highest_non_open_cat': True, 'no_wbr_speakers': np.int64(0), 'no_79.11plus_speakers': 0, 'no_qual_speakers': np.float64(0.0), 'no_teams2': 8, 'pts_speaking': np.float64(16.0), 'speaking_class': 'S-E'}}",10,0,10,J-E,3,"Liyana Rafidz, Scott Ralston, Rashrvin Pillay",success,success,4,61,57
Karachi WSDC 2025,https://kwsdc25.calicotab.com/kwsdc25/,2025,,TRUE,English,World Schools,Karachi WSDC,FALSE,School,Online,Asia,Pakistan,public,,,,,47,46,0,0,0,88.0,S-D,[],['Open'],{},23,0,23,J-E,5,,success,success,5,167,142
Kazakhstan Pre-WSDC 2026,https://qsda.calicotab.com/_/,2026,2026-07-04,TRUE,English,World Schools,Kazakhstan Pre-WSDC,FALSE,School,Online,Europe,Kazakhstan,self,,,,,29,28,0,0,0,56.0,S-E,['ESL'],"['Open', 'ESL']","{'ESL': {'is_highest_non_open_cat': True, 'no_wbr_speakers': np.int64(0), 'no_79.11plus_speakers': 0, 'no_qual_speakers': np.float64(0.0), 'no_teams2': 19, 'pts_speaking': np.float64(38.0), 'speaking_class': 'S-E'}}",35,1,53,J-C,2,"Vladimira Šuflaj, Ngo Minh Kien, Jawad Ahmad",success,success,5,118,96
LSE Pre-WSDC 2026,https://lseprewsdc2026.calicotab.com/_/,2026,2026-06-06,TRUE,English,World Schools,LSE Pre-WSDC,FALSE,School,Online,IONA,England,self,,,,,15,14,0,0,0,28.0,S-E,[],['Open'],{},13,1,31,J-C,3,,success,success,5,60,53
Malaysia IWSDC 2024,https://mwsdes.calicotab.com/miwsdc2024/,2024,,TRUE,English,World Schools,Malaysia IWSDC,FALSE,School,,Asia,Malaysia,self,,,,,72,72,0,1,0.5,150.7,S-D,['U-16'],['U-16'],"{'U-16': {'is_highest_non_open_cat': True, 'no_wbr_speakers': np.int64(0), 'no_79.11plus_speakers': 0, 'no_qual_speakers': np.float64(0.0), 'no_teams2': 40, 'pts_speaking': np.float64(80.0), 'speaking_class': 'S-D'}}",39,2,75,J-C,3,,success,success,4,267,257
Malaysia IWSDC 2025,https://mwsdes.calicotab.com/miwsdc2025/,2025,,TRUE,English,World Schools,Malaysia IWSDC,FALSE,School,,Asia,Malaysia,self,,,,,47,46,0,5,2.5,125.3,S-C,['16-and-Under'],['16-and-Under'],"{'16-and-Under': {'is_highest_non_open_cat': True, 'no_wbr_speakers': np.int64(0), 'no_79.11plus_speakers': 0, 'no_qual_speakers': np.float64(0.0), 'no_teams2': 29, 'pts_speaking': np.float64(58.0), 'speaking_class': 'S-E'}}",21,0,21,J-E,3,,success,success,4,169,164
Malaysia IWSDC 2026,https://mwsdes.calicotab.com/miwsdc2026/,2026,2026-04-25,TRUE,English,World Schools,Malaysia IWSDC,FALSE,School,Online,Asia,Malaysia,self,,,,,72,72,0,0,0,142.0,S-D,['U16'],"['Open', 'U16']","{'U16': {'is_highest_non_open_cat': True, 'no_wbr_speakers': np.int64(0), 'no_79.11plus_speakers': 0, 'no_qual_speakers': np.float64(0.0), 'no_teams2': 42, 'pts_speaking': np.float64(84.0), 'speaking_class': 'S-D'}}",39,1,57,J-C,4,,success,success,4,257,243
Malaysia Nationals WSDC 2024,https://mwsdes.calicotab.com/mnswsdc2024/,2024,,TRUE,English,World Schools,Malaysia Nationals WSDC,FALSE,School,,Asia,Malaysia,self,,,,,61,61,0,0,0,122.0,S-D,['Novice'],['Novice'],"{'Novice': {'is_highest_non_open_cat': True, 'no_wbr_speakers': np.int64(0), 'no_79.11plus_speakers': 0, 'no_qual_speakers': np.float64(0.0), 'no_teams2': 36, 'pts_speaking': np.float64(72.0), 'speaking_class': 'S-D'}}",35,1,53,J-C,3,,success,success,4,209,203
Malaysia Novice WSDC 2024,https://mwsdes.calicotab.com/nwsdc2024/,2024,,TRUE,English,World Schools,Malaysia Novice WSDC,FALSE,School,Online,Asia,,public,,,,,36,36,0,1,0.5,78.7,S-D,['U16'],"['Open', 'U16']","{'U16': {'is_highest_non_open_cat': True, 'no_wbr_speakers': np.int64(0), 'no_79.11plus_speakers': 0, 'no_qual_speakers': np.float64(0.0), 'no_teams2': 22, 'pts_speaking': np.float64(44.0), 'speaking_class': 'S-E'}}",18,2,54,J-C,3,,success,success,4,130,125
Malaysia Novice WSDC 2025,https://mwsdes.calicotab.com/nwsdc2025/,2025,,TRUE,English,World Schools,Malaysia Novice WSDC,FALSE,School,,Asia,Malaysia,self,,,,,46,46,0,0,0,80.0,S-D,[],[],{},22,1,40,J-C,3,,success,success,4,167,164
Malaysian Nationals WSDC 2023,https://mwsdes.calicotab.com/nationalswsdc2023/,2023,,TRUE,English,World Schools,Malaysian Nationals WSDC,FALSE,School,Online,Asia,,public,,,,,26,26,0,1,0.5,58.7,S-E,['High School Novice'],"['Open', 'High School Novice']","{'High School Novice': {'is_highest_non_open_cat': True, 'no_wbr_speakers': np.int64(0), 'no_79.11plus_speakers': 0, 'no_qual_speakers': np.float64(0.0), 'no_teams2': 12, 'pts_speaking': np.float64(24.0), 'speaking_class': 'S-E'}}",11,1,29,J-C,3,,success,success,4,83,82
Mashujaa SDC Senior (10th) 2025,https://africandebate3.calicotab.com/mashujaa10senior2025/,2025,,TRUE,English,World Schools,Mashujaa SDC Senior,FALSE,School,In person,Africa,Kenya,public,,,,,68,64,0,3,1.5,148.0,S-D,"['Pioneer Cup', 'Silver Cup', 'Ace Cup', 'Development Cup', 'Gold Cup', 'Plate Cup', 'Diamond Cup', 'Bowl Cup', 'Scholars Cup', 'Main Cup', 'Platinum Cup', 'Shield Cup', 'Challenge Cup', 'Bronze Cup']","['Pioneer Cup', 'Ace Cup', 'Development Cup', 'Plate Cup', 'Diamond Cup', 'Bowl Cup', 'Main Cup', 'Open', 'Shield Cup', 'Scholars Cup', 'Challenge Cup']","{'Pioneer Cup': {'is_highest_non_open_cat': False, 'no_wbr_speakers': np.int64(0), 'no_79.11plus_speakers': 1, 'no_qual_speakers': np.float64(0.5), 'no_teams2': 46, 'pts_speaking': np.float64(98.66666666666667), 'speaking_class': 'S-D'}, 'Ace Cup': {'is_highest_non_open_cat': False, 'no_wbr_speakers': np.int64(0), 'no_79.11plus_speakers': 1, 'no_qual_speakers': np.float64(0.5), 'no_teams2': 46, 'pts_speaking': np.float64(98.66666666666667), 'speaking_class': 'S-D'}, 'Development Cup': {'is_highest_non_open_cat': False, 'no_wbr_speakers': np.int64(0), 'no_79.11plus_speakers': 1, 'no_qual_speakers': np.float64(0.5), 'no_teams2': 46, 'pts_speaking': np.float64(98.66666666666667), 'speaking_class': 'S-D'}, 'Plate Cup': {'is_highest_non_open_cat': False, 'no_wbr_speakers': np.int64(0), 'no_79.11plus_speakers': 1, 'no_qual_speakers': np.float64(0.5), 'no_teams2': 46, 'pts_speaking': np.float64(98.66666666666667), 'speaking_class': 'S-D'}, 'Diamond Cup': {'is_highest_non_open_cat': False, 'no_wbr_speakers': np.int64(0), 'no_79.11plus_speakers': 1, 'no_qual_speakers': np.float64(0.5), 'no_teams2': 46, 'pts_speaking': np.float64(98.66666666666667), 'speaking_class': 'S-D'}, 'Bowl Cup': {'is_highest_non_open_cat': False, 'no_wbr_speakers': np.int64(0), 'no_79.11plus_speakers': 1, 'no_qual_speakers': np.float64(0.5), 'no_teams2': 46, 'pts_speaking': np.float64(98.66666666666667), 'speaking_class': 'S-D'}, 'Main Cup': {'is_highest_non_open_cat': False, 'no_wbr_speakers': np.int64(0), 'no_79.11plus_speakers': 2, 'no_qual_speakers': np.float64(1.0), 'no_teams2': 48, 'pts_speaking': np.float64(109.33333333333333), 'speaking_class': 'S-D'}, 'Shield Cup': {'is_highest_non_open_cat': False, 'no_wbr_speakers': np.int64(0), 'no_79.11plus_speakers': 1, 'no_qual_speakers': np.float64(0.5), 'no_teams2': 46, 'pts_speaking': np.float64(98.66666666666667), 'speaking_class': 'S-D'}, 'Scholars Cup': {'is_highest_non_open_cat': False, 'no_wbr_speakers': np.int64(0), 'no_79.11plus_speakers': 1, 'no_qual_speakers': np.float64(0.5), 'no_teams2': 46, 'pts_speaking': np.float64(98.66666666666667), 'speaking_class': 'S-D'}, 'Challenge Cup': {'is_highest_non_open_cat': False, 'no_wbr_speakers': np.int64(0), 'no_79.11plus_speakers': 1, 'no_qual_speakers': np.float64(0.5), 'no_teams2': 46, 'pts_speaking': np.float64(98.66666666666667), 'speaking_class': 'S-D'}}",34,0,34,J-E,0,,success,success,5,243,211
Mexico City Pre-WSDC 2025,https://pre-wsdc2025.calicotab.com/_/,2025,2025-07-15,TRUE,English,World Schools,Mexico City Pre-WSDC,FALSE,School,In person,Latin America,Mexico,self,,,,,20,20,0,3,1.5,60.0,S-D,[],[],{},17,4,89,J-B,4,,success,success,6,87,82
New Nations Pre-WSDC 2026,https://newnationsprewsdc2026.calicotab.com/newnationsprewsdc2026/,2026,2026-04-20,TRUE,English,World Schools,New Nations Pre-WSDC,FALSE,School,Online,Africa,Kenya,self,,,,,12,12,0,0,0,24.0,S-E,[],['Open'],{},15,1,33,J-C,5,,success,success,4,48,45
Nordic Schools DC 2023,https://nordics2023.calicotab.com/nordics2023/,2023,,TRUE,English,World Schools,Nordic Schools DC,FALSE,School,,Europe,,self,,,,,26,26,0,0,0,52.0,S-E,[],[],{},20,1,38,J-C,3,,success,success,6,98,93
Nordic Schools DC 2024,https://nordicsdc2024.calicotab.com/nordicsdc2024/,2024,2024-04-29,TRUE,English,World Schools,Nordic Schools DC,FALSE,School,In person,Europe,Denmark,public,,,,,47,46,0,0,0,92.0,S-D,['Novice'],"['Novice', 'Open']","{'Novice': {'is_highest_non_open_cat': True, 'no_wbr_speakers': np.int64(0), 'no_79.11plus_speakers': 0, 'no_qual_speakers': np.float64(0.0), 'no_teams2': 13, 'pts_speaking': np.float64(26.0), 'speaking_class': 'S-E'}}",34,3,88,J-B,4,,success,success,6,186,177
Nordic Schools DC 2025,https://nsdc25.calicotab.com/NordicSDC2025/,2025,2025-04-04,TRUE,English,World Schools,Nordic Schools DC,FALSE,School,In person,Europe,Denmark,self,,,,,56,53,0,0,0,106.0,S-D,['Novice'],['Novice'],"{'Novice': {'is_highest_non_open_cat': True, 'no_wbr_speakers': np.int64(0), 'no_79.11plus_speakers': 0, 'no_qual_speakers': np.float64(0.0), 'no_teams2': 22, 'pts_speaking': np.float64(44.0), 'speaking_class': 'S-E'}}",42,1,60,J-C,4,,success,success,6,207,189
Nordic Schools DC 2026,https://nordicschools26.calicotab.com/nordicschools2026/,2026,2026-04-25,TRUE,English,World Schools,Nordic Schools DC,FALSE,School,In person,Europe,Denmark,self,,,,,54,54,0,0,0,108.0,S-D,['Novice'],"['Novice', 'Open']","{'Novice': {'is_highest_non_open_cat': True, 'no_wbr_speakers': np.int64(0), 'no_79.11plus_speakers': 0, 'no_qual_speakers': np.float64(0.0), 'no_teams2': 22, 'pts_speaking': np.float64(44.0), 'speaking_class': 'S-E'}}",26,4,98,J-B,4,,success,success,6,208,194
NZ Schools Nationals 2024,https://nzsdc2024.calicotab.com/nzsdc2024/,2024,,TRUE,English,World Schools,NZ Schools Nationals,FALSE,School,In person,Oceania,New Zealand,self,,,,,,,,,,,,,[],{},9,0,9,J-E,4,,error getting speaker tab,success,7,,
NZ Schools Nationals 2025,https://nzsdc2025.calicotab.com/nzsdc2025/,2025,2025-05-23,TRUE,English,World Schools,NZ Schools Nationals,FALSE,School,In person,Oceania,New Zealand,self,,,,,,,,,,,,,[],{},11,0,11,J-E,0,,error getting speaker tab,success,7,,
NZ Schools Nationals 2026,https://nzsdc2026.calicotab.com/nzsdc2026/,2026,,TRUE,English,World Schools,NZ Schools Nationals,FALSE,School,In person,Oceania,New Zealand,self,,,,,,,,,,,,,['Open'],{},9,0,9,J-E,4,,error getting speaker tab,success,7,,
Oldham Cup 2024,https://oldhamcup2024.calicotab.com/oldhamcup2024/,2024,,TRUE,English,World Schools,Oldham Cup,FALSE,School,,Asia,,self,,,,,46,46,0,6,3,132.0,S-C,['Novice'],[],{},28,0,28,J-E,4,,success,success,8,202,175
Oldham Cup 2025,https://oldhamcup2025.calicotab.com/oldhamcup2025/,2025,,TRUE,English,World Schools,Oldham Cup,FALSE,School,,Asia,,self,,,,,50,50,0,5,2.5,133.3,S-C,"['Novice', 'Open']",[],{},25,0,25,J-E,4,,success,success,8,222,196
Oldham Cup 2026,https://oldhamcup2026.calicotab.com/oldhamcup2026/,2026,2026-04-16,TRUE,English,World Schools,Oldham Cup,FALSE,School,In person,Asia,Singapore,self,,,,,50,50,0,3,1.5,120.0,S-D,['Novice'],[],{},34,0,34,J-E,0,,success,success,8,220,186
Oldham Pacific & Atlantic 2021,https://oldham2021.calicotab.com/oldhamAPAL/,2021,,FALSE,English,World Schools,Oldham Pacific & Atlantic,FALSE,School,,Asia,,self,,,,,88,88,0,12,6,252.0,S-C,['Junior'],['Junior'],"{'Junior': {'is_highest_non_open_cat': True, 'no_wbr_speakers': np.int64(0), 'no_79.11plus_speakers': 2, 'no_qual_speakers': np.float64(1.0), 'no_teams2': 36, 'pts_speaking': np.float64(85.33333333333333), 'speaking_class': 'S-D'}}",64,2,100,J-C,4,,success,success,6,371,350
Oxford WSDC 2021,https://oxwsdc2021.calicotab.com/oxwsdc2021/,2021,,TRUE,English,World Schools,Oxford WSDC,FALSE,School,Online,IONA,England,self,,,,,104,104,0,10,5,272.7,S-C,['ESL'],['ESL'],"{'ESL': {'is_highest_non_open_cat': True, 'no_wbr_speakers': np.int64(0), 'no_79.11plus_speakers': 0, 'no_qual_speakers': np.float64(0.0), 'no_teams2': 52, 'pts_speaking': np.float64(104.0), 'speaking_class': 'S-D'}}",97,17,403,J-AA+,5,,success,success,6,461,413
Oxford WSDC 2025,https://oxfordwsdc2025.calicotab.com/2025/,2025,2025-07-04,TRUE,English,World Schools,Oxford WSDC,FALSE,School,Online,IONA,England,self,,,,,100,98,0,8,4,249.3,S-C,"['Under-17', 'ESL', 'EFL']","['Under-17', 'ESL', 'EFL']","{'Under-17': {'is_highest_non_open_cat': False, 'no_wbr_speakers': np.int64(0), 'no_79.11plus_speakers': 0, 'no_qual_speakers': np.float64(0.0), 'no_teams2': 59, 'pts_speaking': np.float64(118.0), 'speaking_class': 'S-D'}, 'ESL': {'is_highest_non_open_cat': True, 'no_wbr_speakers': np.int64(0), 'no_79.11plus_speakers': 0, 'no_qual_speakers': np.float64(0.0), 'no_teams2': 57, 'pts_speaking': np.float64(114.0), 'speaking_class': 'S-D'}, 'EFL': {'is_highest_non_open_cat': False, 'no_wbr_speakers': np.int64(0), 'no_79.11plus_speakers': 0, 'no_qual_speakers': np.float64(0.0), 'no_teams2': 14, 'pts_speaking': np.float64(28.0), 'speaking_class': 'S-E'}}",75,12,291,J-AA,7,,success,success,6,403,362
Oxford WSDC 2026,https://oxfordwsdc2026.calicotab.com/_/,2026,2026-06-25,TRUE,English,World Schools,Oxford WSDC,FALSE,School,Online,IONA,England,self,,,,,111,111,0,16,8,326.7,S-C,"['U16', 'esl']","['U16', 'ESL', 'Open']","{'U16': {'is_highest_non_open_cat': False, 'no_wbr_speakers': np.int64(0), 'no_79.11plus_speakers': 1, 'no_qual_speakers': np.float64(0.5), 'no_teams2': 30, 'pts_speaking': np.float64(66.66666666666667), 'speaking_class': 'S-D'}, 'ESL': {'is_highest_non_open_cat': True}}",82,10,262,J-AA,4,,success,success,6,448,410
PakDebate Forum Pre-Nats 2026,https://pakdebateforum.calicotab.com/prenationals2026/,2026,,TRUE,English,World Schools,PakDebate Forum Pre-Nats,FALSE,School,Online,Asia,Pakistan,public,,,,,38,38,0,0,0,76.0,S-D,['Under 17'],"['Open', 'Under 17']","{'Under 17': {'is_highest_non_open_cat': True, 'no_wbr_speakers': np.int64(0), 'no_79.11plus_speakers': 0, 'no_qual_speakers': np.float64(0.0), 'no_teams2': 15, 'pts_speaking': np.float64(30.0), 'speaking_class': 'S-E'}}",38,0,38,J-E,4,,success,success,4,141,130
Pakistan Pre-WSDC 2024,https://pakdebateforum.calicotab.com/pakistanprewsdc2024/,2024,,TRUE,English,World Schools,Pakistan Pre-WSDC,FALSE,School,,Asia,Pakistan,self,,,,,31,30,0,2,1,73.3,S-D,['Junior'],['Junior'],"{'Junior': {'is_highest_non_open_cat': True, 'no_wbr_speakers': np.int64(0), 'no_79.11plus_speakers': 0, 'no_qual_speakers': np.float64(0.0), 'no_teams2': 10, 'pts_speaking': np.float64(20.0), 'speaking_class': 'S-E'}}",25,0,25,J-E,4,,success,success,5,119,96
Pakistan Pre-WSDC 2025,https://pakdebateforum.calicotab.com/pakistanprewsdc2025/,2025,2025-06-27,TRUE,English,World Schools,Pakistan Pre-WSDC,FALSE,School,Online,Asia,Pakistan,self,,,,,27,26,0,6,3,92.0,S-C,"['ESL', 'EFL']","['ESL', 'EFL']","{'ESL': {'is_highest_non_open_cat': True, 'no_wbr_speakers': np.int64(0), 'no_79.11plus_speakers': 1, 'no_qual_speakers': np.float64(0.5), 'no_teams2': 15, 'pts_speaking': np.float64(36.666666666666664), 'speaking_class': 'S-E'}, 'EFL': {'is_highest_non_open_cat': False, 'no_wbr_speakers': np.int64(0), 'no_79.11plus_speakers': 0, 'no_qual_speakers': np.float64(0.0), 'no_teams2': 4, 'pts_speaking': np.float64(8.0), 'speaking_class': 'S-E'}}",16,2,52,J-C,6,,success,success,6,98,92
Pakistan Pre-WSDC 2026,https://pakdebateforum.calicotab.com/prewsdc2026/,2026,2026-06-13,TRUE,English,World Schools,Pakistan Pre-WSDC,FALSE,School,Online,Asia,Pakistan,self,,,,,61,60,0,2,1,131.3,S-D,"['ESL', 'Novice']","['Open', 'ESL', 'Novice']","{'ESL': {'is_highest_non_open_cat': True, 'no_wbr_speakers': np.int64(0), 'no_79.11plus_speakers': 0, 'no_qual_speakers': np.float64(0.0), 'no_teams2': 30, 'pts_speaking': np.float64(60.0), 'speaking_class': 'S-D'}, 'Novice': {'is_highest_non_open_cat': False, 'no_wbr_speakers': np.int64(0), 'no_79.11plus_speakers': 0, 'no_qual_speakers': np.float64(0.0), 'no_teams2': 14, 'pts_speaking': np.float64(28.0), 'speaking_class': 'S-E'}}",45,4,117,J-B,5,,success,success,5,236,200
Pangea WSDC 2024,https://debateland.calicotab.com/PangeaWSDC24/,2024,,TRUE,English,World Schools,Pangea WSDC,FALSE,School,,Asia,,self,,,,,20,20,0,0,0,40.0,S-E,"['U-14', 'U-16']",['U-14'],"{'U-14': {'is_highest_non_open_cat': True, 'no_wbr_speakers': np.int64(0), 'no_79.11plus_speakers': 0, 'no_qual_speakers': np.float64(0.0), 'no_teams2': 9, 'pts_speaking': np.float64(18.0), 'speaking_class': 'S-E'}}",14,0,14,J-E,1,,success,success,5,79,69
Papillon IV WSDC 2024,https://papilloniv2024.calicotab.com/papillon2024/,2024,,TRUE,English,World Schools,Papillon IV WSDC,FALSE,School,,Europe,,self,,,,,38,36,0,11,5.5,145.3,S-C,"['Novice', 'U16', 'U14']","['Novice', 'U16']","{'Novice': {'is_highest_non_open_cat': True, 'no_wbr_speakers': np.int64(0), 'no_79.11plus_speakers': 0, 'no_qual_speakers': np.float64(0.0), 'no_teams2': 18, 'pts_speaking': np.float64(36.0), 'speaking_class': 'S-E'}, 'U16': {'is_highest_non_open_cat': False, 'no_wbr_speakers': np.int64(0), 'no_79.11plus_speakers': 0, 'no_qual_speakers': np.float64(0.0), 'no_teams2': 11, 'pts_speaking': np.float64(22.0), 'speaking_class': 'S-E'}}",40,0,40,J-E,4,,success,success,5,143,124
Papillon IV WST 2023,https://papilloniv.calicotab.com/papilloniv/,2023,,TRUE,English,World Schools,Papillon IV WST,FALSE,School,,Europe,,self,,,,,38,38,0,0,0,76.0,S-D,"['Novice', 'U14', 'EFL', 'U16', 'ESL']",['U16'],"{'U16': {'is_highest_non_open_cat': True, 'no_wbr_speakers': np.int64(0), 'no_79.11plus_speakers': 0, 'no_qual_speakers': np.float64(0.0), 'no_teams2': 21, 'pts_speaking': np.float64(42.0), 'speaking_class': 'S-E'}}",32,1,50,J-C,3,"Vladimira Šuflaj, Ruth Selorme Acolatse, Paula Djaković",success,success,5,140,123
Paris WSDC 2023,https://pwsc2023.calicotab.com/_/,2023,,TRUE,English,World Schools,Paris WSDC,FALSE,School,,Europe,France,self,,,,,92,90,0,24,12,340.0,S-C,['Novice'],['Novice'],"{'Novice': {'is_highest_non_open_cat': True, 'no_wbr_speakers': np.int64(0), 'no_79.11plus_speakers': 0, 'no_qual_speakers': np.float64(0.0), 'no_teams2': 28, 'pts_speaking': np.float64(56.0), 'speaking_class': 'S-E'}}",90,7,216,J-A,3,,success,success,5,360,318
Paris WSDC (4.0) 2024,https://pariswsdc.calicotab.com/pariswsdc2024/,2024,2024-03-29,TRUE,English,World Schools,Paris WSDC,FALSE,School,,Europe,France,self,,,,,45,44,0,3,1.5,108.0,S-D,['Novice'],['Novice'],"{'Novice': {'is_highest_non_open_cat': True, 'no_wbr_speakers': np.int64(0), 'no_79.11plus_speakers': 0, 'no_qual_speakers': np.float64(0.0), 'no_teams2': 11, 'pts_speaking': np.float64(22.0), 'speaking_class': 'S-E'}}",32,2,68,J-C,3,,success,success,5,190,165
Paris WSDC (5.0) 2024,https://pwsc2024.calicotab.com/_/,2024,2024-11-22,TRUE,English,World Schools,Paris WSDC,FALSE,School,Online,Europe,France,public,,,,,26,26,0,3,1.5,72.0,S-D,['Novice'],['Novice'],"{'Novice': {'is_highest_non_open_cat': True, 'no_wbr_speakers': np.int64(0), 'no_79.11plus_speakers': 0, 'no_qual_speakers': np.float64(0.0), 'no_teams2': 4, 'pts_speaking': np.float64(8.0), 'speaking_class': 'S-E'}}",27,1,45,J-C,1,"Arsalan Ghaemi, Victor Tong, Shania Hunt, Joy Hadome",success,success,5,93,87
Paris WSDC (6.0) 2025,https://pariswsdc2025.calicotab.com/_/,2025,,TRUE,English,World Schools,Paris WSDC,FALSE,School,,Europe,France,self,,,,,30,30,0,0,0,60.0,S-D,['Novice'],['Novice'],"{'Novice': {'is_highest_non_open_cat': True, 'no_wbr_speakers': np.int64(0), 'no_79.11plus_speakers': 0, 'no_qual_speakers': np.float64(0.0), 'no_teams2': 10, 'pts_speaking': np.float64(20.0), 'speaking_class': 'S-E'}}",32,1,50,J-C,4,,success,success,5,128,105
Paris WSDC (7.0) 2025,https://pariswsc7.calicotab.com/pwsc7/,2025,2025-09-19,TRUE,English,World Schools,Paris WSDC,FALSE,School,Online,Europe,France,self,,,,,30,30,0,0,0,60.0,S-D,['Novice'],"['Open', 'Novice']","{'Novice': {'is_highest_non_open_cat': True, 'no_wbr_speakers': np.int64(0), 'no_79.11plus_speakers': 0, 'no_qual_speakers': np.float64(0.0), 'no_teams2': 11, 'pts_speaking': np.float64(22.0), 'speaking_class': 'S-E'}}",30,0,30,J-E,3,,success,success,5,112,104
Paris WSDC (8.0) 2026,https://pwscww.calicotab.com/_/,2026,2026-01-31,TRUE,English,World Schools,Paris WSDC,FALSE,School,Online,Europe,France,public,,,,,53,52,0,3,1.5,122.0,S-D,"['Novice', 'ESL']","['Novice', 'Open', 'ESL']","{'Novice': {'is_highest_non_open_cat': False, 'no_wbr_speakers': 0, 'no_79.11plus_speakers': 0, 'no_qual_speakers': 0.0, 'no_teams2': 21, 'pts_speaking': 42.0, 'speaking_class': 'S-E'}, 'ESL': {'is_highest_non_open_cat': True, 'no_wbr_speakers': np.int64(0), 'no_79.11plus_speakers': 2, 'no_qual_speakers': np.float64(1.0), 'no_teams2': 29, 'pts_speaking': np.float64(71.33333333333333), 'speaking_class': 'S-D'}}",58,5,148,J-A,4,,success,success,5,197,177
Penn WSDC 2021,https://upenn2021.calicotab.com/worlds/,2021,,FALSE,English,World Schools,Penn WSDC,FALSE,School,,North America,United States,self,,,,,,,,,,,,,[],{},37,0,37,J-E,5,,error getting speaker tab,success,6,,
Penn WSDC 2022,https://pennworldschools22.calicotab.com/2022/,2022,,FALSE,English,World Schools,Penn WSDC,FALSE,School,Online,North America,United States,self,,,,,62,62,0,27,13.5,304.0,S-C,['ESL'],[],{},,,,,,"Manya Gupta, Yi Xin Gwee, Afzal Hussain, Sena Kim, Sparsh Agrawal",success,no prelims,6,262,246
Penn WSDC 2024,https://pennwsdc2024.calicotab.com/pennwsdc2024/,2024,,TRUE,English,World Schools,Penn WSDC,FALSE,School,,North America,United States,self,,,,,49,48,0,2,1,109.3,S-D,[],[],{},43,2,79,J-C,4,,success,success,5,198,172
Penn WSDC 2025,https://upenndebate.calicotab.com/pennwsdc2025/,2025,,TRUE,English,World Schools,Penn WSDC,FALSE,School,,North America,United States,self,,,,,48,45,0,2,1,103.3,S-D,[],[],{},37,5,127,J-A,4,,success,success,5,193,161
Penn WSDC 2026,https://pennwsdc2026.calicotab.com/_/,2026,2026-03-28,TRUE,English,World Schools,Penn WSDC,FALSE,School,Online,North America,United States,self,,,,,49,49,0,1,0.5,104.7,S-D,[],['Open'],{},40,2,76,J-C,5,,success,success,5,192,175
Philippines WSDC 2026,https://wsdcphilippines.calicotab.com/phwsdc2026/,2026,2026-05-30,TRUE,English,World Schools,Philippines WSDC,FALSE,School,Online,Asia,Philippines,public,,,,,39,38,0,0,0,76.0,S-D,[],['Open'],{},20,0,20,J-E,1,"Tobi Leung, Mikko Vitug, Riva Fong",success,success,4,149,140
Polish Schools DC 2023,https://psdctab2023.calicotab.com/psdc2023/,2023,,TRUE,English,World Schools,Polish Schools DC,FALSE,School,,Europe,Poland,self,,,,,36,36,0,0,0,72.0,S-D,[],[],{},25,1,43,J-C,3,,success,success,5,138,124
Polish Schools DC 2024,https://psdc2024.calicotab.com/psdc2024/,2024,,TRUE,English,World Schools,Polish Schools DC,FALSE,School,In person,Europe,Poland,self,,,,,26,26,0,0,0,52.0,S-E,[],[],{},15,1,33,J-C,4,,success,success,5,116,95
Polish Schools DC 2025,https://polishschools2025.calicotab.com/psdc2025/,2025,2025-11-28,TRUE,English,World Schools,Polish Schools DC,FALSE,School,In person,Europe,Poland,self,,,,,26,26,0,0,0,52.0,S-E,[],[],{},9,4,81,J-B,5,,success,success,5,106,93
Prague Debate Spring 2022,https://tab.debate.si/pds-22/,2022,,FALSE,English,World Schools,Prague Debate Spring,FALSE,School,,Europe,Czechia,self,,,,,80,79,0,9,4.5,218.0,S-C,[],[],{},42,2,78,J-C,2,"Andy Hume, Matija Pušnik, Lucija Ivanuša, Ruth Selorme Acolatse",success,success,6,301,297
Prague Debate Spring 2023,https://tab.debate.si/pds-23/,2023,,TRUE,English,World Schools,Prague Debate Spring,FALSE,School,,Europe,Czechia,self,,,,,38,38,0,1,0.5,82.7,S-D,[],[],{},34,1,52,J-C,3,"Teja Sapač, Ayal Mor, Michal Pečeňa,",success,success,6,149,140
Prague Debate Spring 2024,https://pds2024.calicotab.com/pds2024/,2024,,TRUE,English,World Schools,Prague Debate Spring,FALSE,School,,Europe,Czechia,self,,,,,64,62,0,10,5,190.7,S-C,"['Novice', 'EFL', 'ESL']",['Novice'],"{'Novice': {'is_highest_non_open_cat': True, 'no_wbr_speakers': np.int64(0), 'no_79.11plus_speakers': 0, 'no_qual_speakers': np.float64(0.0), 'no_teams2': 9, 'pts_speaking': np.float64(18.0), 'speaking_class': 'S-E'}}",57,8,201,J-A+,2,,success,success,6,237,226
Prague Debate Spring 2025,https://tab.debate.si/pds-2025/participants/list/,2025,,TRUE,English,World Schools,Prague Debate Spring,FALSE,School,,Europe,Czechia,self,,,,,43,43,0,0,0,86.0,S-D,"['ESL', 'EFL', 'Novice']",['Novice'],"{'Novice': {'is_highest_non_open_cat': True, 'no_wbr_speakers': np.int64(0), 'no_79.11plus_speakers': 0, 'no_qual_speakers': np.float64(0.0), 'no_teams2': 16, 'pts_speaking': np.float64(32.0), 'speaking_class': 'S-E'}}",47,0,47,J-D,2,,success,success,6,156,151
Prague Debate Spring 2026,https://tab.debate.si/pds-2026/,2026,2026-07-09,TRUE,English,World Schools,Prague Debate Spring,FALSE,School,In person,Europe,Czechia,self,,,,,63,63,0,1,0.5,132.7,S-D,['Novice'],"['Open', 'Novice']","{'Novice': {'is_highest_non_open_cat': True, 'no_wbr_speakers': np.int64(0), 'no_79.11plus_speakers': 0, 'no_qual_speakers': np.float64(0.0), 'no_teams2': 17, 'pts_speaking': np.float64(34.0), 'speaking_class': 'S-E'}}",50,0,50,J-D,0,,success,success,6,224,221
Princeton WST 2024,https://princetonwst.calicotab.com/princetonwst2024/,2024,,TRUE,English,World Schools,Princeton WST,FALSE,School,,North America,,self,,,,,62,60,0,0,0,120.0,S-D,"['Novice', 'Junior']","['Novice', 'Junior']","{'Novice': {'is_highest_non_open_cat': True, 'no_wbr_speakers': np.int64(0), 'no_79.11plus_speakers': 0, 'no_qual_speakers': np.float64(0.0), 'no_teams2': 27, 'pts_speaking': np.float64(54.0), 'speaking_class': 'S-E'}, 'Junior': {'is_highest_non_open_cat': False, 'no_wbr_speakers': np.int64(0), 'no_79.11plus_speakers': 0, 'no_qual_speakers': np.float64(0.0), 'no_teams2': 12, 'pts_speaking': np.float64(24.0), 'speaking_class': 'S-E'}}",70,5,160,J-A,1,"Becky Alek, Njuguna Macharia, Jacquelynn Lin, Ted Chang",success,success,6,234,219
Queen's WSDC 2024,https://qduh.calicotab.com/QWSDC2024/,2024,,TRUE,English,World Schools,Queen's WSDC,FALSE,School,,North America,,self,,,,,20,20,0,0,0,40.0,S-E,['Junior'],['Junior'],"{'Junior': {'is_highest_non_open_cat': True, 'no_wbr_speakers': np.int64(0), 'no_79.11plus_speakers': 0, 'no_qual_speakers': np.float64(0.0), 'no_teams2': 5, 'pts_speaking': np.float64(10.0), 'speaking_class': 'S-E'}}",7,0,7,J-E,4,"Lily Mckay, Andrew Liu, Anders Cairns Woodruff, Nicholas Abernethy",success,success,6,85,83
Rookie WSDC 2025,https://mwsdes.calicotab.com/rookiewsdc2025/,2025,,TRUE,English,World Schools,Rookie WSDC,FALSE,School,,Asia,,self,,,,,34,34,0,0,0,62.0,S-D,['Under-12'],['Under-12'],"{'Under-12': {'is_highest_non_open_cat': True, 'no_wbr_speakers': np.int64(0), 'no_79.11plus_speakers': 0, 'no_qual_speakers': np.float64(0.0), 'no_teams2': 2, 'pts_speaking': np.float64(4.0), 'speaking_class': 'S-E'}}",19,1,37,J-C,0,,success,success,4,123,118
Royalties DO Nationals 2025,https://mace.calicotab.com/rdonationals2025/,2025,,TRUE,English,World Schools,Royalties DO Nationals,FALSE,School,,Africa,Zimbabwe,public,,,,,36,36,0,0,0,72.0,S-D,['Junior'],"['Open', 'Junior']","{'Junior': {'is_highest_non_open_cat': True, 'no_wbr_speakers': np.int64(0), 'no_79.11plus_speakers': 0, 'no_qual_speakers': np.float64(0.0), 'no_teams2': 14, 'pts_speaking': np.float64(28.0), 'speaking_class': 'S-E'}}",35,0,35,J-E,5,,success,success,6,135,121
Royalties DO Southern 2025,https://mace.calicotab.com/rdosouthernregion2023/,2025,,TRUE,English,World Schools,Royalties DO Southern,FALSE,School,,Africa,Zimbabwe,self,,,,,16,16,0,0,0,32.0,S-E,[],['Open'],{},20,0,20,J-E,0,,success,success,4,56,56
Seasons Pre-WSDC 2025,https://seasons.calicotab.com/spwsdc2025/,2025,,TRUE,English,World Schools,Seasons Pre-WSDC,FALSE,School,,Asia,,self,,,,,33,32,0,0,0,64.0,S-D,['U14'],['U14'],"{'U14': {'is_highest_non_open_cat': True, 'no_wbr_speakers': np.int64(0), 'no_79.11plus_speakers': 0, 'no_qual_speakers': np.float64(0.0), 'no_teams2': 6, 'pts_speaking': np.float64(12.0), 'speaking_class': 'S-E'}}",30,0,30,J-E,5,,success,success,6,121,114
Seasons WSDC 2024,https://seasons.calicotab.com/swsdc2024/,2024,,TRUE,English,World Schools,Seasons WSDC,FALSE,School,,Asia,,self,,,,,58,58,0,3,1.5,136.0,S-D,"['U16', 'U14']",['U16'],"{'U16': {'is_highest_non_open_cat': True, 'no_wbr_speakers': np.int64(0), 'no_79.11plus_speakers': 0, 'no_qual_speakers': np.float64(0.0), 'no_teams2': 36, 'pts_speaking': np.float64(72.0), 'speaking_class': 'S-D'}}",40,0,40,J-E,3,,success,success,6,228,209
Shanghai SDI WSDC 2025,https://ssdi.calicotab.com/SSDIFall25WS/,2025,,TRUE,English,World Schools,Shanghai SDI WSDC,FALSE,School,,Asia,China,self,,,,,59,59,0,0,0,118.0,S-D,['Novice'],"['Open', 'Novice']","{'Novice': {'is_highest_non_open_cat': True, 'no_wbr_speakers': np.int64(0), 'no_79.11plus_speakers': 0, 'no_qual_speakers': np.float64(0.0), 'no_teams2': 25, 'pts_speaking': np.float64(50.0), 'speaking_class': 'S-E'}}",33,3,87,J-B,1,,success,success,5,217,201
Singapore I SDC 2025,https://sisdc2025.calicotab.com/sisdc2025/,2025,2025-11-14,TRUE,English,World Schools,Singapore I SDC,FALSE,School,In person,Asia,Singapore,public,,,,,62,62,0,2,1,137.3,S-D,"['Senior', 'Junior']","['Senior', 'Open', 'Junior']","{'Senior': {'is_highest_non_open_cat': False, 'no_wbr_speakers': np.int64(0), 'no_79.11plus_speakers': 0, 'no_qual_speakers': np.float64(0.0), 'no_teams2': 46, 'pts_speaking': np.float64(92.0), 'speaking_class': 'S-D'}, 'Junior': {'is_highest_non_open_cat': False, 'no_wbr_speakers': np.int64(0), 'no_79.11plus_speakers': 0, 'no_qual_speakers': np.float64(0.0), 'no_teams2': 22, 'pts_speaking': np.float64(44.0), 'speaking_class': 'S-E'}}",32,4,104,J-B,4,,success,success,6,251,223
Sofia Pre-WSDC 2024,https://sofiaprewsdc24.calicotab.com/sofiapre-wsdc/,2024,,TRUE,English,World Schools,Sofia Pre-WSDC,FALSE,School,,Europe,Bulgaria,self,,,,,33,32,0,3,1.5,84.0,S-D,['ESL'],['ESL'],"{'ESL': {'is_highest_non_open_cat': True, 'no_wbr_speakers': np.int64(0), 'no_79.11plus_speakers': 0, 'no_qual_speakers': np.float64(0.0), 'no_teams2': 16, 'pts_speaking': np.float64(32.0), 'speaking_class': 'S-E'}}",17,3,71,J-B,4,"Geneva Roy, Paula Djakovic, Harish Natarajan, Varshini Venkatesh, Jason Xiao, Amitai Ben Porat",error getting speaker tab,success,6,131,124
South Asia WSDC 2025,https://sadebating.calicotab.com/sawsdc25/,2025,,TRUE,English,World Schools,South Asia WSDC,FALSE,School,,Asia,Sri Lanka,self,,,,,25,24,0,0,0,48.0,S-E,['U-16'],['U-16'],"{'U-16': {'is_highest_non_open_cat': True, 'no_wbr_speakers': np.int64(0), 'no_79.11plus_speakers': 0, 'no_qual_speakers': np.float64(0.0), 'no_teams2': 6, 'pts_speaking': np.float64(12.0), 'speaking_class': 'S-E'}}",16,0,16,J-E,2,,success,success,4,93,87
South Asian Schools DC 2024,https://sasdc.calicotab.com/sasdc/,2024,,TRUE,English,World Schools,South Asian Schools DC,FALSE,School,,Asia,,self,,,,,30,30,0,3,1.5,80.0,S-D,['Novice'],['Novice'],"{'Novice': {'is_highest_non_open_cat': True, 'no_wbr_speakers': np.int64(0), 'no_79.11plus_speakers': 0, 'no_qual_speakers': np.float64(0.0), 'no_teams2': 7, 'pts_speaking': np.float64(14.0), 'speaking_class': 'S-E'}}",29,0,29,J-E,5,"Chansol Park, Mubarrat Wassey, Reja Debevc, Sebastian Dasso, Tamkeen Nawab",success,success,5,120,105
South Asian Schools DC 2025,https://sasdc25.calicotab.com/sasdc25/,2025,,TRUE,English,World Schools,South Asian Schools DC,FALSE,School,Online,Asia,Sri Lanka,self,,,,,50,50,0,7,3.5,146.7,S-C,['Novice'],['Novice'],"{'Novice': {'is_highest_non_open_cat': True, 'no_wbr_speakers': np.int64(0), 'no_79.11plus_speakers': 0, 'no_qual_speakers': np.float64(0.0), 'no_teams2': 9, 'pts_speaking': np.float64(18.0), 'speaking_class': 'S-E'}}",39,0,39,J-E,5,,success,success,5,203,172
South Asian Schools DC 2026,https://sasdc25.calicotab.com/sasdc2026/,2026,2026-05-08,TRUE,English,World Schools,South Asian Schools DC,FALSE,School,Online,Asia,Sri Lanka,self,,,,,35,34,0,4,2,94.7,S-D,['Novice'],"['Open', 'Novice']","{'Novice': {'is_highest_non_open_cat': True, 'no_wbr_speakers': np.int64(0), 'no_79.11plus_speakers': 0, 'no_qual_speakers': np.float64(0.0), 'no_teams2': 17, 'pts_speaking': np.float64(34.0), 'speaking_class': 'S-E'}}",21,1,39,J-C,6,,success,success,5,134,113
St Andrews Pre-WSDC 2024,https://standrewsprewsdc.calicotab.com/standrewsprewsdc/,2024,2024-05-29,TRUE,English,World Schools,St Andrews Pre-WSDC,FALSE,School,Online,IONA,Scotland,self,,,,,25,23,0,1,0.5,52.7,S-E,['Novice'],['Novice'],"{'Novice': {'is_highest_non_open_cat': True, 'no_wbr_speakers': np.int64(0), 'no_79.11plus_speakers': 0, 'no_qual_speakers': np.float64(0.0), 'no_teams2': 8, 'pts_speaking': np.float64(16.0), 'speaking_class': 'S-E'}}",23,0,23,J-E,4,,success,success,6,94,80
Taiwan WSDC 2025,https://taiwanwsdc2025.calicotab.com/2025/,2025,2025-05-31,TRUE,English,World Schools,Taiwan WSDC,FALSE,School,Online,Asia,Taiwan,self,,,,,64,64,0,1,0.5,134.7,S-D,['Novice'],['Novice'],"{'Novice': {'is_highest_non_open_cat': True, 'no_wbr_speakers': np.int64(0), 'no_79.11plus_speakers': 0, 'no_qual_speakers': np.float64(0.0), 'no_teams2': 30, 'pts_speaking': np.float64(60.0), 'speaking_class': 'S-D'}}",51,5,141,J-A,3,,success,success,5,245,219
Tallin ECO Schools 2024,https://argument.calicotab.com/ECO2024/,2024,,TRUE,English,World Schools,Tallin ECO Schools,FALSE,School,,Europe,Lithuania,self,,,,,30,30,0,2,1,73.3,S-D,['Novice'],[],{},22,2,58,J-C,3,,success,success,6,107,104
Tallin ECO Schools 2025,https://argument.calicotab.com/eco2025/,2025,,TRUE,English,World Schools,Tallin ECO Schools,FALSE,School,,Europe,Lithuania,self,,,,,30,30,0,0,0,60.0,S-D,['Novice Grand Final break'],['Novice'],{'Novice': {'is_highest_non_open_cat': True}},18,1,36,J-C,3,"Martha J Schou, Nikolay Angelov, Tanel Mütt",success,success,6,103,101
Tanzania Pre-WSDC 2026,https://tanzaniaprewsdc2026.calicotab.com/_/,2026,2026-07-07,TRUE,English,World Schools,Tanzania Pre-WSDC,FALSE,School,In person,Africa,Tanzania,self,,,,,24,24,0,0,0,48.0,S-E,['Non-National'],"['Open', 'Non-National']","{'Non-National': {'is_highest_non_open_cat': True, 'no_wbr_speakers': np.int64(0), 'no_79.11plus_speakers': 0, 'no_qual_speakers': np.float64(0.0), 'no_teams2': 12, 'pts_speaking': np.float64(24.0), 'speaking_class': 'S-E'}}",27,6,135,J-A,3,,success,success,6,92,82
Thistle Cup Pre-WSDC 2023,https://scottishschoolsdebating.calicotab.com/thistlecup2023/,2023,,TRUE,English,World Schools,Thistle Cup Pre-WSDC,FALSE,School,,IONA,Scotland,self,,,,,38,38,0,1,0.5,80.7,S-D,"['Novice', 'Junior']","['Novice', 'Junior']","{'Novice': {'is_highest_non_open_cat': True, 'no_wbr_speakers': np.int64(0), 'no_79.11plus_speakers': 0, 'no_qual_speakers': np.float64(0.0), 'no_teams2': 14, 'pts_speaking': np.float64(28.0), 'speaking_class': 'S-E'}, 'Junior': {'is_highest_non_open_cat': False, 'no_wbr_speakers': np.int64(0), 'no_79.11plus_speakers': 0, 'no_qual_speakers': np.float64(0.0), 'no_teams2': 10, 'pts_speaking': np.float64(20.0), 'speaking_class': 'S-E'}}",32,8,176,J-A+,3,,success,success,5,160,135
Thistle Cup Pre-WSDC 2024,https://thistlecup2024.calicotab.com/thistlecup2024/,2024,,TRUE,English,World Schools,Thistle Cup Pre-WSDC,FALSE,School,,IONA,Scotland,self,,,,,39,38,0,2,1,87.3,S-D,[],[],{},39,4,111,J-B,4,,success,success,6,160,138
Thistle Cup Pre-WSDC 2025,https://thistlecup2025.calicotab.com/thistlecup2025/,2025,2025-06-13,TRUE,English,World Schools,Thistle Cup Pre-WSDC,FALSE,School,Online,IONA,Scotland,self,,,,,28,28,0,1,0.5,62.7,S-D,['ESL'],['ESL'],"{'ESL': {'is_highest_non_open_cat': True, 'no_wbr_speakers': np.int64(0), 'no_79.11plus_speakers': 0, 'no_qual_speakers': np.float64(0.0), 'no_teams2': 12, 'pts_speaking': np.float64(24.0), 'speaking_class': 'S-E'}}",20,1,38,J-C,3,"Miya Turner, Laura Serafine Pilmark, Eric Kazadi, Manuel Machorro",success,success,6,115,103
Thistle Cup Pre-WSDC 2026,https://thistlecup.calicotab.com/thistlecup2026/,2026,2026-06-19,TRUE,English,World Schools,Thistle Cup Pre-WSDC,FALSE,School,,IONA,Scotland,self,,,,,40,40,0,0,0,78.0,S-D,['ESL'],"['ESL', 'Open']","{'ESL': {'is_highest_non_open_cat': True, 'no_wbr_speakers': np.int64(0), 'no_79.11plus_speakers': 0, 'no_qual_speakers': np.float64(0.0), 'no_teams2': 14, 'pts_speaking': np.float64(28.0), 'speaking_class': 'S-E'}}",39,0,39,J-E,3,,success,success,6,172,149
Tilburg Love Open 2026,https://loveopen.calicotab.com/Love/,2026,2026-02-15,TRUE,English,World Schools,Tilburg Love Open,FALSE,School,Online,Europe,,self,,,,,18,18,0,0,0,36.0,S-E,['Novice Finals'],"['Novice', 'Open']",{'Novice': {'is_highest_non_open_cat': True}},21,0,21,J-E,2,,success,success,4,61,59
Transatlantic WSDC 2024,https://twsc.calicotab.com/_/,2024,,TRUE,English,World Schools,Transatlantic WSDC,FALSE,School,,Europe,,self,,,,,59,57,0,1,0.5,120.7,S-D,"['Novice', 'U16', 'EFL', 'ESL']","['Novice', 'U16']","{'Novice': {'is_highest_non_open_cat': True, 'no_wbr_speakers': np.int64(0), 'no_79.11plus_speakers': 0, 'no_qual_speakers': np.float64(0.0), 'no_teams2': 22, 'pts_speaking': np.float64(44.0), 'speaking_class': 'S-E'}, 'U16': {'is_highest_non_open_cat': False, 'no_wbr_speakers': np.int64(0), 'no_79.11plus_speakers': 0, 'no_qual_speakers': np.float64(0.0), 'no_teams2': 21, 'pts_speaking': np.float64(42.0), 'speaking_class': 'S-E'}}",61,3,115,J-B,4,,success,success,5,237,203
Transform OA Schools (3.0) 2024,https://debatefoster.calicotab.com/toaschools3/,2024,,TRUE,English,World Schools,Transform OA Schools,FALSE,School,Online,Africa,,public,,,,,59,47,0,0,0,90.0,S-D,[],[],{},41,0,41,J-E,7,,success,success,5,169,125
Transform OA Schools (4.0) 2026,https://inspired.calicotab.com/toaschools2026/,2026,,TRUE,English,World Schools,Transform OA Schools,FALSE,School,,Africa,,self,,,,,53,44,0,2,1,97.3,S-D,[],['Open'],{},27,0,27,J-E,1,,success,success,5,150,119
Transpacific WSDC 2023,https://transpacificwsdc.calicotab.com/transpacificwsdc/,2023,,TRUE,English,World Schools,Transpacific WSDC,FALSE,School,,Europe,,self,,,,,52,52,0,13,6.5,190.7,S-C,"['Novice', 'U14', 'EFL', 'U16', 'ESL']",['U16'],"{'U16': {'is_highest_non_open_cat': True, 'no_wbr_speakers': np.int64(0), 'no_79.11plus_speakers': 2, 'no_qual_speakers': np.float64(1.0), 'no_teams2': 35, 'pts_speaking': np.float64(83.33333333333333), 'speaking_class': 'S-D'}}",37,0,37,J-E,1,,success,success,5,199,177
Transpacific WSDC 2024,https://transpacificwsdc2024.calicotab.com/transpacificwsdc2024/,2024,2024-10-04,TRUE,English,World Schools,Transpacific WSDC,FALSE,School,Online,Europe,,self,,,,,39,38,0,6,3,116.0,S-C,"['U14', 'U16', 'Novice']","['U14', 'Novice']","{'U14': {'is_highest_non_open_cat': False, 'no_wbr_speakers': np.int64(0), 'no_79.11plus_speakers': 0, 'no_qual_speakers': np.float64(0.0), 'no_teams2': 9, 'pts_speaking': np.float64(18.0), 'speaking_class': 'S-E'}, 'Novice': {'is_highest_non_open_cat': True, 'no_wbr_speakers': np.int64(0), 'no_79.11plus_speakers': 0, 'no_qual_speakers': np.float64(0.0), 'no_teams2': 13, 'pts_speaking': np.float64(26.0), 'speaking_class': 'S-E'}}",24,2,60,J-C,4,"Vladimira Šuflaj, Shudipto Ahmed, Andrew Chen, Ema Vlajčević",success,success,5,162,138
U British Columbia WSDC 2024,https://ubcwsdcsummer2024.calicotab.com/ubcwsdc2024/,2024,,TRUE,English,World Schools,U British Columbia WSDC,FALSE,School,,North America,Canada,self,,,,,26,26,0,3,1.5,72.0,S-D,[],[],{},19,4,91,J-B,4,,success,success,5,105,100
Vancouver Pre-WSDC 2025,https://vanprewsdc2025.calicotab.com/vancouverprewsdc2025/,2025,2025-06-06,TRUE,English,World Schools,Vancouver Pre-WSDC,FALSE,School,Online,North America,Canada,self,,,,,26,26,0,0,0,52.0,S-E,['U15'],['U15'],"{'U15': {'is_highest_non_open_cat': True, 'no_wbr_speakers': np.int64(0), 'no_79.11plus_speakers': 0, 'no_qual_speakers': np.float64(0.0), 'no_teams2': 6, 'pts_speaking': np.float64(12.0), 'speaking_class': 'S-E'}}",22,2,58,J-C,5,,success,success,5,103,84
Vancouver Pre-WSDC 2026,https://vwsdc2026.calicotab.com/vwsdc2026/,2026,2026-05-16,TRUE,English,World Schools,Vancouver Pre-WSDC,FALSE,School,Online,North America,Canada,self,,,,,51,50,0,1,0.5,106.7,S-D,['U16'],"['U16', 'Open']","{'U16': {'is_highest_non_open_cat': True, 'no_wbr_speakers': np.int64(0), 'no_79.11plus_speakers': 0, 'no_qual_speakers': np.float64(0.0), 'no_teams2': 11, 'pts_speaking': np.float64(22.0), 'speaking_class': 'S-E'}}",46,6,154,J-A,5,,success,success,5,207,191
Vietnam Int. Schools DC 2025,https://visdc25.calicotab.com/visdc25/,2025,,TRUE,English,World Schools,Vietnam Int. Schools DC,FALSE,School,,Asia,Vietnam,self,,,,,38,38,0,1,0.5,82.7,S-D,"['Junior', 'Open', 'Elementary', 'National']","['Junior', 'Open', 'Elementary', 'National']","{'Junior': {'is_highest_non_open_cat': False, 'no_wbr_speakers': np.int64(0), 'no_79.11plus_speakers': 0, 'no_qual_speakers': np.float64(0.0), 'no_teams2': 20, 'pts_speaking': np.float64(40.0), 'speaking_class': 'S-E'}, 'Elementary': {'is_highest_non_open_cat': False, 'no_wbr_speakers': np.int64(0), 'no_79.11plus_speakers': 0, 'no_qual_speakers': np.float64(0.0), 'no_teams2': 11, 'pts_speaking': np.float64(22.0), 'speaking_class': 'S-E'}, 'National': {'is_highest_non_open_cat': False, 'no_wbr_speakers': np.int64(0), 'no_79.11plus_speakers': 1, 'no_qual_speakers': np.float64(0.5), 'no_teams2': 6, 'pts_speaking': np.float64(18.666666666666668), 'speaking_class': 'S-E'}}",20,0,20,J-E,5,,success,success,7,139,133
Vietnamese Interschool DC 2025,https://vidc25.calicotab.com/vidc2025/,2025,,TRUE,English,World Schools,Vietnamese Interschool DC,FALSE,School,,Asia,Vietnam,self,,,,,62,62,0,1,0.5,130.7,S-D,['Novice'],"['Novice', 'Open']","{'Novice': {'is_highest_non_open_cat': True, 'no_wbr_speakers': np.int64(0), 'no_79.11plus_speakers': 0, 'no_qual_speakers': np.float64(0.0), 'no_teams2': 32, 'pts_speaking': np.float64(64.0), 'speaking_class': 'S-D'}}",33,0,33,J-E,3,,success,success,4,197,195
Vilnius Open (Schools) 2024,https://vilniusopen2024.calicotab.com/vilnius2024/,2024,,TRUE,English,World Schools,Vilnius Open (Schools),FALSE,School,,Europe,Lithuania,self,,,,,27,25,0,4,2,76.7,S-D,[],[],{},13,2,49,J-C,3,"Anna Cox, Lucija Ivanuša, Kristofers Krūminš",success,success,5,102,79
Western WSDC 2024,https://westernwsdc.calicotab.com/westernwsdc2024/,2024,2024-02-02,TRUE,English,World Schools,Western WSDC,FALSE,School,Online,North America,Canada,public,,,,,80,80,0,10,5,224.7,S-C,"['Novice', 'ESL']","['Novice', 'ESL']","{'Novice': {'is_highest_non_open_cat': False, 'no_wbr_speakers': 0, 'no_79.11plus_speakers': 0, 'no_qual_speakers': 0.0, 'no_teams2': 32, 'pts_speaking': 64.0, 'speaking_class': 'S-D'}, 'ESL': {'is_highest_non_open_cat': True, 'no_wbr_speakers': np.int64(0), 'no_79.11plus_speakers': 0, 'no_qual_speakers': np.float64(0.0), 'no_teams2': 18, 'pts_speaking': np.float64(36.0), 'speaking_class': 'S-E'}}",63,8,207,J-A+,5,,success,success,6,337,318
Western WSDC 2025,https://westernhighschools.calicotab.com/westernwsdc2025/,2025,,TRUE,English,World Schools,Western WSDC,FALSE,School,Online,North America,Canada,public,,,,,70,70,0,6,3,180.0,S-C,"['Novice', 'ESL']","['Novice', 'ESL']","{'Novice': {'is_highest_non_open_cat': False, 'no_wbr_speakers': np.int64(0), 'no_79.11plus_speakers': 0, 'no_qual_speakers': np.float64(0.0), 'no_teams2': 25, 'pts_speaking': np.float64(50.0), 'speaking_class': 'S-E'}, 'ESL': {'is_highest_non_open_cat': True, 'no_wbr_speakers': np.int64(0), 'no_79.11plus_speakers': 0, 'no_qual_speakers': np.float64(0.0), 'no_teams2': 19, 'pts_speaking': np.float64(38.0), 'speaking_class': 'S-E'}}",73,9,235,J-A+,4,,success,success,6,294,272
Western WSDC 2026,https://westernwsdc2026.calicotab.com/_/,2026,2026-01-23,TRUE,English,World Schools,Western WSDC,FALSE,School,Online,North America,Canada,self,,,,,40,40,0,1,0.5,86.7,S-D,"['ESL', 'Novice']","['ESL', 'Open', 'Novice']","{'ESL': {'is_highest_non_open_cat': True, 'no_wbr_speakers': np.int64(0), 'no_79.11plus_speakers': 0, 'no_qual_speakers': np.float64(0.0), 'no_teams2': 13, 'pts_speaking': np.float64(26.0), 'speaking_class': 'S-E'}, 'Novice': {'is_highest_non_open_cat': False, 'no_wbr_speakers': np.int64(0), 'no_79.11plus_speakers': 0, 'no_qual_speakers': np.float64(0.0), 'no_teams2': 12, 'pts_speaking': np.float64(24.0), 'speaking_class': 'S-E'}}",48,5,138,J-A,5,"Alice Bertoni, Chansol Park, Jason Xiao, Mukudzeiishe Madzivire, Xiao-Ke Lu",success,success,6,175,161
Winter Holidays Open 2023,https://tab.debate.si/who-2023/,2023,,TRUE,English,World Schools,Winter Holidays Open,FALSE,School,,Europe,,self,,,,,84,83,0,14,7,257.3,S-C,"['Novice', 'EPL', 'EFL', 'ESL']",['Novice'],"{'Novice': {'is_highest_non_open_cat': True, 'no_wbr_speakers': np.int64(0), 'no_79.11plus_speakers': 0, 'no_qual_speakers': np.float64(0.0), 'no_teams2': 41, 'pts_speaking': np.float64(82.0), 'speaking_class': 'S-D'}}",60,0,60,J-D,2,"Reja Debevc, Geetha Creffield, Mislav Mikota",success,success,6,329,307
Winter Holidays Open 2024,https://hdd.debate.si/who_2024/,2024,,TRUE,English,World Schools,Winter Holidays Open,FALSE,School,,Europe,,self,,,,,74,74,0,5,2.5,181.3,S-C,"['Novice', 'EPL', 'EFL', 'ESL']",['Novice'],"{'Novice': {'is_highest_non_open_cat': True, 'no_wbr_speakers': np.int64(0), 'no_79.11plus_speakers': 0, 'no_qual_speakers': np.float64(0.0), 'no_teams2': 31, 'pts_speaking': np.float64(62.0), 'speaking_class': 'S-D'}}",55,1,73,J-C,2,"Geetha Creffield, Ivona Anić, Zarina Bell-Gam",success,success,6,286,276
Winter Holidays Open 2025,https://hdd.debate.si/who_2025/,2025,,TRUE,English,World Schools,Winter Holidays Open,FALSE,School,,Europe,,self,,,,,52,52,0,1,0.5,110.7,S-D,"['ESL', 'Novice', 'EPL', 'EFL']","['Novice', 'Open']","{'Novice': {'is_highest_non_open_cat': True, 'no_wbr_speakers': np.int64(0), 'no_79.11plus_speakers': 0, 'no_qual_speakers': np.float64(0.0), 'no_teams2': 29, 'pts_speaking': np.float64(58.0), 'speaking_class': 'S-E'}}",36,1,54,J-C,2,"Geetha Creffield, Jan Težak, Lucija Ivanuša",success,success,6,210,195
WoLCE World Schools DO 2022,https://wolce.calicotab.com/wsdo2022/,2022,,TRUE,English,World Schools,WoLCE World Schools DO,FALSE,School,Online,Asia,,public,,,,,66,65,0,3,1.5,150.0,S-D,['National'],['High School'],{'High School': {'is_highest_non_open_cat': True}},45,1,63,J-C,1,,success,success,4,247,229
WSDC 2018,http://wsdc2018.com/results/,2018,,TRUE,English,World Schools,WSDC,TRUE,School,In person,Europe,Croatia,self,TRUE,,,speaking (top 73 speakers) only,,63,0,35,17.5,305.3,S-AA,,[],{},,,,,,,error getting speaker tab,no prelims,,,252
WSDC 2020,https://docs.google.com/spreadsheets/d/1iqG6Df0_-3PNKyAJ4ufZSxXio7LgmaOrItHuG8LejVc/edit?gid=0#gid=0,2020,,TRUE,English,World Schools,WSDC,TRUE,School,Online,Latin America,Mexico,self,TRUE,,,speaking (top 200 speakers) only,,67,0,18,9,230.0,S-AA,,[],{},,,,,,,error getting speaker tab,no prelims,,,268
WSDC 2021,https://docs.google.com/spreadsheets/d/1oBOCHbLLJAtekaVPP0tZldolpZjFY5-x1eoU-CDGRJU/edit,2021,2021-07-26,TRUE,English,World Schools,WSDC,TRUE,School,Online,WSDC,Macau,self,TRUE,,,speaking only,,76,0,8,4,205.3,S-AA,,[],{},,,,,,,error getting speaker tab,no prelims,,,285
WSDC 2022,https://paullau.wordpress.com/2022/08/20/wsdc-2022-results-round-up/,2022,,TRUE,English,World Schools,WSDC,TRUE,School,Online,WSDC,Netherlands,self,TRUE,,,complete,,68,0,4,2,160.7,S-AA,,[],{},,23,,J-AAA,,,error getting speaker tab,no prelims,8,,258
WSDC 2023,https://docs.google.com/spreadsheets/d/1lralzhC-MUcXZsEOQ4i6b_Ep0nLzbU4b_kd1aIxgb1M/edit,2023,,TRUE,English,World Schools,WSDC,TRUE,School,In person,WSDC,Vietnam,self,TRUE,,,complete,68,68,0,40,20,396.7,S-AA,,[],{},,22,,J-AAA,,,error getting speaker tab,no prelims,8,304,243
WSDC 2024,https://wsdc2024.calicotab.com/wsdc2024/,2024,,TRUE,English,World Schools,WSDC,TRUE,School,In person,WSDC,Serbia,self,TRUE,,,complete,68,68,0,31,15.5,342.7,S-AA,[],[],{},116,22,512,J-AAA,7,,error getting speaker tab,success,8,315,261
WSDC 2025,https://wsdc2025.calicotab.com/_/,2025,2025-07-22,TRUE,English,World Schools,WSDC,TRUE,School,In person,Latin America,Panama,self,TRUE,,,complete,59,58,0,11,5.5,187.3,S-AA,,[],{},89,14,341,J-AA,8,,error getting speaker tab,success,8,269,220
WSDC 2026,https://wsdc2026.calicotab.com/_/,2026,2026-07-16,TRUE,English,World Schools,WSDC,TRUE,School,In person,Africa,Kenya,self,TRUE,,,complete,,72,0,20,10,279.3,S-AA,,['Open'],{},152,24,584,J-AAA,11,,error getting team tab,success,8,,259
Zimbabwe WSDC 2025,https://mace.calicotab.com/zimbabwewsdc2025/,2025,,TRUE,English,World Schools,Zimbabwe WSDC,FALSE,School,,Africa,Zimbabwe,self,,,,,44,44,0,4,2,114.7,S-D,['Novice'],['Novice'],"{'Novice': {'is_highest_non_open_cat': True, 'no_wbr_speakers': np.int64(0), 'no_79.11plus_speakers': 0, 'no_qual_speakers': np.float64(0.0), 'no_teams2': 16, 'pts_speaking': np.float64(32.0), 'speaking_class': 'S-E'}}",39,1,57,J-C,2,,success,success,5,166,137
Zimbabwe WSDC 2026,https://mace.calicotab.com/zimbabwewsdc2026/,2026,2026-03-20,TRUE,English,World Schools,Zimbabwe WSDC,FALSE,School,Online,Africa,Zimbabwe,self,,,,,48,46,0,2,1,105.3,S-D,[],['Open'],{},42,4,114,J-B,4,,success,success,5,198,169