tournament,home_url,host,slug,status,api_url
Aberdeen Open 2023,https://aberdeen.calicotab.com/aberdeen23/,aberdeen.calicotab.com,aberdeen23,viable,https://aberdeen.calicotab.com/api/v1/tournaments/aberdeen23
Aberdeen Open 2025,https://aberdeen2024.calicotab.com/aberdeenopen25/,aberdeen2024.calicotab.com,aberdeenopen25,viable,https://aberdeen2024.calicotab.com/api/v1/tournaments/aberdeenopen25
Aberdeen Pre-EUDC 2026,https://aberdeenpreeudc26.calicotab.com/_/,aberdeenpreeudc26.calicotab.com,_,viable,https://aberdeenpreeudc26.calicotab.com/api/v1/tournaments/_
Aberystwyth Open 2023,https://aberopen2023.calicotab.com/AberOpen2023/,aberopen2023.calicotab.com,AberOpen2023,viable,https://aberopen2023.calicotab.com/api/v1/tournaments/AberOpen2023
Malaysia ABP 2020,https://abp2020.calicotab.com/abp2020/,abp2020.calicotab.com,abp2020,viable,https://abp2020.calicotab.com/api/v1/tournaments/abp2020
Hanoi ABP 2021,https://abp2021.calicotab.com/abp2021/,abp2021.calicotab.com,abp2021,viable,https://abp2021.calicotab.com/api/v1/tournaments/abp2021
Bali ABP 2022,https://edudriftbackup.calicotab.com/abp2022/,edudriftbackup.calicotab.com,abp2022,viable,https://edudriftbackup.calicotab.com/api/v1/tournaments/abp2022
Malaysia ABP 2023,https://midp.calicotab.com/mabp2023/,midp.calicotab.com,mabp2023,viable,https://midp.calicotab.com/api/v1/tournaments/mabp2023
Krabi ABP 2024,https://edudrift.calicotab.com/abp2024/,edudrift.calicotab.com,abp2024,viable,https://edudrift.calicotab.com/api/v1/tournaments/abp2024
Kuantan ABP 2025,https://iiumedc.calicotab.com/abp2025/,iiumedc.calicotab.com,abp2025,viable,https://iiumedc.calicotab.com/api/v1/tournaments/abp2025
Hanoi ABP 2026,https://abp2026.calicotab.com/abp2026/,abp2026.calicotab.com,abp2026,viable,https://abp2026.calicotab.com/api/v1/tournaments/abp2026
Accra Open 2021,https://speechforces.calicotab.com/ao21/,speechforces.calicotab.com,ao21,viable,https://speechforces.calicotab.com/api/v1/tournaments/ao21
Accra Open 2023,https://aoix.calicotab.com/ao2023/,aoix.calicotab.com,ao2023,viable,https://aoix.calicotab.com/api/v1/tournaments/ao2023
Accra Open 2024,https://speechforces.calicotab.com/AOX/,speechforces.calicotab.com,AOX,viable,https://speechforces.calicotab.com/api/v1/tournaments/AOX
Accra Open 2025,https://speechforces.calicotab.com/AO2025/,speechforces.calicotab.com,AO2025,viable,https://speechforces.calicotab.com/api/v1/tournaments/AO2025
Africa Intercollegiate DC 2022,https://mace.calicotab.com/africaiv2022/,mace.calicotab.com,africaiv2022,viable,https://mace.calicotab.com/api/v1/tournaments/africaiv2022
Africa Iron Giant 2022,https://mace.calicotab.com/africairongiant/,mace.calicotab.com,africairongiant,viable,https://mace.calicotab.com/api/v1/tournaments/africairongiant
Africa IV 2025,https://mace.calicotab.com/africaiv2025/,mace.calicotab.com,africaiv2025,viable,https://mace.calicotab.com/api/v1/tournaments/africaiv2025
Africa IV 2026,https://mace.calicotab.com/africaiv2026/,mace.calicotab.com,africaiv2026,viable,https://mace.calicotab.com/api/v1/tournaments/africaiv2026
Africa Legends RR 2025,https://inspired.calicotab.com/ALRR25/,inspired.calicotab.com,ALRR25,viable,https://inspired.calicotab.com/api/v1/tournaments/ALRR25
Africa Top UDC 2022,https://mace1996.calicotab.com/topuniversities2022/,mace1996.calicotab.com,topuniversities2022,viable,https://mace1996.calicotab.com/api/v1/tournaments/topuniversities2022
Africa Top UDC 2023,https://mace.calicotab.com/atudc2023/,mace.calicotab.com,atudc2023,viable,https://mace.calicotab.com/api/v1/tournaments/atudc2023
Africa Top UDC 2024,https://mace.calicotab.com/atudc2024/,mace.calicotab.com,atudc2024,viable,https://mace.calicotab.com/api/v1/tournaments/atudc2024
Africa Top UDC 2025,https://mace.calicotab.com/atudc2025/,mace.calicotab.com,atudc2025,viable,https://mace.calicotab.com/api/v1/tournaments/atudc2025
Africa Top UDC 2026,https://mace.calicotab.com/atudc2026/,mace.calicotab.com,atudc2026,viable,https://mace.calicotab.com/api/v1/tournaments/atudc2026
African Nations DL 2021,https://mace.calicotab.com/andl2021/,mace.calicotab.com,andl2021,viable,https://mace.calicotab.com/api/v1/tournaments/andl2021
African Nations DL 2022,https://mace.calicotab.com/andl2022/,mace.calicotab.com,andl2022,viable,https://mace.calicotab.com/api/v1/tournaments/andl2022
African Nations DL 2023,https://mace.calicotab.com/andl2023/,mace.calicotab.com,andl2023,viable,https://mace.calicotab.com/api/v1/tournaments/andl2023
African Nations DL 2024,https://mace.calicotab.com/andl2024/,mace.calicotab.com,andl2024,viable,https://mace.calicotab.com/api/v1/tournaments/andl2024
African Nations DL 2025,https://mace1996.calicotab.com/andl2025/,mace1996.calicotab.com,andl2025,viable,https://mace1996.calicotab.com/api/v1/tournaments/andl2025
Agha Khan UDC 2024,https://akudc24.calicotab.com/akudc24/,akudc24.calicotab.com,akudc24,viable,https://akudc24.calicotab.com/api/v1/tournaments/akudc24
Agonia (2.0) 2023,https://happybirthday.calicotab.com/agonia/,happybirthday.calicotab.com,agonia,viable,https://happybirthday.calicotab.com/api/v1/tournaments/agonia
Agonia (3.0) 2024,https://debatefoster.calicotab.com/agonia2024/,debatefoster.calicotab.com,agonia2024,viable,https://debatefoster.calicotab.com/api/v1/tournaments/agonia2024
Agonia (4.0) 2025,https://inspired.calicotab.com/Agonia2025/,inspired.calicotab.com,Agonia2025,viable,https://inspired.calicotab.com/api/v1/tournaments/Agonia2025
Alberta Pre-WUDC 2026,https://albertaprewudc2026.calicotab.com/albertaprewudc2026/,albertaprewudc2026.calicotab.com,albertaprewudc2026,viable,https://albertaprewudc2026.calicotab.com/api/v1/tournaments/albertaprewudc2026
All Nigerian UDC 2022,https://anudc.calicotab.com/nationals2022/,anudc.calicotab.com,nationals2022,http_404,https://anudc.calicotab.com/api/v1/tournaments/nationals2022
All Nigerian UDC 2023,https://mascot10.calicotab.com/ANUDC2023/,mascot10.calicotab.com,ANUDC2023,viable,https://mascot10.calicotab.com/api/v1/tournaments/ANUDC2023
All Nigerian UDC 2024,https://anudc.calicotab.com/anudc2024/,anudc.calicotab.com,anudc2024,viable,https://anudc.calicotab.com/api/v1/tournaments/anudc2024
All Nigerian UDC 2025,https://anudc.calicotab.com/anudc2025/,anudc.calicotab.com,anudc2025,viable,https://anudc.calicotab.com/api/v1/tournaments/anudc2025
All Nigerian Youths DC 2023,https://anydc2023.calicotab.com/ANYDC2023/,anydc2023.calicotab.com,ANYDC2023,viable,https://anydc2023.calicotab.com/api/v1/tournaments/ANYDC2023
All Nigerian Youths DC 2024,https://mascot10.calicotab.com/anydc2024/,mascot10.calicotab.com,anydc2024,viable,https://mascot10.calicotab.com/api/v1/tournaments/anydc2024
All Nigerian Youths DC 2025,https://debaterverse.calicotab.com/ANYDC2025/,debaterverse.calicotab.com,ANYDC2025,error:ReadTimeout,https://debaterverse.calicotab.com/api/v1/tournaments/ANYDC2025
Amsterdam Open 2023,https://amsterdamopen.calicotab.com/AmsterdamOpen2023/,amsterdamopen.calicotab.com,AmsterdamOpen2023,viable,https://amsterdamopen.calicotab.com/api/v1/tournaments/AmsterdamOpen2023
Amsterdam Open 2024,https://ao2024.calicotab.com/AO24/,ao2024.calicotab.com,AO24,viable,https://ao2024.calicotab.com/api/v1/tournaments/AO24
Amsterdam Open 2025,https://amsterdamopen2025.calicotab.com/amsterdamopen2025/,amsterdamopen2025.calicotab.com,amsterdamopen2025,viable,https://amsterdamopen2025.calicotab.com/api/v1/tournaments/amsterdamopen2025
Amsterdam Pre-EUDC 2026,https://amsterdampre2026.calicotab.com/amsterdampre2026/,amsterdampre2026.calicotab.com,amsterdampre2026,viable,https://amsterdampre2026.calicotab.com/api/v1/tournaments/amsterdampre2026
ANU Spring 2021,https://anu.calicotab.com/spring21/,anu.calicotab.com,spring21,viable,https://anu.calicotab.com/api/v1/tournaments/spring21
ANU Spring 2022,https://spring2022.calicotab.com/_/,spring2022.calicotab.com,_,viable,https://spring2022.calicotab.com/api/v1/tournaments/_
ANU Spring 2023,https://anuspring2023.calicotab.com/anuspring2023/,anuspring2023.calicotab.com,anuspring2023,viable,https://anuspring2023.calicotab.com/api/v1/tournaments/anuspring2023
ANU Spring 2024,https://anuspring2024.calicotab.com/ANUSpring2024/,anuspring2024.calicotab.com,ANUSpring2024,viable,https://anuspring2024.calicotab.com/api/v1/tournaments/ANUSpring2024
ANU Spring 2025,https://anuspring2025.calicotab.com/anuspring2025/,anuspring2025.calicotab.com,anuspring2025,viable,https://anuspring2025.calicotab.com/api/v1/tournaments/anuspring2025
ANU Winter 2022,https://anuwinter22.calicotab.com/anuwinter22/,anuwinter22.calicotab.com,anuwinter22,viable,https://anuwinter22.calicotab.com/api/v1/tournaments/anuwinter22
Asia E-Debate 2021,https://midp.calicotab.com/aedc2021/,midp.calicotab.com,aedc2021,viable,https://midp.calicotab.com/api/v1/tournaments/aedc2021
Asia Pro Ams 2020,https://Midp.calicotab.com/apad2020/,Midp.calicotab.com,apad2020,viable,https://Midp.calicotab.com/api/v1/tournaments/apad2020
Asian ODC BP 2022,https://aodcbp22.calicotab.com/aodcbp22/,aodcbp22.calicotab.com,aodcbp22,viable,https://aodcbp22.calicotab.com/api/v1/tournaments/aodcbp22
Asian ODC BP 2023,https://aodcbp2023.calicotab.com/aodcbp23/,aodcbp2023.calicotab.com,aodcbp23,viable,https://aodcbp2023.calicotab.com/api/v1/tournaments/aodcbp23
Asian U for Women IV 2026,https://auw.calicotab.com/auwiv2026/,auw.calicotab.com,auwiv2026,viable,https://auw.calicotab.com/api/v1/tournaments/auwiv2026
Astana Open 2021,https://astanaopen2021.calicotab.com/ao2021/,astanaopen2021.calicotab.com,ao2021,viable,https://astanaopen2021.calicotab.com/api/v1/tournaments/ao2021
Astana Open 2023,https://astanaopen.calicotab.com/_/,astanaopen.calicotab.com,_,viable,https://astanaopen.calicotab.com/api/v1/tournaments/_
Ateneo IV 2023,https://ateneoiv2023.calicotab.com/aiv2023/,ateneoiv2023.calicotab.com,aiv2023,viable,https://ateneoiv2023.calicotab.com/api/v1/tournaments/aiv2023
Ateneo IV Pre-Worlds 2023,https://aivpreworlds2023.calicotab.com/aivpw2023/,aivpreworlds2023.calicotab.com,aivpw2023,viable,https://aivpreworlds2023.calicotab.com/api/v1/tournaments/aivpw2023
Athena 2024,https://athena2024.calicotab.com/athena24/,athena2024.calicotab.com,athena24,viable,https://athena2024.calicotab.com/api/v1/tournaments/athena24
Athens Debate Academy 2025,https://hdf.calicotab.com/academy2025/,hdf.calicotab.com,academy2025,viable,https://hdf.calicotab.com/api/v1/tournaments/academy2025
Athens IV 2024,https://athensiv2024.calicotab.com/athensiv2024/,athensiv2024.calicotab.com,athensiv2024,viable,https://athensiv2024.calicotab.com/api/v1/tournaments/athensiv2024
Athens IV 2025,https://athensiv2025.calicotab.com/_/,athensiv2025.calicotab.com,_,viable,https://athensiv2025.calicotab.com/api/v1/tournaments/_
Auckland IV 2024,https://aucklandiv24.calicotab.com/aucklandiv24/,aucklandiv24.calicotab.com,aucklandiv24,viable,https://aucklandiv24.calicotab.com/api/v1/tournaments/aucklandiv24
AUD (Ambedkar) Pre-ABP 2026,https://aud.calicotab.com/audpreabp2026/,aud.calicotab.com,audpreabp2026,viable,https://aud.calicotab.com/api/v1/tournaments/audpreabp2026
Aurgumentum Open 2024,https://aurgumentum.au-tab.app/open2024/tab/speaker/,aurgumentum.au-tab.app,open2024,viable,https://aurgumentum.au-tab.app/api/v1/tournaments/open2024
Aurgumentum Pro-Am 2024,https://aurgumentum.au-tab.app/proams2024/,aurgumentum.au-tab.app,proams2024,viable,https://aurgumentum.au-tab.app/api/v1/tournaments/proams2024
Aurgumentum x Dipo Open 2025,https://dipo2025.au-tab.app/en/,dipo2025.au-tab.app,en,viable,https://dipo2025.au-tab.app/api/v1/tournaments/en
Australian BPDC 2022,https://usutabs2022.calicotab.com/abpdc2022/,usutabs2022.calicotab.com,abpdc2022,viable,https://usutabs2022.calicotab.com/api/v1/tournaments/abpdc2022
Australian BPDC 2023,https://abpdc2023.calicotab.com/abpdc2023/,abpdc2023.calicotab.com,abpdc2023,viable,https://abpdc2023.calicotab.com/api/v1/tournaments/abpdc2023
Australian BPDC 2024,https://abpdc2024.calicotab.com/abpdc2024/,abpdc2024.calicotab.com,abpdc2024,viable,https://abpdc2024.calicotab.com/api/v1/tournaments/abpdc2024
Australian BPDC 2025,https://abpdc25.calicotab.com/abpdc2025/,abpdc25.calicotab.com,abpdc2025,viable,https://abpdc25.calicotab.com/api/v1/tournaments/abpdc2025
BAC (Brickfields Asia) DO 2023,https://bacdebateclub2023.calicotab.com/bacdo23/,bacdebateclub2023.calicotab.com,bacdo23,viable,https://bacdebateclub2023.calicotab.com/api/v1/tournaments/bacdo23
Baltic BP Open 2023,https://sserigadebating.calicotab.com/balticopen2023/,sserigadebating.calicotab.com,balticopen2023,viable,https://sserigadebating.calicotab.com/api/v1/tournaments/balticopen2023
Baltic IV 2024,https://balticiv24.calicotab.com/balticiv24/,balticiv24.calicotab.com,balticiv24,viable,https://balticiv24.calicotab.com/api/v1/tournaments/balticiv24
Baltic IV 2025,https://balticiv25.calicotab.com/balticiv25/,balticiv25.calicotab.com,balticiv25,viable,https://balticiv25.calicotab.com/api/v1/tournaments/balticiv25
Baltic IV 2026,https://balticiv.calicotab.com/BIV/,balticiv.calicotab.com,BIV,viable,https://balticiv.calicotab.com/api/v1/tournaments/BIV
Bangladesh DC Fundraiser 2025,https://bdc.calicotab.com/BDCFundraiser2025/,bdc.calicotab.com,BDCFundraiser2025,viable,https://bdc.calicotab.com/api/v1/tournaments/BDCFundraiser2025
Bates Pro-Am 2021,https://bates2021.calicotab.com/bates2021/,bates2021.calicotab.com,bates2021,viable,https://bates2021.calicotab.com/api/v1/tournaments/bates2021
BDIDF Bangladesh 2021,https://bdidf-bangladesh.calicotab.com/bdidfbangladesh/,bdidf-bangladesh.calicotab.com,bdidfbangladesh,viable,https://bdidf-bangladesh.calicotab.com/api/v1/tournaments/bdidfbangladesh
BDIDF International Final 2021,https://bdidf.calicotab.com/bdidf/,bdidf.calicotab.com,bdidf,viable,https://bdidf.calicotab.com/api/v1/tournaments/bdidf
BDIDF Pacific 2021,https://bdidf-pacific.calicotab.com/regional/,bdidf-pacific.calicotab.com,regional,viable,https://bdidf-pacific.calicotab.com/api/v1/tournaments/regional
BDIDF Western 2021,https://bdidf-west.calicotab.com/west/,bdidf-west.calicotab.com,west,viable,https://bdidf-west.calicotab.com/api/v1/tournaments/west
Beijing International DO 2025,https://bido2025.calicotab.com/bido2025/,bido2025.calicotab.com,bido2025,viable,https://bido2025.calicotab.com/api/v1/tournaments/bido2025
Beijing International DO 2026,https://bido2026.calicotab.com/bido2026/,bido2026.calicotab.com,bido2026,viable,https://bido2026.calicotab.com/api/v1/tournaments/bido2026
Belgrade Open 2022,https://open-communication.calicotab.com/belgrade2022/,open-communication.calicotab.com,belgrade2022,viable,https://open-communication.calicotab.com/api/v1/tournaments/belgrade2022
Belgrade Open 2023,https://opencommunication.calicotab.com/belgradeopen2023/,opencommunication.calicotab.com,belgradeopen2023,viable,https://opencommunication.calicotab.com/api/v1/tournaments/belgradeopen2023
Belgrade Open 2024,https://open-communication-2024.calicotab.com/belgradeopen2024/,open-communication-2024.calicotab.com,belgradeopen2024,viable,https://open-communication-2024.calicotab.com/api/v1/tournaments/belgradeopen2024
Belgrade Open 2026,https://open-communication-2026.calicotab.com/bgopen2026/,open-communication-2026.calicotab.com,bgopen2026,viable,https://open-communication-2026.calicotab.com/api/v1/tournaments/bgopen2026
Berkeley IV 2024,https://berkeleyiv2024.calicotab.com/berkeleyiv24/,berkeleyiv2024.calicotab.com,berkeleyiv24,viable,https://berkeleyiv2024.calicotab.com/api/v1/tournaments/berkeleyiv24
Berkeley IV 2025,https://berkeleyiv25.calicotab.com/UCBIV25/,berkeleyiv25.calicotab.com,UCBIV25,viable,https://berkeleyiv25.calicotab.com/api/v1/tournaments/UCBIV25
Berkeley IV 2026,https://berkeleyiv2026.calicotab.com/berkeleyiv26/,berkeleyiv2026.calicotab.com,berkeleyiv26,viable,https://berkeleyiv2026.calicotab.com/api/v1/tournaments/berkeleyiv26
Berlin IV 2020,https://berlinonlineiv2020.calicotab.com/bivonline2020/,berlinonlineiv2020.calicotab.com,bivonline2020,viable,https://berlinonlineiv2020.calicotab.com/api/v1/tournaments/bivonline2020
Berlin Open 2025,https://berlinopen2025.calicotab.com/berlinopen2025/,berlinopen2025.calicotab.com,berlinopen2025,viable,https://berlinopen2025.calicotab.com/api/v1/tournaments/berlinopen2025
BHU Vaagyudh BP 2024,https://vaagyudh2024.calicotab.com/vaagyudh/,vaagyudh2024.calicotab.com,vaagyudh,viable,https://vaagyudh2024.calicotab.com/api/v1/tournaments/vaagyudh
Big Bois Open I 2022,https://bigboi.calicotab.com/bigboi1/,bigboi.calicotab.com,bigboi1,viable,https://bigboi.calicotab.com/api/v1/tournaments/bigboi1
Birmingham ESL 2020,https://birminghamesl2020.netlify.app/2020/,birminghamesl2020.netlify.app,2020,http_404,https://birminghamesl2020.netlify.app/api/v1/tournaments/2020
Birmingham Pro-Am 2025,https://bhamproam.calicotab.com/bhamproam25/,bhamproam.calicotab.com,bhamproam25,viable,https://bhamproam.calicotab.com/api/v1/tournaments/bhamproam25
Birmingham Pro-Am 2026,https://birminghamproam26.calicotab.com/BirminghamProAm26/,birminghamproam26.calicotab.com,BirminghamProAm26,viable,https://birminghamproam26.calicotab.com/api/v1/tournaments/BirminghamProAm26
BITS Pilani PD 2021,https://bitspilani.calicotab.com/bppd2021/,bitspilani.calicotab.com,bppd2021,viable,https://bitspilani.calicotab.com/api/v1/tournaments/bppd2021
BITS Pilani PD 2022,https://bitspilanipd.calicotab.com/bppd2022/,bitspilanipd.calicotab.com,bppd2022,viable,https://bitspilanipd.calicotab.com/api/v1/tournaments/bppd2022
BITS Pilani PD 2023,https://bitspilanipd.calicotab.com/bppd2023/,bitspilanipd.calicotab.com,bppd2023,viable,https://bitspilanipd.calicotab.com/api/v1/tournaments/bppd2023
BITS Pilani PD 2024,https://bppd2024.calicotab.com/bppd2024/,bppd2024.calicotab.com,bppd2024,viable,https://bppd2024.calicotab.com/api/v1/tournaments/bppd2024
BITS Pilani PD 2025,https://bppd2025.calicotab.com/bppd2025/,bppd2025.calicotab.com,bppd2025,viable,https://bppd2025.calicotab.com/api/v1/tournaments/bppd2025
BITS Pilani PD 2026,https://bitsp.calicotab.com/bppd2026/,bitsp.calicotab.com,bppd2026,viable,https://bitsp.calicotab.com/api/v1/tournaments/bppd2026
Bogwall (Scotland Novices) 2023,https://aberdebates23.calicotab.com/bogwall23/,aberdebates23.calicotab.com,bogwall23,viable,https://aberdebates23.calicotab.com/api/v1/tournaments/bogwall23
Bogwall (Scotland Novices) 2024,https://bogwall24.calicotab.com/bogwall24/,bogwall24.calicotab.com,bogwall24,viable,https://bogwall24.calicotab.com/api/v1/tournaments/bogwall24
Bogwall (Scotland Novices) 2025,https://bogwall2025.calicotab.com/Bogwall2025/,bogwall2025.calicotab.com,Bogwall2025,viable,https://bogwall2025.calicotab.com/api/v1/tournaments/Bogwall2025
Borneo BP DC 2026,https://borneodebate.calicotab.com/bbpdc2026/,borneodebate.calicotab.com,bbpdc2026,viable,https://borneodebate.calicotab.com/api/v1/tournaments/bbpdc2026
Borneo Debate Open 2025,https://lodgedebatesociety.calicotab.com/borneodebateopen2025/,lodgedebatesociety.calicotab.com,borneodebateopen2025,http_404,https://lodgedebatesociety.calicotab.com/api/v1/tournaments/borneodebateopen2025
BRAC Open 2024,https://bracu.calicotab.com/open2024/,bracu.calicotab.com,open2024,viable,https://bracu.calicotab.com/api/v1/tournaments/open2024
Brazil Open 2025,https://brazilopen2025.calicotab.com/brazilopen2025/,brazilopen2025.calicotab.com,brazilopen2025,viable,https://brazilopen2025.calicotab.com/api/v1/tournaments/brazilopen2025
Bristol Open 2023,https://bristolopen2023.calicotab.com/_/,bristolopen2023.calicotab.com,_,viable,https://bristolopen2023.calicotab.com/api/v1/tournaments/_
Bristol Open 2024,https://bristolopen24.calicotab.com/bristolopen24/,bristolopen24.calicotab.com,bristolopen24,viable,https://bristolopen24.calicotab.com/api/v1/tournaments/bristolopen24
Bristol Open 2025,https://bristol2025.calicotab.com/_/,bristol2025.calicotab.com,_,viable,https://bristol2025.calicotab.com/api/v1/tournaments/_
Bristol Pro-Am 2023,https://bristolproam23.calicotab.com/_/,bristolproam23.calicotab.com,_,viable,https://bristolproam23.calicotab.com/api/v1/tournaments/_
Bristol Pro-Am 2024,https://bpam24.calicotab.com/bristolproam24/,bpam24.calicotab.com,bristolproam24,viable,https://bpam24.calicotab.com/api/v1/tournaments/bristolproam24
Bristol Pro-Am 2025,https://bristolproam2025.calicotab.com/_/,bristolproam2025.calicotab.com,_,viable,https://bristolproam2025.calicotab.com/api/v1/tournaments/_
Budapest Novice Cup 2025,https://budapestnovice25.calicotab.com/budapestnovice25/,budapestnovice25.calicotab.com,budapestnovice25,viable,https://budapestnovice25.calicotab.com/api/v1/tournaments/budapestnovice25
Budapest Open 2022,https://budapestdebate.calicotab.com/dynamic/,budapestdebate.calicotab.com,dynamic,viable,https://budapestdebate.calicotab.com/api/v1/tournaments/dynamic
Budapest Open 2023,https://bo2023.calicotab.com/bo2023/,bo2023.calicotab.com,bo2023,viable,https://bo2023.calicotab.com/api/v1/tournaments/bo2023
Budapest Open 2024,https://budapestopen2024.calicotab.com/budapest2024/,budapestopen2024.calicotab.com,budapest2024,viable,https://budapestopen2024.calicotab.com/api/v1/tournaments/budapest2024
Budapest Open 2025,https://budapestopen2025.calicotab.com/bpo25/,budapestopen2025.calicotab.com,bpo25,viable,https://budapestopen2025.calicotab.com/api/v1/tournaments/bpo25
Budapest Pre-EUDC 2025,https://bdpstdebate.calicotab.com/pre-eudc-2025/,bdpstdebate.calicotab.com,pre-eudc-2025,viable,https://bdpstdebate.calicotab.com/api/v1/tournaments/pre-eudc-2025
Budapest Pre-EUDC 2026,https://budapestpreeudc26.calicotab.com/budapest-preeudc-2026/,budapestpreeudc26.calicotab.com,budapest-preeudc-2026,viable,https://budapestpreeudc26.calicotab.com/api/v1/tournaments/budapest-preeudc-2026
Bulacan IV 2023,https://bulacaniv2023.calicotab.com/bliv2023/,bulacaniv2023.calicotab.com,bliv2023,viable,https://bulacaniv2023.calicotab.com/api/v1/tournaments/bliv2023
BUP (Bangladesh) IV 2025,https://bup.calicotab.com/bupiv25en/,bup.calicotab.com,bupiv25en,viable,https://bup.calicotab.com/api/v1/tournaments/bupiv25en
Cambridge IV 2021,https://cambridgeiv2021.herokuapp.com/camiv/,cambridgeiv2021.herokuapp.com,camiv,http_404,https://cambridgeiv2021.herokuapp.com/api/v1/tournaments/camiv
Cambridge IV 2022,https://cambridgeivfinal.calicotab.com/2022/,cambridgeivfinal.calicotab.com,2022,viable,https://cambridgeivfinal.calicotab.com/api/v1/tournaments/2022
Cambridge IV 2023,https://cambridgeiv2023.calicotab.com/_/,cambridgeiv2023.calicotab.com,_,viable,https://cambridgeiv2023.calicotab.com/api/v1/tournaments/_
Cambridge IV 2024,https://cambridge2024.calicotab.com/cambridgeiv2024/,cambridge2024.calicotab.com,cambridgeiv2024,viable,https://cambridge2024.calicotab.com/api/v1/tournaments/cambridgeiv2024
Cambridge IV 2025,https://cambridgeiv2025.calicotab.com/_/,cambridgeiv2025.calicotab.com,_,viable,https://cambridgeiv2025.calicotab.com/api/v1/tournaments/_
Cambridge Mini 2024,https://cambridgemini2024.calicotab.com/camini2024/,cambridgemini2024.calicotab.com,camini2024,viable,https://cambridgemini2024.calicotab.com/api/v1/tournaments/camini2024
Canadian BP Champs 2020,https://cuds.calicotab.com/bpchamps2020/,cuds.calicotab.com,bpchamps2020,viable,https://cuds.calicotab.com/api/v1/tournaments/bpchamps2020
Canadian BP Champs 2022,https://bpchamps2022.calicotab.com/bpchamps22/,bpchamps2022.calicotab.com,bpchamps22,viable,https://bpchamps2022.calicotab.com/api/v1/tournaments/bpchamps22
Canadian BP Champs 2023,https://bpchamps2023.calicotab.com/bpchamps2023/,bpchamps2023.calicotab.com,bpchamps2023,viable,https://bpchamps2023.calicotab.com/api/v1/tournaments/bpchamps2023
Canadian UDC 2024,https://cudcwaterloo.calicotab.com/cudc2024/,cudcwaterloo.calicotab.com,cudc2024,viable,https://cudcwaterloo.calicotab.com/api/v1/tournaments/cudc2024
Canadian UDC 2025,https://cudchalifax.calicotab.com/CUDC2025/,cudchalifax.calicotab.com,CUDC2025,viable,https://cudchalifax.calicotab.com/api/v1/tournaments/CUDC2025
Cape Town Open 2025,https://cto.sadcdebate.com/capetownopen25/,cto.sadcdebate.com,capetownopen25,error:ConnectionError,https://cto.sadcdebate.com/api/v1/tournaments/capetownopen25
Capitalism IV 2024,https://capitalismiv2024.calicotab.com/capitalismiv2024/,capitalismiv2024.calicotab.com,capitalismiv2024,viable,https://capitalismiv2024.calicotab.com/api/v1/tournaments/capitalismiv2024
Cardiff Open 2024,https://cardiff2024.calicotab.com/c24/,cardiff2024.calicotab.com,c24,viable,https://cardiff2024.calicotab.com/api/v1/tournaments/c24
Cardiff Open 2025,https://cardiff2025.calicotab.com/cardiffopen2025/,cardiff2025.calicotab.com,cardiffopen2025,viable,https://cardiff2025.calicotab.com/api/v1/tournaments/cardiffopen2025
Caribbean IV 2026,https://cidc2026.calicotab.com/cidc2026/,cidc2026.calicotab.com,cidc2026,viable,https://cidc2026.calicotab.com/api/v1/tournaments/cidc2026
Caritas DO 2025,https://caritasdebate.calicotab.com/caritasdebateopen2025/,caritasdebate.calicotab.com,caritasdebateopen2025,viable,https://caritasdebate.calicotab.com/api/v1/tournaments/caritasdebateopen2025
Carleton BP Champs 2022,https://carletonbpchamps.calicotab.com/bpchamps2022/,carletonbpchamps.calicotab.com,bpchamps2022,viable,https://carletonbpchamps.calicotab.com/api/v1/tournaments/bpchamps2022
Cebu Debate Open 2025,https://cdo2025.calicotab.com/cdo2025/,cdo2025.calicotab.com,cdo2025,viable,https://cdo2025.calicotab.com/api/v1/tournaments/cdo2025
Cebu Pro-Am 2025,https://cebuproam.calicotab.com/britishparliamentary/,cebuproam.calicotab.com,britishparliamentary,viable,https://cebuproam.calicotab.com/api/v1/tournaments/britishparliamentary
Central Asian IV 2025,https://nomad.calicotab.com/ca_iv/,nomad.calicotab.com,ca_iv,http_404,https://nomad.calicotab.com/api/v1/tournaments/ca_iv
Central Canadian DC (Legér C) 2024,https://leger2024.calicotab.com/Leger2024/,leger2024.calicotab.com,Leger2024,viable,https://leger2024.calicotab.com/api/v1/tournaments/Leger2024
Central Canadian DC (Legér C) 2025,https://leger2025.calicotab.com/leger2025/,leger2025.calicotab.com,leger2025,viable,https://leger2025.calicotab.com/api/v1/tournaments/leger2025
Central Canadian DC (Legér C) 2026,https://leger26.calicotab.com/leger/,leger26.calicotab.com,leger,viable,https://leger26.calicotab.com/api/v1/tournaments/leger
Champagne IV 2023,https://champagneiv2023.calicotab.com/_/,champagneiv2023.calicotab.com,_,viable,https://champagneiv2023.calicotab.com/api/v1/tournaments/_
Champagne IV 2024,https://champagneiv2024.calicotab.com/champagneiv2024/,champagneiv2024.calicotab.com,champagneiv2024,viable,https://champagneiv2024.calicotab.com/api/v1/tournaments/champagneiv2024
Champagne IV 2025,https://spu.calicotab.com/champagneiv2025/,spu.calicotab.com,champagneiv2025,viable,https://spu.calicotab.com/api/v1/tournaments/champagneiv2025
Champagne IV 2026,https://champagneiv26.calicotab.com/_/,champagneiv26.calicotab.com,_,viable,https://champagneiv26.calicotab.com/api/v1/tournaments/_
Chancellor's Cup 2021,https://chancellors2021.calicotab.com/chancellors2021/,chancellors2021.calicotab.com,chancellors2021,viable,https://chancellors2021.calicotab.com/api/v1/tournaments/chancellors2021
Chancellor's Cup 2022,https://chancellors2021.calicotab.com/chancellors2022/,chancellors2021.calicotab.com,chancellors2022,viable,https://chancellors2021.calicotab.com/api/v1/tournaments/chancellors2022
Chancellor's Cup 2023,https://qivcc2023.calicotab.com/QIVCC2023/,qivcc2023.calicotab.com,QIVCC2023,viable,https://qivcc2023.calicotab.com/api/v1/tournaments/QIVCC2023
Chancellor's Cup 2024,https://chancellorscup2024.calicotab.com/Chancellorscup2024/,chancellorscup2024.calicotab.com,Chancellorscup2024,viable,https://chancellorscup2024.calicotab.com/api/v1/tournaments/Chancellorscup2024
Chancellor's Cup 2025,https://chancellorscup2025.calicotab.com/chancellors2025/,chancellorscup2025.calicotab.com,chancellors2025,viable,https://chancellorscup2025.calicotab.com/api/v1/tournaments/chancellors2025
Charcha BPD 2025,https://charchapd.calicotab.com/charchapd25/,charchapd.calicotab.com,charchapd25,viable,https://charchapd.calicotab.com/api/v1/tournaments/charchapd25
Charity Fantasy Open 2021,https://fantasy2021.netlify.app/2021/,fantasy2021.netlify.app,2021,http_404,https://fantasy2021.netlify.app/api/v1/tournaments/2021
Charity Fantasy Open (3) 2023,https://cfo3.calicotab.com/CFO3/,cfo3.calicotab.com,CFO3,viable,https://cfo3.calicotab.com/api/v1/tournaments/CFO3
Charlemagne Open 2025,https://charlemagne.hoppe.io/co25/tab/team/,charlemagne.hoppe.io,co25,http_404,https://charlemagne.hoppe.io/api/v1/tournaments/co25
Chattogram BP 2024,https://ccpc.calicotab.com/ctgbp2024/,ccpc.calicotab.com,ctgbp2024,viable,https://ccpc.calicotab.com/api/v1/tournaments/ctgbp2024
Chicago Open 2022,https://chicagoopen.calicotab.com/chicagoopen/,chicagoopen.calicotab.com,chicagoopen,viable,https://chicagoopen.calicotab.com/api/v1/tournaments/chicagoopen
China BP 2021,https://cbp2021.calicotab.com/chinabp2021/,cbp2021.calicotab.com,chinabp2021,viable,https://cbp2021.calicotab.com/api/v1/tournaments/chinabp2021
China UDC 2025,https://cudc2025.calicotab.com/cudc/,cudc2025.calicotab.com,cudc,viable,https://cudc2025.calicotab.com/api/v1/tournaments/cudc
Chinese UDC 2022,https://cudc.calicotab.com/cudcnationals22/,cudc.calicotab.com,cudcnationals22,viable,https://cudc.calicotab.com/api/v1/tournaments/cudcnationals22
Chinese UDC 2023,https://cudc2023.calicotab.com/cudc2023/,cudc2023.calicotab.com,cudc2023,viable,https://cudc2023.calicotab.com/api/v1/tournaments/cudc2023
Chinese UDC 2024,https://cudc2024.calicotab.com/_/,cudc2024.calicotab.com,_,viable,https://cudc2024.calicotab.com/api/v1/tournaments/_
Christmas Holidays IV 2025,https://supernana.calicotab.com/christmasholidaysiv2025/,supernana.calicotab.com,christmasholidaysiv2025,viable,https://supernana.calicotab.com/api/v1/tournaments/christmasholidaysiv2025
CIDA Novice Cup 2026,https://cidanovicecup2026.calicotab.com/cidanovicecup2026/,cidanovicecup2026.calicotab.com,cidanovicecup2026,viable,https://cidanovicecup2026.calicotab.com/api/v1/tournaments/cidanovicecup2026
CIDA Visayas IV 2023,https://cida.calicotab.com/viv23/,cida.calicotab.com,viv23,viable,https://cida.calicotab.com/api/v1/tournaments/viv23
CIDA Visayas IV 2026,https://cidanovicecup2026.calicotab.com/visayasintervarsity26/,cidanovicecup2026.calicotab.com,visayasintervarsity26,viable,https://cidanovicecup2026.calicotab.com/api/v1/tournaments/visayasintervarsity26
Clash of the Titans Pre-ANYDC 2024,https://debatefoster.calicotab.com/preanydc24/,debatefoster.calicotab.com,preanydc24,viable,https://debatefoster.calicotab.com/api/v1/tournaments/preanydc24
CMDLP (Portuguese Worlds) 2021,https://cmdlp2021.calicotab.com/cmdlp2021/,cmdlp2021.calicotab.com,cmdlp2021,viable,https://cmdlp2021.calicotab.com/api/v1/tournaments/cmdlp2021
CMDLP (Portuguese Worlds) 2025,https://cmdlp2025.calicotab.com/CMDLP2025/,cmdlp2025.calicotab.com,CMDLP2025,viable,https://cmdlp2025.calicotab.com/api/v1/tournaments/CMDLP2025
CMUDE 2018,https://cmude2018.calicotab.com/_/,cmude2018.calicotab.com,_,viable,https://cmude2018.calicotab.com/api/v1/tournaments/_
CMUDE 2019,https://cmude2019.calicotab.com/cmude2019/,cmude2019.calicotab.com,cmude2019,viable,https://cmude2019.calicotab.com/api/v1/tournaments/cmude2019
CMUDE 2020,https://cmudemadrid2020.calicotab.com/cmude2020/,cmudemadrid2020.calicotab.com,cmude2020,viable,https://cmudemadrid2020.calicotab.com/api/v1/tournaments/cmude2020
CMUDE 2021,https://cmudeecuador2021.calicotab.com/cmudeecuador2021/,cmudeecuador2021.calicotab.com,cmudeecuador2021,viable,https://cmudeecuador2021.calicotab.com/api/v1/tournaments/cmudeecuador2021
CMUDE 2022,https://cmude2022.calicotab.com/cmude2022/,cmude2022.calicotab.com,cmude2022,viable,https://cmude2022.calicotab.com/api/v1/tournaments/cmude2022
CMUDE 2023,https://cmude2023.calicotab.com/cmude2023/,cmude2023.calicotab.com,cmude2023,viable,https://cmude2023.calicotab.com/api/v1/tournaments/cmude2023
CMUDE 2024,https://cmude2024.calicotab.com/open/,cmude2024.calicotab.com,open,viable,https://cmude2024.calicotab.com/api/v1/tournaments/open
CMUDE 2025,https://cmude2025.calicotab.com/open/,cmude2025.calicotab.com,open,viable,https://cmude2025.calicotab.com/api/v1/tournaments/open
CMUDE 2026,https://cmude2026.calicotab.com/open/,cmude2026.calicotab.com,open,viable,https://cmude2026.calicotab.com/api/v1/tournaments/open
COEP (Pune) BP 2025,https://vishcoeptech.calicotab.com/vishbp2025/,vishcoeptech.calicotab.com,vishbp2025,viable,https://vishcoeptech.calicotab.com/api/v1/tournaments/vishbp2025
Colgate Open 2021,https://colgateopen2021.calicotab.com/colgateopen2021/,colgateopen2021.calicotab.com,colgateopen2021,viable,https://colgateopen2021.calicotab.com/api/v1/tournaments/colgateopen2021
Colgate Open 2023,https://colgate2023.calicotab.com/colgate2023/,colgate2023.calicotab.com,colgate2023,viable,https://colgate2023.calicotab.com/api/v1/tournaments/colgate2023
Colgate Open 2024,https://colgateopen2024.calicotab.com/colgate2024/,colgateopen2024.calicotab.com,colgate2024,viable,https://colgateopen2024.calicotab.com/api/v1/tournaments/colgate2024
Colgate Open 2025,https://colgate2025.calicotab.com/_/,colgate2025.calicotab.com,_,viable,https://colgate2025.calicotab.com/api/v1/tournaments/_
Colgate Open 2026,https://colgateiv.calicotab.com/colgateopen2026/,colgateiv.calicotab.com,colgateopen2026,viable,https://colgateiv.calicotab.com/api/v1/tournaments/colgateopen2026
Columbia IV 2025,https://columbiaiv2025.calicotab.com/columbiaiv2025/,columbiaiv2025.calicotab.com,columbiaiv2025,viable,https://columbiaiv2025.calicotab.com/api/v1/tournaments/columbiaiv2025
Commonwealth UDC 2024,https://thecudc2024.calicotab.com/_/,thecudc2024.calicotab.com,_,viable,https://thecudc2024.calicotab.com/api/v1/tournaments/_
Connections IV 2025,https://connectionsiv.calicotab.com/connectionsiv25/,connectionsiv.calicotab.com,connectionsiv25,viable,https://connectionsiv.calicotab.com/api/v1/tournaments/connectionsiv25
Convenant University IV 2021,https://mace.calicotab.com/cuiv2021/,mace.calicotab.com,cuiv2021,viable,https://mace.calicotab.com/api/v1/tournaments/cuiv2021
Copenhagen Online Open 2026,https://copenhagenonline26.calicotab.com/_/,copenhagenonline26.calicotab.com,_,viable,https://copenhagenonline26.calicotab.com/api/v1/tournaments/_
Copenhagen Open 2024,https://copenhagen2024.calicotab.com/copenhagen2024/,copenhagen2024.calicotab.com,copenhagen2024,viable,https://copenhagen2024.calicotab.com/api/v1/tournaments/copenhagen2024
Copenhagen Open 2025,https://copenhagenopen25.calicotab.com/_/,copenhagenopen25.calicotab.com,_,viable,https://copenhagenopen25.calicotab.com/api/v1/tournaments/_
Cornell IV 2022,https://cornelliv.calicotab.com/cornell2022/,cornelliv.calicotab.com,cornell2022,viable,https://cornelliv.calicotab.com/api/v1/tournaments/cornell2022
Cornell Novice Nationals 2021,https://novicenats2021.calicotab.com/novicenats2021/,novicenats2021.calicotab.com,novicenats2021,viable,https://novicenats2021.calicotab.com/api/v1/tournaments/novicenats2021
Cornell Novice Nationals 2022,https://novicenats2022.calicotab.com/novicenats2022/,novicenats2022.calicotab.com,novicenats2022,viable,https://novicenats2022.calicotab.com/api/v1/tournaments/novicenats2022
Cornell Novice Nationals 2024,https://novicenats2024.calicotab.com/novicenats2024/,novicenats2024.calicotab.com,novicenats2024,viable,https://novicenats2024.calicotab.com/api/v1/tournaments/novicenats2024
Cornell Novice Nationals 2025,https://novicenats2025.calicotab.com/novicenats2025/,novicenats2025.calicotab.com,novicenats2025,viable,https://novicenats2025.calicotab.com/api/v1/tournaments/novicenats2025
Cornell Novice Nationals 2026,https://novicenats2026.calicotab.com/novicenationals2026/,novicenats2026.calicotab.com,novicenationals2026,viable,https://novicenats2026.calicotab.com/api/v1/tournaments/novicenationals2026
Crawford U DI 2025,https://crawford.calicotab.com/Crudi2025/,crawford.calicotab.com,Crudi2025,viable,https://crawford.calicotab.com/api/v1/tournaments/Crudi2025
Curtin Debate Open 2025,https://curtindebateopen2025.calicotab.com/CDO2025/,curtindebateopen2025.calicotab.com,CDO2025,viable,https://curtindebateopen2025.calicotab.com/api/v1/tournaments/CDO2025
CUSID Semi-Random Pro-Am 2024,https://eds.calicotab.com/cusidsrpa2024/,eds.calicotab.com,cusidsrpa2024,viable,https://eds.calicotab.com/api/v1/tournaments/cusidsrpa2024
DAIC Open 2022,https://daicopen.calicotab.com/daicopen/,daicopen.calicotab.com,daicopen,viable,https://daicopen.calicotab.com/api/v1/tournaments/daicopen
Damodaram Sanjivayya NPD 2022,https://dsnpd2022.calicotab.com/dsnpd2022/,dsnpd2022.calicotab.com,dsnpd2022,viable,https://dsnpd2022.calicotab.com/api/v1/tournaments/dsnpd2022
Debate Symposium Summer 2025,https://debatesymposium.calicotab.com/summerdebatesymposium2025/,debatesymposium.calicotab.com,summerdebatesymposium2025,viable,https://debatesymposium.calicotab.com/api/v1/tournaments/summerdebatesymposium2025
Debate Symposium Winter 2025,https://debatesymposium.calicotab.com/winterdebatesymposium2025/,debatesymposium.calicotab.com,winterdebatesymposium2025,viable,https://debatesymposium.calicotab.com/api/v1/tournaments/winterdebatesymposium2025
Debate Symposium Winter 2026,https://debatesymposium.calicotab.com/wds2026/,debatesymposium.calicotab.com,wds2026,viable,https://debatesymposium.calicotab.com/api/v1/tournaments/wds2026
Derozio Memorial Debate 2020,https://dmd2020.calicotab.com/derozio2020/,dmd2020.calicotab.com,derozio2020,viable,https://dmd2020.calicotab.com/api/v1/tournaments/derozio2020
Dialectica BPD 2025,https://dialectica.calicotab.com/dialecticabpd2025/,dialectica.calicotab.com,dialecticabpd2025,viable,https://dialectica.calicotab.com/api/v1/tournaments/dialecticabpd2025
Dialectica Pre-ABP 2024,https://vaagyudh2024.calicotab.com/dialectica2024/,vaagyudh2024.calicotab.com,dialectica2024,viable,https://vaagyudh2024.calicotab.com/api/v1/tournaments/dialectica2024
Dialectix Pro-Am 2023,https://dialectixproam2023.calicotab.com/proam22/,dialectixproam2023.calicotab.com,proam22,viable,https://dialectixproam2023.calicotab.com/api/v1/tournaments/proam22
Diliman Debate Open 2022,https://dilimandebateopen.calicotab.com/ddo2022/,dilimandebateopen.calicotab.com,ddo2022,viable,https://dilimandebateopen.calicotab.com/api/v1/tournaments/ddo2022
Diliman Debate Open 2023,https://dilimandebateopen.calicotab.com/ddo23/,dilimandebateopen.calicotab.com,ddo23,viable,https://dilimandebateopen.calicotab.com/api/v1/tournaments/ddo23
Diliman Debate Open 2025,https://ddo2025.calicotab.com/ddo2025/,ddo2025.calicotab.com,ddo2025,viable,https://ddo2025.calicotab.com/api/v1/tournaments/ddo2025
Diliman DO Pre-WUDC 2025,https://ddopw.calicotab.com/ddopw2025/,ddopw.calicotab.com,ddopw2025,viable,https://ddopw.calicotab.com/api/v1/tournaments/ddopw2025
Diliman IV 2024,https://dilimanintervarsity.calicotab.com/2024/,dilimanintervarsity.calicotab.com,2024,viable,https://dilimanintervarsity.calicotab.com/api/v1/tournaments/2024
Diliman Pre-ABP 2023,https://dilimandebating.calicotab.com/dilimanpreabp23/,dilimandebating.calicotab.com,dilimanpreabp23,viable,https://dilimandebating.calicotab.com/api/v1/tournaments/dilimanpreabp23
Diliman Pre-ABP 2025,https://dilimanpreabp25.calicotab.com/dilimanpreabp25/,dilimanpreabp25.calicotab.com,dilimanpreabp25,viable,https://dilimanpreabp25.calicotab.com/api/v1/tournaments/dilimanpreabp25
Diliman Pre-WUDC 2025,https://dpwudc2025.calicotab.com/dpwudc2025/,dpwudc2025.calicotab.com,dpwudc2025,viable,https://dpwudc2025.calicotab.com/api/v1/tournaments/dpwudc2025
DK Wien Invitational Mini 2023,https://dkwieninvitational.calicotab.com/dkwienmini23/,dkwieninvitational.calicotab.com,dkwienmini23,viable,https://dkwieninvitational.calicotab.com/api/v1/tournaments/dkwienmini23
DNLU Justice RK Tankha PD 2024,https://jrktpd2024.calicotab.com/jrktpd2024/,jrktpd2024.calicotab.com,jrktpd2024,viable,https://jrktpd2024.calicotab.com/api/v1/tournaments/jrktpd2024
DNLU Justice RK Tankha PD 2025,https://jrktpd2024.calicotab.com/jrktpd2025/,jrktpd2024.calicotab.com,jrktpd2025,viable,https://jrktpd2024.calicotab.com/api/v1/tournaments/jrktpd2025
Doxbridge I 2020,https://doxbridge-1.calicotab.com/doxbridge/,doxbridge-1.calicotab.com,doxbridge,viable,https://doxbridge-1.calicotab.com/api/v1/tournaments/doxbridge
Doxbridge II 2020,https://doxbridge-2.calicotab.com/doxbridge2/,doxbridge-2.calicotab.com,doxbridge2,viable,https://doxbridge-2.calicotab.com/api/v1/tournaments/doxbridge2
Doxbridge III 2020,https://doxbridge-3.calicotab.com/doxbridge3/,doxbridge-3.calicotab.com,doxbridge3,viable,https://doxbridge-3.calicotab.com/api/v1/tournaments/doxbridge3
Doxbridge IV 2021,https://doxbridge-four.calicotab.com/doxbridge4/,doxbridge-four.calicotab.com,doxbridge4,viable,https://doxbridge-four.calicotab.com/api/v1/tournaments/doxbridge4
Doxbridge Pre-WUDC 2022,https://doxbridge-prewudc.calicotab.com/prewudc/,doxbridge-prewudc.calicotab.com,prewudc,viable,https://doxbridge-prewudc.calicotab.com/api/v1/tournaments/prewudc
Doxbridge Worlds (Eastern) 2021,https://doxbridge-worlds.calicotab.com/east/,doxbridge-worlds.calicotab.com,east,viable,https://doxbridge-worlds.calicotab.com/api/v1/tournaments/east
Doxbridge Worlds (Outrounds) 2021,https://doxbridge-worlds.calicotab.com/unified/,doxbridge-worlds.calicotab.com,unified,viable,https://doxbridge-worlds.calicotab.com/api/v1/tournaments/unified
Doxbridge Worlds (Western) 2021,https://doxbridge-worlds.calicotab.com/west/,doxbridge-worlds.calicotab.com,west,viable,https://doxbridge-worlds.calicotab.com/api/v1/tournaments/west
Drexel Open 2023,https://drexelopen2023.calicotab.com/_/,drexelopen2023.calicotab.com,_,viable,https://drexelopen2023.calicotab.com/api/v1/tournaments/_
Drexel Open 2024,https://drexel2024.calicotab.com/drexel2024/,drexel2024.calicotab.com,drexel2024,viable,https://drexel2024.calicotab.com/api/v1/tournaments/drexel2024
Drexel Open 2025,https://drexelopen2025.calicotab.com/drexel25/,drexelopen2025.calicotab.com,drexel25,viable,https://drexelopen2025.calicotab.com/api/v1/tournaments/drexel25
Drexel Open 2026,https://drexelopen2026.calicotab.com/_/,drexelopen2026.calicotab.com,_,viable,https://drexelopen2026.calicotab.com/api/v1/tournaments/_
Drexel Pre-WUDC 2025,https://drexelprewudc2025.calicotab.com/_/,drexelprewudc2025.calicotab.com,_,viable,https://drexelprewudc2025.calicotab.com/api/v1/tournaments/_
DSDC Coherence 2021,https://dsdc2021.calicotab.com/dsdc/,dsdc2021.calicotab.com,dsdc,viable,https://dsdc2021.calicotab.com/api/v1/tournaments/dsdc
DTU Monsoons 2024,https://dtumonsoons2024.calicotab.com/dtumonsoons2024/,dtumonsoons2024.calicotab.com,dtumonsoons2024,viable,https://dtumonsoons2024.calicotab.com/api/v1/tournaments/dtumonsoons2024
DTU Monsoons 2025,https://dtumonsoons2025.calicotab.com/dtumonsoons2025/,dtumonsoons2025.calicotab.com,dtumonsoons2025,viable,https://dtumonsoons2025.calicotab.com/api/v1/tournaments/dtumonsoons2025
DTU Monsoons 2026,https://dtumonsoons2026.calicotab.com/_/,dtumonsoons2026.calicotab.com,_,viable,https://dtumonsoons2026.calicotab.com/api/v1/tournaments/_
DTU PD 2021,https://dtupd2021.calicotab.com/dtupd2021/,dtupd2021.calicotab.com,dtupd2021,viable,https://dtupd2021.calicotab.com/api/v1/tournaments/dtupd2021
DTU PD 2023,https://dtupd2023.calicotab.com/dtupd2023/,dtupd2023.calicotab.com,dtupd2023,viable,https://dtupd2023.calicotab.com/api/v1/tournaments/dtupd2023
DTU PD 2024,https://dtupd2024.calicotab.com/dtupd2024/,dtupd2024.calicotab.com,dtupd2024,viable,https://dtupd2024.calicotab.com/api/v1/tournaments/dtupd2024
DTU PD 2025,https://dtupd25.calicotab.com/dtupd2025/,dtupd25.calicotab.com,dtupd2025,viable,https://dtupd25.calicotab.com/api/v1/tournaments/dtupd2025
DTU Pre-WUDC 2025,https://dtupreworlds2025.calicotab.com/dtupreworlds2025/,dtupreworlds2025.calicotab.com,dtupreworlds2025,viable,https://dtupreworlds2025.calicotab.com/api/v1/tournaments/dtupreworlds2025
DU (Dhaka) Nationals 2025,https://duds.calicotab.com/du_nationals_iv25/,duds.calicotab.com,du_nationals_iv25,viable,https://duds.calicotab.com/api/v1/tournaments/du_nationals_iv25
DU CVS Mukhtalif Pre-ABP 2026,https://mukhtalif2025.calicotab.com/mukhtalif2026/,mukhtalif2025.calicotab.com,mukhtalif2026,viable,https://mukhtalif2025.calicotab.com/api/v1/tournaments/mukhtalif2026
DU DDUC Vitark 2022,https://7th-vitark.calicotab.com/vitark2022/,7th-vitark.calicotab.com,vitark2022,viable,https://7th-vitark.calicotab.com/api/v1/tournaments/vitark2022
DU DDUC Vitark 2024,https://vitark2024.calicotab.com/vitark2025/,vitark2024.calicotab.com,vitark2025,viable,https://vitark2024.calicotab.com/api/v1/tournaments/vitark2025
DU JDMC Bhaavarth 2024,https://bhaavarth2024.calicotab.com/bhaavarthpd24/,bhaavarth2024.calicotab.com,bhaavarthpd24,viable,https://bhaavarth2024.calicotab.com/api/v1/tournaments/bhaavarthpd24
DU JDMC Bhaavarth (2.0) 2025,https://bhaavarth2024.calicotab.com/bhaavarthpreWUDC/,bhaavarth2024.calicotab.com,bhaavarthpreWUDC,viable,https://bhaavarth2024.calicotab.com/api/v1/tournaments/bhaavarthpreWUDC
DU MAC Filibuster PD 2025,https://filibusterpd25.calicotab.com/filibusterpd25/,filibusterpd25.calicotab.com,filibusterpd25,viable,https://filibusterpd25.calicotab.com/api/v1/tournaments/filibusterpd25
DU MH EDS Manzar 2022,https://manzar2022.calicotab.com/manzar2022/,manzar2022.calicotab.com,manzar2022,viable,https://manzar2022.calicotab.com/api/v1/tournaments/manzar2022
DU MH EDS Manzar 2023,https://manzar2023.calicotab.com/manzar2023/,manzar2023.calicotab.com,manzar2023,viable,https://manzar2023.calicotab.com/api/v1/tournaments/manzar2023
DU MH EDS Manzar 2024,https://manzar2024.calicotab.com/manzar2024/,manzar2024.calicotab.com,manzar2024,viable,https://manzar2024.calicotab.com/api/v1/tournaments/manzar2024
DU MH EDS Manzar 2025,https://manzar.calicotab.com/Manzar/,manzar.calicotab.com,Manzar,viable,https://manzar.calicotab.com/api/v1/tournaments/Manzar
DU MH EDS Manzar 2026,https://manzar26.calicotab.com/Manzar_2026/,manzar26.calicotab.com,Manzar_2026,viable,https://manzar26.calicotab.com/api/v1/tournaments/Manzar_2026
DU SBS BPD 2022,https://sbs.calicotab.com/sbsbpd22/,sbs.calicotab.com,sbsbpd22,viable,https://sbs.calicotab.com/api/v1/tournaments/sbsbpd22
DU SBS BPD 2023,https://sbs.calicotab.com/sbsbpd23/,sbs.calicotab.com,sbsbpd23,viable,https://sbs.calicotab.com/api/v1/tournaments/sbsbpd23
DU SBS BPD 2024,https://sbs.calicotab.com/sbsbpd24/,sbs.calicotab.com,sbsbpd24,viable,https://sbs.calicotab.com/api/v1/tournaments/sbsbpd24
DU SBS BPD 2025,https://sbs.calicotab.com/sbsbpd25/,sbs.calicotab.com,sbsbpd25,viable,https://sbs.calicotab.com/api/v1/tournaments/sbsbpd25
DU SBS BPD 2026,https://sbs.calicotab.com/sbsbpd26/,sbs.calicotab.com,sbsbpd26,viable,https://sbs.calicotab.com/api/v1/tournaments/sbsbpd26
DU SGTB Khalsa Logicia 2026,https://logicia2026.calicotab.com/logicia2026/,logicia2026.calicotab.com,logicia2026,viable,https://logicia2026.calicotab.com/api/v1/tournaments/logicia2026
DU SVC People Speak 2024,https://peoplespeak2024.calicotab.com/peoplespeak2024/,peoplespeak2024.calicotab.com,peoplespeak2024,viable,https://peoplespeak2024.calicotab.com/api/v1/tournaments/peoplespeak2024
DU SVC People Speak 2025,https://peoplespeak2025.calicotab.com/peoplespeak2025/,peoplespeak2025.calicotab.com,peoplespeak2025,viable,https://peoplespeak2025.calicotab.com/api/v1/tournaments/peoplespeak2025
DU SVC People Speak 2026,https://peoplespeak2026.calicotab.com/Peoplespeak26/,peoplespeak2026.calicotab.com,Peoplespeak26,http_404,https://peoplespeak2026.calicotab.com/api/v1/tournaments/Peoplespeak26
DU ZHDC Rifaaqat BPD 2025,https://rifaaqat.calicotab.com/_/,rifaaqat.calicotab.com,_,viable,https://rifaaqat.calicotab.com/api/v1/tournaments/_
Duke Open 2022,https://dukeopen2022.calicotab.com/duke2022/,dukeopen2022.calicotab.com,duke2022,viable,https://dukeopen2022.calicotab.com/api/v1/tournaments/duke2022
Durham IV 2021,https://durhamiv2021.calicotab.com/iv/,durhamiv2021.calicotab.com,iv,viable,https://durhamiv2021.calicotab.com/api/v1/tournaments/iv
Durham IV 2022,https://durhamiv2022.calicotab.com/_/,durhamiv2022.calicotab.com,_,viable,https://durhamiv2022.calicotab.com/api/v1/tournaments/_
Durham IV 2023,https://durhamiv2023.calicotab.com/durhamiv2023/,durhamiv2023.calicotab.com,durhamiv2023,viable,https://durhamiv2023.calicotab.com/api/v1/tournaments/durhamiv2023
Durham IV 2024,https://durhamiv2024.calicotab.com/durhamiv2024/,durhamiv2024.calicotab.com,durhamiv2024,viable,https://durhamiv2024.calicotab.com/api/v1/tournaments/durhamiv2024
Durham IV 2025,https://durhamiv2025.calicotab.com/durhamiv2025/,durhamiv2025.calicotab.com,durhamiv2025,viable,https://durhamiv2025.calicotab.com/api/v1/tournaments/durhamiv2025
Dutch DL 2024,https://ddl2024.calicotab.com/DDL/,ddl2024.calicotab.com,DDL,viable,https://ddl2024.calicotab.com/api/v1/tournaments/DDL
Dutch DL 2025,https://ddl2025.calicotab.com/DDL25/,ddl2025.calicotab.com,DDL25,viable,https://ddl2025.calicotab.com/api/v1/tournaments/DDL25
Earlsfort Open 2021,https://earlsfortopen2021.calicotab.com/earlsfortopen2021/,earlsfortopen2021.calicotab.com,earlsfortopen2021,viable,https://earlsfortopen2021.calicotab.com/api/v1/tournaments/earlsfortopen2021
Earlsfort Open 2023,https://earlsfort2023.calicotab.com/_/,earlsfort2023.calicotab.com,_,viable,https://earlsfort2023.calicotab.com/api/v1/tournaments/_
Earlsfort Open 2024,https://earlsfort2024.calicotab.com/earslfort2024/,earlsfort2024.calicotab.com,earslfort2024,viable,https://earlsfort2024.calicotab.com/api/v1/tournaments/earslfort2024
Earlsfort Open 2025,https://earlsfortopen2025.calicotab.com/earlsfortopen2025/,earlsfortopen2025.calicotab.com,earlsfortopen2025,viable,https://earlsfortopen2025.calicotab.com/api/v1/tournaments/earlsfortopen2025
East African UDC 2024,https://eaudc24.calicotab.com/eaudc24/,eaudc24.calicotab.com,eaudc24,viable,https://eaudc24.calicotab.com/api/v1/tournaments/eaudc24
East India Pre-WUDC 2025,https://pratijjav19.calicotab.com/EastIndiaPre-Worlds/,pratijjav19.calicotab.com,EastIndiaPre-Worlds,viable,https://pratijjav19.calicotab.com/api/v1/tournaments/EastIndiaPre-Worlds
East Malaysia Open 2024,https://muhib.calicotab.com/EMO/,muhib.calicotab.com,EMO,viable,https://muhib.calicotab.com/api/v1/tournaments/EMO
Eco Debate IV 2024,https://debatefoster.calicotab.com/ecoiv2024/,debatefoster.calicotab.com,ecoiv2024,viable,https://debatefoster.calicotab.com/api/v1/tournaments/ecoiv2024
Economics Open 2021,https://tabtastic.calicotab.com/econopen/,tabtastic.calicotab.com,econopen,viable,https://tabtastic.calicotab.com/api/v1/tournaments/econopen
Edinburgh Cup 2022,https://edinburgh.calicotab.com/edcup22/,edinburgh.calicotab.com,edcup22,viable,https://edinburgh.calicotab.com/api/v1/tournaments/edcup22
Edinburgh Cup 2023,https://edcup23.calicotab.com/edcup23/,edcup23.calicotab.com,edcup23,viable,https://edcup23.calicotab.com/api/v1/tournaments/edcup23
Edinburgh Cup 2024,https://edicup2024.calicotab.com/EdCup2024/,edicup2024.calicotab.com,EdCup2024,viable,https://edicup2024.calicotab.com/api/v1/tournaments/EdCup2024
Edinburgh Cup 2025,https://edcup25.calicotab.com/_/,edcup25.calicotab.com,_,viable,https://edcup25.calicotab.com/api/v1/tournaments/_
Edinburgh No Notes 2024,https://ednn.calicotab.com/EdNN/,ednn.calicotab.com,EdNN,viable,https://ednn.calicotab.com/api/v1/tournaments/EdNN
Edinburgh Open 2023,https://edidebates.calicotab.com/edopen23/,edidebates.calicotab.com,edopen23,viable,https://edidebates.calicotab.com/api/v1/tournaments/edopen23
Educe Debate Tournament 2024,https://muhib.calicotab.com/EduceDisdcDebte/,muhib.calicotab.com,EduceDisdcDebte,viable,https://muhib.calicotab.com/api/v1/tournaments/EduceDisdcDebte
Eindhoven Open 2025,https://eindhovenopen2025.calicotab.com/EindhovenOpen2025/,eindhovenopen2025.calicotab.com,EindhovenOpen2025,viable,https://eindhovenopen2025.calicotab.com/api/v1/tournaments/EindhovenOpen2025
Emirates Verbal Combat 2024,https://summerwars2022.calicotab.com/EVC2024/,summerwars2022.calicotab.com,EVC2024,viable,https://summerwars2022.calicotab.com/api/v1/tournaments/EVC2024
Empire IV 2026,https://inspired.calicotab.com/empire2026/,inspired.calicotab.com,empire2026,viable,https://inspired.calicotab.com/api/v1/tournaments/empire2026
Enchiridion BP 2024,https://enbp2024.calicotab.com/enbp2024/,enbp2024.calicotab.com,enbp2024,viable,https://enbp2024.calicotab.com/api/v1/tournaments/enbp2024
Erasmus Novice Cup 2023,https://erasmusnovice2023.calicotab.com/ErasmusNovice2023/,erasmusnovice2023.calicotab.com,ErasmusNovice2023,viable,https://erasmusnovice2023.calicotab.com/api/v1/tournaments/ErasmusNovice2023
Erasmus Rotterdam Open 2023,https://ero2023.calicotab.com/_/,ero2023.calicotab.com,_,viable,https://ero2023.calicotab.com/api/v1/tournaments/_
Erasmus Rotterdam Open 2024,https://ero2024.calicotab.com/ERO2024/,ero2024.calicotab.com,ERO2024,viable,https://ero2024.calicotab.com/api/v1/tournaments/ERO2024
Eristic BP 2024,https://dialectica.calicotab.com/Eristic2024/,dialectica.calicotab.com,Eristic2024,viable,https://dialectica.calicotab.com/api/v1/tournaments/Eristic2024
Estonian BP Pro-Am 2023,https://argument.calicotab.com/BPpro-am2023/,argument.calicotab.com,BPpro-am2023,viable,https://argument.calicotab.com/api/v1/tournaments/BPpro-am2023
Estonian BP Pro-Am 2025,https://argument.calicotab.com/bpproam2025/,argument.calicotab.com,bpproam2025,viable,https://argument.calicotab.com/api/v1/tournaments/bpproam2025
Estonian Summer Academy 2025,https://argument.calicotab.com/suveaka2025eng/,argument.calicotab.com,suveaka2025eng,viable,https://argument.calicotab.com/api/v1/tournaments/suveaka2025eng
Novi Sad EUDC 2018,https://docs.google.com/spreadsheets/d/18s85A0T2G89YBk7SR1X75qx97YP6uF-QUuo6uOiM3s4/edit?gid=2052351332#gid=2052351332,docs.google.com,spreadsheets,http_404,https://docs.google.com/api/v1/tournaments/spreadsheets
Athens EUDC 2019,https://web.archive.org/web/20190815133014/https://athenseudc.herokuapp.com/athenseudc/tab/team/,web.archive.org,web,http_404,https://web.archive.org/api/v1/tournaments/web
Astana EUDC 2020,https://eudc2020.calicotab.com/eudc2020/,eudc2020.calicotab.com,eudc2020,viable,https://eudc2020.calicotab.com/api/v1/tournaments/eudc2020
Madrid EUDC 2021,https://eudc2021.calicotab.com/eudc2021/,eudc2021.calicotab.com,eudc2021,viable,https://eudc2021.calicotab.com/api/v1/tournaments/eudc2021
Zagreb EUDC 2022,https://eudc2022.calicotab.com/eudc2022/,eudc2022.calicotab.com,eudc2022,viable,https://eudc2022.calicotab.com/api/v1/tournaments/eudc2022
Black Sea EUDC 2023,https://eudc2023.calicotab.com/_/,eudc2023.calicotab.com,_,viable,https://eudc2023.calicotab.com/api/v1/tournaments/_
Glasgow EUDC 2024,https://eudc2024.calicotab.com/_/,eudc2024.calicotab.com,_,viable,https://eudc2024.calicotab.com/api/v1/tournaments/_
Copenhagen EUDC 2025,https://eudc2025.calicotab.com/_/,eudc2025.calicotab.com,_,viable,https://eudc2025.calicotab.com/api/v1/tournaments/_
Dutch EUDC 2026,https://eudc2026.calicotab.com/_/,eudc2026.calicotab.com,_,viable,https://eudc2026.calicotab.com/api/v1/tournaments/_
EUDC Challenge IV 2021,https://tabtastic.calicotab.com/eudcchallenge2021/,tabtastic.calicotab.com,eudcchallenge2021,viable,https://tabtastic.calicotab.com/api/v1/tournaments/eudcchallenge2021
Euphoria Novice Debate 2021,https://zhmasud.calicotab.com/euphorianoviceopen/,zhmasud.calicotab.com,euphorianoviceopen,viable,https://zhmasud.calicotab.com/api/v1/tournaments/euphorianoviceopen
European Round Robin 2026,https://europeanroundrobin26.calicotab.com/err26/,europeanroundrobin26.calicotab.com,err26,viable,https://europeanroundrobin26.calicotab.com/api/v1/tournaments/err26
Exeter Invitational 2025,https://exeinv2025.calicotab.com/ExeInv2025/,exeinv2025.calicotab.com,ExeInv2025,viable,https://exeinv2025.calicotab.com/api/v1/tournaments/ExeInv2025
Exeter Open 2024,https://exeteropen2024.calicotab.com/exeteropen2024/,exeteropen2024.calicotab.com,exeteropen2024,viable,https://exeteropen2024.calicotab.com/api/v1/tournaments/exeteropen2024
Exeter Open 2025,https://exeteropen2025.calicotab.com/exeteropen2025/,exeteropen2025.calicotab.com,exeteropen2025,viable,https://exeteropen2025.calicotab.com/api/v1/tournaments/exeteropen2025
Exeter Open 2026,https://exeteropen2026.calicotab.com/exeter2026/,exeteropen2026.calicotab.com,exeter2026,viable,https://exeteropen2026.calicotab.com/api/v1/tournaments/exeter2026
Fast IV 2025,https://fastiv25.calicotab.com/fastivkhi25/,fastiv25.calicotab.com,fastivkhi25,viable,https://fastiv25.calicotab.com/api/v1/tournaments/fastivkhi25
Father Roger Guindon Cup 2024,https://guindon2024.calicotab.com/guindon2024/,guindon2024.calicotab.com,guindon2024,viable,https://guindon2024.calicotab.com/api/v1/tournaments/guindon2024
FHDO x BBO BP 2022,https://bigboi.calicotab.com/fhdoxbbo-bp/,bigboi.calicotab.com,fhdoxbbo-bp,viable,https://bigboi.calicotab.com/api/v1/tournaments/fhdoxbbo-bp
Free State IV 2023,https://fsopen2023.calicotab.com/FSO2023/,fsopen2023.calicotab.com,FSO2023,viable,https://fsopen2023.calicotab.com/api/v1/tournaments/FSO2023
Free State IV 2024,https://tshi.calicotab.com/fsopen2024/,tshi.calicotab.com,fsopen2024,viable,https://tshi.calicotab.com/api/v1/tournaments/fsopen2024
Free State IV 2025,https://tshi.calicotab.com/fsiv2025/,tshi.calicotab.com,fsiv2025,viable,https://tshi.calicotab.com/api/v1/tournaments/fsiv2025
Friday Night Debates: ADSL 2025,https://inspired.calicotab.com/ADSL25/,inspired.calicotab.com,ADSL25,viable,https://inspired.calicotab.com/api/v1/tournaments/ADSL25
Gareeb Pre-ABP 2026,https://gareebpreabp.calicotab.com/gareebpreabp2026/,gareebpreabp.calicotab.com,gareebpreabp2026,viable,https://gareebpreabp.calicotab.com/api/v1/tournaments/gareebpreabp2026
Gauteng Open 2025,https://lucien.calicotab.com/GO2025/,lucien.calicotab.com,GO2025,viable,https://lucien.calicotab.com/api/v1/tournaments/GO2025
Ghana Novice DC 2025,https://gndc2025.calicotab.com/gndc25/,gndc2025.calicotab.com,gndc25,viable,https://gndc2025.calicotab.com/api/v1/tournaments/gndc25
Ghana UDC 2022,https://gudc2022.calicotab.com/GUDC2022/,gudc2022.calicotab.com,GUDC2022,viable,https://gudc2022.calicotab.com/api/v1/tournaments/GUDC2022
Ghana UDC 2023,https://knustgudc23.calicotab.com/gudc23/,knustgudc23.calicotab.com,gudc23,viable,https://knustgudc23.calicotab.com/api/v1/tournaments/gudc23
Ghana UDC 2024,https://gudc24.calicotab.com/gudc2024/,gudc24.calicotab.com,gudc2024,viable,https://gudc24.calicotab.com/api/v1/tournaments/gudc2024
Ghana UDC 2025,https://ghnationals.calicotab.com/gudc2025/,ghnationals.calicotab.com,gudc2025,viable,https://ghnationals.calicotab.com/api/v1/tournaments/gudc2025
GIKI IV 2026,https://gikiiv2026.calicotab.com/gikiiv26/,gikiiv2026.calicotab.com,gikiiv26,viable,https://gikiiv2026.calicotab.com/api/v1/tournaments/gikiiv26
GIKI Pre-WUDC 2025,https://gik.calicotab.com/pre-wudc-2025/,gik.calicotab.com,pre-wudc-2025,viable,https://gik.calicotab.com/api/v1/tournaments/pre-wudc-2025
Glasgow Ancients 2022,https://glasgowancients2022.calicotab.com/2022/,glasgowancients2022.calicotab.com,2022,viable,https://glasgowancients2022.calicotab.com/api/v1/tournaments/2022
Glasgow Ancients 2023,https://guu2023.calicotab.com/ancients2023/,guu2023.calicotab.com,ancients2023,viable,https://guu2023.calicotab.com/api/v1/tournaments/ancients2023
Glasgow Ancients 2024,https://glasgowancients24.calicotab.com/_/,glasgowancients24.calicotab.com,_,viable,https://glasgowancients24.calicotab.com/api/v1/tournaments/_
Glasgow Ancients 2025,https://glasgowancients2025.calicotab.com/glasgowancients2025/,glasgowancients2025.calicotab.com,glasgowancients2025,viable,https://glasgowancients2025.calicotab.com/api/v1/tournaments/glasgowancients2025
Glasgow Ancients 2026,https://glasgowancients2026.calicotab.com/glasgowancients2026/,glasgowancients2026.calicotab.com,glasgowancients2026,viable,https://glasgowancients2026.calicotab.com/api/v1/tournaments/glasgowancients2026
Glasgow Summer Cup 2022,https://summercup2022.calicotab.com/_/,summercup2022.calicotab.com,_,viable,https://summercup2022.calicotab.com/api/v1/tournaments/_
Glasgow Summer Cup 2023,https://glasgowsummer2023.calicotab.com/_/,glasgowsummer2023.calicotab.com,_,viable,https://glasgowsummer2023.calicotab.com/api/v1/tournaments/_
Glasgow Summer Cup 2024,https://glasgowsummer2024.calicotab.com/_/,glasgowsummer2024.calicotab.com,_,viable,https://glasgowsummer2024.calicotab.com/api/v1/tournaments/_
Glasgow Summer Cup 2025,https://glasgowsummercup2025.calicotab.com/glasgowsummercup2025/,glasgowsummercup2025.calicotab.com,glasgowsummercup2025,viable,https://glasgowsummercup2025.calicotab.com/api/v1/tournaments/glasgowsummercup2025
Glasgow Summer Cup 2026,https://glasgowsummercup2026.calicotab.com/glasgowsummercup2026/,glasgowsummercup2026.calicotab.com,glasgowsummercup2026,viable,https://glasgowsummercup2026.calicotab.com/api/v1/tournaments/glasgowsummercup2026
GLC Mumbai Debate 2021,https://glc2021.calicotab.com/glc2021/,glc2021.calicotab.com,glc2021,viable,https://glc2021.calicotab.com/api/v1/tournaments/glc2021
GLC Mumbai Debate 2022,https://theglcdebate.calicotab.com/glcdebate2022/,theglcdebate.calicotab.com,glcdebate2022,http_404,https://theglcdebate.calicotab.com/api/v1/tournaments/glcdebate2022
GLC Mumbai Debate 2023,https://theglcdebate.calicotab.com/theglcdebate2023/,theglcdebate.calicotab.com,theglcdebate2023,viable,https://theglcdebate.calicotab.com/api/v1/tournaments/theglcdebate2023
GLC Mumbai Debate 2024,https://theglcdebate.calicotab.com/theglcdebate2024/,theglcdebate.calicotab.com,theglcdebate2024,viable,https://theglcdebate.calicotab.com/api/v1/tournaments/theglcdebate2024
GLC Mumbai Debate 2025,https://theglcdebate.calicotab.com/theglcdebate2025/,theglcdebate.calicotab.com,theglcdebate2025,viable,https://theglcdebate.calicotab.com/api/v1/tournaments/theglcdebate2025
GLC Mumbai Debate 2026,https://theglcdebate.calicotab.com/theglcdebate2026/,theglcdebate.calicotab.com,theglcdebate2026,viable,https://theglcdebate.calicotab.com/api/v1/tournaments/theglcdebate2026
Global ESL Round Robin 2021,https://mace.calicotab.com/globaleslrr2021/,mace.calicotab.com,globaleslrr2021,viable,https://mace.calicotab.com/api/v1/tournaments/globaleslrr2021
Groningen Open 2021,https://tabtastic.calicotab.com/groningen2021/,tabtastic.calicotab.com,groningen2021,viable,https://tabtastic.calicotab.com/api/v1/tournaments/groningen2021
Guangdong DC 2022,https://cuhkszedt00.calicotab.com/gdc2022/,cuhkszedt00.calicotab.com,gdc2022,viable,https://cuhkszedt00.calicotab.com/api/v1/tournaments/gdc2022
Guangdong DC 2023,https://gdc2023.calicotab.com/gdc2023/,gdc2023.calicotab.com,gdc2023,viable,https://gdc2023.calicotab.com/api/v1/tournaments/gdc2023
Guangdong DC 2024,https://gdc2024.calicotab.com/GDC2024/,gdc2024.calicotab.com,GDC2024,viable,https://gdc2024.calicotab.com/api/v1/tournaments/GDC2024
Guangdong DC 2025,https://gdc2025.calicotab.com/GDC2025/,gdc2025.calicotab.com,GDC2025,viable,https://gdc2025.calicotab.com/api/v1/tournaments/GDC2025
Gurgaon Online Open 2026,https://gurgaon2026.calicotab.com/gurgaon26/,gurgaon2026.calicotab.com,gurgaon26,viable,https://gurgaon2026.calicotab.com/api/v1/tournaments/gurgaon26
Habib Pre-Worlds 2022,https://habibpreworlds2022.calicotab.com/habibpreworlds2022/,habibpreworlds2022.calicotab.com,habibpreworlds2022,viable,https://habibpreworlds2022.calicotab.com/api/v1/tournaments/habibpreworlds2022
Habib U DC 2021,https://hudc2021.calicotab.com/hudc2021/,hudc2021.calicotab.com,hudc2021,viable,https://hudc2021.calicotab.com/api/v1/tournaments/hudc2021
Habib U DC 2024,https://habib2024.calicotab.com/HUDC2024/,habib2024.calicotab.com,HUDC2024,viable,https://habib2024.calicotab.com/api/v1/tournaments/HUDC2024
Habib U DC 2025,https://hudc2025.calicotab.com/HUDC2025/,hudc2025.calicotab.com,HUDC2025,viable,https://hudc2025.calicotab.com/api/v1/tournaments/HUDC2025
Habitat Debate Open 2025,https://hdo2025.calicotab.com/HDO2025/,hdo2025.calicotab.com,HDO2025,viable,https://hdo2025.calicotab.com/api/v1/tournaments/HDO2025
Hadzabe Pre-WUDC 2022,https://hadzabe-prewudc.calicotab.com/prewudc22/,hadzabe-prewudc.calicotab.com,prewudc22,viable,https://hadzabe-prewudc.calicotab.com/api/v1/tournaments/prewudc22
Hansraj BP 2021,https://hrcdeb2021.calicotab.com/hansrajdebate21/,hrcdeb2021.calicotab.com,hansrajdebate21,viable,https://hrcdeb2021.calicotab.com/api/v1/tournaments/hansrajdebate21
Hansraj BP 2026,https://hansrajpd2026.calicotab.com/HansrajPD2026/,hansrajpd2026.calicotab.com,HansrajPD2026,viable,https://hansrajpd2026.calicotab.com/api/v1/tournaments/HansrajPD2026
Hansraj PD 2024,https://hansrajpd2024.calicotab.com/hansrajpd2024/,hansrajpd2024.calicotab.com,hansrajpd2024,viable,https://hansrajpd2024.calicotab.com/api/v1/tournaments/hansrajpd2024
Hart House Autumn Split 2025,https://hhas25.calicotab.com/hhas25/,hhas25.calicotab.com,hhas25,viable,https://hhas25.calicotab.com/api/v1/tournaments/hhas25
Hart House IV 2020,https://hhiv2020.calicotab.com/hhiv2020/,hhiv2020.calicotab.com,hhiv2020,viable,https://hhiv2020.calicotab.com/api/v1/tournaments/hhiv2020
Hart House IV 2021,https://hhiv2021.calicotab.com/HHIV2021/,hhiv2021.calicotab.com,HHIV2021,viable,https://hhiv2021.calicotab.com/api/v1/tournaments/HHIV2021
Hart House IV 2022,https://hhiv2022.calicotab.com/hhiv2022/,hhiv2022.calicotab.com,hhiv2022,viable,https://hhiv2022.calicotab.com/api/v1/tournaments/hhiv2022
Hart House IV 2023,https://hhiv2023.calicotab.com/hhiv2023/,hhiv2023.calicotab.com,hhiv2023,viable,https://hhiv2023.calicotab.com/api/v1/tournaments/hhiv2023
Hart House IV 2024,https://hhiv2024.calicotab.com/_/,hhiv2024.calicotab.com,_,viable,https://hhiv2024.calicotab.com/api/v1/tournaments/_
Hart House IV 2025,https://hhiv25.calicotab.com/hhiv25/,hhiv25.calicotab.com,hhiv25,viable,https://hhiv25.calicotab.com/api/v1/tournaments/hhiv25
Hasanuddin BP 2022,https://hbp22.calicotab.com/hbp2022/,hbp22.calicotab.com,hbp2022,viable,https://hbp22.calicotab.com/api/v1/tournaments/hbp2022
Hearts Afire DC 2022,https://mace1996.calicotab.com/heartsafire/,mace1996.calicotab.com,heartsafire,viable,https://mace1996.calicotab.com/api/v1/tournaments/heartsafire
Hearts Afire DO 2026,https://mace.calicotab.com/heartsaffire2026/,mace.calicotab.com,heartsaffire2026,viable,https://mace.calicotab.com/api/v1/tournaments/heartsaffire2026
Helsinki Open 2021,https://helsinkiopen2021.calicotab.com/helsinki2021/,helsinkiopen2021.calicotab.com,helsinki2021,viable,https://helsinkiopen2021.calicotab.com/api/v1/tournaments/helsinki2021
Hit-U (Hitotsubashi) IV 2025,https://hituiv2025.calicotab.com/hituiv2025/,hituiv2025.calicotab.com,hituiv2025,viable,https://hituiv2025.calicotab.com/api/v1/tournaments/hituiv2025
Ho Chi Minh DO 2024,https://hochiminhdebateopen2024.calicotab.com/hcmdo24/,hochiminhdebateopen2024.calicotab.com,hcmdo24,viable,https://hochiminhdebateopen2024.calicotab.com/api/v1/tournaments/hcmdo24
Hogwarts Round Robin 2022,https://knusthogwarts.calicotab.com/hrr22/,knusthogwarts.calicotab.com,hrr22,viable,https://knusthogwarts.calicotab.com/api/v1/tournaments/hrr22
Hogwarts Round Robin 2023,https://knusthogwarts.calicotab.com/hogwarts2023/,knusthogwarts.calicotab.com,hogwarts2023,viable,https://knusthogwarts.calicotab.com/api/v1/tournaments/hogwarts2023
Hogwarts Round Robin 2024,https://knusthogwarts.calicotab.com/hogwarts2024/,knusthogwarts.calicotab.com,hogwarts2024,viable,https://knusthogwarts.calicotab.com/api/v1/tournaments/hogwarts2024
Hogwarts Round Robin 2025,https://kds.calicotab.com/Hogwarts2k25/,kds.calicotab.com,Hogwarts2k25,viable,https://kds.calicotab.com/api/v1/tournaments/Hogwarts2k25
Hogwarts Round Robin 2026,https://kds.calicotab.com/HRR2026/,kds.calicotab.com,HRR2026,viable,https://kds.calicotab.com/api/v1/tournaments/HRR2026
Hollatz Debates 2021,https://hollatzdebates2021.calicotab.com/hollatz2021/,hollatzdebates2021.calicotab.com,hollatz2021,viable,https://hollatzdebates2021.calicotab.com/api/v1/tournaments/hollatz2021
Hong Kong DC 2023,https://hkdc2023.calicotab.com/hkdc2023/,hkdc2023.calicotab.com,hkdc2023,viable,https://hkdc2023.calicotab.com/api/v1/tournaments/hkdc2023
Hong Kong DC 2024,https://hkdc2024.calicotab.com/HKDC-2024/,hkdc2024.calicotab.com,HKDC-2024,viable,https://hkdc2024.calicotab.com/api/v1/tournaments/HKDC-2024
Hong Kong DO 2024,https://hkdo2024.calicotab.com/hkdo2024/,hkdo2024.calicotab.com,hkdo2024,viable,https://hkdo2024.calicotab.com/api/v1/tournaments/hkdo2024
Hugill Cup 2020,https://hugill2020.calicotab.com/hugill2020/,hugill2020.calicotab.com,hugill2020,viable,https://hugill2020.calicotab.com/api/v1/tournaments/hugill2020
Human Rights DC 2021,https://dnn.calicotab.com/hrd2021/,dnn.calicotab.com,hrd2021,viable,https://dnn.calicotab.com/api/v1/tournaments/hrd2021
Humanities Open 2025,https://humanities2025.calicotab.com/ho2025/,humanities2025.calicotab.com,ho2025,viable,https://humanities2025.calicotab.com/api/v1/tournaments/ho2025
Hungarian SDA Pre-WUDC 2024,https://hsda2024.calicotab.com/hsda2024/,hsda2024.calicotab.com,hsda2024,viable,https://hsda2024.calicotab.com/api/v1/tournaments/hsda2024
HWS IV 2021,https://hwsiv2021.calicotab.com/iv/,hwsiv2021.calicotab.com,iv,viable,https://hwsiv2021.calicotab.com/api/v1/tournaments/iv
HWS Round Robin 2023,https://hwsrr2023.calicotab.com/hwsrr2023/,hwsrr2023.calicotab.com,hwsrr2023,viable,https://hwsrr2023.calicotab.com/api/v1/tournaments/hwsrr2023
HWS Round Robin 2024,https://hwsrr2024.calicotab.com/hwsrr2024/,hwsrr2024.calicotab.com,hwsrr2024,viable,https://hwsrr2024.calicotab.com/api/v1/tournaments/hwsrr2024
HWS Round Robin 2025,https://hwsrr2025.calicotab.com/_/,hwsrr2025.calicotab.com,_,viable,https://hwsrr2025.calicotab.com/api/v1/tournaments/_
HWS Round Robin 2026,https://hwsrr2026.calicotab.com/_/,hwsrr2026.calicotab.com,_,viable,https://hwsrr2026.calicotab.com/api/v1/tournaments/_
HWS RR 2014,https://people.hws.edu/barnes/hwsrr/images/tabs/RR-Tab-2014.pdf,people.hws.edu,barnes,http_406,https://people.hws.edu/api/v1/tournaments/barnes
HWS RR 2015,https://people.hws.edu/barnes/hwsrr/images/tabs/RR-Tab-2015.pdf,people.hws.edu,barnes,http_406,https://people.hws.edu/api/v1/tournaments/barnes
HWS RR 2016,https://people.hws.edu/barnes/hwsrr/images/tabs/RR-Tab-2016.pdf,people.hws.edu,barnes,http_406,https://people.hws.edu/api/v1/tournaments/barnes
HWS RR 2017,https://people.hws.edu/barnes/hwsrr/images/tabs/RR-Tab-2017.pdf,people.hws.edu,barnes,http_406,https://people.hws.edu/api/v1/tournaments/barnes
HWS RR 2018,https://people.hws.edu/barnes/hwsrr/images/tabs/RR-Tab-2018.pdf,people.hws.edu,barnes,http_406,https://people.hws.edu/api/v1/tournaments/barnes
HWS RR 2019,https://people.hws.edu/barnes/hwsrr/images/tabs/RR-Tab-2019.pdf,people.hws.edu,barnes,http_406,https://people.hws.edu/api/v1/tournaments/barnes
HWS RR 2020,https://people.hws.edu/barnes/hwsrr/images/tabs/RR-Tab-2020.pdf,people.hws.edu,barnes,http_406,https://people.hws.edu/api/v1/tournaments/barnes
HWS RR 2021,https://people.hws.edu/barnes/hwsrr/images/tabs/RR-Tab-2021.pdf,people.hws.edu,barnes,http_406,https://people.hws.edu/api/v1/tournaments/barnes
HWS RR 2022,https://people.hws.edu/barnes/hwsrr/images/tabs/RR-Tab-2022.pdf,people.hws.edu,barnes,http_406,https://people.hws.edu/api/v1/tournaments/barnes
Hypothetical Open 2023,https://hypotheticalopen.calicotab.com/_/,hypotheticalopen.calicotab.com,_,viable,https://hypotheticalopen.calicotab.com/api/v1/tournaments/_
Hypothetical Open 2024,https://hypotheticalopen.calicotab.com/2/,hypotheticalopen.calicotab.com,2,viable,https://hypotheticalopen.calicotab.com/api/v1/tournaments/2
Hypothetical Open 2026,https://hypotheticalopen2026.calicotab.com/_/,hypotheticalopen2026.calicotab.com,_,viable,https://hypotheticalopen2026.calicotab.com/api/v1/tournaments/_
Ignite DO (1.0) 2023,https://ignite1.calicotab.com/ignite2023/,ignite1.calicotab.com,ignite2023,viable,https://ignite1.calicotab.com/api/v1/tournaments/ignite2023
Ignite DO (2.0) 2024,https://debatefoster.calicotab.com/ignite2024/,debatefoster.calicotab.com,ignite2024,viable,https://debatefoster.calicotab.com/api/v1/tournaments/ignite2024
IIM Ahmedabad PD 2024,https://iimapd24.calicotab.com/iimapd2024/,iimapd24.calicotab.com,iimapd2024,viable,https://iimapd24.calicotab.com/api/v1/tournaments/iimapd2024
IIM Ahmedabad PD 2025,https://iimapd25.calicotab.com/iimapd25/,iimapd25.calicotab.com,iimapd25,viable,https://iimapd25.calicotab.com/api/v1/tournaments/iimapd25
IIM Ahmedabad PD 2026,https://iima2026.calicotab.com/iimapd/,iima2026.calicotab.com,iimapd,viable,https://iima2026.calicotab.com/api/v1/tournaments/iimapd
IIT Bombay Debate (13th) 2021,https://13iitdebate.calicotab.com/13-IITB-Debate/,13iitdebate.calicotab.com,13-IITB-Debate,viable,https://13iitdebate.calicotab.com/api/v1/tournaments/13-IITB-Debate
IIT Bombay Debate (14th) 2022,https://iitbombaydebate2022.calicotab.com/iitbombaydebate2022/,iitbombaydebate2022.calicotab.com,iitbombaydebate2022,viable,https://iitbombaydebate2022.calicotab.com/api/v1/tournaments/iitbombaydebate2022
IIT Bombay Debate (15th) 2023,https://15thiitbombaydebate.calicotab.com/15thiitbombaydebate2023/,15thiitbombaydebate.calicotab.com,15thiitbombaydebate2023,viable,https://15thiitbombaydebate.calicotab.com/api/v1/tournaments/15thiitbombaydebate2023
IIT Bombay Debate (16th) 2023,https://16thiitbombaydebate.calicotab.com/16thiitb/,16thiitbombaydebate.calicotab.com,16thiitb,viable,https://16thiitbombaydebate.calicotab.com/api/v1/tournaments/16thiitb
IIT Bombay Debate (17th) 2024,https://17thiitbombaydebate.calicotab.com/17thiitb/,17thiitbombaydebate.calicotab.com,17thiitb,viable,https://17thiitbombaydebate.calicotab.com/api/v1/tournaments/17thiitb
IIT Bombay Debate (18th) 2025,https://18thiitbombaydebate.calicotab.com/18thiitb/,18thiitbombaydebate.calicotab.com,18thiitb,viable,https://18thiitbombaydebate.calicotab.com/api/v1/tournaments/18thiitb
IIT Bombay Debate (19th) 2025,https://19thiitbombaydebate.calicotab.com/19thiitb/,19thiitbombaydebate.calicotab.com,19thiitb,viable,https://19thiitbombaydebate.calicotab.com/api/v1/tournaments/19thiitb
IIT Kanpur PD 2026,https://iitkpd2026.calicotab.com/iitkpd2026/,iitkpd2026.calicotab.com,iitkpd2026,viable,https://iitkpd2026.calicotab.com/api/v1/tournaments/iitkpd2026
IIT Kharagpur PD 2026,https://kgppd2026.calicotab.com/kgppd26/,kgppd2026.calicotab.com,kgppd26,viable,https://kgppd2026.calicotab.com/api/v1/tournaments/kgppd26
IIT Madras PD 2026,https://iitmpd.calicotab.com/iitmpd26/,iitmpd.calicotab.com,iitmpd26,viable,https://iitmpd.calicotab.com/api/v1/tournaments/iitmpd26
IIT Roorkee PD 2025,https://iitroorkee.calicotab.com/iitrpd2025/,iitroorkee.calicotab.com,iitrpd2025,viable,https://iitroorkee.calicotab.com/api/v1/tournaments/iitrpd2025
IITB Grand Prix 2024,https://iitbgrandprix.calicotab.com/iitb2024/,iitbgrandprix.calicotab.com,iitb2024,viable,https://iitbgrandprix.calicotab.com/api/v1/tournaments/iitb2024
IITM PD 2024,https://iitmpd.calicotab.com/iitmpd24/,iitmpd.calicotab.com,iitmpd24,viable,https://iitmpd.calicotab.com/api/v1/tournaments/iitmpd24
IIUM Open 2024,https://iiuminterschooldebatingchampionship2023.calicotab.com/iiumopen2024/,iiuminterschooldebatingchampionship2023.calicotab.com,iiumopen2024,viable,https://iiuminterschooldebatingchampionship2023.calicotab.com/api/v1/tournaments/iiumopen2024
ILNU BPD 2023,https://ilnubpd2023.calicotab.com/2023/,ilnubpd2023.calicotab.com,2023,viable,https://ilnubpd2023.calicotab.com/api/v1/tournaments/2023
ILNU BPD 2024,https://ilnubpd2024.calicotab.com/ilnubpd/,ilnubpd2024.calicotab.com,ilnubpd,viable,https://ilnubpd2024.calicotab.com/api/v1/tournaments/ilnubpd
ILNU Round Robin 2025,https://ilnuroundrobin.calicotab.com/ilnurr2025/,ilnuroundrobin.calicotab.com,ilnurr2025,viable,https://ilnuroundrobin.calicotab.com/api/v1/tournaments/ilnurr2025
Ilocos Norte IV 2022,https://iniv2022.calicotab.com/iniv2022/,iniv2022.calicotab.com,iniv2022,viable,https://iniv2022.calicotab.com/api/v1/tournaments/iniv2022
Ilorin DC 2022,https://mace1996.calicotab.com/expose4/,mace1996.calicotab.com,expose4,viable,https://mace1996.calicotab.com/api/v1/tournaments/expose4
Ilorin Emirate Verbal Combat 2023,https://unilorin.calicotab.com/EVC2023/,unilorin.calicotab.com,EVC2023,viable,https://unilorin.calicotab.com/api/v1/tournaments/EVC2023
Ilorin Emirate Verbal Combat 2025,https://unilorin.calicotab.com/EVC25/,unilorin.calicotab.com,EVC25,viable,https://unilorin.calicotab.com/api/v1/tournaments/EVC25
Ilorin Word War (IV) 2024,https://unilorin.calicotab.com/WWVI/,unilorin.calicotab.com,WWVI,viable,https://unilorin.calicotab.com/api/v1/tournaments/WWVI
Imperial ChatGPT Open 2024,https://imperialchatgptopen2024.calicotab.com/chatgpt2024/,imperialchatgptopen2024.calicotab.com,chatgpt2024,viable,https://imperialchatgptopen2024.calicotab.com/api/v1/tournaments/chatgpt2024
Imperial In-Person Open 2021,https://imperialinpersonopen2021.netlify.app/2021/,imperialinpersonopen2021.netlify.app,2021,http_404,https://imperialinpersonopen2021.netlify.app/api/v1/tournaments/2021
Imperial IV 2021,https://imperialiv2021.netlify.app/2021/,imperialiv2021.netlify.app,2021,http_404,https://imperialiv2021.netlify.app/api/v1/tournaments/2021
Imperial IV 2022,https://imperialiv2022.calicotab.com/_/,imperialiv2022.calicotab.com,_,viable,https://imperialiv2022.calicotab.com/api/v1/tournaments/_
Imperial IV 2023,https://iv.imperialdebating.org/2023/,iv.imperialdebating.org,2023,not_json,https://iv.imperialdebating.org/api/v1/tournaments/2023
Imperial IV 2024,https://imperialiv24.calicotab.com/impiv24/,imperialiv24.calicotab.com,impiv24,viable,https://imperialiv24.calicotab.com/api/v1/tournaments/impiv24
Imperial IV 2025,https://imperialiv25.calicotab.com/_/,imperialiv25.calicotab.com,_,viable,https://imperialiv25.calicotab.com/api/v1/tournaments/_
Imperial IV 2026,https://imperialiv2026.calicotab.com/imperialiv2026/,imperialiv2026.calicotab.com,imperialiv2026,viable,https://imperialiv2026.calicotab.com/api/v1/tournaments/imperialiv2026
Imperial Novices 2021,https://imperialnovices2021.netlify.app/2021/,imperialnovices2021.netlify.app,2021,http_404,https://imperialnovices2021.netlify.app/api/v1/tournaments/2021
Imperial Novices 2022,https://imperialnovices2022.calicotab.com/_/,imperialnovices2022.calicotab.com,_,viable,https://imperialnovices2022.calicotab.com/api/v1/tournaments/_
Imperial Novices 2025,https://imperialnovices2025.calicotab.com/imperialnovices2025/,imperialnovices2025.calicotab.com,imperialnovices2025,viable,https://imperialnovices2025.calicotab.com/api/v1/tournaments/imperialnovices2025
Imperial Online Open 2025,https://imperialonlineopen2025.calicotab.com/imperialonlineopen2025/,imperialonlineopen2025.calicotab.com,imperialonlineopen2025,viable,https://imperialonlineopen2025.calicotab.com/api/v1/tournaments/imperialonlineopen2025
Imperial Open 2021,https://imperialopen2021.netlify.app/2021/,imperialopen2021.netlify.app,2021,http_404,https://imperialopen2021.netlify.app/api/v1/tournaments/2021
Imperial Pre-WUDC 2025,https://imperialprewudc.calicotab.com/imperialprewudc2025/,imperialprewudc.calicotab.com,imperialprewudc2025,viable,https://imperialprewudc.calicotab.com/api/v1/tournaments/imperialprewudc2025
Imperial Pro-Am 2021,https://imperialproam2021.netlify.app/2021/,imperialproam2021.netlify.app,2021,http_404,https://imperialproam2021.netlify.app/api/v1/tournaments/2021
Imperial Winter Pro-Am 2021,https://imperialwinterproam2021.netlify.app/2021/,imperialwinterproam2021.netlify.app,2021,http_404,https://imperialwinterproam2021.netlify.app/api/v1/tournaments/2021
India ABP Fundraiser 2025,https://dialectica.calicotab.com/indiaabpfundraiser/,dialectica.calicotab.com,indiaabpfundraiser,viable,https://dialectica.calicotab.com/api/v1/tournaments/indiaabpfundraiser
India Pre-ABP 2026,https://dialectica.calicotab.com/indiapreabp2026/,dialectica.calicotab.com,indiapreabp2026,viable,https://dialectica.calicotab.com/api/v1/tournaments/indiapreabp2026
India WUDC Fundraiser 2023,https://indiawudcfundraiser.calicotab.com/_/,indiawudcfundraiser.calicotab.com,_,viable,https://indiawudcfundraiser.calicotab.com/api/v1/tournaments/_
Indian Debate Open 2024,https://ufd.calicotab.com/ido24/,ufd.calicotab.com,ido24,viable,https://ufd.calicotab.com/api/v1/tournaments/ido24
Indo-Pacific Autumn BP 2024,https://ufd.calicotab.com/autumnbp24/,ufd.calicotab.com,autumnbp24,viable,https://ufd.calicotab.com/api/v1/tournaments/autumnbp24
Indo-Pacific BP Open 2024,https://ufd.calicotab.com/indopacificbp24/,ufd.calicotab.com,indopacificbp24,viable,https://ufd.calicotab.com/api/v1/tournaments/indopacificbp24
Indo-Pacific Pre-ABP 2024,https://ufd.calicotab.com/preabp24/,ufd.calicotab.com,preabp24,viable,https://ufd.calicotab.com/api/v1/tournaments/preabp24
Indo-Pacific Pre-ABP 2025,https://ufd.calicotab.com/preabp25/,ufd.calicotab.com,preabp25,viable,https://ufd.calicotab.com/api/v1/tournaments/preabp25
Indo-Pacific Pro-Am 2024,https://ufd.calicotab.com/ProAm24/,ufd.calicotab.com,ProAm24,viable,https://ufd.calicotab.com/api/v1/tournaments/ProAm24
Indonesian National UDC 2024,https://nudc2024.au-tab.app/national/,nudc2024.au-tab.app,national,viable,https://nudc2024.au-tab.app/api/v1/tournaments/national
Inner Temple IV 2021,https://saveafather.calicotab.com/innertempleiv2021/,saveafather.calicotab.com,innertempleiv2021,viable,https://saveafather.calicotab.com/api/v1/tournaments/innertempleiv2021
Inner Temple IV 2025,https://inneriv25.calicotab.com/InnerIV25/,inneriv25.calicotab.com,InnerIV25,viable,https://inneriv25.calicotab.com/api/v1/tournaments/InnerIV25
Inner Temple IV 2026,https://innertemple26.calicotab.com/harrisonplate/,innertemple26.calicotab.com,harrisonplate,viable,https://innertemple26.calicotab.com/api/v1/tournaments/harrisonplate
Int. Nusantara Debate 2024,https://debatnusantara2024.au-tab.app/ind2024/,debatnusantara2024.au-tab.app,ind2024,viable,https://debatnusantara2024.au-tab.app/api/v1/tournaments/ind2024
Intertext Novice BP 2023,https://intertext.calicotab.com/inbp2023/,intertext.calicotab.com,inbp2023,viable,https://intertext.calicotab.com/api/v1/tournaments/inbp2023
Intertext Pre-ABP 2023,https://intertext.calicotab.com/ipabp2023/,intertext.calicotab.com,ipabp2023,viable,https://intertext.calicotab.com/api/v1/tournaments/ipabp2023
Intertext Pre-ABP 2024,https://intertext.calicotab.com/ipabp2024/,intertext.calicotab.com,ipabp2024,viable,https://intertext.calicotab.com/api/v1/tournaments/ipabp2024
Intertext Pre-ABP 2026,https://intertext.calicotab.com/intertextpreabp2026/,intertext.calicotab.com,intertextpreabp2026,http_404,https://intertext.calicotab.com/api/v1/tournaments/intertextpreabp2026
Intertext Pro-Am 2023,https://intertext.calicotab.com/ipado2023/,intertext.calicotab.com,ipado2023,viable,https://intertext.calicotab.com/api/v1/tournaments/ipado2023
Intertext Pro-Am 2024,https://intertext.calicotab.com/ipa2024/,intertext.calicotab.com,ipa2024,viable,https://intertext.calicotab.com/api/v1/tournaments/ipa2024
Irish Novices 2025,https://irishnovices25.calicotab.com/_/,irishnovices25.calicotab.com,_,viable,https://irishnovices25.calicotab.com/api/v1/tournaments/_
Israeli English Cup 2024,https://idltournaments2024.calicotab.com/englishcup24/,idltournaments2024.calicotab.com,englishcup24,viable,https://idltournaments2024.calicotab.com/api/v1/tournaments/englishcup24
Israeli English Cup 2025,https://idltournaments2026.calicotab.com/englishcup25/,idltournaments2026.calicotab.com,englishcup25,viable,https://idltournaments2026.calicotab.com/api/v1/tournaments/englishcup25
Israeli English Open 2024,https://idltournaments2024.calicotab.com/englishopen2024/,idltournaments2024.calicotab.com,englishopen2024,viable,https://idltournaments2024.calicotab.com/api/v1/tournaments/englishopen2024
Israeli English Open 2025,https://idltournaments2024.calicotab.com/engopen2025/,idltournaments2024.calicotab.com,engopen2025,viable,https://idltournaments2024.calicotab.com/api/v1/tournaments/engopen2025
Israeli English Open 2026,https://idltournaments2026.calicotab.com/englishopen2026/,idltournaments2026.calicotab.com,englishopen2026,viable,https://idltournaments2026.calicotab.com/api/v1/tournaments/englishopen2026
Israeli Mini Spring Challenge 2026,https://idltournaments2026.calicotab.com/minispringchallenge2026/,idltournaments2026.calicotab.com,minispringchallenge2026,viable,https://idltournaments2026.calicotab.com/api/v1/tournaments/minispringchallenge2026
Israeli Newbies 2025,https://idltournaments2024.calicotab.com/Newbies2024/,idltournaments2024.calicotab.com,Newbies2024,viable,https://idltournaments2024.calicotab.com/api/v1/tournaments/Newbies2024
Israeli Newbies 2026,https://idltournaments2026.calicotab.com/newbies2026/,idltournaments2026.calicotab.com,newbies2026,viable,https://idltournaments2026.calicotab.com/api/v1/tournaments/newbies2026
Israeli Novice IV 2026,https://idltournaments2026.calicotab.com/NIV2026/,idltournaments2026.calicotab.com,NIV2026,viable,https://idltournaments2026.calicotab.com/api/v1/tournaments/NIV2026
Istanbul Open 2024,https://istanbulopen30international.calicotab.com/istanbulopen30/,istanbulopen30international.calicotab.com,istanbulopen30,viable,https://istanbulopen30international.calicotab.com/api/v1/tournaments/istanbulopen30
Istanbul Open 2026,https://tabserverofturkey.calicotab.com/istanbulopen26/,tabserverofturkey.calicotab.com,istanbulopen26,viable,https://tabserverofturkey.calicotab.com/api/v1/tournaments/istanbulopen26
Istanbul Peitho Open 2025,https://tabserverofturkey.calicotab.com/ihuinternationalopen2025/,tabserverofturkey.calicotab.com,ihuinternationalopen2025,viable,https://tabserverofturkey.calicotab.com/api/v1/tournaments/ihuinternationalopen2025
Ivorian IV 2026,https://braceytab.calicotab.com/IV2026/,braceytab.calicotab.com,IV2026,viable,https://braceytab.calicotab.com/api/v1/tournaments/IV2026
Japan BP 2024,https://japanbp2024.calicotab.com/24jbp/,japanbp2024.calicotab.com,24jbp,viable,https://japanbp2024.calicotab.com/api/v1/tournaments/24jbp
Japan BP 2025,https://japanbp2025.calicotab.com/_/,japanbp2025.calicotab.com,_,viable,https://japanbp2025.calicotab.com/api/v1/tournaments/_
Jindal Debate 2026,https://jindaldebsoc.calicotab.com/jindaldebate2026/,jindaldebsoc.calicotab.com,jindaldebate2026,viable,https://jindaldebsoc.calicotab.com/api/v1/tournaments/jindaldebate2026
Johns Hopkins Open 2022,https://johnshopkinsopen2022.calicotab.com/jhu2022/,johnshopkinsopen2022.calicotab.com,jhu2022,viable,https://johnshopkinsopen2022.calicotab.com/api/v1/tournaments/jhu2022
Johns Hopkins Pre-WUDC 2023,https://jhuprewudc2023.calicotab.com/jhuprewudc2023/,jhuprewudc2023.calicotab.com,jhuprewudc2023,viable,https://jhuprewudc2023.calicotab.com/api/v1/tournaments/jhuprewudc2023
Jozi Rumble 2022,https://mace.calicotab.com/jr22/,mace.calicotab.com,jr22,viable,https://mace.calicotab.com/api/v1/tournaments/jr22
Jozi Rumble 2023,https://jozirumble.calicotab.com/jozirumble2023/,jozirumble.calicotab.com,jozirumble2023,viable,https://jozirumble.calicotab.com/api/v1/tournaments/jozirumble2023
Jozi Rumble 2024,https://jr2024.calicotab.com/jozirumble2024/,jr2024.calicotab.com,jozirumble2024,viable,https://jr2024.calicotab.com/api/v1/tournaments/jozirumble2024
Jozi Rumble 2025,https://jr2025.calicotab.com/jr2025/,jr2025.calicotab.com,jr2025,viable,https://jr2025.calicotab.com/api/v1/tournaments/jr2025
Jozi Rumble 2026,https://nix.calicotab.com/JR26/,nix.calicotab.com,JR26,viable,https://nix.calicotab.com/api/v1/tournaments/JR26
JPDU (Japan) Autumn T 2024,https://jpduautumn2024.calicotab.com/_/,jpduautumn2024.calicotab.com,_,viable,https://jpduautumn2024.calicotab.com/api/v1/tournaments/_
JPDU (Japan) Autumn T 2025,https://autumntournament.calicotab.com/autumntournament2025/,autumntournament.calicotab.com,autumntournament2025,viable,https://autumntournament.calicotab.com/api/v1/tournaments/autumntournament2025
Kampala Open 2023,https://01-rean.calicotab.com/ko-23/,01-rean.calicotab.com,ko-23,viable,https://01-rean.calicotab.com/api/v1/tournaments/ko-23
Kampala Open 2024,https://2001rean.calicotab.com/KO2024/,2001rean.calicotab.com,KO2024,viable,https://2001rean.calicotab.com/api/v1/tournaments/KO2024
Kampala Open 2025,https://debatefoster.calicotab.com/KO2025/,debatefoster.calicotab.com,KO2025,viable,https://debatefoster.calicotab.com/api/v1/tournaments/KO2025
Kampala Open 2026,https://inspired.calicotab.com/KO2026/,inspired.calicotab.com,KO2026,viable,https://inspired.calicotab.com/api/v1/tournaments/KO2026
Kasiyana Open 2025,https://kasiyana.calicotab.com/kasiyana2025/,kasiyana.calicotab.com,kasiyana2025,viable,https://kasiyana.calicotab.com/api/v1/tournaments/kasiyana2025
KCL IV 2025,https://kcliv25.calicotab.com/kcliv25/,kcliv25.calicotab.com,kcliv25,viable,https://kcliv25.calicotab.com/api/v1/tournaments/kcliv25
KCL Novices 2024,https://kingsnovices2024.calicotab.com/kingsnovices2024/,kingsnovices2024.calicotab.com,kingsnovices2024,viable,https://kingsnovices2024.calicotab.com/api/v1/tournaments/kingsnovices2024
KCL Open 2021,https://kclopen2021.calicotab.com/kclopen2021/,kclopen2021.calicotab.com,kclopen2021,viable,https://kclopen2021.calicotab.com/api/v1/tournaments/kclopen2021
KCL Open 2022,https://kclopen2022.calicotab.com/kclopen/,kclopen2022.calicotab.com,kclopen,viable,https://kclopen2022.calicotab.com/api/v1/tournaments/kclopen
KCL Open 2024,https://kclopen2024.calicotab.com/kclopen2024/,kclopen2024.calicotab.com,kclopen2024,viable,https://kclopen2024.calicotab.com/api/v1/tournaments/kclopen2024
KCL Open 2025,https://kclopen25.calicotab.com/kclopen25/,kclopen25.calicotab.com,kclopen25,viable,https://kclopen25.calicotab.com/api/v1/tournaments/kclopen25
KCL Pre-EUDC 2025,https://kclopen2025.calicotab.com/kclpreeudc2025/,kclopen2025.calicotab.com,kclpreeudc2025,viable,https://kclopen2025.calicotab.com/api/v1/tournaments/kclpreeudc2025
KCL Pro-Am 2020,https://kclproam2020.calicotab.com/kclproam2020/,kclproam2020.calicotab.com,kclproam2020,viable,https://kclproam2020.calicotab.com/api/v1/tournaments/kclproam2020
KCL Pro-Am 2021,https://kclproam.calicotab.com/kclpa21/,kclproam.calicotab.com,kclpa21,viable,https://kclproam.calicotab.com/api/v1/tournaments/kclpa21
KCL Pro-Am 2022,https://kclproam2022.calicotab.com/kclpa2022/,kclproam2022.calicotab.com,kclpa2022,viable,https://kclproam2022.calicotab.com/api/v1/tournaments/kclpa2022
Keio Debate Open 2026,https://kdo2026.calicotab.com/kdo2026/,kdo2026.calicotab.com,kdo2026,viable,https://kdo2026.calicotab.com/api/v1/tournaments/kdo2026
Keio IV 2026,https://keioiv2026.calicotab.com/keioiv2026/,keioiv2026.calicotab.com,keioiv2026,viable,https://keioiv2026.calicotab.com/api/v1/tournaments/keioiv2026
Khalsa Pre-ABP 2025,https://khalsapreabp2025.calicotab.com/khalsapreabp25/,khalsapreabp2025.calicotab.com,khalsapreabp25,viable,https://khalsapreabp2025.calicotab.com/api/v1/tournaments/khalsapreabp25
Kiambu-Nairobi Regionals 2026,https://kudc.calicotab.com/KiambuNairobi25/,kudc.calicotab.com,KiambuNairobi25,viable,https://kudc.calicotab.com/api/v1/tournaments/KiambuNairobi25
KIDA (Korea) Open 2023,https://kidaopen2023.calicotab.com/kidaopen2023/,kidaopen2023.calicotab.com,kidaopen2023,viable,https://kidaopen2023.calicotab.com/api/v1/tournaments/kidaopen2023
KIDA (Korea) Open 2024,https://kidaopen2024.calicotab.com/kidaopen2024/,kidaopen2024.calicotab.com,kidaopen2024,viable,https://kidaopen2024.calicotab.com/api/v1/tournaments/kidaopen2024
Kinnaird College DC (English) 2022,https://kinnairdurduopen21.calicotab.com/kcdcenglish22/,kinnairdurduopen21.calicotab.com,kcdcenglish22,viable,https://kinnairdurduopen21.calicotab.com/api/v1/tournaments/kcdcenglish22
Kinnaird College DC (English) 2023,https://kinnairdurduopen21.calicotab.com/kcdc23english/,kinnairdurduopen21.calicotab.com,kcdc23english,viable,https://kinnairdurduopen21.calicotab.com/api/v1/tournaments/kcdc23english
Kinnaird College DC (English) 2024,https://kinnairdurduopen21.calicotab.com/Kcdceng2024/,kinnairdurduopen21.calicotab.com,Kcdceng2024,viable,https://kinnairdurduopen21.calicotab.com/api/v1/tournaments/Kcdceng2024
Kinnaird College DC (English) 2025,https://kinnairdurduopen21.calicotab.com/KCDC25/,kinnairdurduopen21.calicotab.com,KCDC25,viable,https://kinnairdurduopen21.calicotab.com/api/v1/tournaments/KCDC25
Kirori Mal C Iron Giant 2024,https://kmcirongiant.calicotab.com/kmcirongiant/,kmcirongiant.calicotab.com,kmcirongiant,viable,https://kmcirongiant.calicotab.com/api/v1/tournaments/kmcirongiant
KNUST Debate Open 2024,https://knustopen2024.calicotab.com/_/,knustopen2024.calicotab.com,_,viable,https://knustopen2024.calicotab.com/api/v1/tournaments/_
KNUST Vice Chancellor's Cup 2023,https://kds.calicotab.com/vcc23/,kds.calicotab.com,vcc23,viable,https://kds.calicotab.com/api/v1/tournaments/vcc23
KNUST Vice Chancellor's Cup 2025,https://braceytab.calicotab.com/2025VCC/,braceytab.calicotab.com,2025VCC,viable,https://braceytab.calicotab.com/api/v1/tournaments/2025VCC
Kontra-Korap Cup 2025,https://kontrakorapcup.calicotab.com/kkc2025/,kontrakorapcup.calicotab.com,kkc2025,viable,https://kontrakorapcup.calicotab.com/api/v1/tournaments/kkc2025
Korea Nationals 2024,https://snudaxhufsknc.calicotab.com/hdsnudaknc2024/,snudaxhufsknc.calicotab.com,hdsnudaknc2024,viable,https://snudaxhufsknc.calicotab.com/api/v1/tournaments/hdsnudaknc2024
Korea Nationals (KUDC x HYDS) 2025,https://kudchydsknc2025.calicotab.com/kudchydsknc2025/,kudchydsknc2025.calicotab.com,kudchydsknc2025,viable,https://kudchydsknc2025.calicotab.com/api/v1/tournaments/kudchydsknc2025
Korea Nationals (MKDS x DAE) 2025,https://mkdsdaeknc2025.calicotab.com/mkdsdaeknc2025/,mkdsdaeknc2025.calicotab.com,mkdsdaeknc2025,viable,https://mkdsdaeknc2025.calicotab.com/api/v1/tournaments/mkdsdaeknc2025
Korea Nationals 2026,https://snudaxhdskncap2026.calicotab.com/2026apknc/,snudaxhdskncap2026.calicotab.com,2026apknc,viable,https://snudaxhdskncap2026.calicotab.com/api/v1/tournaments/2026apknc
Kumasi Debate Open 2022,https://kdotab.calicotab.com/kdo22/,kdotab.calicotab.com,kdo22,viable,https://kdotab.calicotab.com/api/v1/tournaments/kdo22
Kumasi Debate Open 2023,https://kumasi.calicotab.com/kdo23/,kumasi.calicotab.com,kdo23,viable,https://kumasi.calicotab.com/api/v1/tournaments/kdo23
Kumasi Debate Open 2024,https://kumasi.calicotab.com/kdo24/,kumasi.calicotab.com,kdo24,viable,https://kumasi.calicotab.com/api/v1/tournaments/kdo24
Kumasi Debate Open 2025,https://kumasi.calicotab.com/kdo2025/,kumasi.calicotab.com,kdo2025,viable,https://kumasi.calicotab.com/api/v1/tournaments/kdo2025
Kumasi Debate Open 2026,https://kumasi.calicotab.com/kdo2026/,kumasi.calicotab.com,kdo2026,viable,https://kumasi.calicotab.com/api/v1/tournaments/kdo2026
Kyiv Open 2021,https://kyivopen2021.calicotab.com/kyiv/,kyivopen2021.calicotab.com,kyiv,viable,https://kyivopen2021.calicotab.com/api/v1/tournaments/kyiv
Kyushu Debate Open 2024,https://qdo.calicotab.com/qdo2024/,qdo.calicotab.com,qdo2024,viable,https://qdo.calicotab.com/api/v1/tournaments/qdo2024
L&C Steve Hunt Classic 2025,https://stevehunt.calicotab.com/shc25/,stevehunt.calicotab.com,shc25,viable,https://stevehunt.calicotab.com/api/v1/tournaments/shc25
La Vida Open 2024,https://debatefoster.calicotab.com/LVO2024/,debatefoster.calicotab.com,LVO2024,viable,https://debatefoster.calicotab.com/api/v1/tournaments/LVO2024
Lagos Debate Open 2023,https://unilagdebate.calicotab.com/ldo2023/,unilagdebate.calicotab.com,ldo2023,viable,https://unilagdebate.calicotab.com/api/v1/tournaments/ldo2023
Lagos Debate Open 2025,https://unilagdebate.calicotab.com/ldo2025/,unilagdebate.calicotab.com,ldo2025,viable,https://unilagdebate.calicotab.com/api/v1/tournaments/ldo2025
Lancaster IV 2025,https://lancasteriv.calicotab.com/lancaster25/,lancasteriv.calicotab.com,lancaster25,viable,https://lancasteriv.calicotab.com/api/v1/tournaments/lancaster25
Lantugi Novice Cup 2024,https://lantugi.calicotab.com/novicecup24/,lantugi.calicotab.com,novicecup24,viable,https://lantugi.calicotab.com/api/v1/tournaments/novicecup24
Lantugi Novice Cup 2025,https://lnc.calicotab.com/lnc2025/,lnc.calicotab.com,lnc2025,viable,https://lnc.calicotab.com/api/v1/tournaments/lnc2025
Laurier Golden Cup 2025,https://ldsgoldencup25.calicotab.com/ldsgoldencup25/,ldsgoldencup25.calicotab.com,ldsgoldencup25,viable,https://ldsgoldencup25.calicotab.com/api/v1/tournaments/ldsgoldencup25
Leiden Open 2023,https://leidenopen23.calicotab.com/leidenopen23/,leidenopen23.calicotab.com,leidenopen23,viable,https://leidenopen23.calicotab.com/api/v1/tournaments/leidenopen23
Leiden Open 2024,https://leidenopen2024.calicotab.com/_/,leidenopen2024.calicotab.com,_,viable,https://leidenopen2024.calicotab.com/api/v1/tournaments/_
Leiden Open 2025,https://lo2025.calicotab.com/lo2025/,lo2025.calicotab.com,lo2025,viable,https://lo2025.calicotab.com/api/v1/tournaments/lo2025
Leiden Open 2026,https://lo2026.calicotab.com/LO2026/,lo2026.calicotab.com,LO2026,viable,https://lo2026.calicotab.com/api/v1/tournaments/LO2026
Linkbate DC 2022,https://linkbate-6-2022.calicotab.com/linkbate/,linkbate-6-2022.calicotab.com,linkbate,viable,https://linkbate-6-2022.calicotab.com/api/v1/tournaments/linkbate
Linkbate DC 2024,https://linkbate2024.calicotab.com/linkbate/,linkbate2024.calicotab.com,linkbate,viable,https://linkbate2024.calicotab.com/api/v1/tournaments/linkbate
Liverpool Internal 2025,https://mersey.calicotab.com/LDU/,mersey.calicotab.com,LDU,viable,https://mersey.calicotab.com/api/v1/tournaments/LDU
Liverpool IV 2023,https://liverpool23.calicotab.com/Liverpool23/,liverpool23.calicotab.com,Liverpool23,viable,https://liverpool23.calicotab.com/api/v1/tournaments/Liverpool23
Liverpool IV 2024,https://liverpooliv2024.calicotab.com/liv24/,liverpooliv2024.calicotab.com,liv24,viable,https://liverpooliv2024.calicotab.com/api/v1/tournaments/liv24
Liverpool IV 2025,https://liverpool25.calicotab.com/liverpool25/,liverpool25.calicotab.com,liverpool25,viable,https://liverpool25.calicotab.com/api/v1/tournaments/liverpool25
Liverpool IV 2026,https://liverpooliv2026.calicotab.com/liverpooliv2026/,liverpooliv2026.calicotab.com,liverpooliv2026,viable,https://liverpooliv2026.calicotab.com/api/v1/tournaments/liverpooliv2026
Ljubljana IV 2022,https://tab.debate.si/lj-iv-22/,tab.debate.si,lj-iv-22,viable,https://tab.debate.si/api/v1/tournaments/lj-iv-22
Ljubljana IV 2023,https://tab.debate.si/lj-iv-23/,tab.debate.si,lj-iv-23,viable,https://tab.debate.si/api/v1/tournaments/lj-iv-23
Ljubljana IV 2024,https://tab.debate.si/lj-iv-24/,tab.debate.si,lj-iv-24,viable,https://tab.debate.si/api/v1/tournaments/lj-iv-24
Ljubljana Pre-WUDC 2025,https://tab.debate.si/lj-pre-wudc-25/,tab.debate.si,lj-pre-wudc-25,viable,https://tab.debate.si/api/v1/tournaments/lj-pre-wudc-25
Lord Dorchester Cup 2024,https://lorddorchester.calicotab.com/dorch2024/,lorddorchester.calicotab.com,dorch2024,viable,https://lorddorchester.calicotab.com/api/v1/tournaments/dorch2024
Lord Dorchester Cup 2025,https://lorddorchester.calicotab.com/dorch2025/,lorddorchester.calicotab.com,dorch2025,viable,https://lorddorchester.calicotab.com/api/v1/tournaments/dorch2025
Lord Dorchester Cup 2026,https://dorchestercup2026.calicotab.com/dorchestercup2026/,dorchestercup2026.calicotab.com,dorchestercup2026,viable,https://dorchestercup2026.calicotab.com/api/v1/tournaments/dorchestercup2026
Loyola Debate Open (2) 2022,https://loyoladebateopen2.calicotab.com/loyoladebateopen2/,loyoladebateopen2.calicotab.com,loyoladebateopen2,viable,https://loyoladebateopen2.calicotab.com/api/v1/tournaments/loyoladebateopen2
Loyola Debate Open (3) 2024,https://loyoladebateopen3.calicotab.com/loyoladebateopen3/,loyoladebateopen3.calicotab.com,loyoladebateopen3,viable,https://loyoladebateopen3.calicotab.com/api/v1/tournaments/loyoladebateopen3
LSE IV 2022,https://lsetabs.calicotab.com/lseiv2022/,lsetabs.calicotab.com,lseiv2022,viable,https://lsetabs.calicotab.com/api/v1/tournaments/lseiv2022
LSE IV 2023,https://lsexiv.calicotab.com/lsexiv/,lsexiv.calicotab.com,lsexiv,viable,https://lsexiv.calicotab.com/api/v1/tournaments/lsexiv
LSE IV 2024,https://lseiv2024.calicotab.com/_/,lseiv2024.calicotab.com,_,viable,https://lseiv2024.calicotab.com/api/v1/tournaments/_
LSE IV 2025,https://lseiv2025.calicotab.com/lseiv2025/,lseiv2025.calicotab.com,lseiv2025,viable,https://lseiv2025.calicotab.com/api/v1/tournaments/lseiv2025
LSE Open 2021,https://lseopen2021.netlify.app/2021/,lseopen2021.netlify.app,2021,http_404,https://lseopen2021.netlify.app/api/v1/tournaments/2021
LSE Open 2022,https://lseopen2022.calicotab.com/_/,lseopen2022.calicotab.com,_,viable,https://lseopen2022.calicotab.com/api/v1/tournaments/_
LSE Open 2023,https://lseopen2023.calicotab.com/_/,lseopen2023.calicotab.com,_,viable,https://lseopen2023.calicotab.com/api/v1/tournaments/_
LSE Open 2024,https://lseopen2024.calicotab.com/lsexopen2024/,lseopen2024.calicotab.com,lsexopen2024,viable,https://lseopen2024.calicotab.com/api/v1/tournaments/lsexopen2024
LSE Open 2025,https://lseopen2025.calicotab.com/_/,lseopen2025.calicotab.com,_,viable,https://lseopen2025.calicotab.com/api/v1/tournaments/_
LSE Open 2026,https://lseopen2026.calicotab.com/_/,lseopen2026.calicotab.com,_,viable,https://lseopen2026.calicotab.com/api/v1/tournaments/_
LSE x KCL Novices 2025,https://lsekclnovices.calicotab.com/lsekclnovices25/,lsekclnovices.calicotab.com,lsekclnovices25,viable,https://lsekclnovices.calicotab.com/api/v1/tournaments/lsekclnovices25
Lubart Open 2021,https://lubart2021.netlify.app/2021/,lubart2021.netlify.app,2021,http_404,https://lubart2021.netlify.app/api/v1/tournaments/2021
LUMS IV 2021,https://lums.calicotab.com/lumsiv21/,lums.calicotab.com,lumsiv21,viable,https://lums.calicotab.com/api/v1/tournaments/lumsiv21
LUMS IV 2023,https://lums.calicotab.com/lumsiv2023/,lums.calicotab.com,lumsiv2023,viable,https://lums.calicotab.com/api/v1/tournaments/lumsiv2023
LUMS IV 2024,https://lums.calicotab.com/lumsiv24/,lums.calicotab.com,lumsiv24,viable,https://lums.calicotab.com/api/v1/tournaments/lumsiv24
LUMS IV 2025,https://lums.calicotab.com/lumsiv25/,lums.calicotab.com,lumsiv25,viable,https://lums.calicotab.com/api/v1/tournaments/lumsiv25
LUMS IV 2026,https://lums.calicotab.com/lumsiv2026/,lums.calicotab.com,lumsiv2026,viable,https://lums.calicotab.com/api/v1/tournaments/lumsiv2026
LUMS Pre-ABP 2024,https://lums.calicotab.com/lumspreabp2024/,lums.calicotab.com,lumspreabp2024,viable,https://lums.calicotab.com/api/v1/tournaments/lumspreabp2024
Luzon IV 2021,https://luzonintervarsity.calicotab.com/liv2021/,luzonintervarsity.calicotab.com,liv2021,viable,https://luzonintervarsity.calicotab.com/api/v1/tournaments/liv2021
Luzon IV 2022,https://luzonintervarsity.calicotab.com/liv2022/,luzonintervarsity.calicotab.com,liv2022,viable,https://luzonintervarsity.calicotab.com/api/v1/tournaments/liv2022
Luzon IV 2023,https://luzonintervarsity.calicotab.com/liv2023/,luzonintervarsity.calicotab.com,liv2023,viable,https://luzonintervarsity.calicotab.com/api/v1/tournaments/liv2023
Maastricht Open 2025,https://maastricht2025.calicotab.com/maastricht2025/,maastricht2025.calicotab.com,maastricht2025,viable,https://maastricht2025.calicotab.com/api/v1/tournaments/maastricht2025
Macau Debate Open 2024,https://mdo2024.calicotab.com/mdo2024/,mdo2024.calicotab.com,mdo2024,viable,https://mdo2024.calicotab.com/api/v1/tournaments/mdo2024
Macau Debate Open 2025,https://macaudebateopen2025.calicotab.com/macaudebateopen2025/,macaudebateopen2025.calicotab.com,macaudebateopen2025,viable,https://macaudebateopen2025.calicotab.com/api/v1/tournaments/macaudebateopen2025
Macau Debate Open 2026,https://macaudebateopen26.calicotab.com/macau2026/,macaudebateopen26.calicotab.com,macau2026,viable,https://macaudebateopen26.calicotab.com/api/v1/tournaments/macau2026
Macquarie Pro-Am 2022,https://mactabs2022.calicotab.com/macproam2022/,mactabs2022.calicotab.com,macproam2022,viable,https://mactabs2022.calicotab.com/api/v1/tournaments/macproam2022
Macquarie Pro-Am 2025,https://mactabs2025.calicotab.com/macpa2025/,mactabs2025.calicotab.com,macpa2025,viable,https://mactabs2025.calicotab.com/api/v1/tournaments/macpa2025
Macquarie Pro-Am 2026,https://mactabs2026.calicotab.com/macproam26/,mactabs2026.calicotab.com,macproam26,viable,https://mactabs2026.calicotab.com/api/v1/tournaments/macproam26
Mahasangram 2021,https://dnn.calicotab.com/ms2021/,dnn.calicotab.com,ms2021,viable,https://dnn.calicotab.com/api/v1/tournaments/ms2021
Mahasangram Pre-WUDC 2024,https://dnn.calicotab.com/ms2024/,dnn.calicotab.com,ms2024,viable,https://dnn.calicotab.com/api/v1/tournaments/ms2024
Makiling Pre-ABP 2023,https://makdo.calicotab.com/makdo2023/,makdo.calicotab.com,makdo2023,viable,https://makdo.calicotab.com/api/v1/tournaments/makdo2023
Malaysia BP 2021,https://midp.calicotab.com/MBP2021/,midp.calicotab.com,MBP2021,viable,https://midp.calicotab.com/api/v1/tournaments/MBP2021
Malaysia BP 2022,https://midp.calicotab.com/malaysiabp2022/,midp.calicotab.com,malaysiabp2022,viable,https://midp.calicotab.com/api/v1/tournaments/malaysiabp2022
Malaysia BP 2023,https://midp.calicotab.com/malaysiabp2023/,midp.calicotab.com,malaysiabp2023,viable,https://midp.calicotab.com/api/v1/tournaments/malaysiabp2023
Malaysia BP 2024,https://midp.calicotab.com/malaysiabp2024/,midp.calicotab.com,malaysiabp2024,viable,https://midp.calicotab.com/api/v1/tournaments/malaysiabp2024
Malaysia Debate Open 2024,https://malaydo2024.calicotab.com/mdo2024/,malaydo2024.calicotab.com,mdo2024,viable,https://malaydo2024.calicotab.com/api/v1/tournaments/mdo2024
Malaysia IV 2020,https://wolce.calicotab.com/mnidc2020/,wolce.calicotab.com,mnidc2020,viable,https://wolce.calicotab.com/api/v1/tournaments/mnidc2020
Malaysia National IDC 2021,https://wolce.calicotab.com/mnidc2021/,wolce.calicotab.com,mnidc2021,viable,https://wolce.calicotab.com/api/v1/tournaments/mnidc2021
Malaysia National IDC 2022,https://wolce.calicotab.com/mnidc2022/,wolce.calicotab.com,mnidc2022,viable,https://wolce.calicotab.com/api/v1/tournaments/mnidc2022
Malaysia National IDC 2023,https://maradebates.calicotab.com/mnidc2023/,maradebates.calicotab.com,mnidc2023,viable,https://maradebates.calicotab.com/api/v1/tournaments/mnidc2023
Malaysia National IDC 2024,https://unimasdebates.calicotab.com/mnidc2024/,unimasdebates.calicotab.com,mnidc2024,viable,https://unimasdebates.calicotab.com/api/v1/tournaments/mnidc2024
Malaysia National IDC 2025,https://udosuniten.calicotab.com/mnidc25/,udosuniten.calicotab.com,mnidc25,viable,https://udosuniten.calicotab.com/api/v1/tournaments/mnidc25
Malaysia Online DO 2025,https://modo.calicotab.com/modo2025/,modo.calicotab.com,modo2025,viable,https://modo.calicotab.com/api/v1/tournaments/modo2025
Malaysia Pre-WUDC 2025,https://mapdebate.calicotab.com/mapwudc2025/,mapdebate.calicotab.com,mapwudc2025,viable,https://mapdebate.calicotab.com/api/v1/tournaments/mapwudc2025
Manchester IV 2021,https://manchesteriv2021.netlify.app/2021/,manchesteriv2021.netlify.app,2021,http_404,https://manchesteriv2021.netlify.app/api/v1/tournaments/2021
Manchester IV 2023,https://manchesteriv2023.calicotab.com/manchesteriv/,manchesteriv2023.calicotab.com,manchesteriv,viable,https://manchesteriv2023.calicotab.com/api/v1/tournaments/manchesteriv
Manchester IV 2024,https://manchesteriv2024.calicotab.com/Manchester2024/,manchesteriv2024.calicotab.com,Manchester2024,viable,https://manchesteriv2024.calicotab.com/api/v1/tournaments/Manchester2024
Manchester IV 2025,https://manchesteriv25.calicotab.com/_/,manchesteriv25.calicotab.com,_,viable,https://manchesteriv25.calicotab.com/api/v1/tournaments/_
Manchester IV 2026,https://manchesteriv2026.calicotab.com/manchesteriv2026/,manchesteriv2026.calicotab.com,manchesteriv2026,viable,https://manchesteriv2026.calicotab.com/api/v1/tournaments/manchesteriv2026
Manchester Novices 2023,https://mannov23.calicotab.com/_/,mannov23.calicotab.com,_,viable,https://mannov23.calicotab.com/api/v1/tournaments/_
Manchester Novices 2024,https://manchesternovices.calicotab.com/novices2024/,manchesternovices.calicotab.com,novices2024,viable,https://manchesternovices.calicotab.com/api/v1/tournaments/novices2024
Manchester Novices 2025,https://manchesternovices2025.calicotab.com/2025/,manchesternovices2025.calicotab.com,2025,viable,https://manchesternovices2025.calicotab.com/api/v1/tournaments/2025
Manila Pre-WUDC 2025,https://manilaprewudc.calicotab.com/manilaprewudc2025/,manilaprewudc.calicotab.com,manilaprewudc2025,viable,https://manilaprewudc.calicotab.com/api/v1/tournaments/manilaprewudc2025
March Madness 2025,https://afterfreedom.calicotab.com/MM25/,afterfreedom.calicotab.com,MM25,viable,https://afterfreedom.calicotab.com/api/v1/tournaments/MM25
Mashariki Open 2024,https://debatefoster.calicotab.com/masharikdebate2024/,debatefoster.calicotab.com,masharikdebate2024,viable,https://debatefoster.calicotab.com/api/v1/tournaments/masharikdebate2024
Mashujaa Open (9th) 2023,https://mashujaa.calicotab.com/mashujaa09/,mashujaa.calicotab.com,mashujaa09,viable,https://mashujaa.calicotab.com/api/v1/tournaments/mashujaa09
Mashujaa Open (10th) 2023,https://mashujaa.calicotab.com/mashujaa10/,mashujaa.calicotab.com,mashujaa10,viable,https://mashujaa.calicotab.com/api/v1/tournaments/mashujaa10
Mashujaa Open (11th) 2024,https://mashujaa.calicotab.com/mashujaa11/,mashujaa.calicotab.com,mashujaa11,viable,https://mashujaa.calicotab.com/api/v1/tournaments/mashujaa11
Mashujaa Open (12th) 2024,https://mashujaa.calicotab.com/mashujaa122024/,mashujaa.calicotab.com,mashujaa122024,viable,https://mashujaa.calicotab.com/api/v1/tournaments/mashujaa122024
Mashujaa Open (13th) 2024,https://mashujaa.calicotab.com/mashujaa132024/,mashujaa.calicotab.com,mashujaa132024,viable,https://mashujaa.calicotab.com/api/v1/tournaments/mashujaa132024
Mashujaa Open (14th) 2025,https://mashujaa.calicotab.com/mashujaa142025/,mashujaa.calicotab.com,mashujaa142025,viable,https://mashujaa.calicotab.com/api/v1/tournaments/mashujaa142025
Mashujaa Open (15th) 2025,https://mashujaa.calicotab.com/mashujaa152025/,mashujaa.calicotab.com,mashujaa152025,viable,https://mashujaa.calicotab.com/api/v1/tournaments/mashujaa152025
Mason Korea DO 2026,https://mkdsopen.calicotab.com/mkdsopen2026/,mkdsopen.calicotab.com,mkdsopen2026,viable,https://mkdsopen.calicotab.com/api/v1/tournaments/mkdsopen2026
McGill Central Novice 2022,https://centralnovs2022.calicotab.com/centralnovs2022/,centralnovs2022.calicotab.com,centralnovs2022,viable,https://centralnovs2022.calicotab.com/api/v1/tournaments/centralnovs2022
McGill Central Novice 2024,https://centralnov2024.calicotab.com/centralnov2024/,centralnov2024.calicotab.com,centralnov2024,viable,https://centralnov2024.calicotab.com/api/v1/tournaments/centralnov2024
McGill Central Novice 2025,https://centralnov2025.calicotab.com/centralnov2025/,centralnov2025.calicotab.com,centralnov2025,viable,https://centralnov2025.calicotab.com/api/v1/tournaments/centralnov2025
McGill IV 2024,https://mcgilliv2024.calicotab.com/iv/,mcgilliv2024.calicotab.com,iv,viable,https://mcgilliv2024.calicotab.com/api/v1/tournaments/iv
McGill IV 2025,https://mdu.calicotab.com/mcgilliv25/,mdu.calicotab.com,mcgilliv25,viable,https://mdu.calicotab.com/api/v1/tournaments/mcgilliv25
McGill IV 2026,https://mcgilliv26.calicotab.com/mcgilliv26/,mcgilliv26.calicotab.com,mcgilliv26,viable,https://mcgilliv26.calicotab.com/api/v1/tournaments/mcgilliv26
McMaster Pro Ams 2021,https://macproams2021.calicotab.com/proams2022/,macproams2021.calicotab.com,proams2022,viable,https://macproams2021.calicotab.com/api/v1/tournaments/proams2022
Melbourne Mini 2020,https://melbmini2020.calicotab.com/melbmini2020/,melbmini2020.calicotab.com,melbmini2020,viable,https://melbmini2020.calicotab.com/api/v1/tournaments/melbmini2020
Meta IV 2021,https://metaiv2021.calicotab.com/metaiv2021/,metaiv2021.calicotab.com,metaiv2021,viable,https://metaiv2021.calicotab.com/api/v1/tournaments/metaiv2021
Middlebury IV 2024,https://middiv2024.calicotab.com/middiv24/,middiv2024.calicotab.com,middiv24,viable,https://middiv2024.calicotab.com/api/v1/tournaments/middiv24
Middlebury IV 2026,https://middiv2026.calicotab.com/middiv2026/,middiv2026.calicotab.com,middiv2026,viable,https://middiv2026.calicotab.com/api/v1/tournaments/middiv2026
Mindanao IV (7th) 2022,https://mindanaointervarsity.calicotab.com/miv2022/,mindanaointervarsity.calicotab.com,miv2022,viable,https://mindanaointervarsity.calicotab.com/api/v1/tournaments/miv2022
Mindanao PDC (48th) 2024,https://48thmpdc.calicotab.com/48thmpdc/,48thmpdc.calicotab.com,48thmpdc,viable,https://48thmpdc.calicotab.com/api/v1/tournaments/48thmpdc
MNLU Nagpur Orange Capital D 2025,https://theorangecapitaldebate.calicotab.com/ocd2025/,theorangecapitaldebate.calicotab.com,ocd2025,viable,https://theorangecapitaldebate.calicotab.com/api/v1/tournaments/ocd2025
Monash Pre-WUDC 2023,https://mad2024.calicotab.com/madprewudc2023/,mad2024.calicotab.com,madprewudc2023,viable,https://mad2024.calicotab.com/api/v1/tournaments/madprewudc2023
Monash Pre-WUDC 2025,https://monashprewudc.calicotab.com/monashprewudc2025/,monashprewudc.calicotab.com,monashprewudc2025,viable,https://monashprewudc.calicotab.com/api/v1/tournaments/monashprewudc2025
Monrovia DO 2024,https://lnuidccountymeet2024.calicotab.com/mdo2024/,lnuidccountymeet2024.calicotab.com,mdo2024,viable,https://lnuidccountymeet2024.calicotab.com/api/v1/tournaments/mdo2024
Morayta IV 2024,https://moraytaintervarsity2024.calicotab.com/moriv2024/,moraytaintervarsity2024.calicotab.com,moriv2024,viable,https://moraytaintervarsity2024.calicotab.com/api/v1/tournaments/moriv2024
Motilal Nehru BPD 2025,https://mnbpd2025.calicotab.com/mnbpd2025/,mnbpd2025.calicotab.com,mnbpd2025,viable,https://mnbpd2025.calicotab.com/api/v1/tournaments/mnbpd2025
Motilal Nehru Pre-ABP 2025,https://mnmpreabp25.calicotab.com/mnbpdpreabp2025/,mnmpreabp25.calicotab.com,mnbpdpreabp2025,viable,https://mnmpreabp25.calicotab.com/api/v1/tournaments/mnbpdpreabp2025
Mumbai Debate Open 2026,https://mumbaifundraisers.calicotab.com/mumbaidebateopen26/,mumbaifundraisers.calicotab.com,mumbaidebateopen26,viable,https://mumbaifundraisers.calicotab.com/api/v1/tournaments/mumbaidebateopen26
Mumbai Pre-WUDC 2025,https://mumbaiprewudc2025.calicotab.com/mumbaiprewudc25/,mumbaiprewudc2025.calicotab.com,mumbaiprewudc25,viable,https://mumbaiprewudc2025.calicotab.com/api/v1/tournaments/mumbaiprewudc25
Munich Open 2026,https://munichopen2026.calicotab.com/munich2026/,munichopen2026.calicotab.com,munich2026,viable,https://munichopen2026.calicotab.com/api/v1/tournaments/munich2026
NA Spar Open 2021,https://nasparopen.calicotab.com/nasparopen2021/,nasparopen.calicotab.com,nasparopen2021,viable,https://nasparopen.calicotab.com/api/v1/tournaments/nasparopen2021
NA Spar Open 2023,https://naspar2023.calicotab.com/naspar2023/,naspar2023.calicotab.com,naspar2023,viable,https://naspar2023.calicotab.com/api/v1/tournaments/naspar2023
NA Spar Pre-WUDC 2023,https://nasparprewudc2023.calicotab.com/nasparprewudc2023/,nasparprewudc2023.calicotab.com,nasparprewudc2023,viable,https://nasparprewudc2023.calicotab.com/api/v1/tournaments/nasparprewudc2023
Nagoya Debate Open 2023,https://ndo2023.calicotab.com/ndo2023/,ndo2023.calicotab.com,ndo2023,viable,https://ndo2023.calicotab.com/api/v1/tournaments/ndo2023
Nairobi Indaba DO 2024,https://ayiraacademy.calicotab.com/indaba1024/,ayiraacademy.calicotab.com,indaba1024,viable,https://ayiraacademy.calicotab.com/api/v1/tournaments/indaba1024
Nairobi Indaba DO 2025,https://ayiraacademy.calicotab.com/indaba42025/,ayiraacademy.calicotab.com,indaba42025,viable,https://ayiraacademy.calicotab.com/api/v1/tournaments/indaba42025
NALSAR IV 2021,https://nalsariv2021.calicotab.com/Nalsariv2021/,nalsariv2021.calicotab.com,Nalsariv2021,viable,https://nalsariv2021.calicotab.com/api/v1/tournaments/Nalsariv2021
NALSAR IV 2022,https://nalsariv2022.calicotab.com/nalsariv22/,nalsariv2022.calicotab.com,nalsariv22,viable,https://nalsariv2022.calicotab.com/api/v1/tournaments/nalsariv22
NALSAR IV 2023,https://nalsariv2023.calicotab.com/nalsariv2023/,nalsariv2023.calicotab.com,nalsariv2023,viable,https://nalsariv2023.calicotab.com/api/v1/tournaments/nalsariv2023
NALSAR IV 2024,https://sbinalsariv2024.calicotab.com/nalsariv2024/,sbinalsariv2024.calicotab.com,nalsariv2024,viable,https://sbinalsariv2024.calicotab.com/api/v1/tournaments/nalsariv2024
NALSAR IV 2025,https://thenalsariv.calicotab.com/nalsariv2025/,thenalsariv.calicotab.com,nalsariv2025,viable,https://thenalsariv.calicotab.com/api/v1/tournaments/nalsariv2025
NAUDC 2020,https://docs.google.com/spreadsheets/d/1il0BnpSDKJb6nIQ6BY2MheKyhpczyhdoP87pgLt7hBk/edit?gid=0#gid=0,docs.google.com,spreadsheets,http_404,https://docs.google.com/api/v1/tournaments/spreadsheets
McGill NAUDC 2022,https://naudc2021.calicotab.com/_/,naudc2021.calicotab.com,_,viable,https://naudc2021.calicotab.com/api/v1/tournaments/_
Bates NAUDC 2023,https://naudc2023.calicotab.com/naudc2023/,naudc2023.calicotab.com,naudc2023,viable,https://naudc2023.calicotab.com/api/v1/tournaments/naudc2023
Mexico NAUDC 2024,https://naudc2024.calicotab.com/naudc2024/,naudc2024.calicotab.com,naudc2024,viable,https://naudc2024.calicotab.com/api/v1/tournaments/naudc2024
NAUDC 2025,https://naudc2025.calicotab.com/naudc2025/,naudc2025.calicotab.com,naudc2025,viable,https://naudc2025.calicotab.com/api/v1/tournaments/naudc2025
NAUDC 2026,https://naudc2026.calicotab.com/_/,naudc2026.calicotab.com,_,viable,https://naudc2026.calicotab.com/api/v1/tournaments/_
Tokyo NEADC 2021,https://neadc.calicotab.com/neadc/,neadc.calicotab.com,neadc,viable,https://neadc.calicotab.com/api/v1/tournaments/neadc
IDS NEADC 2022,https://neadc2022.calicotab.com/2022/,neadc2022.calicotab.com,2022,viable,https://neadc2022.calicotab.com/api/v1/tournaments/2022
Guangzhou NEADC 2023,https://edudrift.calicotab.com/neadc2023/,edudrift.calicotab.com,neadc2023,viable,https://edudrift.calicotab.com/api/v1/tournaments/neadc2023
Kumamoto NEADC 2024,https://neadc2024.calicotab.com/neadc2024/,neadc2024.calicotab.com,neadc2024,viable,https://neadc2024.calicotab.com/api/v1/tournaments/neadc2024
Hangzhou NEADC 2025,https://edudrift.calicotab.com/neadc2025/,edudrift.calicotab.com,neadc2025,viable,https://edudrift.calicotab.com/api/v1/tournaments/neadc2025
Nepal Debate Open 2021,https://ndsa.calicotab.com/ndo2021/,ndsa.calicotab.com,ndo2021,viable,https://ndsa.calicotab.com/api/v1/tournaments/ndo2021
Netaji Subhas MPD 2025,https://nsut.calicotab.com/nsmpd25/,nsut.calicotab.com,nsmpd25,viable,https://nsut.calicotab.com/api/v1/tournaments/nsmpd25
New Zealand Schools BP 2025,https://nzsbp2025.calicotab.com/nzsbp2025/,nzsbp2025.calicotab.com,nzsbp2025,viable,https://nzsbp2025.calicotab.com/api/v1/tournaments/nzsbp2025
Newman Shield 2023,https://newmanproam.calicotab.com/_/,newmanproam.calicotab.com,_,viable,https://newmanproam.calicotab.com/api/v1/tournaments/_
Ngome TOC 2026,https://ngome.calicotab.com/ngtoc2026/,ngome.calicotab.com,ngtoc2026,viable,https://ngome.calicotab.com/api/v1/tournaments/ngtoc2026
NHSDLC (China) BP 2023,https://nhsdlc.calicotab.com/nhsdlc-bp-2023/,nhsdlc.calicotab.com,nhsdlc-bp-2023,viable,https://nhsdlc.calicotab.com/api/v1/tournaments/nhsdlc-bp-2023
NHSDLC (China) BP 2024,https://thuiv2024.calicotab.com/nhsdlcbpo2024/,thuiv2024.calicotab.com,nhsdlcbpo2024,viable,https://thuiv2024.calicotab.com/api/v1/tournaments/nhsdlcbpo2024
NHSDLC (China) BP 2025,https://nhsdlcbpopen.calicotab.com/nhsdlcbp2025/,nhsdlcbpopen.calicotab.com,nhsdlcbp2025,viable,https://nhsdlcbpopen.calicotab.com/api/v1/tournaments/nhsdlcbp2025
NHSDLC (China) BP (Spring) 2025,https://nhsdlcbpopen2025.calicotab.com/dlcbp2025/,nhsdlcbpopen2025.calicotab.com,dlcbp2025,viable,https://nhsdlcbpopen2025.calicotab.com/api/v1/tournaments/dlcbp2025
NHSDLC (China) BP 2026,https://2026nhsdlcbpopen.calicotab.com/dlcbp2026/,2026nhsdlcbpopen.calicotab.com,dlcbp2026,viable,https://2026nhsdlcbpopen.calicotab.com/api/v1/tournaments/dlcbp2026
NHSDLC (China) BP (National C) 2026,https://nhsdlc2026.calicotab.com/nhsdlcbp2026/,nhsdlc2026.calicotab.com,nhsdlcbp2026,viable,https://nhsdlc2026.calicotab.com/api/v1/tournaments/nhsdlcbp2026
Nigeria DC Open (X) 2024,https://ndcopenx.calicotab.com/NDCopenX/,ndcopenx.calicotab.com,NDCopenX,viable,https://ndcopenx.calicotab.com/api/v1/tournaments/NDCopenX
Nigeria DC Open (XI) 2025,https://ndc-awari2025.calicotab.com/NDCXI/,ndc-awari2025.calicotab.com,NDCXI,viable,https://ndc-awari2025.calicotab.com/api/v1/tournaments/NDCXI
Nigeria TOC 2024,https://rrngtoc.calicotab.com/rrtoc2024/,rrngtoc.calicotab.com,rrtoc2024,viable,https://rrngtoc.calicotab.com/api/v1/tournaments/rrtoc2024
Nijmegen Open 2023,https://nijmegen2023.calicotab.com/nijmegen2023/,nijmegen2023.calicotab.com,nijmegen2023,viable,https://nijmegen2023.calicotab.com/api/v1/tournaments/nijmegen2023
Nijmegen Open 2024,https://nijmegen2024.calicotab.com/nijmegen2024/,nijmegen2024.calicotab.com,nijmegen2024,viable,https://nijmegen2024.calicotab.com/api/v1/tournaments/nijmegen2024
NLU Odisha BPD (10th) 2025,https://xbpdnluo.calicotab.com/XNLUOBPD25/,xbpdnluo.calicotab.com,XNLUOBPD25,viable,https://xbpdnluo.calicotab.com/api/v1/tournaments/XNLUOBPD25
NLU Odisha BPD 2026,https://xinluobpd.calicotab.com/NLUOPD26/,xinluobpd.calicotab.com,NLUOPD26,viable,https://xinluobpd.calicotab.com/api/v1/tournaments/NLUOPD26
Nordic Open 2026,https://nordicopen2026.calicotab.com/nordicopen2026/,nordicopen2026.calicotab.com,nordicopen2026,viable,https://nordicopen2026.calicotab.com/api/v1/tournaments/nordicopen2026
North Luzon BP 2024,https://nlbp2024.calicotab.com/nlbp2024/,nlbp2024.calicotab.com,nlbp2024,viable,https://nlbp2024.calicotab.com/api/v1/tournaments/nlbp2024
North Luzon Inv D 2025,https://nlid2025.calicotab.com/nlid2025/,nlid2025.calicotab.com,nlid2025,viable,https://nlid2025.calicotab.com/api/v1/tournaments/nlid2025
North South U Dialogue 2026,https://nsu.calicotab.com/dialogue25/,nsu.calicotab.com,dialogue25,viable,https://nsu.calicotab.com/api/v1/tournaments/dialogue25
North-West Open 2024,https://nova2024.calicotab.com/Nova2024/,nova2024.calicotab.com,Nova2024,viable,https://nova2024.calicotab.com/api/v1/tournaments/Nova2024
Norwich IV 2026,https://norwichiv2026.calicotab.com/norwichiv2026/,norwichiv2026.calicotab.com,norwichiv2026,viable,https://norwichiv2026.calicotab.com/api/v1/tournaments/norwichiv2026
Norwich Mini 2025,https://norwichmini2025.calicotab.com/norwichmini2025/,norwichmini2025.calicotab.com,norwichmini2025,viable,https://norwichmini2025.calicotab.com/api/v1/tournaments/norwichmini2025
Norwich Online 2025,https://norwichonline25.calicotab.com/norwichonline25/,norwichonline25.calicotab.com,norwichonline25,viable,https://norwichonline25.calicotab.com/api/v1/tournaments/norwichonline25
Nottingham Novices 2025,https://nottsnovs25.calicotab.com/NottsNovs2025/,nottsnovs25.calicotab.com,NottsNovs2025,viable,https://nottsnovs25.calicotab.com/api/v1/tournaments/NottsNovs2025
NUALS PD (10th) 2026,https://nualspd2026.calicotab.com/nualspd2026/,nualspd2026.calicotab.com,nualspd2026,viable,https://nualspd2026.calicotab.com/api/v1/tournaments/nualspd2026
NUS Pre-Worlds 2023,https://nuspreworlds.calicotab.com/_/,nuspreworlds.calicotab.com,_,viable,https://nuspreworlds.calicotab.com/api/v1/tournaments/_
Odesa ESL Open 2021,https://odesa-esl.calicotab.com/odesa2021/,odesa-esl.calicotab.com,odesa2021,viable,https://odesa-esl.calicotab.com/api/v1/tournaments/odesa2021
Odesa Open Pre-WUDC 2023,https://ukrainedebates.calicotab.com/odesa2023/,ukrainedebates.calicotab.com,odesa2023,viable,https://ukrainedebates.calicotab.com/api/v1/tournaments/odesa2023
Olympia IV 2023,https://olympia.calicotab.com/olympiainvitational2023/,olympia.calicotab.com,olympiainvitational2023,viable,https://olympia.calicotab.com/api/v1/tournaments/olympiainvitational2023
Open Coast Pre-Ghana UDC 2024,https://opencoast.calicotab.com/pre-gudc24/,opencoast.calicotab.com,pre-gudc24,viable,https://opencoast.calicotab.com/api/v1/tournaments/pre-gudc24
Open Coast Pre-Ghana UDC 2025,https://opencoast.calicotab.com/pre-gudc2025/,opencoast.calicotab.com,pre-gudc2025,viable,https://opencoast.calicotab.com/api/v1/tournaments/pre-gudc2025
Osaka IV 2024,https://osakaiv2024.calicotab.com/_/,osakaiv2024.calicotab.com,_,viable,https://osakaiv2024.calicotab.com/api/v1/tournaments/_
Ottawa IV 2025,https://eds.calicotab.com/ottawaiv2025/,eds.calicotab.com,ottawaiv2025,viable,https://eds.calicotab.com/api/v1/tournaments/ottawaiv2025
Ottawa IV 2026,https://eds.calicotab.com/ottawaiv2026/,eds.calicotab.com,ottawaiv2026,viable,https://eds.calicotab.com/api/v1/tournaments/ottawaiv2026
Ottawa Open 2025,https://ottawa27wudc.calicotab.com/ottawaopen2025/,ottawa27wudc.calicotab.com,ottawaopen2025,viable,https://ottawa27wudc.calicotab.com/api/v1/tournaments/ottawaopen2025
Ottawa Round Robin 2025,https://eds.calicotab.com/ottawaroundrobin2025/,eds.calicotab.com,ottawaroundrobin2025,viable,https://eds.calicotab.com/api/v1/tournaments/ottawaroundrobin2025
Ottawa Round Robin 2026,https://eds.calicotab.com/ottawaroundrobin2026/,eds.calicotab.com,ottawaroundrobin2026,viable,https://eds.calicotab.com/api/v1/tournaments/ottawaroundrobin2026
Ottawa Summer 2026,https://ottawasummer2026.calicotab.com/_/,ottawasummer2026.calicotab.com,_,viable,https://ottawasummer2026.calicotab.com/api/v1/tournaments/_
Oxford Charity Open 2025,https://oxfordcharity25.calicotab.com/_/,oxfordcharity25.calicotab.com,_,viable,https://oxfordcharity25.calicotab.com/api/v1/tournaments/_
Oxford Charity Open 2026,https://oxfordcharity26.calicotab.com/_/,oxfordcharity26.calicotab.com,_,viable,https://oxfordcharity26.calicotab.com/api/v1/tournaments/_
Oxford Charity Open (III) 2026,https://oxfordcharity26.calicotab.com/iii/,oxfordcharity26.calicotab.com,iii,viable,https://oxfordcharity26.calicotab.com/api/v1/tournaments/iii
Oxford IV 2020,https://oxfordiv2020.netlify.app/2020/,oxfordiv2020.netlify.app,2020,http_404,https://oxfordiv2020.netlify.app/api/v1/tournaments/2020
Oxford IV 2021,https://oxford2021.calicotab.com/oxfordiv2021/,oxford2021.calicotab.com,oxfordiv2021,viable,https://oxford2021.calicotab.com/api/v1/tournaments/oxfordiv2021
Oxford IV 2022,https://oxfordiv2022.calicotab.com/_/,oxfordiv2022.calicotab.com,_,viable,https://oxfordiv2022.calicotab.com/api/v1/tournaments/_
Oxford IV 2023,https://oxfordiv2023.calicotab.com/_/,oxfordiv2023.calicotab.com,_,viable,https://oxfordiv2023.calicotab.com/api/v1/tournaments/_
Oxford IV 2024,https://oxiv2024.calicotab.com/_/,oxiv2024.calicotab.com,_,viable,https://oxiv2024.calicotab.com/api/v1/tournaments/_
Oxford IV 2025,https://oxfordiv2025.calicotab.com/_/,oxfordiv2025.calicotab.com,_,viable,https://oxfordiv2025.calicotab.com/api/v1/tournaments/_
Oxford ROSMD (DOTY) 2025,https://docs.google.com/spreadsheets/d/1-lpe7j1wAaGc2Zwd6B2BTCZIAmmYMSS0iufEWj8ZXDE/edit?gid=631217382#gid=631217382,docs.google.com,spreadsheets,http_404,https://docs.google.com/api/v1/tournaments/spreadsheets
Oxford ROSMD (DOTY) 2026,https://docs.google.com/spreadsheets/d/15MTTkiuI-XZgZ0c_iLr9-iytEOShlaH4XepF0Z2CApg/edit?gid=631217382#gid=631217382,docs.google.com,spreadsheets,http_404,https://docs.google.com/api/v1/tournaments/spreadsheets
PakDebate Forum Open 2025,https://pakdebateforum.calicotab.com/open2025/,pakdebateforum.calicotab.com,open2025,viable,https://pakdebateforum.calicotab.com/api/v1/tournaments/open2025
Pakistan Debate Open 2021,https://awdppakistanopen.calicotab.com/pakdo2021/,awdppakistanopen.calicotab.com,pakdo2021,viable,https://awdppakistanopen.calicotab.com/api/v1/tournaments/pakdo2021
Pakistan Pre-ABP 2024,https://pakdebateforum.calicotab.com/pakistanpreabp/,pakdebateforum.calicotab.com,pakistanpreabp,viable,https://pakdebateforum.calicotab.com/api/v1/tournaments/pakistanpreabp
Panamanian DC 2023,https://pdc2023.calicotab.com/_/,pdc2023.calicotab.com,_,viable,https://pdc2023.calicotab.com/api/v1/tournaments/_
Parliamate BP 2025,https://parliamatebp2025.calicotab.com/parliamatebp2025/,parliamatebp2025.calicotab.com,parliamatebp2025,viable,https://parliamatebp2025.calicotab.com/api/v1/tournaments/parliamatebp2025
PAUDC 2021,https://mace.calicotab.com/paudc2021/,mace.calicotab.com,paudc2021,viable,https://mace.calicotab.com/api/v1/tournaments/paudc2021
PAUDC 2022,https://paudc2022.calicotab.com/PAUDC2022/,paudc2022.calicotab.com,PAUDC2022,viable,https://paudc2022.calicotab.com/api/v1/tournaments/PAUDC2022
Nutifafa PAUDC 2023,https://nutifafapaudc.calicotab.com/paudc2023/,nutifafapaudc.calicotab.com,paudc2023,viable,https://nutifafapaudc.calicotab.com/api/v1/tournaments/paudc2023
Kampala PAUDC 2024,https://paudc2024.calicotab.com/paudcK24/,paudc2024.calicotab.com,paudcK24,viable,https://paudc2024.calicotab.com/api/v1/tournaments/paudcK24
Jozi PAUDC 2025,https://lucien.calicotab.com/paudc2025/,lucien.calicotab.com,paudc2025,viable,https://lucien.calicotab.com/api/v1/tournaments/paudc2025
Pearl Pre-ABP BPD 2021,https://pearlpd.calicotab.com/pearlbpd2021/,pearlpd.calicotab.com,pearlbpd2021,viable,https://pearlpd.calicotab.com/api/v1/tournaments/pearlbpd2021
Peking Pro-Am 2024,https://pkuproam24.calicotab.com/pkuproam24/,pkuproam24.calicotab.com,pkuproam24,viable,https://pkuproam24.calicotab.com/api/v1/tournaments/pkuproam24
Peking Pro-Am 2025,https://pkuproam25.calicotab.com/_/,pkuproam25.calicotab.com,_,viable,https://pkuproam25.calicotab.com/api/v1/tournaments/_
Peking Pro-Am 2026,https://pkuproam26.calicotab.com/_/,pkuproam26.calicotab.com,_,viable,https://pkuproam26.calicotab.com/api/v1/tournaments/_
Penn Pre-WUDC 2024,https://pennwsdc2024.calicotab.com/ppw2024/,pennwsdc2024.calicotab.com,ppw2024,viable,https://pennwsdc2024.calicotab.com/api/v1/tournaments/ppw2024
Peter Maguire IV 2025,https://pmiv25.calicotab.com/petermaguire25/,pmiv25.calicotab.com,petermaguire25,viable,https://pmiv25.calicotab.com/api/v1/tournaments/petermaguire25
Philippine IDC 2021,https://pidc2021.calicotab.com/pidc2021/,pidc2021.calicotab.com,pidc2021,viable,https://pidc2021.calicotab.com/api/v1/tournaments/pidc2021
Philippine NDC 2022,https://ndcdiliman2022.calicotab.com/NDCDiliman2022/,ndcdiliman2022.calicotab.com,NDCDiliman2022,viable,https://ndcdiliman2022.calicotab.com/api/v1/tournaments/NDCDiliman2022
Philippine NDC 2024,https://ndc2024.calicotab.com/hermosa/,ndc2024.calicotab.com,hermosa,viable,https://ndc2024.calicotab.com/api/v1/tournaments/hermosa
Philippine NDC 2025,https://ndc2025.calicotab.com/ndc2025/,ndc2025.calicotab.com,ndc2025,viable,https://ndc2025.calicotab.com/api/v1/tournaments/ndc2025
Piper's Pre-WUDC 2022,https://pipers.calicotab.com/pipers/,pipers.calicotab.com,pipers,viable,https://pipers.calicotab.com/api/v1/tournaments/pipers
Porto IDC 2025,https://idc25.calicotab.com/idc2025/,idc25.calicotab.com,idc2025,viable,https://idc25.calicotab.com/api/v1/tournaments/idc2025
Poznań Open 2026,https://poznanopen2026.calicotab.com/poznanopen2026/,poznanopen2026.calicotab.com,poznanopen2026,viable,https://poznanopen2026.calicotab.com/api/v1/tournaments/poznanopen2026
Prague Open 2024,https://pragueopen2024.calicotab.com/_/,pragueopen2024.calicotab.com,_,viable,https://pragueopen2024.calicotab.com/api/v1/tournaments/_
Prague Open 2025,https://pragueopen2025.calicotab.com/_/,pragueopen2025.calicotab.com,_,viable,https://pragueopen2025.calicotab.com/api/v1/tournaments/_
Prativaad National PD 2025,https://prativaad.calicotab.com/prativaad25/,prativaad.calicotab.com,prativaad25,viable,https://prativaad.calicotab.com/api/v1/tournaments/prativaad25
Pre-EUDC Challenge Inv. 2024,https://preeudcchallenge2024mini.calicotab.com/_/,preeudcchallenge2024mini.calicotab.com,_,viable,https://preeudcchallenge2024mini.calicotab.com/api/v1/tournaments/_
Pre-SIDO Charity Open 2026,https://presido2026.calicotab.com/_/,presido2026.calicotab.com,_,viable,https://presido2026.calicotab.com/api/v1/tournaments/_
Pretoria Parley IV 2021,https://ppiv2021.calicotab.com/ppiv2021/,ppiv2021.calicotab.com,ppiv2021,viable,https://ppiv2021.calicotab.com/api/v1/tournaments/ppiv2021
Pretoria STUKU 2025,https://stukudebate2025.calicotab.com/stubate2025/,stukudebate2025.calicotab.com,stubate2025,viable,https://stukudebate2025.calicotab.com/api/v1/tournaments/stubate2025
Pretoria STUKU 2026,https://stkdebate26.calicotab.com/stuku2026/,stkdebate26.calicotab.com,stuku2026,viable,https://stkdebate26.calicotab.com/api/v1/tournaments/stuku2026
Princeton IV 2021,https://princetoniv2021.calicotab.com/princetoniv2021/,princetoniv2021.calicotab.com,princetoniv2021,viable,https://princetoniv2021.calicotab.com/api/v1/tournaments/princetoniv2021
Princeton IV 2023,https://princetoniv2023.calicotab.com/princeton23/,princetoniv2023.calicotab.com,princeton23,viable,https://princetoniv2023.calicotab.com/api/v1/tournaments/princeton23
Princeton IV 2024,https://princetoniv2024.calicotab.com/princetoniv2024/,princetoniv2024.calicotab.com,princetoniv2024,viable,https://princetoniv2024.calicotab.com/api/v1/tournaments/princetoniv2024
Princeton IV 2025,https://princetoniv2025.calicotab.com/princetoniv25/,princetoniv2025.calicotab.com,princetoniv25,viable,https://princetoniv2025.calicotab.com/api/v1/tournaments/princetoniv25
Pro Ams Parliamentary 2020,https://paqo2020.calicotab.com/proam/,paqo2020.calicotab.com,proam,viable,https://paqo2020.calicotab.com/api/v1/tournaments/proam
QatarDebate Open 2025,https://qdep2526.calicotab.com/qdopenbp2526/,qdep2526.calicotab.com,qdopenbp2526,viable,https://qdep2526.calicotab.com/api/v1/tournaments/qdopenbp2526
Queen Mary IV 2021,https://tabtastic.calicotab.com/qmiv2021/,tabtastic.calicotab.com,qmiv2021,viable,https://tabtastic.calicotab.com/api/v1/tournaments/qmiv2021
Queen Mary IV 2025,https://queenmarytournaments.calicotab.com/qmiv25/,queenmarytournaments.calicotab.com,qmiv25,viable,https://queenmarytournaments.calicotab.com/api/v1/tournaments/qmiv25
Queen Mary Open 2026,https://qmulopen26.calicotab.com/qmulopen26/,qmulopen26.calicotab.com,qmulopen26,viable,https://qmulopen26.calicotab.com/api/v1/tournaments/qmulopen26
Queen's Tower Charity Open 2021,https://qto2021.netlify.app/2021/,qto2021.netlify.app,2021,http_404,https://qto2021.netlify.app/api/v1/tournaments/2021
Queen's U Belfast Open 2026,https://qubopen.calicotab.com/qubopen2026/,qubopen.calicotab.com,qubopen2026,viable,https://qubopen.calicotab.com/api/v1/tournaments/qubopen2026
Ram Manohar Lohiya PD 2026,https://rmlpd2025.calicotab.com/rmlpd26/,rmlpd2025.calicotab.com,rmlpd26,viable,https://rmlpd2025.calicotab.com/api/v1/tournaments/rmlpd26
Ramadan Debate Open 2024,https://pakdebateforum.calicotab.com/rdo2024/,pakdebateforum.calicotab.com,rdo2024,viable,https://pakdebateforum.calicotab.com/api/v1/tournaments/rdo2024
Ramadan Debate Open 2025,https://pakdebateforum.calicotab.com/rdo2025/,pakdebateforum.calicotab.com,rdo2025,viable,https://pakdebateforum.calicotab.com/api/v1/tournaments/rdo2025
Ramadan Debate Open 2026,https://pakdebateforum.calicotab.com/rdo2026/,pakdebateforum.calicotab.com,rdo2026,viable,https://pakdebateforum.calicotab.com/api/v1/tournaments/rdo2026
Ramaiah Round Robin 2021,https://ramaiah.calicotab.com/RRR21/,ramaiah.calicotab.com,RRR21,viable,https://ramaiah.calicotab.com/api/v1/tournaments/RRR21
Random Pro-Am V 2023,https://randompa5.calicotab.com/rpav/,randompa5.calicotab.com,rpav,viable,https://randompa5.calicotab.com/api/v1/tournaments/rpav
RCL (Ramaiah) PD 2024,https://rclpd2024.calicotab.com/rclpd24/,rclpd2024.calicotab.com,rclpd24,viable,https://rclpd2024.calicotab.com/api/v1/tournaments/rclpd24
RCL (Ramaiah) PD 2025,https://rclpd2025.calicotab.com/rclpd25/,rclpd2025.calicotab.com,rclpd25,viable,https://rclpd2025.calicotab.com/api/v1/tournaments/rclpd25
River State U Open 2025,https://riversstateuniversityopen.calicotab.com/rsuopen2025/,riversstateuniversityopen.calicotab.com,rsuopen2025,viable,https://riversstateuniversityopen.calicotab.com/api/v1/tournaments/rsuopen2025
RMLBPD Pre-WUDC 2023,https://rmlbpd23.calicotab.com/rmlbpd2023/,rmlbpd23.calicotab.com,rmlbpd2023,viable,https://rmlbpd23.calicotab.com/api/v1/tournaments/rmlbpd2023
Rotterdam Pre-EUDC 2025,https://rotterdampreeudc.calicotab.com/rotterdampreeudc/,rotterdampreeudc.calicotab.com,rotterdampreeudc,viable,https://rotterdampreeudc.calicotab.com/api/v1/tournaments/rotterdampreeudc
Royal Rhetorics Anniv. Cup 2022,https://rrac22.calicotab.com/rrac2022/,rrac22.calicotab.com,rrac2022,viable,https://rrac22.calicotab.com/api/v1/tournaments/rrac2022
Royal Rhetorics Anniv. Cup 2023,https://samuelayodele.calicotab.com/rrac2023/,samuelayodele.calicotab.com,rrac2023,viable,https://samuelayodele.calicotab.com/api/v1/tournaments/rrac2023
Royal Rhetorics Anniv. Cup 2024,https://rrac24.calicotab.com/anniversarycup2024/,rrac24.calicotab.com,anniversarycup2024,viable,https://rrac24.calicotab.com/api/v1/tournaments/anniversarycup2024
Royal Rhetorics Anniv. Cup 2025,https://rrac.calicotab.com/rrac2025/,rrac.calicotab.com,rrac2025,viable,https://rrac.calicotab.com/api/v1/tournaments/rrac2025
RPDA Internals 3.0 2021,https://mace.calicotab.com/RPDA2021/,mace.calicotab.com,RPDA2021,viable,https://mace.calicotab.com/api/v1/tournaments/RPDA2021
RPDA Internals 4.0 2022,https://mace.calicotab.com/rpdainternals2022/,mace.calicotab.com,rpdainternals2022,viable,https://mace.calicotab.com/api/v1/tournaments/rpdainternals2022
RPDA Pre-PAUDC 2022,https://mace.calicotab.com/prepaudc2022/,mace.calicotab.com,prepaudc2022,viable,https://mace.calicotab.com/api/v1/tournaments/prepaudc2022
RPDA Pre-PAUDC 2023,https://mace.calicotab.com/rpdapre-paudc2023/,mace.calicotab.com,rpdapre-paudc2023,viable,https://mace.calicotab.com/api/v1/tournaments/rpdapre-paudc2023
RPDA Pre-PAUDC 2024,https://mace.calicotab.com/pre-paudc24/,mace.calicotab.com,pre-paudc24,viable,https://mace.calicotab.com/api/v1/tournaments/pre-paudc24
RPDA Pre-PAUDC 2025,https://mace.calicotab.com/rpdapre_paudc2025/,mace.calicotab.com,rpdapre_paudc2025,viable,https://mace.calicotab.com/api/v1/tournaments/rpdapre_paudc2025
RPMD 2021,https://rpmd2021.calicotab.com/rpmd21/,rpmd2021.calicotab.com,rpmd21,viable,https://rpmd2021.calicotab.com/api/v1/tournaments/rpmd21
RV Debate Tournament 2021,https://rvdt.calicotab.com/rvdt2021/,rvdt.calicotab.com,rvdt2021,viable,https://rvdt.calicotab.com/api/v1/tournaments/rvdt2021
RVCE Bangalore DT 2023,https://rvdt.calicotab.com/rvdt2023/,rvdt.calicotab.com,rvdt2023,viable,https://rvdt.calicotab.com/api/v1/tournaments/rvdt2023
Santa Mesa DO 2023,https://stamesa23.calicotab.com/stamesa23/,stamesa23.calicotab.com,stamesa23,viable,https://stamesa23.calicotab.com/api/v1/tournaments/stamesa23
Santa Mesa DO 2024,https://smdo24.calicotab.com/stamesa24/,smdo24.calicotab.com,stamesa24,viable,https://smdo24.calicotab.com/api/v1/tournaments/stamesa24
Scotland Pre-EUDC 2026,https://scotlandpreeudc2026.calicotab.com/scotlandpreeudc2026/,scotlandpreeudc2026.calicotab.com,scotlandpreeudc2026,viable,https://scotlandpreeudc2026.calicotab.com/api/v1/tournaments/scotlandpreeudc2026
Scottish Mace 2022,https://scottishmace.calicotab.com/Mace2022/,scottishmace.calicotab.com,Mace2022,viable,https://scottishmace.calicotab.com/api/v1/tournaments/Mace2022
Scottish Mace 2024,https://mace2024.calicotab.com/mace24/,mace2024.calicotab.com,mace24,viable,https://mace2024.calicotab.com/api/v1/tournaments/mace24
Scottish Mace 2025,https://mace2025.calicotab.com/mace2025/,mace2025.calicotab.com,mace2025,viable,https://mace2025.calicotab.com/api/v1/tournaments/mace2025
Scottish Mace 2026,https://scottishmace2026.calicotab.com/scottishmace2026/,scottishmace2026.calicotab.com,scottishmace2026,viable,https://scottishmace2026.calicotab.com/api/v1/tournaments/scottishmace2026
SEA Kay-San Cup (II) 2022,https://seakaysancupii.calicotab.com/kaysancupii/,seakaysancupii.calicotab.com,kaysancupii,viable,https://seakaysancupii.calicotab.com/api/v1/tournaments/kaysancupii
Seattle IV (in-person) 2023,https://suiv23.calicotab.com/seattleiv2023/,suiv23.calicotab.com,seattleiv2023,viable,https://suiv23.calicotab.com/api/v1/tournaments/seattleiv2023
Seattle IV (in-person) 2024,https://suiv24yodl.calicotab.com/suiv24yodl/,suiv24yodl.calicotab.com,suiv24yodl,viable,https://suiv24yodl.calicotab.com/api/v1/tournaments/suiv24yodl
Seattle IV (in-person) 2025,https://suiv2025.calicotab.com/suiv2025/,suiv2025.calicotab.com,suiv2025,viable,https://suiv2025.calicotab.com/api/v1/tournaments/suiv2025
Seattle IV (online) 2021,https://suiv2022.calicotab.com/seattleiv2021/,suiv2022.calicotab.com,seattleiv2021,viable,https://suiv2022.calicotab.com/api/v1/tournaments/seattleiv2021
Seattle IV (online) 2022,https://seattleiv2022online.calicotab.com/seattleiv22online/,seattleiv2022online.calicotab.com,seattleiv22online,viable,https://seattleiv2022online.calicotab.com/api/v1/tournaments/seattleiv22online
Seattle IV (online) 2023,https://suonlinemini23.calicotab.com/suonlinemini2023/,suonlinemini23.calicotab.com,suonlinemini2023,viable,https://suonlinemini23.calicotab.com/api/v1/tournaments/suonlinemini2023
Seattle IV (online) 2024,https://seattle2024fri.calicotab.com/seattlefri24/,seattle2024fri.calicotab.com,seattlefri24,viable,https://seattle2024fri.calicotab.com/api/v1/tournaments/seattlefri24
Seattle IV (online) 2025,https://suiv2025.calicotab.com/suiv2025online/,suiv2025.calicotab.com,suiv2025online,viable,https://suiv2025.calicotab.com/api/v1/tournaments/suiv2025online
Serious IV 2025,https://siv2025.calicotab.com/seriousiv2025/,siv2025.calicotab.com,seriousiv2025,viable,https://siv2025.calicotab.com/api/v1/tournaments/seriousiv2025
Serious IV 2026,https://seriousiv2026.calicotab.com/_/,seriousiv2026.calicotab.com,_,viable,https://seriousiv2026.calicotab.com/api/v1/tournaments/_
Severn Cup 2023,https://severncup23.calicotab.com/severncup/,severncup23.calicotab.com,severncup,viable,https://severncup23.calicotab.com/api/v1/tournaments/severncup
Severn Cup 2025,https://severn25.calicotab.com/severn25/,severn25.calicotab.com,severn25,viable,https://severn25.calicotab.com/api/v1/tournaments/severn25
Shahjiwana IDC 2025,https://shahjiwana.calicotab.com/SIDC25/,shahjiwana.calicotab.com,SIDC25,viable,https://shahjiwana.calicotab.com/api/v1/tournaments/SIDC25
Shanghai IDC 2022,https://sidc.calicotab.com/sidc/,sidc.calicotab.com,sidc,viable,https://sidc.calicotab.com/api/v1/tournaments/sidc
Shanghai IDC 2024,https://sidc2024.calicotab.com/SIDC2024/,sidc2024.calicotab.com,SIDC2024,viable,https://sidc2024.calicotab.com/api/v1/tournaments/SIDC2024
Shanghai International T 2025,https://sit.calicotab.com/sit2025/,sit.calicotab.com,sit2025,viable,https://sit.calicotab.com/api/v1/tournaments/sit2025
Shanghai Novice DO 2023,https://sndo2023.calicotab.com/sndo2023/,sndo2023.calicotab.com,sndo2023,viable,https://sndo2023.calicotab.com/api/v1/tournaments/sndo2023
Shanghai Novice DO 2024,https://sndo2024.calicotab.com/sndo2024/,sndo2024.calicotab.com,sndo2024,viable,https://sndo2024.calicotab.com/api/v1/tournaments/sndo2024
Shanghai Novice DO 2025,https://sndo25.calicotab.com/sndo25/,sndo25.calicotab.com,sndo25,viable,https://sndo25.calicotab.com/api/v1/tournaments/sndo25
Sheffield IV 2020,https://sheffieldiv2020.netlify.app/2020/,sheffieldiv2020.netlify.app,2020,http_404,https://sheffieldiv2020.netlify.app/api/v1/tournaments/2020
Sheffield IV 2023,https://sheffieldiv2023.calicotab.com/sheffieldiv2023/,sheffieldiv2023.calicotab.com,sheffieldiv2023,viable,https://sheffieldiv2023.calicotab.com/api/v1/tournaments/sheffieldiv2023
Sheffield Novices 2023,https://sheffieldnovices23.calicotab.com/sheffieldnovices2023/,sheffieldnovices23.calicotab.com,sheffieldnovices2023,viable,https://sheffieldnovices23.calicotab.com/api/v1/tournaments/sheffieldnovices2023
Sheffield Pro-Am 2026,https://sheffieldproam26.calicotab.com/sheffield26/,sheffieldproam26.calicotab.com,sheffield26,viable,https://sheffieldproam26.calicotab.com/api/v1/tournaments/sheffield26
Shivaji PD 2026,https://shivajienglishpd.calicotab.com/shivajipd26/,shivajienglishpd.calicotab.com,shivajipd26,viable,https://shivajienglishpd.calicotab.com/api/v1/tournaments/shivajipd26
Shri Ram Pre-ABP 2021,https://srcc.calicotab.com/shrirampreabp2021/,srcc.calicotab.com,shrirampreabp2021,viable,https://srcc.calicotab.com/api/v1/tournaments/shrirampreabp2021
Shri Ram Pre-ABP 2022,https://srcc.calicotab.com/shrirampreabp2022/,srcc.calicotab.com,shrirampreabp2022,viable,https://srcc.calicotab.com/api/v1/tournaments/shrirampreabp2022
Shri Ram Pre-ABP 2023,https://srbp2023.calicotab.com/srbp2023/,srbp2023.calicotab.com,srbp2023,viable,https://srbp2023.calicotab.com/api/v1/tournaments/srbp2023
Shri Ram Pre-ABP 2024,https://srbp2024.calicotab.com/srbp2024/,srbp2024.calicotab.com,srbp2024,viable,https://srbp2024.calicotab.com/api/v1/tournaments/srbp2024
Shri Ram Pre-ABP 2025,https://srbp25.calicotab.com/srbp25/,srbp25.calicotab.com,srbp25,viable,https://srbp25.calicotab.com/api/v1/tournaments/srbp25
Shri Ram Pre-ABP 2026,https://debsocsrcc.calicotab.com/srbp2026/,debsocsrcc.calicotab.com,srbp2026,viable,https://debsocsrcc.calicotab.com/api/v1/tournaments/srbp2026
Shumen Online Open 2026,https://shumenonlineopen2026.calicotab.com/_/,shumenonlineopen2026.calicotab.com,_,viable,https://shumenonlineopen2026.calicotab.com/api/v1/tournaments/_
SIDO 2022,https://sido22.calicotab.com/sido22/,sido22.calicotab.com,sido22,viable,https://sido22.calicotab.com/api/v1/tournaments/sido22
SIDO 2023,https://sido23.calicotab.com/sido2023/,sido23.calicotab.com,sido2023,viable,https://sido23.calicotab.com/api/v1/tournaments/sido2023
SIDO 2024,https://sido2024.calicotab.com/sido/,sido2024.calicotab.com,sido,viable,https://sido2024.calicotab.com/api/v1/tournaments/sido
SIDO 2025,https://sido2025.calicotab.com/sido2025/,sido2025.calicotab.com,sido2025,viable,https://sido2025.calicotab.com/api/v1/tournaments/sido2025
SIDO 2026,https://sido2026.calicotab.com/sido2026/,sido2026.calicotab.com,sido2026,viable,https://sido2026.calicotab.com/api/v1/tournaments/sido2026
Singapore DO 2024,https://sdo2024.calicotab.com/sdo2024/,sdo2024.calicotab.com,sdo2024,viable,https://sdo2024.calicotab.com/api/v1/tournaments/sdo2024
Singapore DO 2025,https://sdo2025.calicotab.com/_/,sdo2025.calicotab.com,_,viable,https://sdo2025.calicotab.com/api/v1/tournaments/_
Skopje Open 2025,https://mofturniri.calicotab.com/skopjeopen2025/,mofturniri.calicotab.com,skopjeopen2025,viable,https://mofturniri.calicotab.com/api/v1/tournaments/skopjeopen2025
Smart Debates Mini 2021,https://smartdebates2020.calicotab.com/sdmini/,smartdebates2020.calicotab.com,sdmini,viable,https://smartdebates2020.calicotab.com/api/v1/tournaments/sdmini
Smart Debates Open 2021,https://smartdebates2020.calicotab.com/sd2021/,smartdebates2020.calicotab.com,sd2021,viable,https://smartdebates2020.calicotab.com/api/v1/tournaments/sd2021
SMVIT Bangalore PD (2.0) 2024,https://www.smvitdebsoctab.com/smvitpd2024/,www.smvitdebsoctab.com,smvitpd2024,viable,https://www.smvitdebsoctab.com/api/v1/tournaments/smvitpd2024
SMVIT Bangalore PD (3.0) 2025,https://smvitpd2025.calicotab.com/smvitpd2025/,smvitpd2025.calicotab.com,smvitpd2025,viable,https://smvitpd2025.calicotab.com/api/v1/tournaments/smvitpd2025
SMVIT Bangalore PD (4.0) 2026,https://smvitpd2025.calicotab.com/smvitpd26/,smvitpd2025.calicotab.com,smvitpd26,viable,https://smvitpd2025.calicotab.com/api/v1/tournaments/smvitpd26
SNUDA x KIDA Pro-Am 2024,https://snudaxkidaproam2024.calicotab.com/snudaproam/,snudaxkidaproam2024.calicotab.com,snudaproam,viable,https://snudaxkidaproam2024.calicotab.com/api/v1/tournaments/snudaproam
Socialism Open 2021,https://socialismopen.calicotab.com/SocialismOpen/,socialismopen.calicotab.com,SocialismOpen,viable,https://socialismopen.calicotab.com/api/v1/tournaments/SocialismOpen
Sofia Online Open 2023,https://sofiaonline2023.calicotab.com/_/,sofiaonline2023.calicotab.com,_,viable,https://sofiaonline2023.calicotab.com/api/v1/tournaments/_
Sofia Online Open 2024,https://sofiaonline24.calicotab.com/_/,sofiaonline24.calicotab.com,_,viable,https://sofiaonline24.calicotab.com/api/v1/tournaments/_
Sofia Online Open (Part 2) 2024,https://sofiaonlinept2.calicotab.com/soopt2/,sofiaonlinept2.calicotab.com,soopt2,viable,https://sofiaonlinept2.calicotab.com/api/v1/tournaments/soopt2
Sofia Open 2022,https://sofiaopen2022.calicotab.com/sofia2022/,sofiaopen2022.calicotab.com,sofia2022,viable,https://sofiaopen2022.calicotab.com/api/v1/tournaments/sofia2022
Sofia Open 2024,https://sofiaopen2024.calicotab.com/_/,sofiaopen2024.calicotab.com,_,viable,https://sofiaopen2024.calicotab.com/api/v1/tournaments/_
Sofia Pre-EUDC 2023,https://sofiapreeudc.calicotab.com/_/,sofiapreeudc.calicotab.com,_,viable,https://sofiapreeudc.calicotab.com/api/v1/tournaments/_
South Atlantic DC 2025,https://satl.calicotab.com/2025/,satl.calicotab.com,2025,viable,https://satl.calicotab.com/api/v1/tournaments/2025
South East Asia DC 2026,https://seadc2026.calicotab.com/seadc2026/,seadc2026.calicotab.com,seadc2026,viable,https://seadc2026.calicotab.com/api/v1/tournaments/seadc2026
South India Pre-ABP 2026,https://southindiapreabp.calicotab.com/southindiapreabp2026/,southindiapreabp.calicotab.com,southindiapreabp2026,viable,https://southindiapreabp.calicotab.com/api/v1/tournaments/southindiapreabp2026
Southampton Novices 2025,https://sotonnovices25.calicotab.com/sotonnovices25/,sotonnovices25.calicotab.com,sotonnovices25,viable,https://sotonnovices25.calicotab.com/api/v1/tournaments/sotonnovices25
Southampton Open 2022,https://southamptonopen2022.calicotab.com/_/,southamptonopen2022.calicotab.com,_,viable,https://southamptonopen2022.calicotab.com/api/v1/tournaments/_
Southampton Open 2023,https://southamptonopen2023.calicotab.com/_/,southamptonopen2023.calicotab.com,_,viable,https://southamptonopen2023.calicotab.com/api/v1/tournaments/_
Southampton Open 2024,https://southampton2024.calicotab.com/_/,southampton2024.calicotab.com,_,viable,https://southampton2024.calicotab.com/api/v1/tournaments/_
Southampton Open 2025,https://southamptonopen2025.calicotab.com/southamptonopen2025/,southamptonopen2025.calicotab.com,southamptonopen2025,viable,https://southamptonopen2025.calicotab.com/api/v1/tournaments/southamptonopen2025
Southampton Open 2026,https://southamptonopen26.calicotab.com/sotonopen26/,southamptonopen26.calicotab.com,sotonopen26,viable,https://southamptonopen26.calicotab.com/api/v1/tournaments/sotonopen26
Southampton Pro-Am 2024,https://sotonproam24.calicotab.com/SotonProAm24/,sotonproam24.calicotab.com,SotonProAm24,viable,https://sotonproam24.calicotab.com/api/v1/tournaments/SotonProAm24
Southampton Pro-Am 2026,https://sotonproam26.calicotab.com/sotonproam26/,sotonproam26.calicotab.com,sotonproam26,viable,https://sotonproam26.calicotab.com/api/v1/tournaments/sotonproam26
Southampton Sillies 2025,https://sotonsillies25.calicotab.com/sotonsillies25/,sotonsillies25.calicotab.com,sotonsillies25,viable,https://sotonsillies25.calicotab.com/api/v1/tournaments/sotonsillies25
Southern African UDC 2017,https://docs.google.com/spreadsheets/d/12pPM0-QBDfQYXmJKJduXLOpMpNeARJ7G/edit?gid=1420280541#gid=1420280541,docs.google.com,spreadsheets,http_404,https://docs.google.com/api/v1/tournaments/spreadsheets
Southern African UDC 2018,https://docs.google.com/spreadsheets/d/1IcrbPIyyXW8aOR8mITn3_5r85fW9S3nj/edit?gid=1136817271#gid=1136817271,docs.google.com,spreadsheets,http_404,https://docs.google.com/api/v1/tournaments/spreadsheets
Southern African UDC 2021,https://mace.calicotab.com/saudc2022/,mace.calicotab.com,saudc2022,viable,https://mace.calicotab.com/api/v1/tournaments/saudc2022
Southern African UDC 2022,https://mace1996.calicotab.com/saudc2022/,mace1996.calicotab.com,saudc2022,viable,https://mace1996.calicotab.com/api/v1/tournaments/saudc2022
Southern African UDC 2023,https://saudc2023.calicotab.com/saudc2023/,saudc2023.calicotab.com,saudc2023,viable,https://saudc2023.calicotab.com/api/v1/tournaments/saudc2023
Southern African UDC 2024,https://lucien.calicotab.com/SAUDC2024/,lucien.calicotab.com,SAUDC2024,viable,https://lucien.calicotab.com/api/v1/tournaments/SAUDC2024
Southern African UDC 2025,https://lucien.calicotab.com/SAUDC2025/,lucien.calicotab.com,SAUDC2025,viable,https://lucien.calicotab.com/api/v1/tournaments/SAUDC2025
Speech Forces Easter's 2023,https://easter23.calicotab.com/elsj23/,easter23.calicotab.com,elsj23,viable,https://easter23.calicotab.com/api/v1/tournaments/elsj23
Speech Forces Easter's 2024,https://speechforces.calicotab.com/Easters/,speechforces.calicotab.com,Easters,viable,https://speechforces.calicotab.com/api/v1/tournaments/Easters
Speech Forces Easter's 2025,https://speechforces.calicotab.com/Easters2025/,speechforces.calicotab.com,Easters2025,viable,https://speechforces.calicotab.com/api/v1/tournaments/Easters2025
Speech Forces Genesis DO 2022,https://speechforces.calicotab.com/genesis22/,speechforces.calicotab.com,genesis22,viable,https://speechforces.calicotab.com/api/v1/tournaments/genesis22
Speech Forces Genesis DO 2023,https://genesis.calicotab.com/genesis2023/,genesis.calicotab.com,genesis2023,viable,https://genesis.calicotab.com/api/v1/tournaments/genesis2023
Speech Forces Genesis DO 2024,https://speechforces.calicotab.com/Genesis2024/,speechforces.calicotab.com,Genesis2024,viable,https://speechforces.calicotab.com/api/v1/tournaments/Genesis2024
Speech Forces Genesis DO 2025,https://speechforces.calicotab.com/genesis2025/,speechforces.calicotab.com,genesis2025,viable,https://speechforces.calicotab.com/api/v1/tournaments/genesis2025
Speech Forces Genesis DO 2026,https://speechforces.calicotab.com/GenesisAtAshesi/,speechforces.calicotab.com,GenesisAtAshesi,viable,https://speechforces.calicotab.com/api/v1/tournaments/GenesisAtAshesi
Split Open 2023,https://open-communication.calicotab.com/split2023/,open-communication.calicotab.com,split2023,viable,https://open-communication.calicotab.com/api/v1/tournaments/split2023
Split Open 2024,https://splitopen2024.calicotab.com/splitopen2024/,splitopen2024.calicotab.com,splitopen2024,viable,https://splitopen2024.calicotab.com/api/v1/tournaments/splitopen2024
Split Open 2025,https://splitopen2025.calicotab.com/split2025/,splitopen2025.calicotab.com,split2025,viable,https://splitopen2025.calicotab.com/api/v1/tournaments/split2025
Split Open 2026,https://splitopen2026.calicotab.com/SplitOpen2026/,splitopen2026.calicotab.com,SplitOpen2026,viable,https://splitopen2026.calicotab.com/api/v1/tournaments/SplitOpen2026
Spring Challenge Open 2025,https://challengeopen.calicotab.com/springchallenge2025/,challengeopen.calicotab.com,springchallenge2025,viable,https://challengeopen.calicotab.com/api/v1/tournaments/springchallenge2025
Squid Games IV 2025,https://sgiv2025.calicotab.com/sgiv2025/,sgiv2025.calicotab.com,sgiv2025,viable,https://sgiv2025.calicotab.com/api/v1/tournaments/sgiv2025
SSDC Pro-Am 2026,https://proam2026.calicotab.com/proam2026/,proam2026.calicotab.com,proam2026,viable,https://proam2026.calicotab.com/api/v1/tournaments/proam2026
SSE Riga IV 2022,https://sserdebates.calicotab.com/rigaiv/,sserdebates.calicotab.com,rigaiv,viable,https://sserdebates.calicotab.com/api/v1/tournaments/rigaiv
SSE Riga IV 2023,https://sserigaiv23.calicotab.com/sseriv2023/,sserigaiv23.calicotab.com,sseriv2023,viable,https://sserigaiv23.calicotab.com/api/v1/tournaments/sseriv2023
SSE Riga IV 2024,https://sserigaivpart24.calicotab.com/sseriv24/,sserigaivpart24.calicotab.com,sseriv24,viable,https://sserigaivpart24.calicotab.com/api/v1/tournaments/sseriv24
SSE Riga IV 2025,https://tab.pikta.lt/sseriv25/,tab.pikta.lt,sseriv25,viable,https://tab.pikta.lt/api/v1/tournaments/sseriv25
SSE Riga Pro-Am 2024,https://sserigaproamvii.calicotab.com/Pro-AmVIII/,sserigaproamvii.calicotab.com,Pro-AmVIII,viable,https://sserigaproamvii.calicotab.com/api/v1/tournaments/Pro-AmVIII
SSE Riga Pro-Am 2025,https://sserigaproam2025.calicotab.com/sserproam20254/,sserigaproam2025.calicotab.com,sserproam20254,viable,https://sserigaproam2025.calicotab.com/api/v1/tournaments/sserproam20254
St Andrews Open 2024,https://staopen2024.calicotab.com/staopen24/,staopen2024.calicotab.com,staopen24,viable,https://staopen2024.calicotab.com/api/v1/tournaments/staopen24
St Andrews Open 2025,https://standrewsopen2025.calicotab.com/standrewsopen2025/,standrewsopen2025.calicotab.com,standrewsopen2025,viable,https://standrewsopen2025.calicotab.com/api/v1/tournaments/standrewsopen2025
St Andrews Open 2026,https://staopen2026.calicotab.com/staopen2026/,staopen2026.calicotab.com,staopen2026,viable,https://staopen2026.calicotab.com/api/v1/tournaments/staopen2026
St Andrews Pre-EUDC 2024,https://staspreeudc.calicotab.com/_/,staspreeudc.calicotab.com,_,viable,https://staspreeudc.calicotab.com/api/v1/tournaments/_
St Andrews Pre-EUDC 2025,https://standrewspreeudc2025.calicotab.com/_/,standrewspreeudc2025.calicotab.com,_,viable,https://standrewspreeudc2025.calicotab.com/api/v1/tournaments/_
St Andrews Pre-EUDC (Part 1) 2026,https://standrewspreeudcpart1.calicotab.com/standrewspreeudcpart1/,standrewspreeudcpart1.calicotab.com,standrewspreeudcpart1,viable,https://standrewspreeudcpart1.calicotab.com/api/v1/tournaments/standrewspreeudcpart1
St Andrews Pre-EUDC (Part 2) 2026,https://standrewspart2.calicotab.com/_/,standrewspart2.calicotab.com,_,viable,https://standrewspart2.calicotab.com/api/v1/tournaments/_
Stockholm Pre-EUDC 2025,https://stockholm2025.calicotab.com/stockholmpe25/,stockholm2025.calicotab.com,stockholmpe25,viable,https://stockholm2025.calicotab.com/api/v1/tournaments/stockholmpe25
Strait Debate Open 2023,https://sdoofficial.calicotab.com/sdo2023/,sdoofficial.calicotab.com,sdo2023,viable,https://sdoofficial.calicotab.com/api/v1/tournaments/sdo2023
Structural Reasons Pre-WUDC 2022,https://structuralreasons.calicotab.com/structural/,structuralreasons.calicotab.com,structural,viable,https://structuralreasons.calicotab.com/api/v1/tournaments/structural
Structural Reasons Volume 2 2023,https://structuralreasons2.calicotab.com/_/,structuralreasons2.calicotab.com,_,viable,https://structuralreasons2.calicotab.com/api/v1/tournaments/_
Sudan & DRC Fundraiser 2025,https://ssudrcan.calicotab.com/SDRC2025/,ssudrcan.calicotab.com,SDRC2025,viable,https://ssudrcan.calicotab.com/api/v1/tournaments/SDRC2025
Sudan Fundraiser 2024,https://mace.calicotab.com/fundraiser2024/,mace.calicotab.com,fundraiser2024,viable,https://mace.calicotab.com/api/v1/tournaments/fundraiser2024
Summer National DO 2023,https://summernationaldebate.calicotab.com/sndo2023/,summernationaldebate.calicotab.com,sndo2023,viable,https://summernationaldebate.calicotab.com/api/v1/tournaments/sndo2023
Summer Wars (2.0) 2022,https://summerwars2022.calicotab.com/SWDO2022/,summerwars2022.calicotab.com,SWDO2022,viable,https://summerwars2022.calicotab.com/api/v1/tournaments/SWDO2022
Summer Wars (3.0) 2024,https://debatefoster.calicotab.com/summerwars24/,debatefoster.calicotab.com,summerwars24,viable,https://debatefoster.calicotab.com/api/v1/tournaments/summerwars24
Sunway Debate Open 2022,https://sunwaydebate.calicotab.com/sundo2022/,sunwaydebate.calicotab.com,sundo2022,viable,https://sunwaydebate.calicotab.com/api/v1/tournaments/sundo2022
Sunway Debate Open 2023,https://sunwaydebate.calicotab.com/sundo2023/,sunwaydebate.calicotab.com,sundo2023,viable,https://sunwaydebate.calicotab.com/api/v1/tournaments/sundo2023
Sunway Debate Open 2024,https://sunwaydebate.calicotab.com/sundo2024/,sunwaydebate.calicotab.com,sundo2024,viable,https://sunwaydebate.calicotab.com/api/v1/tournaments/sundo2024
Sunway Debate Open 2025,https://sunwaydebate.calicotab.com/sundo2025/,sunwaydebate.calicotab.com,sundo2025,viable,https://sunwaydebate.calicotab.com/api/v1/tournaments/sundo2025
Sunway Debate Open 2026,https://sunwaydebate.calicotab.com/sundo2026/,sunwaydebate.calicotab.com,sundo2026,viable,https://sunwaydebate.calicotab.com/api/v1/tournaments/sundo2026
Sunway Pre-Nationals 2023,https://sunwaydebate.calicotab.com/spren2023/,sunwaydebate.calicotab.com,spren2023,viable,https://sunwaydebate.calicotab.com/api/v1/tournaments/spren2023
Surabaya Open 2023,https://surabaya-open2023.au-tab.app/so2023/,surabaya-open2023.au-tab.app,so2023,viable,https://surabaya-open2023.au-tab.app/api/v1/tournaments/so2023
Surprise IV 2022,https://surpriseiv.calicotab.com/surprise22/,surpriseiv.calicotab.com,surprise22,viable,https://surpriseiv.calicotab.com/api/v1/tournaments/surprise22
Swan IV 2023,https://swaniv23.calicotab.com/swaniv23/,swaniv23.calicotab.com,swaniv23,viable,https://swaniv23.calicotab.com/api/v1/tournaments/swaniv23
Sydney Mini 2018,https://usutabs2018.calicotab.com/mini2018/,usutabs2018.calicotab.com,mini2018,viable,https://usutabs2018.calicotab.com/api/v1/tournaments/mini2018
Sydney Mini 2019,https://usutabs2019.calicotab.com/mini/,usutabs2019.calicotab.com,mini,viable,https://usutabs2019.calicotab.com/api/v1/tournaments/mini
Sydney Mini 2022,https://sydmini2022.calicotab.com/sydmini2022/,sydmini2022.calicotab.com,sydmini2022,viable,https://sydmini2022.calicotab.com/api/v1/tournaments/sydmini2022
Sydney Mini 2023,https://sydneymini2023.calicotab.com/sydneymini2023/,sydneymini2023.calicotab.com,sydneymini2023,viable,https://sydneymini2023.calicotab.com/api/v1/tournaments/sydneymini2023
Sydney Mini 2024,https://sydmini2024.calicotab.com/sydmini24/,sydmini2024.calicotab.com,sydmini24,viable,https://sydmini2024.calicotab.com/api/v1/tournaments/sydmini24
Sydney Mini 2025,http://www.sydneymini2025.calicotab.com/sydneymini2025/tab/speaker/,www.sydneymini2025.calicotab.com,sydneymini2025,viable,http://www.sydneymini2025.calicotab.com/api/v1/tournaments/sydneymini2025
Symbiosis Law School PD 2023,https://sls.calicotab.com/slspd2023/,sls.calicotab.com,slspd2023,viable,https://sls.calicotab.com/api/v1/tournaments/slspd2023
Symbiosis Law School PD 2024,https://sls.calicotab.com/slspd2024/,sls.calicotab.com,slspd2024,viable,https://sls.calicotab.com/api/v1/tournaments/slspd2024
Symbiosis Law School PD 2025,https://sls.calicotab.com/slspd2025/,sls.calicotab.com,slspd2025,viable,https://sls.calicotab.com/api/v1/tournaments/slspd2025
Symbiosis Law School PD 2026,https://sls.calicotab.com/slspd2026/,sls.calicotab.com,slspd2026,viable,https://sls.calicotab.com/api/v1/tournaments/slspd2026
SZABIST IV 2024,https://zabiv.calicotab.com/zabiv2024/,zabiv.calicotab.com,zabiv2024,viable,https://zabiv.calicotab.com/api/v1/tournaments/zabiv2024
Tabtastic Autumn Open 2023,https://autumnopen2023.calicotab.com/_/,autumnopen2023.calicotab.com,_,viable,https://autumnopen2023.calicotab.com/api/v1/tournaments/_
Tabtastic Spring Open 2023,https://springopen2023.calicotab.com/_/,springopen2023.calicotab.com,_,viable,https://springopen2023.calicotab.com/api/v1/tournaments/_
Tabtastic Summer Open 2023,https://summeropen2023.calicotab.com/_/,summeropen2023.calicotab.com,_,viable,https://summeropen2023.calicotab.com/api/v1/tournaments/_
Taft Debate Open 2024,https://taftdebateopen2024.calicotab.com/tdo2024/,taftdebateopen2024.calicotab.com,tdo2024,viable,https://taftdebateopen2024.calicotab.com/api/v1/tournaments/tdo2024
Taipei DO 2024,https://taipeidebateopen2024.calicotab.com/taipeidebateopen2024/,taipeidebateopen2024.calicotab.com,taipeidebateopen2024,viable,https://taipeidebateopen2024.calicotab.com/api/v1/tournaments/taipeidebateopen2024
Tartu Pre-EUDC 2026,https://tartupreeudc.calicotab.com/t/,tartupreeudc.calicotab.com,t,viable,https://tartupreeudc.calicotab.com/api/v1/tournaments/t
Taylor's Debate Open 2022,https://taydo2022.calicotab.com/taydo2022/,taydo2022.calicotab.com,taydo2022,viable,https://taydo2022.calicotab.com/api/v1/tournaments/taydo2022
Taylor's Debate Open 2023,https://taylorsdebate.calicotab.com/taydo2023/,taylorsdebate.calicotab.com,taydo2023,viable,https://taylorsdebate.calicotab.com/api/v1/tournaments/taydo2023
Taylor's Debate Open 2024,https://taydo2022.calicotab.com/taydo2024/,taydo2022.calicotab.com,taydo2024,viable,https://taydo2022.calicotab.com/api/v1/tournaments/taydo2024
Taylor's Debate Open 2025,https://taydo2022.calicotab.com/taydo2025/,taydo2022.calicotab.com,taydo2025,viable,https://taydo2022.calicotab.com/api/v1/tournaments/taydo2025
Taylor's KL Charity Pro-Am 2025,https://klcharityproams25.calicotab.com/klcharity25/,klcharityproams25.calicotab.com,klcharity25,viable,https://klcharityproams25.calicotab.com/api/v1/tournaments/klcharity25
Technion Open 2023,https://technion2023.calicotab.com/_/,technion2023.calicotab.com,_,viable,https://technion2023.calicotab.com/api/v1/tournaments/_
Technion Open 2026,https://technionopen26.calicotab.com/Technion26/,technionopen26.calicotab.com,Technion26,viable,https://technionopen26.calicotab.com/api/v1/tournaments/Technion26
Thane Pre-ABP 2026,https://thanepreabp.calicotab.com/thanepreabp2026/,thanepreabp.calicotab.com,thanepreabp2026,viable,https://thanepreabp.calicotab.com/api/v1/tournaments/thanepreabp2026
The Call Out 2022,https://thecallout2022.calicotab.com/_/,thecallout2022.calicotab.com,_,viable,https://thecallout2022.calicotab.com/api/v1/tournaments/_
The Call Out DOC 2021,https://mace.calicotab.com/tco2021/,mace.calicotab.com,tco2021,viable,https://mace.calicotab.com/api/v1/tournaments/tco2021
The Delhi Debate 2024,https://thedelhidebate2024.calicotab.com/delhidebate2024/,thedelhidebate2024.calicotab.com,delhidebate2024,viable,https://thedelhidebate2024.calicotab.com/api/v1/tournaments/delhidebate2024
The Delhi Debate 2025,https://thedelhidebate2025.calicotab.com/thedelhidebate2025/,thedelhidebate2025.calicotab.com,thedelhidebate2025,viable,https://thedelhidebate2025.calicotab.com/api/v1/tournaments/thedelhidebate2025
The Global Summer Open 2025,https://gsdctab.calicotab.com/TGSO25/,gsdctab.calicotab.com,TGSO25,http_404,https://gsdctab.calicotab.com/api/v1/tournaments/TGSO25
The RV Debating Tournament 2022,https://rvdt.calicotab.com/rvdt2022/,rvdt.calicotab.com,rvdt2022,viable,https://rvdt.calicotab.com/api/v1/tournaments/rvdt2022
Theology Open 2021,https://tabtastic.calicotab.com/theologyopen2021/,tabtastic.calicotab.com,theologyopen2021,viable,https://tabtastic.calicotab.com/api/v1/tournaments/theologyopen2021
Tilburg Open 2024,https://tilburgopen2024.calicotab.com/TilburgOpen2024/,tilburgopen2024.calicotab.com,TilburgOpen2024,viable,https://tilburgopen2024.calicotab.com/api/v1/tournaments/TilburgOpen2024
TOA Kampala Pre-EAUDC 2026,https://inspired.calicotab.com/pre_eaudc2026/,inspired.calicotab.com,pre_eaudc2026,viable,https://inspired.calicotab.com/api/v1/tournaments/pre_eaudc2026
Tokyo IV 2023,https://tokyoiv2023.calicotab.com/tokyoiv2023/,tokyoiv2023.calicotab.com,tokyoiv2023,viable,https://tokyoiv2023.calicotab.com/api/v1/tournaments/tokyoiv2023
Tokyo IV 2025,https://tokyoiv2025.calicotab.com/tokyoiv2025/,tokyoiv2025.calicotab.com,tokyoiv2025,viable,https://tokyoiv2025.calicotab.com/api/v1/tournaments/tokyoiv2025
Transform OA Varsities (1.0) 2024,https://debatefoster.calicotab.com/toavarsities/,debatefoster.calicotab.com,toavarsities,viable,https://debatefoster.calicotab.com/api/v1/tournaments/toavarsities
Trinity IV 2021,https://tabtastic.calicotab.com/trinityiv2021/,tabtastic.calicotab.com,trinityiv2021,viable,https://tabtastic.calicotab.com/api/v1/tournaments/trinityiv2021
Trinity IV 2022,https://trinity2022.calicotab.com/iv/,trinity2022.calicotab.com,iv,viable,https://trinity2022.calicotab.com/api/v1/tournaments/iv
Trinity IV 2023,https://trinity2023.calicotab.com/iv/,trinity2023.calicotab.com,iv,viable,https://trinity2023.calicotab.com/api/v1/tournaments/iv
Trinity IV 2024,https://trinity2024.calicotab.com/iv/,trinity2024.calicotab.com,iv,viable,https://trinity2024.calicotab.com/api/v1/tournaments/iv
Trinity IV 2025,https://trinityiv2025.calicotab.com/trinityiv2025/,trinityiv2025.calicotab.com,trinityiv2025,viable,https://trinityiv2025.calicotab.com/api/v1/tournaments/trinityiv2025
Trinity IV 2026,https://trinityiv2026.calicotab.com/trinityiv2026/,trinityiv2026.calicotab.com,trinityiv2026,viable,https://trinityiv2026.calicotab.com/api/v1/tournaments/trinityiv2026
Trinity Open 2023,https://trinityopen2023.calicotab.com/trinityopen2023/,trinityopen2023.calicotab.com,trinityopen2023,viable,https://trinityopen2023.calicotab.com/api/v1/tournaments/trinityopen2023
Trinity Open 2024,https://trinityopen2024.calicotab.com/trinityopen2024/,trinityopen2024.calicotab.com,trinityopen2024,viable,https://trinityopen2024.calicotab.com/api/v1/tournaments/trinityopen2024
Trinity Open 2025,https://trinityopen2025.calicotab.com/trinityopen2025/,trinityopen2025.calicotab.com,trinityopen2025,viable,https://trinityopen2025.calicotab.com/api/v1/tournaments/trinityopen2025
Trinity Open 2026,https://trinityopen2026.calicotab.com/trinityopen2026/,trinityopen2026.calicotab.com,trinityopen2026,viable,https://trinityopen2026.calicotab.com/api/v1/tournaments/trinityopen2026
Turkey Pre-WUDC 2025,https://tabserverofturkey.calicotab.com/turkeyonlineprewudc2025/,tabserverofturkey.calicotab.com,turkeyonlineprewudc2025,viable,https://tabserverofturkey.calicotab.com/api/v1/tournaments/turkeyonlineprewudc2025
U Queensland Online Open 2025,https://uqonlineopen2025.calicotab.com/uqonlineopen2025/,uqonlineopen2025.calicotab.com,uqonlineopen2025,viable,https://uqonlineopen2025.calicotab.com/api/v1/tournaments/uqonlineopen2025
U Queensland Pre-WUDC 2025,https://uqprewudc2025.calicotab.com/uqprewudc2025/,uqprewudc2025.calicotab.com,uqprewudc2025,viable,https://uqprewudc2025.calicotab.com/api/v1/tournaments/uqprewudc2025
UBC IV 2024,https://ubcivfall2024.calicotab.com/ubciv2024/,ubcivfall2024.calicotab.com,ubciv2024,viable,https://ubcivfall2024.calicotab.com/api/v1/tournaments/ubciv2024
UC Riverside IV 2024,https://ucriv2024.calicotab.com/ucriv2024/,ucriv2024.calicotab.com,ucriv2024,viable,https://ucriv2024.calicotab.com/api/v1/tournaments/ucriv2024
UCD Peter Maguire IV 2022,https://petermaguireiv.calicotab.com/petermaguireiv2022/,petermaguireiv.calicotab.com,petermaguireiv2022,viable,https://petermaguireiv.calicotab.com/api/v1/tournaments/petermaguireiv2022
UCD Peter Maguire IV 2023,https://pmiv23.calicotab.com/_/,pmiv23.calicotab.com,_,viable,https://pmiv23.calicotab.com/api/v1/tournaments/_
UCD Peter Maguire IV 2025,https://petermaguire2025.calicotab.com/petermaguire2025/,petermaguire2025.calicotab.com,petermaguire2025,viable,https://petermaguire2025.calicotab.com/api/v1/tournaments/petermaguire2025
UCL Autumn Champs 2025,https://uclautumnchamps2025.calicotab.com/autumnchamps2025/,uclautumnchamps2025.calicotab.com,autumnchamps2025,viable,https://uclautumnchamps2025.calicotab.com/api/v1/tournaments/autumnchamps2025
UCL IV 2021,https://ucl.calicotab.com/iv2021/,ucl.calicotab.com,iv2021,viable,https://ucl.calicotab.com/api/v1/tournaments/iv2021
UCL IV 2023,https://ucliv2023.calicotab.com/_/,ucliv2023.calicotab.com,_,viable,https://ucliv2023.calicotab.com/api/v1/tournaments/_
UCL IV 2024,https://ucliv24.calicotab.com/ucliv2024/,ucliv24.calicotab.com,ucliv2024,viable,https://ucliv24.calicotab.com/api/v1/tournaments/ucliv2024
UCL IV 2026,https://ucl2026.calicotab.com/ucl2026/,ucl2026.calicotab.com,ucl2026,viable,https://ucl2026.calicotab.com/api/v1/tournaments/ucl2026
UCL President's Cup 2021,https://uclpresidents2021.calicotab.com/_/,uclpresidents2021.calicotab.com,_,viable,https://uclpresidents2021.calicotab.com/api/v1/tournaments/_
UCL President's Cup 2024,https://uclpcup24.calicotab.com/pcup2024/,uclpcup24.calicotab.com,pcup2024,viable,https://uclpcup24.calicotab.com/api/v1/tournaments/pcup2024
UCL President's Cup 2025,https://uclprescup2025.calicotab.com/uclprescup2025/,uclprescup2025.calicotab.com,uclprescup2025,viable,https://uclprescup2025.calicotab.com/api/v1/tournaments/uclprescup2025
UCL Pro-Am 2022,https://uclwinterproam.calicotab.com/_/,uclwinterproam.calicotab.com,_,viable,https://uclwinterproam.calicotab.com/api/v1/tournaments/_
UCL Pro-Am 2024,https://uclproam23.calicotab.com/proam2024/,uclproam23.calicotab.com,proam2024,viable,https://uclproam23.calicotab.com/api/v1/tournaments/proam2024
UCL Pro-Am 2025,https://uclproam2025.calicotab.com/uclproam2025/,uclproam2025.calicotab.com,uclproam2025,viable,https://uclproam2025.calicotab.com/api/v1/tournaments/uclproam2025
UCL Pro-Am 2026,https://uclproam2026.calicotab.com/_/,uclproam2026.calicotab.com,_,viable,https://uclproam2026.calicotab.com/api/v1/tournaments/_
UCLA IV 2023,https://ucladebateunion.calicotab.com/uclaiv2023/,ucladebateunion.calicotab.com,uclaiv2023,viable,https://ucladebateunion.calicotab.com/api/v1/tournaments/uclaiv2023
UCLA IV 2024,https://uclaiv2024.calicotab.com/uclaiv2024/,uclaiv2024.calicotab.com,uclaiv2024,viable,https://uclaiv2024.calicotab.com/api/v1/tournaments/uclaiv2024
UCLA IV 2025,https://uclaiv2025.calicotab.com/uclaiv2025/,uclaiv2025.calicotab.com,uclaiv2025,viable,https://uclaiv2025.calicotab.com/api/v1/tournaments/uclaiv2025
Uganda Easter Debate 2024,https://debatefoster.calicotab.com/ued24/,debatefoster.calicotab.com,ued24,viable,https://debatefoster.calicotab.com/api/v1/tournaments/ued24
Uganda Easter Debate 2025,https://debatefoster.calicotab.com/UED2025/,debatefoster.calicotab.com,UED2025,viable,https://debatefoster.calicotab.com/api/v1/tournaments/UED2025
Uhuru Worlds (Loxodonta) 2021,https://uhuru-worlds.calicotab.com/loxodonta/,uhuru-worlds.calicotab.com,loxodonta,viable,https://uhuru-worlds.calicotab.com/api/v1/tournaments/loxodonta
Uhuru Worlds (Panthera) 2021,https://uhuru-worlds.calicotab.com/panthera/,uhuru-worlds.calicotab.com,panthera,viable,https://uhuru-worlds.calicotab.com/api/v1/tournaments/panthera
Uhuru Worlds (Outrounds) 2021,https://uhuru-worlds.calicotab.com/uw2021outrounds/,uhuru-worlds.calicotab.com,uw2021outrounds,viable,https://uhuru-worlds.calicotab.com/api/v1/tournaments/uw2021outrounds
Uhuru Worlds (Loxodonta) 2022,https://uhuruworlds2022.calicotab.com/loxuhuruworlds2022/,uhuruworlds2022.calicotab.com,loxuhuruworlds2022,viable,https://uhuruworlds2022.calicotab.com/api/v1/tournaments/loxuhuruworlds2022
Uhuru Worlds (Panthera) 2022,https://uhuruworlds2022.calicotab.com/pan_uhuruworlds2022/,uhuruworlds2022.calicotab.com,pan_uhuruworlds2022,viable,https://uhuruworlds2022.calicotab.com/api/v1/tournaments/pan_uhuruworlds2022
Uhuru Worlds (Outrounds) 2022,https://uhuruworlds2022.calicotab.com/uhuruworlds2022outrounds/,uhuruworlds2022.calicotab.com,uhuruworlds2022outrounds,viable,https://uhuruworlds2022.calicotab.com/api/v1/tournaments/uhuruworlds2022outrounds
Uhuru Worlds 2023,https://uhuruworlds2023.calicotab.com/uhuru2023/,uhuruworlds2023.calicotab.com,uhuru2023,viable,https://uhuruworlds2023.calicotab.com/api/v1/tournaments/uhuru2023
Uhuru Worlds 2024,https://uhuruworlds2024.calicotab.com/uhuruworlds2024/,uhuruworlds2024.calicotab.com,uhuruworlds2024,viable,https://uhuruworlds2024.calicotab.com/api/v1/tournaments/uhuruworlds2024
Uhuru Worlds 2025,https://uhuru2025.calicotab.com/_/,uhuru2025.calicotab.com,_,viable,https://uhuru2025.calicotab.com/api/v1/tournaments/_
ULAB (Bangladesh) Daring 2020,https://tahsinraian.calicotab.com/ulab/,tahsinraian.calicotab.com,ulab,viable,https://tahsinraian.calicotab.com/api/v1/tournaments/ulab
Unity Cup 2025,https://unitycup25.calicotab.com/unity25/,unitycup25.calicotab.com,unity25,viable,https://unitycup25.calicotab.com/api/v1/tournaments/unity25
UNSW Pre-WUDC 2024,https://unswtabs2024.calicotab.com/prewudc24/,unswtabs2024.calicotab.com,prewudc24,viable,https://unswtabs2024.calicotab.com/api/v1/tournaments/prewudc24
UNSW Pro-Am 2022,https://unsw22.calicotab.com/pro-am2022/,unsw22.calicotab.com,pro-am2022,viable,https://unsw22.calicotab.com/api/v1/tournaments/pro-am2022
UNSW Sports IV 2025,https://unswtabs2025.calicotab.com/sportsiv/,unswtabs2025.calicotab.com,sportsiv,viable,https://unswtabs2025.calicotab.com/api/v1/tournaments/sportsiv
Untitled Pre-EUDC 2023,https://untitledpreeudc.calicotab.com/2023/,untitledpreeudc.calicotab.com,2023,viable,https://untitledpreeudc.calicotab.com/api/v1/tournaments/2023
Untitled Pre-Glasgow 2024,https://untitledpreglasgow.calicotab.com/2024/,untitledpreglasgow.calicotab.com,2024,viable,https://untitledpreglasgow.calicotab.com/api/v1/tournaments/2024
Untitled Spring Open 2025,https://untitledspringopen.calicotab.com/untitledspringopen/,untitledspringopen.calicotab.com,untitledspringopen,viable,https://untitledspringopen.calicotab.com/api/v1/tournaments/untitledspringopen
UoVermont LDU Huber Debates 2024,https://huber24.calicotab.com/huber2024/,huber24.calicotab.com,huber2024,viable,https://huber24.calicotab.com/api/v1/tournaments/huber2024
UPES Vidhiutsav BPD 2024,https://upesbpd24.calicotab.com/upesbpd24/,upesbpd24.calicotab.com,upesbpd24,viable,https://upesbpd24.calicotab.com/api/v1/tournaments/upesbpd24
USC IV 2021,https://usciv2021.calicotab.com/usciv2021/,usciv2021.calicotab.com,usciv2021,viable,https://usciv2021.calicotab.com/api/v1/tournaments/usciv2021
USC IV 2022,https://usc.calicotab.com/usciv22/,usc.calicotab.com,usciv22,viable,https://usc.calicotab.com/api/v1/tournaments/usciv22
USC IV 2023,https://usciv.calicotab.com/usciv2023/,usciv.calicotab.com,usciv2023,viable,https://usciv.calicotab.com/api/v1/tournaments/usciv2023
USC IV 2024,https://usciv2024.calicotab.com/usciv2024/,usciv2024.calicotab.com,usciv2024,viable,https://usciv2024.calicotab.com/api/v1/tournaments/usciv2024
USC IV 2025,https://usciv2025.calicotab.com/_/,usciv2025.calicotab.com,_,viable,https://usciv2025.calicotab.com/api/v1/tournaments/_
USC IV 2026,https://usciv2026.calicotab.com/_/,usciv2026.calicotab.com,_,viable,https://usciv2026.calicotab.com/api/v1/tournaments/_
USU BP Novice 2025,https://usutabs2025.calicotab.com/usubpnovice/,usutabs2025.calicotab.com,usubpnovice,viable,https://usutabs2025.calicotab.com/api/v1/tournaments/usubpnovice
USU IV 2026,https://usutabs2025.calicotab.com/usuiv2025/,usutabs2025.calicotab.com,usuiv2025,viable,https://usutabs2025.calicotab.com/api/v1/tournaments/usuiv2025
HWS USUDC 2020,https://usudc2020.calicotab.com/usudc2020/,usudc2020.calicotab.com,usudc2020,viable,https://usudc2020.calicotab.com/api/v1/tournaments/usudc2020
HWS USUDC 2022,https://usudc2022.calicotab.com/usudc2022/,usudc2022.calicotab.com,usudc2022,viable,https://usudc2022.calicotab.com/api/v1/tournaments/usudc2022
HWS USUDC 2023,https://usudc2023.calicotab.com/usudc2023/,usudc2023.calicotab.com,usudc2023,viable,https://usudc2023.calicotab.com/api/v1/tournaments/usudc2023
Dartmouth USUDC 2025,https://usudc2025.calicotab.com/_/,usudc2025.calicotab.com,_,viable,https://usudc2025.calicotab.com/api/v1/tournaments/_
Penn USUDC 2025,https://pennusudc2025.calicotab.com/_/,pennusudc2025.calicotab.com,_,viable,https://pennusudc2025.calicotab.com/api/v1/tournaments/_
UT Mara IV 2024,https://maradebates.calicotab.com/maraiv2024/,maradebates.calicotab.com,maraiv2024,viable,https://maradebates.calicotab.com/api/v1/tournaments/maraiv2024
UT Sydney IV 2021,https://utsiv2021.calicotab.com/uts-iv-2021/,utsiv2021.calicotab.com,uts-iv-2021,viable,https://utsiv2021.calicotab.com/api/v1/tournaments/uts-iv-2021
Utrecht Open 2023,https://utrecht23.calicotab.com/utrecht2023/,utrecht23.calicotab.com,utrecht2023,viable,https://utrecht23.calicotab.com/api/v1/tournaments/utrecht2023
Utrecht Open 2025,https://utrechtopen2025.calicotab.com/_/,utrechtopen2025.calicotab.com,_,viable,https://utrechtopen2025.calicotab.com/api/v1/tournaments/_
Utrecht Open 2026,https://utrechtopen2026.calicotab.com/utrechtopen2026/,utrechtopen2026.calicotab.com,utrechtopen2026,viable,https://utrechtopen2026.calicotab.com/api/v1/tournaments/utrechtopen2026
UTS Around the World 2026,https://utsdebsoc.calicotab.com/aroundtheworld26/,utsdebsoc.calicotab.com,aroundtheworld26,viable,https://utsdebsoc.calicotab.com/api/v1/tournaments/aroundtheworld26
UTS Open 2022,https://utsopen2022.calicotab.com/utsopen2022/,utsopen2022.calicotab.com,utsopen2022,viable,https://utsopen2022.calicotab.com/api/v1/tournaments/utsopen2022
Vanderbilt IV 2024,https://vandy2024.calicotab.com/vandy2024/,vandy2024.calicotab.com,vandy2024,viable,https://vandy2024.calicotab.com/api/v1/tournaments/vandy2024
Vanguard Open 2025,https://africandebating.calicotab.com/vanguard2025/,africandebating.calicotab.com,vanguard2025,viable,https://africandebating.calicotab.com/api/v1/tournaments/vanguard2025
Vienna IV 2022,https://viv22.calicotab.com/viv2022/,viv22.calicotab.com,viv2022,viable,https://viv22.calicotab.com/api/v1/tournaments/viv2022
Vienna IV 2023,https://viv2023.calicotab.com/_/,viv2023.calicotab.com,_,viable,https://viv2023.calicotab.com/api/v1/tournaments/_
Vienna IV 2024,https://viennaiv24.calicotab.com/viv24/,viennaiv24.calicotab.com,viv24,viable,https://viennaiv24.calicotab.com/api/v1/tournaments/viv24
Vienna IV 2025,https://viennaiv2025.calicotab.com/ViennaIV2025/,viennaiv2025.calicotab.com,ViennaIV2025,viable,https://viennaiv2025.calicotab.com/api/v1/tournaments/ViennaIV2025
Vienna IV 2026,https://viennaiv2026.calicotab.com/_/,viennaiv2026.calicotab.com,_,viable,https://viennaiv2026.calicotab.com/api/v1/tournaments/_
Vienna Novice Cup 2023,https://vnc2023.calicotab.com/vnc2023/,vnc2023.calicotab.com,vnc2023,viable,https://vnc2023.calicotab.com/api/v1/tournaments/vnc2023
Vienna Novice Cup 2024,https://vnc2024.calicotab.com/vnc2024/,vnc2024.calicotab.com,vnc2024,viable,https://vnc2024.calicotab.com/api/v1/tournaments/vnc2024
Vienna Novice Cup 2025,https://vnc2025.calicotab.com/vnc2025/,vnc2025.calicotab.com,vnc2025,viable,https://vnc2025.calicotab.com/api/v1/tournaments/vnc2025
Vienna Novice Cup 2026,https://vnc2026.calicotab.com/vnc2026/,vnc2026.calicotab.com,vnc2026,viable,https://vnc2026.calicotab.com/api/v1/tournaments/vnc2026
Vienna Pre-EUDC 2024,https://viennapreeudc2024.calicotab.com/_/,viennapreeudc2024.calicotab.com,_,viable,https://viennapreeudc2024.calicotab.com/api/v1/tournaments/_
Vienna Pre-EUDC 2026,https://viennapreeudc2026.calicotab.com/_/,viennapreeudc2026.calicotab.com,_,viable,https://viennapreeudc2026.calicotab.com/api/v1/tournaments/_
Vienna Pre-WUDC 2022,https://viennaprewudc.calicotab.com/_/,viennaprewudc.calicotab.com,_,viable,https://viennaprewudc.calicotab.com/api/v1/tournaments/_
Vienna Pre-WUDC 2024,https://viennaprewudc2024.calicotab.com/prewudcvoo2024/,viennaprewudc2024.calicotab.com,prewudcvoo2024,viable,https://viennaprewudc2024.calicotab.com/api/v1/tournaments/prewudcvoo2024
Vienna Pre-WUDC 2025,https://viennaonline2025.calicotab.com/viennaonline025/,viennaonline2025.calicotab.com,viennaonline025,viable,https://viennaonline2025.calicotab.com/api/v1/tournaments/viennaonline025
Vietnam BP (English) 2026,https://vbc2026.calicotab.com/vbc26en/,vbc2026.calicotab.com,vbc26en,viable,https://vbc2026.calicotab.com/api/v1/tournaments/vbc26en
Visayas Novice DC 2025,https://3rdvndc.calicotab.com/vndc2025/,3rdvndc.calicotab.com,vndc2025,viable,https://3rdvndc.calicotab.com/api/v1/tournaments/vndc2025
Visayas Pro-Am 2026,https://visayasproam2026.calicotab.com/VisayasProAm2026/,visayasproam2026.calicotab.com,VisayasProAm2026,viable,https://visayasproam2026.calicotab.com/api/v1/tournaments/VisayasProAm2026
Visayas UDC BP (8th) 2024,https://8thvubp.calicotab.com/8thvubp/,8thvubp.calicotab.com,8thvubp,viable,https://8thvubp.calicotab.com/api/v1/tournaments/8thvubp
Visayas UDC BP (9th) 2026,https://9thvubp.calicotab.com/9thvubp/,9thvubp.calicotab.com,9thvubp,viable,https://9thvubp.calicotab.com/api/v1/tournaments/9thvubp
Visayas-Mindanao DC (15th) 2024,https://15thvmdc.calicotab.com/vmdc2024/,15thvmdc.calicotab.com,vmdc2024,viable,https://15thvmdc.calicotab.com/api/v1/tournaments/vmdc2024
VIT Vivaatam Pre-ABP 2024,https://vivaatam2024.calicotab.com/vivaatam2024/,vivaatam2024.calicotab.com,vivaatam2024,viable,https://vivaatam2024.calicotab.com/api/v1/tournaments/vivaatam2024
VIT Vivaatam Pre-ABP 2025,https://vivaatam.calicotab.com/vivaatam25/,vivaatam.calicotab.com,vivaatam25,viable,https://vivaatam.calicotab.com/api/v1/tournaments/vivaatam25
VITDT Round Robin 2023,https://vitdt23.calicotab.com/vitdt2023/,vitdt23.calicotab.com,vitdt2023,viable,https://vitdt23.calicotab.com/api/v1/tournaments/vitdt2023
Warwick IV 2022,https://warwickiv2022.calicotab.com/warwickiv2022/,warwickiv2022.calicotab.com,warwickiv2022,viable,https://warwickiv2022.calicotab.com/api/v1/tournaments/warwickiv2022
Warwick Open 2024,https://warwickopen2024.calicotab.com/warwickopen2024/,warwickopen2024.calicotab.com,warwickopen2024,viable,https://warwickopen2024.calicotab.com/api/v1/tournaments/warwickopen2024
Warwick Open 2025,https://warwickopen.calicotab.com/warwickopen/,warwickopen.calicotab.com,warwickopen,viable,https://warwickopen.calicotab.com/api/v1/tournaments/warwickopen
Warwick Open 2026,https://warwickopen2026.calicotab.com/bp88team/,warwickopen2026.calicotab.com,bp88team,viable,https://warwickopen2026.calicotab.com/api/v1/tournaments/bp88team
Warwick Pre-EUDC 2025,https://warwick2025.calicotab.com/_/,warwick2025.calicotab.com,_,viable,https://warwick2025.calicotab.com/api/v1/tournaments/_
Warwick Pre-EUDC 2026,https://warwick2026.calicotab.com/_/,warwick2026.calicotab.com,_,viable,https://warwick2026.calicotab.com/api/v1/tournaments/_
Waterloo IV 2025,https://waterlooiv.calicotab.com/waterlooiv2025/,waterlooiv.calicotab.com,waterlooiv2025,viable,https://waterlooiv.calicotab.com/api/v1/tournaments/waterlooiv2025
Waterloo IV 2026,https://waterlooiv.calicotab.com/waterlooiv2026/,waterlooiv.calicotab.com,waterlooiv2026,viable,https://waterlooiv.calicotab.com/api/v1/tournaments/waterlooiv2026
West African UDC 2024,https://rrwaudc.calicotab.com/waudc2024/,rrwaudc.calicotab.com,waudc2024,viable,https://rrwaudc.calicotab.com/api/v1/tournaments/waudc2024
West African UDC 2025,https://rrwaudc.calicotab.com/waudc2025/,rrwaudc.calicotab.com,waudc2025,viable,https://rrwaudc.calicotab.com/api/v1/tournaments/waudc2025
Western IV 2022,https://westerniv.calicotab.com/westerniv2022/,westerniv.calicotab.com,westerniv2022,viable,https://westerniv.calicotab.com/api/v1/tournaments/westerniv2022
Western IV 2023,https://western2023.calicotab.com/western2023/,western2023.calicotab.com,western2023,viable,https://western2023.calicotab.com/api/v1/tournaments/western2023
Western IV 2024,https://westerniv2024.calicotab.com/western2024/,westerniv2024.calicotab.com,western2024,viable,https://westerniv2024.calicotab.com/api/v1/tournaments/western2024
Western IV 2025,https://westerniv2025.calicotab.com/_/,westerniv2025.calicotab.com,_,viable,https://westerniv2025.calicotab.com/api/v1/tournaments/_
Western States 2022,https://2022westernstates.calicotab.com/2022WesternStates/,2022westernstates.calicotab.com,2022WesternStates,viable,https://2022westernstates.calicotab.com/api/v1/tournaments/2022WesternStates
Winter Wars DO (1.0) 2025,https://debatefoster.calicotab.com/wwdo25/,debatefoster.calicotab.com,wwdo25,viable,https://debatefoster.calicotab.com/api/v1/tournaments/wwdo25
Winter Wars DO 2026,https://debatefoster.calicotab.com/WWDO26/,debatefoster.calicotab.com,WWDO26,viable,https://debatefoster.calicotab.com/api/v1/tournaments/WWDO26
Wolce Novice Cup 2022,https://wolce.calicotab.com/novice22/,wolce.calicotab.com,novice22,viable,https://wolce.calicotab.com/api/v1/tournaments/novice22
Wolce Pre-ABP 2020,https://wpa2020.calicotab.com/preabp/,wpa2020.calicotab.com,preabp,viable,https://wpa2020.calicotab.com/api/v1/tournaments/preabp
Wolce Pro Am 2021,https://wolce.calicotab.com/pro-ams2021/,wolce.calicotab.com,pro-ams2021,viable,https://wolce.calicotab.com/api/v1/tournaments/pro-ams2021
World Debate Open 2021,https://midp.calicotab.com/wdo2021/,midp.calicotab.com,wdo2021,viable,https://midp.calicotab.com/api/v1/tournaments/wdo2021
World Debate Open 2022,https://midp.calicotab.com/wdo2022/,midp.calicotab.com,wdo2022,viable,https://midp.calicotab.com/api/v1/tournaments/wdo2022
World Novice DC BP 2023,https://wndp.calicotab.com/wndcbp2023/,wndp.calicotab.com,wndcbp2023,viable,https://wndp.calicotab.com/api/v1/tournaments/wndcbp2023
Chennai WUDC 2014,https://wudc2014.calicotab.com/wudc2014/,wudc2014.calicotab.com,wudc2014,viable,https://wudc2014.calicotab.com/api/v1/tournaments/wudc2014
Malaysia WUDC 2015,https://wudc2015.calicotab.com/_/,wudc2015.calicotab.com,_,viable,https://wudc2015.calicotab.com/api/v1/tournaments/_
Thessaloniki WUDC 2016,https://web.archive.org/web/20201002235840/https://www.tabbie.org/thessaloniki-wudc-2016/#speaker-tab,web.archive.org,web,http_404,https://web.archive.org/api/v1/tournaments/web
Dutch WUDC 2017,https://docs.google.com/spreadsheets/d/1mhNLrH-ZfEozNLfGie6_sW_BdVexayYX/edit?gid=1845854710#gid=1845854710,docs.google.com,spreadsheets,http_404,https://docs.google.com/api/v1/tournaments/spreadsheets
Mexico WUDC 2018,https://wudc2018.calicotab.com/wudc2018/,wudc2018.calicotab.com,wudc2018,viable,https://wudc2018.calicotab.com/api/v1/tournaments/wudc2018
Cape Town WUDC 2019,https://docs.google.com/spreadsheets/d/1RaAzZEhjby_IBj8pZxCbXzDuq6Qi4dda/edit?gid=1354848172#gid=1354848172,docs.google.com,spreadsheets,http_404,https://docs.google.com/api/v1/tournaments/spreadsheets
Thailand WUDC 2020,https://wudc2020.calicotab.com/wudc2020/,wudc2020.calicotab.com,wudc2020,viable,https://wudc2020.calicotab.com/api/v1/tournaments/wudc2020
Korea WUDC 2021,https://wudckorea.calicotab.com/2021/,wudckorea.calicotab.com,2021,viable,https://wudckorea.calicotab.com/api/v1/tournaments/2021
Belgrade WUDC 2022,https://wudc2022.calicotab.com/wudc/,wudc2022.calicotab.com,wudc,viable,https://wudc2022.calicotab.com/api/v1/tournaments/wudc
Madrid WUDC 2023,https://wudc2023.calicotab.com/wudc/,wudc2023.calicotab.com,wudc,viable,https://wudc2023.calicotab.com/api/v1/tournaments/wudc
Vietnam WUDC 2024,https://wudc2024.calicotab.com/wudc/,wudc2024.calicotab.com,wudc,viable,https://wudc2024.calicotab.com/api/v1/tournaments/wudc
Panama WUDC 2025,https://wudc2025.calicotab.com/open/,wudc2025.calicotab.com,open,viable,https://wudc2025.calicotab.com/api/v1/tournaments/open
Sofia WUDC 2026,https://wudc2026.calicotab.com/open/,wudc2026.calicotab.com,open,viable,https://wudc2026.calicotab.com/api/v1/tournaments/open
Yaatly Online DL (#4) 2024,https://yodl4ay25.calicotab.com/yodl4ay25/,yodl4ay25.calicotab.com,yodl4ay25,viable,https://yodl4ay25.calicotab.com/api/v1/tournaments/yodl4ay25
Yaatly Online DL Champs 2025,https://champs.calicotab.com/yodl25/,champs.calicotab.com,yodl25,viable,https://champs.calicotab.com/api/v1/tournaments/yodl25
Yaatly Online DL Nationals 2024,https://yodlusafa2024.calicotab.com/yodl2024/,yodlusafa2024.calicotab.com,yodl2024,viable,https://yodlusafa2024.calicotab.com/api/v1/tournaments/yodl2024
Yale IV 2019,https://yaleiv2019.calicotab.com/yaleiv2019/,yaleiv2019.calicotab.com,yaleiv2019,viable,https://yaleiv2019.calicotab.com/api/v1/tournaments/yaleiv2019
Yale IV 2021,https://yaleiv2021.netlify.app/2021/,yaleiv2021.netlify.app,2021,http_404,https://yaleiv2021.netlify.app/api/v1/tournaments/2021
Yale IV 2022,https://yaleiv2022.calicotab.com/_/,yaleiv2022.calicotab.com,_,viable,https://yaleiv2022.calicotab.com/api/v1/tournaments/_
Yale IV 2023,https://yaleiv2023.calicotab.com/yaleiv2023/,yaleiv2023.calicotab.com,yaleiv2023,viable,https://yaleiv2023.calicotab.com/api/v1/tournaments/yaleiv2023
Yale IV 2024,https://yaleiv2024.calicotab.com/_/,yaleiv2024.calicotab.com,_,viable,https://yaleiv2024.calicotab.com/api/v1/tournaments/_
Yale IV 2025,https://yaleiv2025.calicotab.com/_/,yaleiv2025.calicotab.com,_,viable,https://yaleiv2025.calicotab.com/api/v1/tournaments/_
Yale IV Fall 2021,https://yaleivfall21.calicotab.com/_/,yaleivfall21.calicotab.com,_,viable,https://yaleivfall21.calicotab.com/api/v1/tournaments/_
Youth Online Debate Open 2021,https://midp.calicotab.com/yodo2021/,midp.calicotab.com,yodo2021,viable,https://midp.calicotab.com/api/v1/tournaments/yodo2021
Zadek DO 2022,https://mace1996.calicotab.com/Zadek2022/,mace1996.calicotab.com,Zadek2022,viable,https://mace1996.calicotab.com/api/v1/tournaments/Zadek2022
Zagreb Open 2024,https://tab.debate.si/zagreb-open-24/,tab.debate.si,zagreb-open-24,viable,https://tab.debate.si/api/v1/tournaments/zagreb-open-24
Zagreb Open 2025,https://zgopen2025.calicotab.com/zgopen2025/,zgopen2025.calicotab.com,zgopen2025,viable,https://zgopen2025.calicotab.com/api/v1/tournaments/zgopen2025
Zagreb Open 2026,https://brinatabby.calicotab.com/zagreb2026/,brinatabby.calicotab.com,zagreb2026,viable,https://brinatabby.calicotab.com/api/v1/tournaments/zagreb2026
Zagreb Pre-EUDC 2024,https://zagrebpreeudc2024.calicotab.com/zagrebpreeudc24/,zagrebpreeudc2024.calicotab.com,zagrebpreeudc24,viable,https://zagrebpreeudc2024.calicotab.com/api/v1/tournaments/zagrebpreeudc24
Zagreb Pre-EUDC 2025,https://zagrebpreeudc2025.calicotab.com/_/,zagrebpreeudc2025.calicotab.com,_,viable,https://zagrebpreeudc2025.calicotab.com/api/v1/tournaments/_
Zagreb Pre-EUDC 2026,https://zgpreeudc26.calicotab.com/zagrebpreeudc26/,zgpreeudc26.calicotab.com,zagrebpreeudc26,viable,https://zgpreeudc26.calicotab.com/api/v1/tournaments/zagrebpreeudc26
Zagreb Pre-WUDC 2023,https://zagrebprewudc.calicotab.com/_/,zagrebprewudc.calicotab.com,_,viable,https://zagrebprewudc.calicotab.com/api/v1/tournaments/_
Zagreb Pre-WUDC 2024,https://zagreb2024.calicotab.com/zagreb2024/,zagreb2024.calicotab.com,zagreb2024,viable,https://zagreb2024.calicotab.com/api/v1/tournaments/zagreb2024
Zagreb Pre-WUDC 2025,https://zagrebprewudc2025.calicotab.com/zagreb2025/,zagrebprewudc2025.calicotab.com,zagreb2025,viable,https://zagrebprewudc2025.calicotab.com/api/v1/tournaments/zagreb2025
Zimbabwe Easters DC 2022,https://mace.calicotab.com/easters2022/,mace.calicotab.com,easters2022,viable,https://mace.calicotab.com/api/v1/tournaments/easters2022
Zimbabwe Easters DC 2023,https://mace.calicotab.com/zimbabweeasters2023/,mace.calicotab.com,zimbabweeasters2023,viable,https://mace.calicotab.com/api/v1/tournaments/zimbabweeasters2023
Zimbabwe Easters DC 2024,https://mace1996.calicotab.com/zimbabwe_easters2024/,mace1996.calicotab.com,zimbabwe_easters2024,viable,https://mace1996.calicotab.com/api/v1/tournaments/zimbabwe_easters2024
Zimbabwe Easters DC 2025,https://mace.calicotab.com/easters2025/,mace.calicotab.com,easters2025,viable,https://mace.calicotab.com/api/v1/tournaments/easters2025
Zimbabwe Eliminations 2021,https://mace.calicotab.com/zodleliminations2021/,mace.calicotab.com,zodleliminations2021,viable,https://mace.calicotab.com/api/v1/tournaments/zodleliminations2021
Zurich Open 2024,https://zurichopen2024.calicotab.com/_/,zurichopen2024.calicotab.com,_,viable,https://zurichopen2024.calicotab.com/api/v1/tournaments/_
Zurich Open 2025,https://zurichopen2025.calicotab.com/_/,zurichopen2025.calicotab.com,_,viable,https://zurichopen2025.calicotab.com/api/v1/tournaments/_
ADA Oxbridge Schools DC 2025,https://africandebate3.calicotab.com/oxbridge2025senior/,africandebate3.calicotab.com,oxbridge2025senior,viable,https://africandebate3.calicotab.com/api/v1/tournaments/oxbridge2025senior
Ayrshire Schools Cup 2026,https://ayrshirecup26.calicotab.com/ayrshirecup26/,ayrshirecup26.calicotab.com,ayrshirecup26,viable,https://ayrshirecup26.calicotab.com/api/v1/tournaments/ayrshirecup26
CABP North Asia Schools 2024,https://cabp2025.calicotab.com/cabp_na/,cabp2025.calicotab.com,cabp_na,viable,https://cabp2025.calicotab.com/api/v1/tournaments/cabp_na
Cambridge Schools Finals Day 2024,https://cambridgeschools2024.calicotab.com/_/,cambridgeschools2024.calicotab.com,_,viable,https://cambridgeschools2024.calicotab.com/api/v1/tournaments/_
Cambridge Schools Finals Day 2025,https://cambridgeschools2025.calicotab.com/cambridgeschools2025/,cambridgeschools2025.calicotab.com,cambridgeschools2025,viable,https://cambridgeschools2025.calicotab.com/api/v1/tournaments/cambridgeschools2025
Cambridge Schools Finals Day 2026,https://cambridgeschools2026.calicotab.com/cambridgeschools2026/,cambridgeschools2026.calicotab.com,cambridgeschools2026,viable,https://cambridgeschools2026.calicotab.com/api/v1/tournaments/cambridgeschools2026
Canada WSDC Fundraiser Summer 2025,https://tcfundraisers25.calicotab.com/TCFundraiserS25/,tcfundraisers25.calicotab.com,TCFundraiserS25,viable,https://tcfundraisers25.calicotab.com/api/v1/tournaments/TCFundraiserS25
China FLTRP Schools BP 2025,https://2025fltrpcssdc.calicotab.com/bp/,2025fltrpcssdc.calicotab.com,bp,viable,https://2025fltrpcssdc.calicotab.com/api/v1/tournaments/bp
Durham Schools 2023,https://durhamschools23.calicotab.com/schools2023/,durhamschools23.calicotab.com,schools2023,viable,https://durhamschools23.calicotab.com/api/v1/tournaments/schools2023
Edinburgh BP WC (Schools) 2024,https://ebpworldcup.calicotab.com/EBPWoldCup/,ebpworldcup.calicotab.com,EBPWoldCup,viable,https://ebpworldcup.calicotab.com/api/v1/tournaments/EBPWoldCup
Edinburgh BP WC (Schools) 2025,https://edbpworldcup25.calicotab.com/edbpworldcup25/,edbpworldcup25.calicotab.com,edbpworldcup25,viable,https://edbpworldcup25.calicotab.com/api/v1/tournaments/edbpworldcup25
Edinburgh Schools 2026,https://edschools2026.calicotab.com/EdSchools2026/,edschools2026.calicotab.com,EdSchools2026,viable,https://edschools2026.calicotab.com/api/v1/tournaments/EdSchools2026
Hart House High Schools 2026,https://hhhs.calicotab.com/hhhs26/,hhhs.calicotab.com,hhhs26,viable,https://hhhs.calicotab.com/api/v1/tournaments/hhhs26
Hart House SO (Schools) 2023,https://hhsummer.calicotab.com/hhsummer/,hhsummer.calicotab.com,hhsummer,viable,https://hhsummer.calicotab.com/api/v1/tournaments/hhsummer
Hart House SO (Schools) 2024,https://hhsummer24.calicotab.com/hhsummer2024/,hhsummer24.calicotab.com,hhsummer2024,viable,https://hhsummer24.calicotab.com/api/v1/tournaments/hhsummer2024
Hart House WO (Schools) 2026,https://hhwo26.calicotab.com/hhwo26/,hhwo26.calicotab.com,hhwo26,viable,https://hhwo26.calicotab.com/api/v1/tournaments/hhwo26
Hong Kong DO 2026,https://hkdo2026.calicotab.com/hkdo26/,hkdo2026.calicotab.com,hkdo26,viable,https://hkdo2026.calicotab.com/api/v1/tournaments/hkdo26
ICYD Finals Day 2022,https://icyd2022.calicotab.com/finalsday/,icyd2022.calicotab.com,finalsday,viable,https://icyd2022.calicotab.com/api/v1/tournaments/finalsday
ICYD Finals Day 2024,https://icyd2024.calicotab.com/icyd2024/,icyd2024.calicotab.com,icyd2024,viable,https://icyd2024.calicotab.com/api/v1/tournaments/icyd2024
ICYD Finals Day 2025,https://cambridgeschools2025.calicotab.com/icyd2025/,cambridgeschools2025.calicotab.com,icyd2025,viable,https://cambridgeschools2025.calicotab.com/api/v1/tournaments/icyd2025
ICYD Finals Day 2026,https://icyd2026.calicotab.com/_/,icyd2026.calicotab.com,_,viable,https://icyd2026.calicotab.com/api/v1/tournaments/_
IIUM I School DC 2025,https://iiumdebates.calicotab.com/IIUMIDC25/,iiumdebates.calicotab.com,IIUMIDC25,viable,https://iiumdebates.calicotab.com/api/v1/tournaments/IIUMIDC25
Imperial Juniors 2025,https://imperialjuniors2025.calicotab.com/imperialjuniors2025/,imperialjuniors2025.calicotab.com,imperialjuniors2025,viable,https://imperialjuniors2025.calicotab.com/api/v1/tournaments/imperialjuniors2025
Laurier Fall H School T 2025,https://waterloohst.calicotab.com/laurierhst2025/,waterloohst.calicotab.com,laurierhst2025,viable,https://waterloohst.calicotab.com/api/v1/tournaments/laurierhst2025
Laurier Spring H School T 2026,https://laurierspringhst2026.calicotab.com/Laurierspring2026/,laurierspringhst2026.calicotab.com,Laurierspring2026,viable,https://laurierspringhst2026.calicotab.com/api/v1/tournaments/Laurierspring2026
London Juniors (Schools) 2025,https://londonjuniors25.calicotab.com/londonjuniors25/,londonjuniors25.calicotab.com,londonjuniors25,viable,https://londonjuniors25.calicotab.com/api/v1/tournaments/londonjuniors25
LSE Seniors 2022,https://lsedebate.calicotab.com/lsesrs/,lsedebate.calicotab.com,lsesrs,viable,https://lsedebate.calicotab.com/api/v1/tournaments/lsesrs
Manchester Schools 2023,https://manchesterschools23.calicotab.com/manchesterschools23/,manchesterschools23.calicotab.com,manchesterschools23,viable,https://manchesterschools23.calicotab.com/api/v1/tournaments/manchesterschools23
McGill Spring Cup HST 2024,https://springcup.calicotab.com/mcgillspringcup/,springcup.calicotab.com,mcgillspringcup,viable,https://springcup.calicotab.com/api/v1/tournaments/mcgillspringcup
New Zealand Schools BP 2024,https://nzschoolsbp2024.calicotab.com/fsunzsbp2024/,nzschoolsbp2024.calicotab.com,fsunzsbp2024,viable,https://nzschoolsbp2024.calicotab.com/api/v1/tournaments/fsunzsbp2024
Oxford Schools Finals Day 2022,https://oxfordschoolsfinals2022.calicotab.com/oxfordschoolsfinals2022/,oxfordschoolsfinals2022.calicotab.com,oxfordschoolsfinals2022,viable,https://oxfordschoolsfinals2022.calicotab.com/api/v1/tournaments/oxfordschoolsfinals2022
Oxford Schools Finals Day 2023,https://oxschools2023.calicotab.com/oxschools2023/,oxschools2023.calicotab.com,oxschools2023,viable,https://oxschools2023.calicotab.com/api/v1/tournaments/oxschools2023
Oxford Schools Finals Day 2024,https://oxschools2024.calicotab.com/_/,oxschools2024.calicotab.com,_,viable,https://oxschools2024.calicotab.com/api/v1/tournaments/_
Oxford Schools Finals Day 2025,https://oxfordschools2025.calicotab.com/2025/,oxfordschools2025.calicotab.com,2025,viable,https://oxfordschools2025.calicotab.com/api/v1/tournaments/2025
Oxford Schools Finals Day 2026,https://oxschools2026.calicotab.com/oxford/,oxschools2026.calicotab.com,oxford,viable,https://oxschools2026.calicotab.com/api/v1/tournaments/oxford
Oxford Schools Singapore R 2025,https://oxschoolssg2025.calicotab.com/oxschoolssg2025/,oxschoolssg2025.calicotab.com,oxschoolssg2025,viable,https://oxschoolssg2025.calicotab.com/api/v1/tournaments/oxschoolssg2025
Philippine Schools DC 2023,https://psdc2023.calicotab.com/psdc2023/,psdc2023.calicotab.com,psdc2023,viable,https://psdc2023.calicotab.com/api/v1/tournaments/psdc2023
Philippine Schools DC 2024,https://psdc2024homecoming.calicotab.com/psdc2024/,psdc2024homecoming.calicotab.com,psdc2024,viable,https://psdc2024homecoming.calicotab.com/api/v1/tournaments/psdc2024
Philippine Schools DC 2025,https://psdc2025.calicotab.com/psdc2025/,psdc2025.calicotab.com,psdc2025,viable,https://psdc2025.calicotab.com/api/v1/tournaments/psdc2025
Philippine Schools DC 2026,https://psdc2026.calicotab.com/psdc2026/,psdc2026.calicotab.com,psdc2026,viable,https://psdc2026.calicotab.com/api/v1/tournaments/psdc2026
SEED Championship 2024,https://seedtournaments.calicotab.com/seedchampionship2024/,seedtournaments.calicotab.com,seedchampionship2024,viable,https://seedtournaments.calicotab.com/api/v1/tournaments/seedchampionship2024
SEED Ottawa C (Schools) 2024,https://seedtournaments.calicotab.com/ottawaclassic2024/,seedtournaments.calicotab.com,ottawaclassic2024,viable,https://seedtournaments.calicotab.com/api/v1/tournaments/ottawaclassic2024
SEED Summer Bonanza 2023,https://summerbonanza.calicotab.com/summerbonanza/,summerbonanza.calicotab.com,summerbonanza,viable,https://summerbonanza.calicotab.com/api/v1/tournaments/summerbonanza
Shanghai SDI (Schools) BP 2025,https://ssdi.calicotab.com/bp2025/,ssdi.calicotab.com,bp2025,viable,https://ssdi.calicotab.com/api/v1/tournaments/bp2025
UDM (Schools) BP Summer 2022,https://udm2bp.calicotab.com/UDMBP2/,udm2bp.calicotab.com,UDMBP2,viable,https://udm2bp.calicotab.com/api/v1/tournaments/UDMBP2
UP Fast Forward 2023,https://ff2023.calicotab.com/fastforward23/,ff2023.calicotab.com,fastforward23,viable,https://ff2023.calicotab.com/api/v1/tournaments/fastforward23
UWODS Winter H School T 2026,https://uwodshst2026.calicotab.com/winter2026/,uwodshst2026.calicotab.com,winter2026,viable,https://uwodshst2026.calicotab.com/api/v1/tournaments/winter2026
Waterloo OS Open (Schools) 2024,https://uwoso.calicotab.com/woso2024/,uwoso.calicotab.com,woso2024,viable,https://uwoso.calicotab.com/api/v1/tournaments/woso2024
Western Canada BP C (Schools) 2024,https://westcanbpchamps.calicotab.com/northerncanadabpchamps/,westcanbpchamps.calicotab.com,northerncanadabpchamps,viable,https://westcanbpchamps.calicotab.com/api/v1/tournaments/northerncanadabpchamps
Western Summer S (Schools) 2025,https://westernhighschools.calicotab.com/westernsummer2025/,westernhighschools.calicotab.com,westernsummer2025,viable,https://westernhighschools.calicotab.com/api/v1/tournaments/westernsummer2025
Xavier Schools DC 2024,https://xsdc2024.calicotab.com/xsdc2024/,xsdc2024.calicotab.com,xsdc2024,viable,https://xsdc2024.calicotab.com/api/v1/tournaments/xsdc2024
